forecast_date,forecast_origin,Model,training_observations,variance_forecast,convergence_flag
2018-01-02,2017-12-29,GARCH-t,4548,0.4026412824107951,0.0
2018-01-02,2017-12-29,GJR-GARCH-t,4548,0.25659211040908536,0.0
2018-01-02,2017-12-29,EGARCH-t,4548,0.2165701031984278,0.0
2018-01-02,2017-12-29,EWMA,4548,0.30052950588303806,
2018-01-03,2018-01-02,GARCH-t,4549,0.4038867268638951,0.0
2018-01-03,2018-01-02,GJR-GARCH-t,4549,0.2966323396580281,0.0
2018-01-03,2018-01-02,EGARCH-t,4549,0.2697789441521151,0.0
2018-01-03,2018-01-02,EWMA,4549,0.29858081675035186,
2018-01-04,2018-01-03,GARCH-t,4550,0.3780446475945215,0.0
2018-01-04,2018-01-03,GJR-GARCH-t,4550,0.2822689111729741,0.0
2018-01-04,2018-01-03,EGARCH-t,4550,0.24730764019462276,0.0
2018-01-04,2018-01-03,EWMA,4550,0.28607594430044075,
2018-01-05,2018-01-04,GARCH-t,4551,0.35648777685314353,0.0
2018-01-05,2018-01-04,GJR-GARCH-t,4551,0.2693975352099408,0.0
2018-01-05,2018-01-04,EGARCH-t,4551,0.22673654277282,0.0
2018-01-05,2018-01-04,EWMA,4551,0.2751621118033772,
2018-01-08,2018-01-05,GARCH-t,4552,0.34027882572518275,0.0
2018-01-08,2018-01-05,GJR-GARCH-t,4552,0.2578868266661823,0.0
2018-01-08,2018-01-05,EGARCH-t,4552,0.20771561259043075,0.0
2018-01-08,2018-01-05,EWMA,4552,0.26673626204118495,
2018-01-09,2018-01-08,GARCH-t,4553,0.33218809135425764,0.0
2018-01-09,2018-01-08,GJR-GARCH-t,4553,0.27206347786157054,0.0
2018-01-09,2018-01-08,EGARCH-t,4553,0.23796371460605759,0.0
2018-01-09,2018-01-08,EWMA,4553,0.2584761631094638,
2018-01-10,2018-01-09,GARCH-t,4554,0.3251265488032966,0.0
2018-01-10,2018-01-09,GJR-GARCH-t,4554,0.26034109373537573,0.0
2018-01-10,2018-01-09,EGARCH-t,4554,0.21730393244593169,0.0
2018-01-10,2018-01-09,EWMA,4554,0.25496976320481385,
2018-01-11,2018-01-10,GARCH-t,4555,0.30472354734880847,0.0
2018-01-11,2018-01-10,GJR-GARCH-t,4555,0.24958502328985974,0.0
2018-01-11,2018-01-10,EGARCH-t,4555,0.20014110281540598,0.0
2018-01-11,2018-01-10,EWMA,4555,0.2427390017010419,
2018-01-12,2018-01-11,GARCH-t,4556,0.28515292580526624,0.0
2018-01-12,2018-01-11,GJR-GARCH-t,4556,0.23986663307942538,0.0
2018-01-12,2018-01-11,EGARCH-t,4556,0.18477089093354715,0.0
2018-01-12,2018-01-11,EWMA,4556,0.23024303334024096,
2018-01-15,2018-01-12,GARCH-t,4557,0.2683014599720233,0.0
2018-01-15,2018-01-12,GJR-GARCH-t,4557,0.2311091795198143,0.0
2018-01-15,2018-01-12,EGARCH-t,4557,0.1705948856615458,0.0
2018-01-15,2018-01-12,EWMA,4557,0.21887771637051326,
2018-01-16,2018-01-15,GARCH-t,4558,0.25362005539919874,0.0
2018-01-16,2018-01-15,GJR-GARCH-t,4558,0.22636794870506763,0.0
2018-01-16,2018-01-15,EGARCH-t,4558,0.17254509068457655,0.0
2018-01-16,2018-01-15,EWMA,4558,0.20664109101113906,
2018-01-17,2018-01-16,GARCH-t,4559,0.24256233445872197,0.0
2018-01-17,2018-01-16,GJR-GARCH-t,4559,0.22479924959466313,0.0
2018-01-17,2018-01-16,EGARCH-t,4559,0.17972250594425515,0.0
2018-01-17,2018-01-16,EWMA,4559,0.1959776633774218,
2018-01-18,2018-01-17,GARCH-t,4560,0.2488650654675274,0.0
2018-01-18,2018-01-17,GJR-GARCH-t,4560,0.24717480018904872,0.0
2018-01-18,2018-01-17,EGARCH-t,4560,0.2142241662656401,0.0
2018-01-18,2018-01-17,EWMA,4560,0.19353431121159623,
2018-01-19,2018-01-18,GARCH-t,4561,0.24752755268379792,0.0
2018-01-19,2018-01-18,GJR-GARCH-t,4561,0.256820405346057,0.0
2018-01-19,2018-01-18,EGARCH-t,4561,0.23865554578402068,0.0
2018-01-19,2018-01-18,EWMA,4561,0.18792650536795502,
2018-01-22,2018-01-19,GARCH-t,4562,0.24508798446442262,0.0
2018-01-22,2018-01-19,GJR-GARCH-t,4562,0.24637291516249887,0.0
2018-01-22,2018-01-19,EGARCH-t,4562,0.2182645166742544,0.0
2018-01-22,2018-01-19,EWMA,4562,0.18560056389304383,
2018-01-23,2018-01-22,GARCH-t,4563,0.23634766968688523,0.0
2018-01-23,2018-01-22,GJR-GARCH-t,4563,0.24468055867682292,0.0
2018-01-23,2018-01-22,EGARCH-t,4563,0.22736186222861204,0.0
2018-01-23,2018-01-22,EWMA,4563,0.17685016601622636,
2018-01-24,2018-01-23,GARCH-t,4564,0.22522340185681602,0.0
2018-01-24,2018-01-23,GJR-GARCH-t,4564,0.23522336184405968,0.0
2018-01-24,2018-01-23,EGARCH-t,4564,0.20934807353268522,0.0
2018-01-24,2018-01-23,EWMA,4564,0.1689443260981327,
2018-01-25,2018-01-24,GARCH-t,4565,0.3685098858097997,0.0
2018-01-25,2018-01-24,GJR-GARCH-t,4565,0.4700737760948376,0.0
2018-01-25,2018-01-24,EGARCH-t,4565,0.37611081260996543,0.0
2018-01-25,2018-01-24,EWMA,4565,0.23814595955163037,
2018-01-26,2018-01-25,GARCH-t,4566,0.35696382458219894,0.0
2018-01-26,2018-01-25,GJR-GARCH-t,4566,0.4616961596758104,0.0
2018-01-26,2018-01-25,EGARCH-t,4566,0.40468915755386786,0.0
2018-01-26,2018-01-25,EWMA,4566,0.23170901433905344,
2018-01-29,2018-01-26,GARCH-t,4567,0.3695094466333994,0.0
2018-01-29,2018-01-26,GJR-GARCH-t,4567,0.4299836453633544,0.0
2018-01-29,2018-01-26,EGARCH-t,4567,0.36543063221222394,0.0
2018-01-29,2018-01-26,EWMA,4567,0.24319338694419848,
2018-01-30,2018-01-29,GARCH-t,4568,0.3402454293744712,0.0
2018-01-30,2018-01-29,GJR-GARCH-t,4568,0.40112153269431744,0.0
2018-01-30,2018-01-29,EGARCH-t,4568,0.33592593797628023,0.0
2018-01-30,2018-01-29,EWMA,4568,0.22896909389626297,
2018-01-31,2018-01-30,GARCH-t,4569,0.45505543938458876,0.0
2018-01-31,2018-01-30,GJR-GARCH-t,4569,0.5949531447667065,0.0
2018-01-31,2018-01-30,EGARCH-t,4569,0.5082775765363637,0.0
2018-01-31,2018-01-30,EWMA,4569,0.2870950919492173,
2018-02-01,2018-01-31,GARCH-t,4570,0.4789270887406354,0.0
2018-02-01,2018-01-31,GJR-GARCH-t,4570,0.6444224437009041,0.0
2018-02-01,2018-01-31,EGARCH-t,4570,0.6069301128781941,0.0
2018-02-01,2018-01-31,EWMA,4570,0.30093040775318564,
2018-02-02,2018-02-01,GARCH-t,4571,0.4781764325549884,0.0
2018-02-02,2018-02-01,GJR-GARCH-t,4571,0.6542802056980569,0.0
2018-02-02,2018-02-01,EGARCH-t,4571,0.6729341529556689,0.0
2018-02-02,2018-02-01,EWMA,4571,0.30271788365497476,
2018-02-05,2018-02-02,GARCH-t,4572,0.485105596427378,0.0
2018-02-05,2018-02-02,GJR-GARCH-t,4572,0.6750463327497129,0.0
2018-02-05,2018-02-02,EGARCH-t,4572,0.7503632462387024,0.0
2018-02-05,2018-02-02,EWMA,4572,0.3083269996777466,
2018-02-06,2018-02-05,GARCH-t,4573,0.6910829387018371,0.0
2018-02-06,2018-02-05,GJR-GARCH-t,4573,1.0139755627234606,0.0
2018-02-06,2018-02-05,EGARCH-t,4573,1.0652402939501007,0.0
2018-02-06,2018-02-05,EWMA,4573,0.41895815920971824,
2018-02-07,2018-02-06,GARCH-t,4574,1.4441987221944632,0.0
2018-02-07,2018-02-06,GJR-GARCH-t,4574,2.242847571594363,0.0
2018-02-07,2018-02-06,EGARCH-t,4574,1.9140384884655122,0.0
2018-02-07,2018-02-06,EWMA,4574,0.8231129004646859,
2018-02-08,2018-02-07,GARCH-t,4575,1.682114080573446,0.0
2018-02-08,2018-02-07,GJR-GARCH-t,4575,2.0243075079219746,0.0
2018-02-08,2018-02-07,EGARCH-t,4575,1.6729761227141984,0.0
2018-02-08,2018-02-07,EWMA,4575,0.9935208354589751,
2018-02-09,2018-02-08,GARCH-t,4576,1.7639806288972752,0.0
2018-02-09,2018-02-08,GJR-GARCH-t,4576,2.244482130127691,0.0
2018-02-09,2018-02-08,EGARCH-t,4576,2.042857295909285,0.0
2018-02-09,2018-02-08,EWMA,4576,1.069722997887069,
2018-02-12,2018-02-09,GARCH-t,4577,1.7114030038028412,0.0
2018-02-12,2018-02-09,GJR-GARCH-t,4577,2.2437806521080907,0.0
2018-02-12,2018-02-09,EGARCH-t,4577,2.236475490029486,0.0
2018-02-12,2018-02-09,EWMA,4577,1.0778696873227986,
2018-02-13,2018-02-12,GARCH-t,4578,1.6670793412671707,0.0
2018-02-13,2018-02-12,GJR-GARCH-t,4578,2.020023548172699,0.0
2018-02-13,2018-02-12,EGARCH-t,4578,1.9652302273907474,0.0
2018-02-13,2018-02-12,EWMA,4578,1.097759021024886,
2018-02-14,2018-02-13,GARCH-t,4579,1.4835101611503954,0.0
2018-02-14,2018-02-13,GJR-GARCH-t,4579,1.8226038348395255,0.0
2018-02-14,2018-02-13,EGARCH-t,4579,1.8007186414977703,0.0
2018-02-14,2018-02-13,EWMA,4579,1.032859299993685,
2018-02-15,2018-02-14,GARCH-t,4580,1.3598792902947767,0.0
2018-02-15,2018-02-14,GJR-GARCH-t,4580,1.6442446923064227,0.0
2018-02-15,2018-02-14,EGARCH-t,4580,1.5983911143534402,0.0
2018-02-15,2018-02-14,EWMA,4580,0.9954399920257174,
2018-02-16,2018-02-15,GARCH-t,4581,1.2183995662529081,0.0
2018-02-16,2018-02-15,GJR-GARCH-t,4581,1.4852978540447346,0.0
2018-02-16,2018-02-15,EGARCH-t,4581,1.4291408055717882,0.0
2018-02-16,2018-02-15,EWMA,4581,0.940687146165268,
2018-02-19,2018-02-16,GARCH-t,4582,1.1554393739159337,0.0
2018-02-19,2018-02-16,GJR-GARCH-t,4582,1.343897353623449,0.0
2018-02-19,2018-02-16,EGARCH-t,4582,1.2692525356008093,0.0
2018-02-19,2018-02-16,EWMA,4582,0.925037836079039,
2018-02-20,2018-02-19,GARCH-t,4583,1.084564309039931,0.0
2018-02-20,2018-02-19,GJR-GARCH-t,4583,1.2955301520535705,0.0
2018-02-20,2018-02-19,EGARCH-t,4583,1.3319878243180376,0.0
2018-02-20,2018-02-19,EWMA,4583,0.8946046107084209,
2018-02-21,2018-02-20,GARCH-t,4584,0.9700870557011969,0.0
2018-02-21,2018-02-20,GJR-GARCH-t,4584,1.1744115886367013,0.0
2018-02-21,2018-02-20,EGARCH-t,4584,1.2056392903552022,0.0
2018-02-21,2018-02-20,EWMA,4584,0.8409375952537897,
2018-02-22,2018-02-21,GARCH-t,4585,0.8901120824749948,0.0
2018-02-22,2018-02-21,GJR-GARCH-t,4585,1.0662410769582633,0.0
2018-02-22,2018-02-21,EGARCH-t,4585,1.0795627620862234,0.0
2018-02-22,2018-02-21,EWMA,4585,0.8042516309818796,
2018-02-23,2018-02-22,GARCH-t,4586,0.8202132956173566,0.0
2018-02-23,2018-02-22,GJR-GARCH-t,4586,1.000110288919398,0.0
2018-02-23,2018-02-22,EGARCH-t,4586,1.0820068623502244,0.0
2018-02-23,2018-02-22,EWMA,4586,0.7656840754122829,
2018-02-26,2018-02-23,GARCH-t,4587,0.739266116862064,0.0
2018-02-26,2018-02-23,GJR-GARCH-t,4587,0.9129058455882565,0.0
2018-02-26,2018-02-23,EGARCH-t,4587,1.0077639970791556,0.0
2018-02-26,2018-02-23,EWMA,4587,0.720473912474467,
2018-02-27,2018-02-26,GARCH-t,4588,0.7027765978699217,0.0
2018-02-27,2018-02-26,GJR-GARCH-t,4588,0.8325324156210399,0.0
2018-02-27,2018-02-26,EGARCH-t,4588,0.9019543868685191,0.0
2018-02-27,2018-02-26,EWMA,4588,0.7004581079491434,
2018-02-28,2018-02-27,GARCH-t,4589,0.6351726087302882,0.0
2018-02-28,2018-02-27,GJR-GARCH-t,4589,0.7623866637244749,0.0
2018-02-28,2018-02-27,EGARCH-t,4589,0.8418484297486137,0.0
2018-02-28,2018-02-27,EWMA,4589,0.659000386335221,
2018-03-01,2018-02-28,GARCH-t,4590,0.6345321344241437,0.0
2018-03-01,2018-02-28,GJR-GARCH-t,4590,0.7886574178746804,0.0
2018-03-01,2018-02-28,EGARCH-t,4590,0.9339102003027506,0.0
2018-03-01,2018-02-28,EWMA,4590,0.6486292127635236,
2018-03-02,2018-03-01,GARCH-t,4591,0.6485762142945374,0.0
2018-03-02,2018-03-01,GJR-GARCH-t,4591,0.835059414189929,0.0
2018-03-02,2018-03-01,EGARCH-t,4591,1.047389589118154,0.0
2018-03-02,2018-03-01,EWMA,4591,0.6463596206673902,
2018-03-05,2018-03-02,GARCH-t,4592,0.8437142063818969,0.0
2018-03-05,2018-03-02,GJR-GARCH-t,4592,1.1681752544987052,0.0
2018-03-05,2018-03-02,EGARCH-t,4592,1.3867862657774355,0.0
2018-03-05,2018-03-02,EWMA,4592,0.7397147163853836,
2018-03-06,2018-03-05,GARCH-t,4593,0.7987918118833905,0.0
2018-03-06,2018-03-05,GJR-GARCH-t,4593,1.0605528855799038,0.0
2018-03-06,2018-03-05,EGARCH-t,4593,1.2358195478838765,0.0
2018-03-06,2018-03-05,EWMA,4593,0.7206775286064492,
2018-03-07,2018-03-06,GARCH-t,4594,0.735102289653053,0.0
2018-03-07,2018-03-06,GJR-GARCH-t,4594,0.9644489972732377,0.0
2018-03-07,2018-03-06,EGARCH-t,4594,1.107008932172478,0.0
2018-03-07,2018-03-06,EWMA,4594,0.6886286512078414,
2018-03-08,2018-03-07,GARCH-t,4595,0.6634918112778385,0.0
2018-03-08,2018-03-07,GJR-GARCH-t,4595,0.8786115169470556,0.0
2018-03-08,2018-03-07,EGARCH-t,4595,0.9980701556751812,0.0
2018-03-08,2018-03-07,EWMA,4595,0.6487301379136502,
2018-03-09,2018-03-08,GARCH-t,4596,0.637622463603759,0.0
2018-03-09,2018-03-08,GJR-GARCH-t,4596,0.8020247440971274,0.0
2018-03-09,2018-03-08,EGARCH-t,4596,0.8932237539504718,0.0
2018-03-09,2018-03-08,EWMA,4596,0.6337926676858391,
2018-03-12,2018-03-09,GARCH-t,4597,0.5832382866125598,0.0
2018-03-12,2018-03-09,GJR-GARCH-t,4597,0.7334654438161287,0.0
2018-03-12,2018-03-09,EGARCH-t,4597,0.8056070334473389,0.0
2018-03-12,2018-03-09,EWMA,4597,0.6009959170376835,
2018-03-13,2018-03-12,GARCH-t,4598,0.5315179239673977,0.0
2018-03-13,2018-03-12,GJR-GARCH-t,4598,0.6757882366667216,0.0
2018-03-13,2018-03-12,EGARCH-t,4598,0.7621568214314354,0.0
2018-03-13,2018-03-12,EWMA,4598,0.5660192907125127,
2018-03-14,2018-03-13,GARCH-t,4599,0.6170526549407428,0.0
2018-03-14,2018-03-13,GJR-GARCH-t,4599,0.8279567867280083,0.0
2018-03-14,2018-03-13,EGARCH-t,4599,0.9537745697649805,0.0
2018-03-14,2018-03-13,EWMA,4599,0.5993441607166677,
2018-03-15,2018-03-14,GARCH-t,4600,0.5598700364064331,0.0
2018-03-15,2018-03-14,GJR-GARCH-t,4600,0.7582736324492049,0.0
2018-03-15,2018-03-14,EGARCH-t,4600,0.885173499117228,0.0
2018-03-15,2018-03-14,EWMA,4600,0.563821916678115,
2018-03-16,2018-03-15,GARCH-t,4601,0.5080203808616836,0.0
2018-03-16,2018-03-15,GJR-GARCH-t,4601,0.694401024213424,0.0
2018-03-16,2018-03-15,EGARCH-t,4601,0.8010444587048305,0.0
2018-03-16,2018-03-15,EWMA,4601,0.5305864562686301,
2018-03-19,2018-03-16,GARCH-t,4602,0.47177632278116,0.0
2018-03-19,2018-03-16,GJR-GARCH-t,4602,0.6373356775778285,0.0
2018-03-19,2018-03-16,EGARCH-t,4602,0.7223843629709987,0.0
2018-03-19,2018-03-16,EWMA,4602,0.5056779655972741,
2018-03-20,2018-03-19,GARCH-t,4603,0.7675965290368078,0.0
2018-03-20,2018-03-19,GJR-GARCH-t,4603,1.1200432066785402,0.0
2018-03-20,2018-03-19,EGARCH-t,4603,1.115532054264944,0.0
2018-03-20,2018-03-19,EWMA,4603,0.6500136714030713,
2018-03-21,2018-03-20,GARCH-t,4604,0.6963082636663623,0.0
2018-03-21,2018-03-20,GJR-GARCH-t,4604,1.0174421281356028,0.0
2018-03-21,2018-03-20,EGARCH-t,4604,1.0035373337837692,0.0
2018-03-21,2018-03-20,EWMA,4604,0.6150974166974983,
2018-03-22,2018-03-21,GARCH-t,4605,0.642264687656091,0.0
2018-03-22,2018-03-21,GJR-GARCH-t,4605,0.9451221167407108,0.0
2018-03-22,2018-03-21,EGARCH-t,4605,0.9876074689008721,0.0
2018-03-22,2018-03-21,EWMA,4605,0.5841944203065599,
2018-03-23,2018-03-22,GARCH-t,4606,0.7595438729542376,0.0
2018-03-23,2018-03-22,GJR-GARCH-t,4606,1.1413602699583385,0.0
2018-03-23,2018-03-22,EGARCH-t,4606,1.2391873602266215,0.0
2018-03-23,2018-03-22,EWMA,4606,0.6406623349769514,
2018-03-26,2018-03-23,GARCH-t,4607,0.7095408442207652,0.0
2018-03-26,2018-03-23,GJR-GARCH-t,4607,1.073372955770218,0.0
2018-03-26,2018-03-23,EGARCH-t,4607,1.241061044236963,0.0
2018-03-26,2018-03-23,EWMA,4607,0.6139732005830634,
2018-03-27,2018-03-26,GARCH-t,4608,0.6697231017188542,0.0
2018-03-27,2018-03-26,GJR-GARCH-t,4608,1.0192572487377354,0.0
2018-03-27,2018-03-26,EGARCH-t,4608,1.2537808933711725,0.0
2018-03-27,2018-03-26,EWMA,4608,0.5910041652448766,
2018-03-28,2018-03-27,GARCH-t,4609,0.8741079066370454,0.0
2018-03-28,2018-03-27,GJR-GARCH-t,4609,0.9286038165563776,0.0
2018-03-28,2018-03-27,EGARCH-t,4609,1.1030702105670684,0.0
2018-03-28,2018-03-27,EWMA,4609,0.7099519952789662,
2018-03-29,2018-03-28,GARCH-t,4610,0.8237493682371926,0.0
2018-03-29,2018-03-28,GJR-GARCH-t,4610,0.8469506355599927,0.0
2018-03-29,2018-03-28,EGARCH-t,4610,0.9862930613598715,0.0
2018-03-29,2018-03-28,EWMA,4610,0.6915570643458491,
2018-04-03,2018-03-29,GARCH-t,4611,0.7423971299768184,0.0
2018-04-03,2018-03-29,GJR-GARCH-t,4611,0.7739148061060228,0.0
2018-04-03,2018-03-29,EGARCH-t,4611,0.890585178591596,0.0
2018-04-03,2018-03-29,EWMA,4611,0.6517727894657249,
2018-04-04,2018-04-03,GARCH-t,4612,0.6875990237567525,0.0
2018-04-04,2018-04-03,GJR-GARCH-t,4612,0.7345663433975045,0.0
2018-04-04,2018-04-03,EGARCH-t,4612,0.8961118957106128,0.0
2018-04-04,2018-04-03,EWMA,4612,0.6209050198511242,
2018-04-05,2018-04-04,GARCH-t,4613,0.6208057625621216,0.0
2018-04-05,2018-04-04,GJR-GARCH-t,4613,0.6734319503994205,0.0
2018-04-05,2018-04-04,EGARCH-t,4613,0.8118038924977548,0.0
2018-04-05,2018-04-04,EWMA,4613,0.583799346016592,
2018-04-06,2018-04-05,GARCH-t,4614,1.1346252753961852,0.0
2018-04-06,2018-04-05,GJR-GARCH-t,4614,0.6207069757127763,0.0
2018-04-06,2018-04-05,EGARCH-t,4614,0.7062771523145436,0.0
2018-04-06,2018-04-05,EWMA,4614,0.8732775658733287,
2018-04-09,2018-04-06,GARCH-t,4615,1.0218597977302832,0.0
2018-04-09,2018-04-06,GJR-GARCH-t,4615,0.5812573201194557,0.0
2018-04-09,2018-04-06,EGARCH-t,4615,0.6904446812910995,0.0
2018-04-09,2018-04-06,EWMA,4615,0.8238138000894714,
2018-04-10,2018-04-09,GARCH-t,4616,0.9169013538195078,0.0
2018-04-10,2018-04-09,GJR-GARCH-t,4616,0.5364146320721759,0.0
2018-04-10,2018-04-09,EGARCH-t,4616,0.6272316857234248,0.0
2018-04-10,2018-04-09,EWMA,4616,0.7758411137376695,
2018-04-11,2018-04-10,GARCH-t,4617,0.9228604022980097,0.0
2018-04-11,2018-04-10,GJR-GARCH-t,4617,0.4970618605700881,0.0
2018-04-11,2018-04-10,EGARCH-t,4617,0.5597169763788192,0.0
2018-04-11,2018-04-10,EWMA,4617,0.7887815750844513,
2018-04-12,2018-04-11,GARCH-t,4618,0.8318574958317372,0.0
2018-04-12,2018-04-11,GJR-GARCH-t,4618,0.46471482949257886,0.0
2018-04-12,2018-04-11,EGARCH-t,4618,0.5373424559499445,0.0
2018-04-12,2018-04-11,EWMA,4618,0.7425251200406078,
2018-04-13,2018-04-12,GARCH-t,4619,0.748468940177818,0.0
2018-04-13,2018-04-12,GJR-GARCH-t,4619,0.43205108423583877,0.0
2018-04-13,2018-04-12,EGARCH-t,4619,0.49153322156811236,0.0
2018-04-13,2018-04-12,EWMA,4619,0.6979900075444933,
2018-04-16,2018-04-13,GARCH-t,4620,0.6750905589035855,0.0
2018-04-16,2018-04-13,GJR-GARCH-t,4620,0.40276812636173176,0.0
2018-04-16,2018-04-13,EGARCH-t,4620,0.44922947469409474,0.0
2018-04-16,2018-04-13,EWMA,4620,0.6565622821384502,
2018-04-17,2018-04-16,GARCH-t,4621,0.7105777263102969,0.0
2018-04-17,2018-04-16,GJR-GARCH-t,4621,0.5331552856215219,0.0
2018-04-17,2018-04-16,EGARCH-t,4621,0.5916910922608479,0.0
2018-04-17,2018-04-16,EWMA,4621,0.6677565378885693,
2018-04-18,2018-04-17,GARCH-t,4622,0.6544867160645486,0.0
2018-04-18,2018-04-17,GJR-GARCH-t,4622,0.49358131541287387,0.0
2018-04-18,2018-04-17,EGARCH-t,4622,0.5356381808731298,0.0
2018-04-18,2018-04-17,EWMA,4622,0.636670149941756,
2018-04-19,2018-04-18,GARCH-t,4623,0.7522881133270412,0.0
2018-04-19,2018-04-18,GJR-GARCH-t,4623,0.45871590249491045,0.0
2018-04-19,2018-04-18,EGARCH-t,4623,0.47546404748631077,0.0
2018-04-19,2018-04-18,EWMA,4623,0.6928494299024284,
2018-04-20,2018-04-19,GARCH-t,4624,0.6797901302677839,0.0
2018-04-20,2018-04-19,GJR-GARCH-t,4624,0.4269882223539909,0.0
2018-04-20,2018-04-19,EGARCH-t,4624,0.4342799638943566,0.0
2018-04-20,2018-04-19,EWMA,4624,0.6527839781512821,
2018-04-23,2018-04-20,GARCH-t,4625,0.640785545750656,0.0
2018-04-23,2018-04-20,GJR-GARCH-t,4625,0.39874078703038063,0.0
2018-04-23,2018-04-20,EGARCH-t,4625,0.392967750912585,0.0
2018-04-23,2018-04-20,EWMA,4625,0.6307778996451928,
2018-04-24,2018-04-23,GARCH-t,4626,0.5950683791605248,0.0
2018-04-24,2018-04-23,GJR-GARCH-t,4626,0.3733961240632712,0.0
2018-04-24,2018-04-23,EGARCH-t,4626,0.3570844382204048,0.0
2018-04-24,2018-04-23,EWMA,4626,0.6033038946227118,
2018-04-25,2018-04-24,GARCH-t,4627,0.5502896351285409,0.0
2018-04-25,2018-04-24,GJR-GARCH-t,4627,0.350666055419803,0.0
2018-04-25,2018-04-24,EGARCH-t,4627,0.3253347211033263,0.0
2018-04-25,2018-04-24,EWMA,4627,0.5747749575788206,
2018-04-26,2018-04-25,GARCH-t,4628,0.5482908058162228,0.0
2018-04-26,2018-04-25,GJR-GARCH-t,4628,0.40294788156856287,0.0
2018-04-26,2018-04-25,EGARCH-t,4628,0.4007308494566536,0.0
2018-04-26,2018-04-25,EWMA,4628,0.5635596470334587,
2018-04-27,2018-04-26,GARCH-t,4629,0.5284622251656541,0.0
2018-04-27,2018-04-26,GJR-GARCH-t,4629,0.3772634063807523,0.0
2018-04-27,2018-04-26,EGARCH-t,4629,0.3625508385833234,0.0
2018-04-27,2018-04-26,EWMA,4629,0.5491645510796682,
2018-04-30,2018-04-27,GARCH-t,4630,0.5988556714294432,0.0
2018-04-30,2018-04-27,GJR-GARCH-t,4630,0.3547950244782831,0.0
2018-04-30,2018-04-27,EGARCH-t,4630,0.3236532522126717,0.0
2018-04-30,2018-04-27,EWMA,4630,0.5865702331727057,
2018-05-01,2018-04-30,GARCH-t,4631,0.5431797617171527,0.0
2018-05-01,2018-04-30,GJR-GARCH-t,4631,0.3340463286544887,0.0
2018-05-01,2018-04-30,EGARCH-t,4631,0.2977236342334153,0.0
2018-05-01,2018-04-30,EWMA,4631,0.5519128433182688,
2018-05-02,2018-05-01,GARCH-t,4632,0.49487994207614494,0.0
2018-05-02,2018-05-01,GJR-GARCH-t,4632,0.3154456819980311,0.0
2018-05-02,2018-05-01,EGARCH-t,4632,0.2736564546480758,0.0
2018-05-02,2018-05-01,EWMA,4632,0.5201071473059596,
2018-05-03,2018-05-02,GARCH-t,4633,0.4583524291753566,0.0
2018-05-03,2018-05-02,GJR-GARCH-t,4633,0.29882989762950446,0.0
2018-05-03,2018-05-02,EGARCH-t,4633,0.2504311185899328,0.0
2018-05-03,2018-05-02,EWMA,4633,0.49439910420697114,
2018-05-04,2018-05-03,GARCH-t,4634,0.45575539272853466,0.0
2018-05-04,2018-05-03,GJR-GARCH-t,4634,0.33867428470666305,0.0
2018-05-04,2018-05-03,EGARCH-t,4634,0.30884639977349704,0.0
2018-05-04,2018-05-03,EWMA,4634,0.4821246550088282,
2018-05-08,2018-05-04,GARCH-t,4635,0.48856237579127304,0.0
2018-05-08,2018-05-04,GJR-GARCH-t,4635,0.3200935625635862,0.0
2018-05-08,2018-05-04,EGARCH-t,4635,0.27759773102015983,0.0
2018-05-08,2018-05-04,EWMA,4635,0.4970272243648133,
2018-05-09,2018-05-08,GARCH-t,4636,0.4458656029195113,0.0
2018-05-09,2018-05-08,GJR-GARCH-t,4636,0.3031092279424369,0.0
2018-05-09,2018-05-08,EGARCH-t,4636,0.25982150120912695,0.0
2018-05-09,2018-05-08,EWMA,4636,0.46722331031684655,
2018-05-10,2018-05-09,GARCH-t,4637,0.5721409673238095,0.0
2018-05-10,2018-05-09,GJR-GARCH-t,4637,0.2890692624139702,0.0
2018-05-10,2018-05-09,EGARCH-t,4637,0.23116145174308206,0.0
2018-05-10,2018-05-09,EWMA,4637,0.5359674971408752,
2018-05-11,2018-05-10,GARCH-t,4638,0.5421353203411039,0.0
2018-05-11,2018-05-10,GJR-GARCH-t,4638,0.27556584326976125,0.0
2018-05-11,2018-05-10,EGARCH-t,4638,0.21077543711513325,0.0
2018-05-11,2018-05-10,EWMA,4638,0.5188808678943203,
2018-05-14,2018-05-11,GARCH-t,4639,0.5003328780297989,0.0
2018-05-14,2018-05-11,GJR-GARCH-t,4639,0.26327677061899313,0.0
2018-05-14,2018-05-11,EGARCH-t,4639,0.19342091501390946,0.0
2018-05-14,2018-05-11,EWMA,4639,0.493365674945447,
2018-05-15,2018-05-14,GARCH-t,4640,0.4612296929863755,0.0
2018-05-15,2018-05-14,GJR-GARCH-t,4640,0.2585389476378334,0.0
2018-05-15,2018-05-14,EGARCH-t,4640,0.20043176903829432,0.0
2018-05-15,2018-05-14,EWMA,4640,0.4656268872908296,
2018-05-16,2018-05-15,GARCH-t,4641,0.4227497670771634,0.0
2018-05-16,2018-05-15,GJR-GARCH-t,4641,0.2478721469681336,0.0
2018-05-16,2018-05-15,EGARCH-t,4641,0.18502014425292743,0.0
2018-05-16,2018-05-15,EWMA,4641,0.43914010535536724,
2018-05-17,2018-05-16,GARCH-t,4642,0.3884444969629599,0.0
2018-05-17,2018-05-16,GJR-GARCH-t,4642,0.23825859837529106,0.0
2018-05-17,2018-05-16,EGARCH-t,4642,0.1710073920160463,0.0
2018-05-17,2018-05-16,EWMA,4642,0.4140517871694123,
2018-05-18,2018-05-17,GARCH-t,4643,0.40317807528959604,0.0
2018-05-18,2018-05-17,GJR-GARCH-t,4643,0.23046146360032238,0.0
2018-05-18,2018-05-17,EGARCH-t,4643,0.15550229948667793,0.0
2018-05-18,2018-05-17,EWMA,4643,0.4180403339167979,
2018-05-21,2018-05-18,GARCH-t,4644,0.3729382287117451,0.0
2018-05-21,2018-05-18,GJR-GARCH-t,4644,0.22573576027311387,0.0
2018-05-21,2018-05-18,EGARCH-t,4644,0.15756157407363297,0.0
2018-05-21,2018-05-18,EWMA,4644,0.39379622795444014,
2018-05-22,2018-05-21,GARCH-t,4645,0.4492890196138658,0.0
2018-05-22,2018-05-21,GJR-GARCH-t,4645,0.2202787747082931,0.0
2018-05-22,2018-05-21,EGARCH-t,4645,0.14267326408559544,0.0
2018-05-22,2018-05-21,EWMA,4645,0.43360985964814014,
2018-05-23,2018-05-22,GARCH-t,4646,0.4146886533830661,0.0
2018-05-23,2018-05-22,GJR-GARCH-t,4646,0.21370367620367778,0.0
2018-05-23,2018-05-22,EGARCH-t,4646,0.1317282064541962,0.0
2018-05-23,2018-05-22,EWMA,4646,0.41083873508976626,
2018-05-24,2018-05-23,GARCH-t,4647,0.5326235256480718,0.0
2018-05-24,2018-05-23,GJR-GARCH-t,4647,0.4475577464044858,0.0
2018-05-24,2018-05-23,EGARCH-t,4647,0.28384973119085716,0.0
2018-05-24,2018-05-23,EWMA,4647,0.4638249690257047,
2018-05-25,2018-05-24,GARCH-t,4648,0.586654413122708,0.0
2018-05-25,2018-05-24,GJR-GARCH-t,4648,0.5756838359167377,0.0
2018-05-25,2018-05-24,EGARCH-t,4648,0.41412194309703637,0.0
2018-05-25,2018-05-24,EWMA,4648,0.4873174087653765,
2018-05-29,2018-05-25,GARCH-t,4649,0.5339717715442623,0.0
2018-05-29,2018-05-25,GJR-GARCH-t,4649,0.53114519869979,0.0
2018-05-29,2018-05-25,EGARCH-t,4649,0.3785315118604377,0.0
2018-05-29,2018-05-25,EWMA,4649,0.45993863449237027,
2018-05-30,2018-05-29,GARCH-t,4650,0.6741153446421697,0.0
2018-05-30,2018-05-29,GJR-GARCH-t,4650,0.7899961367993866,0.0
2018-05-30,2018-05-29,EGARCH-t,4650,0.5989826334469371,0.0
2018-05-30,2018-05-29,EWMA,4650,0.5294074088260681,
2018-05-31,2018-05-30,GARCH-t,4651,0.6628687858312965,0.0
2018-05-31,2018-05-30,GJR-GARCH-t,4651,0.7229565598642899,0.0
2018-05-31,2018-05-30,EGARCH-t,4651,0.5396587023517998,0.0
2018-05-31,2018-05-30,EWMA,4651,0.5308570800669767,
2018-06-01,2018-05-31,GARCH-t,4652,0.6032177415422527,0.0
2018-06-01,2018-05-31,GJR-GARCH-t,4652,0.6671863891042301,0.0
2018-06-01,2018-05-31,EGARCH-t,4652,0.5205068333533527,0.0
2018-06-01,2018-05-31,EWMA,4652,0.5003263128987607,
2018-06-04,2018-06-01,GARCH-t,4653,0.5543808355637635,0.0
2018-06-04,2018-06-01,GJR-GARCH-t,4653,0.6131796628426894,0.0
2018-06-04,2018-06-01,EGARCH-t,4653,0.47309842192342394,0.0
2018-06-04,2018-06-01,EWMA,4653,0.47595752039782174,
2018-06-05,2018-06-04,GARCH-t,4654,0.5276165807744356,0.0
2018-06-05,2018-06-04,GJR-GARCH-t,4654,0.5652312116417275,0.0
2018-06-05,2018-06-04,EGARCH-t,4654,0.4290669310758384,0.0
2018-06-05,2018-06-04,EWMA,4654,0.4631014693247773,
2018-06-06,2018-06-05,GARCH-t,4655,0.5411698397654,0.0
2018-06-06,2018-06-05,GJR-GARCH-t,4655,0.6149378776474814,0.0
2018-06-06,2018-06-05,EGARCH-t,4655,0.5223780219134909,0.0
2018-06-06,2018-06-05,EWMA,4655,0.4652644270283307,
2018-06-07,2018-06-06,GARCH-t,4656,0.5012380427379014,0.0
2018-06-07,2018-06-06,GJR-GARCH-t,4656,0.5667851816417214,0.0
2018-06-07,2018-06-06,EGARCH-t,4656,0.4747083428855019,0.0
2018-06-07,2018-06-06,EWMA,4656,0.44398139319340874,
2018-06-08,2018-06-07,GARCH-t,4657,0.45922168427322324,0.0
2018-06-08,2018-06-07,GJR-GARCH-t,4657,0.5261751094302907,0.0
2018-06-08,2018-06-07,EGARCH-t,4657,0.45349841632051757,0.0
2018-06-08,2018-06-07,EWMA,4657,0.4179887629822966,
2018-06-11,2018-06-08,GARCH-t,4658,0.43274614576050713,0.0
2018-06-11,2018-06-08,GJR-GARCH-t,4658,0.5052240851150717,0.0
2018-06-11,2018-06-08,EGARCH-t,4658,0.4684964966631212,0.0
2018-06-11,2018-06-08,EWMA,4658,0.3984136249306504,
2018-06-12,2018-06-11,GARCH-t,4659,0.4477568756067606,0.0
2018-06-12,2018-06-11,GJR-GARCH-t,4659,0.4690621355994634,0.0
2018-06-12,2018-06-11,EGARCH-t,4659,0.42324931100631297,0.0
2018-06-12,2018-06-11,EWMA,4659,0.40650841323020576,
2018-06-13,2018-06-12,GARCH-t,4660,0.43448232345876237,0.0
2018-06-13,2018-06-12,GJR-GARCH-t,4660,0.47223317506799445,0.0
2018-06-13,2018-06-12,EGARCH-t,4660,0.4633089345553098,0.0
2018-06-13,2018-06-12,EWMA,4660,0.3934819185640918,
2018-06-14,2018-06-13,GARCH-t,4661,0.3981073158820284,0.0
2018-06-14,2018-06-13,GJR-GARCH-t,4661,0.4394237695047815,0.0
2018-06-14,2018-06-13,EGARCH-t,4661,0.4263958324940748,0.0
2018-06-14,2018-06-13,EWMA,4661,0.36987310376095967,
2018-06-15,2018-06-14,GARCH-t,4662,0.42859051066021303,0.0
2018-06-15,2018-06-14,GJR-GARCH-t,4662,0.41030491790369206,0.0
2018-06-15,2018-06-14,EGARCH-t,4662,0.3849800907295894,0.0
2018-06-15,2018-06-14,EWMA,4662,0.3863566764789687,
2018-06-18,2018-06-15,GARCH-t,4663,0.7275912370177254,0.0
2018-06-18,2018-06-15,GJR-GARCH-t,4663,0.9167106856963864,0.0
2018-06-18,2018-06-15,EGARCH-t,4663,0.725658423383595,0.0
2018-06-18,2018-06-15,EWMA,4663,0.5392499633279004,
2018-06-19,2018-06-18,GARCH-t,4664,0.6569748313812982,0.0
2018-06-19,2018-06-18,GJR-GARCH-t,4664,0.8363001946055468,0.0
2018-06-19,2018-06-18,EGARCH-t,4664,0.6681809861293926,0.0
2018-06-19,2018-06-18,EWMA,4664,0.5069645937957147,
2018-06-20,2018-06-19,GARCH-t,4665,0.6118737526006535,0.0
2018-06-20,2018-06-19,GJR-GARCH-t,4665,0.7890884277008766,0.0
2018-06-20,2018-06-19,EGARCH-t,4665,0.6834325207844459,0.0
2018-06-20,2018-06-19,EWMA,4665,0.48430943787629305,
2018-06-21,2018-06-20,GARCH-t,4666,0.5623815917486654,0.0
2018-06-21,2018-06-20,GJR-GARCH-t,4666,0.7226349504612801,0.0
2018-06-21,2018-06-20,EGARCH-t,4666,0.619334831069174,0.0
2018-06-21,2018-06-20,EWMA,4666,0.460963996550191,
2018-06-22,2018-06-21,GARCH-t,4667,0.6143267600488991,0.0
2018-06-22,2018-06-21,GJR-GARCH-t,4667,0.823043130638455,0.0
2018-06-22,2018-06-21,EGARCH-t,4667,0.7696728895289284,0.0
2018-06-22,2018-06-21,EWMA,4667,0.48578368025819746,
2018-06-25,2018-06-22,GARCH-t,4668,0.8383000231745901,0.0
2018-06-25,2018-06-22,GJR-GARCH-t,4668,0.754483641763216,0.0
2018-06-25,2018-06-22,EGARCH-t,4668,0.6827601191119589,0.0
2018-06-25,2018-06-22,EWMA,4668,0.6204638447041388,
2018-06-26,2018-06-25,GARCH-t,4669,1.3418358530235828,0.0
2018-06-26,2018-06-25,GJR-GARCH-t,4669,1.6294981878676509,0.0
2018-06-26,2018-06-25,EGARCH-t,4669,1.2761922977579425,0.0
2018-06-26,2018-06-25,EWMA,4669,0.8926865022164183,
2018-06-27,2018-06-26,GARCH-t,4670,1.2081596787479596,0.0
2018-06-27,2018-06-26,GJR-GARCH-t,4670,1.4713285065939083,0.0
2018-06-27,2018-06-26,EGARCH-t,4670,1.142428712733294,0.0
2018-06-27,2018-06-26,EWMA,4670,0.8474945839977993,
2018-06-28,2018-06-27,GARCH-t,4671,1.203786101839651,0.0
2018-06-28,2018-06-27,GJR-GARCH-t,4671,1.332334730472918,0.0
2018-06-28,2018-06-27,EGARCH-t,4671,1.0167437326343525,0.0
2018-06-28,2018-06-27,EWMA,4671,0.8699840253213434,
2018-06-29,2018-06-28,GARCH-t,4672,1.0772544299508753,0.0
2018-06-29,2018-06-28,GJR-GARCH-t,4672,1.2086977958130156,0.0
2018-06-29,2018-06-28,EGARCH-t,4672,0.9395094464514633,0.0
2018-06-29,2018-06-28,EWMA,4672,0.8181696365242223,
2018-07-02,2018-06-29,GARCH-t,4673,0.9708186275351016,0.0
2018-07-02,2018-06-29,GJR-GARCH-t,4673,1.097328573768346,0.0
2018-07-02,2018-06-29,EGARCH-t,4673,0.8471998345696105,0.0
2018-07-02,2018-06-29,EWMA,4673,0.7737598368926207,
2018-07-03,2018-07-02,GARCH-t,4674,1.0317727498984433,0.0
2018-07-03,2018-07-02,GJR-GARCH-t,4674,1.2487828480218142,0.0
2018-07-03,2018-07-02,EGARCH-t,4674,1.0716871283334404,0.0
2018-07-03,2018-07-02,EWMA,4674,0.8097828038738605,
2018-07-04,2018-07-03,GARCH-t,4675,0.9586538299125149,0.0
2018-07-04,2018-07-03,GJR-GARCH-t,4675,1.1334177508346488,0.0
2018-07-04,2018-07-03,EGARCH-t,4675,0.9603846760262731,0.0
2018-07-04,2018-07-03,EWMA,4675,0.7827734340899779,
2018-07-05,2018-07-04,GARCH-t,4676,0.8708646778971794,0.0
2018-07-05,2018-07-04,GJR-GARCH-t,4676,1.0441472601298813,0.0
2018-07-05,2018-07-04,EGARCH-t,4676,0.934558180396329,0.0
2018-07-05,2018-07-04,EWMA,4676,0.7400643538807604,
2018-07-06,2018-07-05,GARCH-t,4677,0.7967984365776057,0.0
2018-07-06,2018-07-05,GJR-GARCH-t,4677,0.9508366313569004,0.0
2018-07-06,2018-07-05,EGARCH-t,4677,0.8418610767373712,0.0
2018-07-06,2018-07-05,EWMA,4677,0.7051014572044353,
2018-07-09,2018-07-06,GARCH-t,4678,0.7202164486115126,0.0
2018-07-09,2018-07-06,GJR-GARCH-t,4678,0.8674688583838398,0.0
2018-07-09,2018-07-06,EGARCH-t,4678,0.7621071467740607,0.0
2018-07-09,2018-07-06,EWMA,4678,0.6649734146363173,
2018-07-10,2018-07-09,GARCH-t,4679,0.7334758044848925,0.0
2018-07-10,2018-07-09,GJR-GARCH-t,4679,0.7931307339203612,0.0
2018-07-10,2018-07-09,EGARCH-t,4679,0.6828372093873899,0.0
2018-07-10,2018-07-09,EWMA,4679,0.6757063218535694,
2018-07-11,2018-07-10,GARCH-t,4680,0.6619389102201174,0.0
2018-07-11,2018-07-10,GJR-GARCH-t,4680,0.7264589195193909,0.0
2018-07-11,2018-07-10,EGARCH-t,4680,0.6218314670365093,0.0
2018-07-11,2018-07-10,EWMA,4680,0.635326279937498,
2018-07-12,2018-07-11,GARCH-t,4681,0.7968727553795661,0.0
2018-07-12,2018-07-11,GJR-GARCH-t,4681,0.9773507125959732,0.0
2018-07-12,2018-07-11,EGARCH-t,4681,0.873016155825042,0.0
2018-07-12,2018-07-11,EWMA,4681,0.6999490728033584,
2018-07-13,2018-07-12,GARCH-t,4682,0.7766099532107678,0.0
2018-07-13,2018-07-12,GJR-GARCH-t,4682,0.8913430340168312,0.0
2018-07-13,2018-07-12,EGARCH-t,4682,0.7827870547944047,0.0
2018-07-13,2018-07-12,EWMA,4682,0.6942736611261645,
2018-07-16,2018-07-13,GARCH-t,4683,0.7011329737358007,0.0
2018-07-16,2018-07-13,GJR-GARCH-t,4683,0.8143888903581157,0.0
2018-07-16,2018-07-13,EGARCH-t,4683,0.7101769543521839,0.0
2018-07-16,2018-07-13,EWMA,4683,0.6537672451126733,
2018-07-17,2018-07-16,GARCH-t,4684,0.7112053409277564,0.0
2018-07-17,2018-07-16,GJR-GARCH-t,4684,0.8639694748035436,0.0
2018-07-17,2018-07-16,EGARCH-t,4684,0.8291338393100547,0.0
2018-07-17,2018-07-16,EWMA,4684,0.6533835723665868,
2018-07-18,2018-07-17,GARCH-t,4685,0.6519337563705144,0.0
2018-07-18,2018-07-17,GJR-GARCH-t,4685,0.7899445418972995,0.0
2018-07-18,2018-07-17,EGARCH-t,4685,0.7491274322590846,0.0
2018-07-18,2018-07-17,EWMA,4685,0.6210706914768006,
2018-07-19,2018-07-18,GARCH-t,4686,0.6304781238595085,0.0
2018-07-19,2018-07-18,GJR-GARCH-t,4686,0.723829131332454,0.0
2018-07-19,2018-07-18,EGARCH-t,4686,0.6743003345108516,0.0
2018-07-19,2018-07-18,EWMA,4686,0.609429092135032,
2018-07-20,2018-07-19,GARCH-t,4687,0.5714312038423774,0.0
2018-07-20,2018-07-19,GJR-GARCH-t,4687,0.6645691823892582,0.0
2018-07-20,2018-07-19,EGARCH-t,4687,0.6137232618739794,0.0
2018-07-20,2018-07-19,EWMA,4687,0.5734664828295316,
2018-07-23,2018-07-20,GARCH-t,4688,0.5201621157283626,0.0
2018-07-23,2018-07-20,GJR-GARCH-t,4688,0.6126144853316209,0.0
2018-07-23,2018-07-20,EGARCH-t,4688,0.5744122312371805,0.0
2018-07-23,2018-07-20,EWMA,4688,0.5393334793909854,
2018-07-24,2018-07-23,GARCH-t,4689,0.486273052712169,0.0
2018-07-24,2018-07-23,GJR-GARCH-t,4689,0.5822252632043009,0.0
2018-07-24,2018-07-23,EGARCH-t,4689,0.5828098453710138,0.0
2018-07-24,2018-07-23,EWMA,4689,0.5123725869365594,
2018-07-25,2018-07-24,GARCH-t,4690,0.4897782990744895,0.0
2018-07-25,2018-07-24,GJR-GARCH-t,4690,0.5380411561642195,0.0
2018-07-25,2018-07-24,EGARCH-t,4690,0.5257566936712642,0.0
2018-07-25,2018-07-24,EWMA,4690,0.5105113794212366,
2018-07-26,2018-07-25,GARCH-t,4691,0.5006849752972136,0.0
2018-07-26,2018-07-25,GJR-GARCH-t,4691,0.5789467533309727,0.0
2018-07-26,2018-07-25,EGARCH-t,4691,0.6103285429543107,0.0
2018-07-26,2018-07-25,EWMA,4691,0.5061075418924319,
2018-07-27,2018-07-26,GARCH-t,4692,0.45640207297059865,0.0
2018-07-27,2018-07-26,GJR-GARCH-t,4692,0.5349200908819579,0.0
2018-07-27,2018-07-26,EGARCH-t,4692,0.5566267763867202,0.0
2018-07-27,2018-07-26,EWMA,4692,0.475986599895953,
2018-07-30,2018-07-27,GARCH-t,4693,0.43959688889417897,0.0
2018-07-30,2018-07-27,GJR-GARCH-t,4693,0.49561685496442404,0.0
2018-07-30,2018-07-27,EGARCH-t,4693,0.5042157644639402,0.0
2018-07-30,2018-07-27,EWMA,4693,0.4621850538442968,
2018-07-31,2018-07-30,GARCH-t,4694,0.4025347253842243,0.0
2018-07-31,2018-07-30,GJR-GARCH-t,4694,0.46031869167716083,0.0
2018-07-31,2018-07-30,EGARCH-t,4694,0.4638294606222276,0.0
2018-07-31,2018-07-30,EWMA,4694,0.43445556852096073,
2018-08-01,2018-07-31,GARCH-t,4695,0.40601492417563906,0.0
2018-08-01,2018-07-31,GJR-GARCH-t,4695,0.428968836219631,0.0
2018-08-01,2018-07-31,EGARCH-t,4695,0.4200823915530505,0.0
2018-08-01,2018-07-31,EWMA,4695,0.4314580007420806,
2018-08-02,2018-08-01,GARCH-t,4696,0.5534613391381881,0.0
2018-08-02,2018-08-01,GJR-GARCH-t,4696,0.6824974120597181,0.0
2018-08-02,2018-08-01,EGARCH-t,4696,0.6355814350362013,0.0
2018-08-02,2018-08-01,EWMA,4696,0.49862161691473883,
2018-08-03,2018-08-02,GARCH-t,4697,0.6234562715785691,0.0
2018-08-03,2018-08-02,GJR-GARCH-t,4697,0.8136048781182414,0.0
2018-08-03,2018-08-02,EGARCH-t,4697,0.8058029144040437,0.0
2018-08-03,2018-08-02,EWMA,4697,0.530061972891251,
2018-08-06,2018-08-03,GARCH-t,4698,0.6846564958549523,0.0
2018-08-06,2018-08-03,GJR-GARCH-t,4698,0.7451837284281099,0.0
2018-08-06,2018-08-03,EGARCH-t,4698,0.7198749920233761,0.0
2018-08-06,2018-08-03,EWMA,4698,0.5698369289134212,
2018-08-07,2018-08-06,GARCH-t,4699,0.6187209519679254,0.0
2018-08-07,2018-08-06,GJR-GARCH-t,4699,0.6835967652923467,0.0
2018-08-07,2018-08-06,EGARCH-t,4699,0.654939581040203,0.0
2018-08-07,2018-08-06,EWMA,4699,0.5358724856108413,
2018-08-08,2018-08-07,GARCH-t,4700,0.6091558897949721,0.0
2018-08-08,2018-08-07,GJR-GARCH-t,4700,0.6287167675974231,0.0
2018-08-08,2018-08-07,EGARCH-t,4700,0.5899314134593643,0.0
2018-08-08,2018-08-07,EWMA,4700,0.5340695367688024,
2018-08-09,2018-08-08,GARCH-t,4701,0.6066388163901456,0.0
2018-08-09,2018-08-08,GJR-GARCH-t,4701,0.5796810606391519,0.0
2018-08-09,2018-08-08,EGARCH-t,4701,0.5315784645762593,0.0
2018-08-09,2018-08-08,EWMA,4701,0.5358840293109183,
2018-08-10,2018-08-09,GARCH-t,4702,0.5763309904471394,0.0
2018-08-10,2018-08-09,GJR-GARCH-t,4702,0.5734945749506387,0.0
2018-08-10,2018-08-09,EGARCH-t,4702,0.5718088235632935,0.0
2018-08-10,2018-08-09,EWMA,4702,0.5158697329004058,
2018-08-13,2018-08-10,GARCH-t,4703,0.6346342945076866,0.0
2018-08-13,2018-08-10,GJR-GARCH-t,4703,0.7016435064279887,0.0
2018-08-13,2018-08-10,EGARCH-t,4703,0.7291981216151587,0.0
2018-08-13,2018-08-10,EWMA,4703,0.5414738980535638,
2018-08-14,2018-08-13,GARCH-t,4704,0.5889260186254264,0.0
2018-08-14,2018-08-13,GJR-GARCH-t,4704,0.6641680469084263,0.0
2018-08-14,2018-08-13,EGARCH-t,4704,0.7326297147312684,0.0
2018-08-14,2018-08-13,EWMA,4704,0.5151318828169288,
2018-08-15,2018-08-14,GARCH-t,4705,0.5560750852305583,0.0
2018-08-15,2018-08-14,GJR-GARCH-t,4705,0.6419716809483802,0.0
2018-08-15,2018-08-14,EGARCH-t,4705,0.7548562867398714,0.0
2018-08-15,2018-08-14,EWMA,4705,0.49407209274682756,
2018-08-16,2018-08-15,GARCH-t,4706,0.7647572726555999,0.0
2018-08-16,2018-08-15,GJR-GARCH-t,4706,1.0002821437465361,0.0
2018-08-16,2018-08-15,EGARCH-t,4706,1.075051536327018,0.0
2018-08-16,2018-08-15,EWMA,4706,0.6003372853113075,
2018-08-17,2018-08-16,GARCH-t,4707,0.748196743182121,0.0
2018-08-17,2018-08-16,GJR-GARCH-t,4707,0.9117294548794751,0.0
2018-08-17,2018-08-16,EGARCH-t,4707,0.9617286330772247,0.0
2018-08-17,2018-08-16,EWMA,4707,0.6005585532097487,
2018-08-20,2018-08-17,GARCH-t,4708,0.6748768971190005,0.0
2018-08-20,2018-08-17,GJR-GARCH-t,4708,0.8323885114734251,0.0
2018-08-20,2018-08-17,EGARCH-t,4708,0.8711282806560832,0.0
2018-08-20,2018-08-17,EWMA,4708,0.5645758931150996,
2018-08-21,2018-08-20,GARCH-t,4709,0.6267907052667326,0.0
2018-08-21,2018-08-20,GJR-GARCH-t,4709,0.7617541108295255,0.0
2018-08-21,2018-08-20,EGARCH-t,4709,0.785525539438196,0.0
2018-08-21,2018-08-20,EWMA,4709,0.5418823431230279,
2018-08-22,2018-08-21,GARCH-t,4710,0.5835369195426395,0.0
2018-08-22,2018-08-21,GJR-GARCH-t,4710,0.7201191509511577,0.0
2018-08-22,2018-08-21,EGARCH-t,4710,0.789402168092843,0.0
2018-08-22,2018-08-21,EWMA,4710,0.5162156444860475,
2018-08-23,2018-08-22,GARCH-t,4711,0.5303448150747678,0.0
2018-08-23,2018-08-22,GJR-GARCH-t,4711,0.6614547137725995,0.0
2018-08-23,2018-08-22,EGARCH-t,4711,0.7165636014757975,0.0
2018-08-23,2018-08-22,EWMA,4711,0.4859991957424135,
2018-08-24,2018-08-23,GARCH-t,4712,0.4865955252428885,0.0
2018-08-24,2018-08-23,GJR-GARCH-t,4712,0.613293786358373,0.0
2018-08-24,2018-08-23,EGARCH-t,4712,0.6834081931068817,0.0
2018-08-24,2018-08-23,EWMA,4712,0.4581065869914721,
2018-08-28,2018-08-24,GARCH-t,4713,0.44645993672391826,0.0
2018-08-28,2018-08-24,GJR-GARCH-t,4713,0.5659268318459848,0.0
2018-08-28,2018-08-24,EGARCH-t,4713,0.6207853617639867,0.0
2018-08-28,2018-08-24,EWMA,4713,0.43276100998818695,
2018-08-29,2018-08-28,GARCH-t,4714,0.433674957164869,0.0
2018-08-29,2018-08-28,GJR-GARCH-t,4714,0.5235927260474071,0.0
2018-08-29,2018-08-28,EGARCH-t,4714,0.5614317827426952,0.0
2018-08-29,2018-08-28,EWMA,4714,0.4231791341527373,
2018-08-30,2018-08-29,GARCH-t,4715,0.45890569445470153,0.0
2018-08-30,2018-08-29,GJR-GARCH-t,4715,0.5780499096416077,0.0
2018-08-30,2018-08-29,EGARCH-t,4715,0.6567558148560395,0.0
2018-08-30,2018-08-29,EWMA,4715,0.4281577693471407,
2018-08-31,2018-08-30,GARCH-t,4716,0.46791094374348996,0.0
2018-08-31,2018-08-30,GJR-GARCH-t,4716,0.6061255140923089,0.0
2018-08-31,2018-08-30,EGARCH-t,4716,0.7318737194326598,0.0
2018-08-31,2018-08-30,EWMA,4716,0.4259833071263088,
2018-09-03,2018-08-31,GARCH-t,4717,0.5730639005879107,0.0
2018-09-03,2018-08-31,GJR-GARCH-t,4717,0.785325108222679,0.0
2018-09-03,2018-08-31,EGARCH-t,4717,0.9341787804605557,0.0
2018-09-03,2018-08-31,EWMA,4717,0.47549051216430405,
2018-09-04,2018-09-03,GARCH-t,4718,0.6132078371609003,0.0
2018-09-04,2018-09-03,GJR-GARCH-t,4718,0.7200127806707112,0.0
2018-09-04,2018-09-03,EGARCH-t,4718,0.8353173576289749,0.0
2018-09-04,2018-09-03,EWMA,4718,0.5030359144802249,
2018-09-05,2018-09-04,GARCH-t,4719,0.6037917346554681,0.0
2018-09-05,2018-09-04,GJR-GARCH-t,4719,0.7326086663433804,0.0
2018-09-05,2018-09-04,EGARCH-t,4719,0.9057324954703536,0.0
2018-09-05,2018-09-04,EWMA,4719,0.4962336854465245,
2018-09-06,2018-09-05,GARCH-t,4720,0.666059095220936,0.0
2018-09-06,2018-09-05,GJR-GARCH-t,4720,0.8554380989871743,0.0
2018-09-06,2018-09-05,EGARCH-t,4720,1.079402106264629,0.0
2018-09-06,2018-09-05,EWMA,4720,0.5270996836269687,
2018-09-07,2018-09-06,GARCH-t,4721,0.6932396278448115,0.0
2018-09-07,2018-09-06,GJR-GARCH-t,4721,0.9211665253009986,0.0
2018-09-07,2018-09-06,EGARCH-t,4721,1.213390737988449,0.0
2018-09-07,2018-09-06,EWMA,4721,0.5413792888658318,
2018-09-10,2018-09-07,GARCH-t,4722,0.6661926907883938,0.0
2018-09-10,2018-09-07,GJR-GARCH-t,4722,0.899700249813006,0.0
2018-09-10,2018-09-07,EGARCH-t,4722,1.250803191330634,0.0
2018-09-10,2018-09-07,EWMA,4722,0.5281097525707319,
2018-09-11,2018-09-10,GARCH-t,4723,0.6026439768598363,0.0
2018-09-11,2018-09-10,GJR-GARCH-t,4723,0.8218718574614812,0.0
2018-09-11,2018-09-10,EGARCH-t,4723,1.127571748304735,0.0
2018-09-11,2018-09-10,EWMA,4723,0.49645214721507636,
2018-09-12,2018-09-11,GARCH-t,4724,0.5481889664656514,0.0
2018-09-12,2018-09-11,GJR-GARCH-t,4724,0.7538603535980299,0.0
2018-09-12,2018-09-11,EGARCH-t,4724,1.0397939675106154,0.0
2018-09-12,2018-09-11,EWMA,4724,0.4670462113804253,
2018-09-13,2018-09-12,GARCH-t,4725,0.5263497923942626,0.0
2018-09-13,2018-09-12,GJR-GARCH-t,4725,0.6918201765911061,0.0
2018-09-13,2018-09-12,EGARCH-t,4725,0.9338149183377501,0.0
2018-09-13,2018-09-12,EWMA,4725,0.45698032645075803,
2018-09-14,2018-09-13,GARCH-t,4726,0.5037700330411002,0.0
2018-09-14,2018-09-13,GJR-GARCH-t,4726,0.671278751063579,0.0
2018-09-14,2018-09-13,EGARCH-t,4726,0.9513014197491318,0.0
2018-09-14,2018-09-13,EWMA,4726,0.44095490628177914,
2018-09-17,2018-09-14,GARCH-t,4727,0.46706992029281086,0.0
2018-09-17,2018-09-14,GJR-GARCH-t,4727,0.617936105536333,0.0
2018-09-17,2018-09-14,EGARCH-t,4727,0.8579811388049309,0.0
2018-09-17,2018-09-14,EWMA,4727,0.4201581220141199,
2018-09-18,2018-09-17,GARCH-t,4728,0.4273877985557225,0.0
2018-09-18,2018-09-17,GJR-GARCH-t,4728,0.5703756138848919,0.0
2018-09-18,2018-09-17,EGARCH-t,4728,0.7850415488106356,0.0
2018-09-18,2018-09-17,EWMA,4728,0.3949892421002788,
2018-09-19,2018-09-18,GARCH-t,4729,0.39225990279601963,0.0
2018-09-19,2018-09-18,GJR-GARCH-t,4729,0.5277909491886553,0.0
2018-09-19,2018-09-18,EGARCH-t,4729,0.7192827896529231,0.0
2018-09-19,2018-09-18,EWMA,4729,0.37133051611770423,
2018-09-20,2018-09-19,GARCH-t,4730,0.37656492454226076,0.0
2018-09-20,2018-09-19,GJR-GARCH-t,4730,0.48950989223690344,0.0
2018-09-20,2018-09-19,EGARCH-t,4730,0.6499354382113218,0.0
2018-09-20,2018-09-19,EWMA,4730,0.35975504989746276,
2018-09-21,2018-09-20,GARCH-t,4731,0.3690372509913159,0.0
2018-09-21,2018-09-20,GJR-GARCH-t,4731,0.45525889509463385,0.0
2018-09-21,2018-09-20,EGARCH-t,4731,0.5876131559495136,0.0
2018-09-21,2018-09-20,EWMA,4731,0.35272711927062333,
2018-09-24,2018-09-21,GARCH-t,4732,0.6216778003736663,0.0
2018-09-24,2018-09-21,GJR-GARCH-t,4732,0.4259498570371533,0.0
2018-09-24,2018-09-21,EGARCH-t,4732,0.5254744946587916,0.0
2018-09-24,2018-09-21,EWMA,4732,0.4957910753990112,
2018-09-25,2018-09-24,GARCH-t,4733,0.5870002981205757,0.0
2018-09-25,2018-09-24,GJR-GARCH-t,4733,0.4318461246915937,0.0
2018-09-25,2018-09-24,EGARCH-t,4733,0.560084280329999,0.0
2018-09-25,2018-09-24,EWMA,4733,0.47690470922426476,
2018-09-26,2018-09-25,GARCH-t,4734,0.5738415114922305,0.0
2018-09-26,2018-09-25,GJR-GARCH-t,4734,0.4039206761166993,0.0
2018-09-26,2018-09-25,EGARCH-t,4734,0.5064452054903693,0.0
2018-09-26,2018-09-25,EWMA,4734,0.474228430058833,
2018-09-27,2018-09-26,GARCH-t,4735,0.5213809665028722,0.0
2018-09-27,2018-09-26,GJR-GARCH-t,4735,0.3785836067559274,0.0
2018-09-27,2018-09-26,EGARCH-t,4735,0.46311154737492705,0.0
2018-09-27,2018-09-26,EWMA,4735,0.4459365437728453,
2018-09-28,2018-09-27,GARCH-t,4736,0.49303757316482083,0.0
2018-09-28,2018-09-27,GJR-GARCH-t,4736,0.3560447541920481,0.0
2018-09-28,2018-09-27,EGARCH-t,4736,0.4210457844499277,0.0
2018-09-28,2018-09-27,EWMA,4736,0.4313460896453666,
2018-10-01,2018-09-28,GARCH-t,4737,0.4779809318396235,0.0
2018-10-01,2018-09-28,GJR-GARCH-t,4737,0.3761782086418581,0.0
2018-10-01,2018-09-28,EGARCH-t,4737,0.4663689725018218,0.0
2018-10-01,2018-09-28,EWMA,4737,0.4185841444925001,
2018-10-02,2018-10-01,GARCH-t,4738,0.4427030730805205,0.0
2018-10-02,2018-10-01,GJR-GARCH-t,4738,0.3610671736824042,0.0
2018-10-02,2018-10-01,EGARCH-t,4738,0.46062303529937665,0.0
2018-10-02,2018-10-01,EWMA,4738,0.3957100005770916,
2018-10-03,2018-10-02,GARCH-t,4739,0.41682309508827375,0.0
2018-10-03,2018-10-02,GJR-GARCH-t,4739,0.3553013650875277,0.0
2018-10-03,2018-10-02,EGARCH-t,4739,0.47072103017849926,0.0
2018-10-03,2018-10-02,EWMA,4739,0.37673521914107144,
2018-10-04,2018-10-03,GARCH-t,4740,0.40305675549184933,0.0
2018-10-04,2018-10-03,GJR-GARCH-t,4740,0.3352231541209401,0.0
2018-10-04,2018-10-03,EGARCH-t,4740,0.427673860689703,0.0
2018-10-04,2018-10-03,EWMA,4740,0.3677529059042382,
2018-10-05,2018-10-04,GARCH-t,4741,0.5450233146848685,0.0
2018-10-05,2018-10-04,GJR-GARCH-t,4741,0.5902866200494712,0.0
2018-10-05,2018-10-04,EGARCH-t,4741,0.6398090816264059,0.0
2018-10-05,2018-10-04,EWMA,4741,0.43683837777047024,
2018-10-08,2018-10-05,GARCH-t,4742,0.705601422972949,0.0
2018-10-08,2018-10-05,GJR-GARCH-t,4742,0.8752082973762131,0.0
2018-10-08,2018-10-05,EGARCH-t,4742,0.9031900793030574,0.0
2018-10-08,2018-10-05,EWMA,4742,0.5207002469105163,
2018-10-09,2018-10-08,GARCH-t,4743,0.7963598077364069,0.0
2018-10-09,2018-10-08,GJR-GARCH-t,4743,1.0477948651066313,0.0
2018-10-09,2018-10-08,EGARCH-t,4743,1.125598420453669,0.0
2018-10-09,2018-10-08,EWMA,4743,0.5717334280142943,
2018-10-10,2018-10-09,GARCH-t,4744,0.7173337788029052,0.0
2018-10-10,2018-10-09,GJR-GARCH-t,4744,0.9535029694105348,0.0
2018-10-10,2018-10-09,EGARCH-t,4744,1.015666258737393,0.0
2018-10-10,2018-10-09,EWMA,4744,0.5376413639665534,
2018-10-11,2018-10-10,GARCH-t,4745,0.8357173161029838,0.0
2018-10-11,2018-10-10,GJR-GARCH-t,4745,1.1644285905754173,0.0
2018-10-11,2018-10-10,EGARCH-t,4745,1.2747274603166967,0.0
2018-10-11,2018-10-10,EWMA,4745,0.6033625732426654,
2018-10-12,2018-10-11,GARCH-t,4746,1.1887121031267802,0.0
2018-10-12,2018-10-11,GJR-GARCH-t,4746,1.7531061523002518,0.0
2018-10-12,2018-10-11,EGARCH-t,4746,1.800283785291854,0.0
2018-10-12,2018-10-11,EWMA,4746,0.7980201252346412,
2018-10-15,2018-10-12,GARCH-t,4747,1.066280197083285,0.0
2018-10-15,2018-10-12,GJR-GARCH-t,4747,1.5870512133849874,0.0
2018-10-15,2018-10-12,EGARCH-t,4747,1.6624945744396762,0.0
2018-10-15,2018-10-12,EWMA,4747,0.7516199585489269,
2018-10-16,2018-10-15,GARCH-t,4748,0.9756258406995104,0.0
2018-10-16,2018-10-15,GJR-GARCH-t,4748,1.4352644197241182,0.0
2018-10-16,2018-10-15,EGARCH-t,4748,1.4837523140961801,0.0
2018-10-16,2018-10-15,EWMA,4748,0.7200527375772511,
2018-10-17,2018-10-16,GARCH-t,4749,0.891917515685929,0.0
2018-10-17,2018-10-16,GJR-GARCH-t,4749,1.3002487095964348,0.0
2018-10-17,2018-10-16,EGARCH-t,4749,1.3274925717898003,0.0
2018-10-17,2018-10-16,EWMA,4749,0.6878772074292575,
2018-10-18,2018-10-17,GARCH-t,4750,0.8032258546305466,0.0
2018-10-18,2018-10-17,GJR-GARCH-t,4750,1.1809564738362288,0.0
2018-10-18,2018-10-17,EGARCH-t,4750,1.2152559094402255,0.0
2018-10-18,2018-10-17,EWMA,4750,0.6468821358151317,
2018-10-19,2018-10-18,GARCH-t,4751,0.7439374328788743,0.0
2018-10-19,2018-10-18,GJR-GARCH-t,4751,1.1019975989158304,0.0
2018-10-19,2018-10-18,EGARCH-t,4751,1.2020160969740477,0.0
2018-10-19,2018-10-18,EWMA,4751,0.6172891791553996,
2018-10-22,2018-10-19,GARCH-t,4752,0.6803212877264986,0.0
2018-10-22,2018-10-19,GJR-GARCH-t,4752,1.003210987608848,0.0
2018-10-22,2018-10-19,EGARCH-t,4752,1.0802069072071832,0.0
2018-10-22,2018-10-19,EWMA,4752,0.5865478525683464,
2018-10-23,2018-10-22,GARCH-t,4753,0.6175274330038792,0.0
2018-10-23,2018-10-22,GJR-GARCH-t,4753,0.9169959512569502,0.0
2018-10-23,2018-10-22,EGARCH-t,4753,1.0014221421670135,0.0
2018-10-23,2018-10-22,EWMA,4753,0.5519471224606244,
2018-10-24,2018-10-23,GARCH-t,4754,0.7393370100349241,0.0
2018-10-24,2018-10-23,GJR-GARCH-t,4754,1.1180857490436023,0.0
2018-10-24,2018-10-23,EGARCH-t,4754,1.2508347792965968,0.0
2018-10-24,2018-10-23,EWMA,4754,0.6128231717742149,
2018-10-25,2018-10-24,GARCH-t,4755,0.6682086772682638,0.0
2018-10-25,2018-10-24,GJR-GARCH-t,4755,1.0176322473973691,0.0
2018-10-25,2018-10-24,EGARCH-t,4755,1.1257915953712703,0.0
2018-10-25,2018-10-24,EWMA,4755,0.5768075059641822,
2018-10-26,2018-10-25,GARCH-t,4756,0.6372583810840523,0.0
2018-10-26,2018-10-25,GJR-GARCH-t,4756,0.92801209374245,0.0
2018-10-26,2018-10-25,EGARCH-t,4756,1.0096727259629301,0.0
2018-10-26,2018-10-25,EWMA,4756,0.5629810376458105,
2018-10-29,2018-10-26,GARCH-t,4757,0.677428428812954,0.0
2018-10-29,2018-10-26,GJR-GARCH-t,4757,1.001365649756819,0.0
2018-10-29,2018-10-26,EGARCH-t,4757,1.157929634008863,0.0
2018-10-29,2018-10-26,EWMA,4757,0.5805569459722234,
2018-10-30,2018-10-29,GARCH-t,4758,0.7682908925274211,0.0
2018-10-30,2018-10-29,GJR-GARCH-t,4758,0.9137585149613918,0.0
2018-10-30,2018-10-29,EGARCH-t,4758,1.0316808394890509,0.0
2018-10-30,2018-10-29,EWMA,4758,0.6382188600035814,
2018-10-31,2018-10-30,GARCH-t,4759,0.6942305250196938,0.0
2018-10-31,2018-10-30,GJR-GARCH-t,4759,0.8350235626464559,0.0
2018-10-31,2018-10-30,EGARCH-t,4759,0.9314747608822165,0.0
2018-10-31,2018-10-30,EWMA,4759,0.6010442803442124,
2018-11-01,2018-10-31,GARCH-t,4760,0.7988925955803731,0.0
2018-11-01,2018-10-31,GJR-GARCH-t,4760,0.7649948517078514,0.0
2018-11-01,2018-10-31,EGARCH-t,4760,0.831305841450236,0.0
2018-11-01,2018-10-31,EWMA,4760,0.6666803129231886,
2018-11-02,2018-11-01,GARCH-t,4761,0.7258426221183182,0.0
2018-11-02,2018-11-01,GJR-GARCH-t,4761,0.7086972501787205,0.0
2018-11-02,2018-11-01,EGARCH-t,4761,0.7968484573210426,0.0
2018-11-02,2018-11-01,EWMA,4761,0.6288038339926666,
2018-11-05,2018-11-02,GARCH-t,4762,0.66752368892305,0.0
2018-11-05,2018-11-02,GJR-GARCH-t,4762,0.6671557736944554,0.0
2018-11-05,2018-11-02,EGARCH-t,4762,0.7877079470731435,0.0
2018-11-05,2018-11-02,EWMA,4762,0.5961203067832699,
2018-11-06,2018-11-05,GARCH-t,4763,0.6053539810415928,0.0
2018-11-06,2018-11-05,GJR-GARCH-t,4763,0.6141801803686459,0.0
2018-11-06,2018-11-05,EGARCH-t,4763,0.7140281534409821,0.0
2018-11-06,2018-11-05,EWMA,4763,0.5614732492292804,
2018-11-07,2018-11-06,GARCH-t,4764,0.6426041810949047,0.0
2018-11-07,2018-11-06,GJR-GARCH-t,4764,0.7101810107216172,0.0
2018-11-07,2018-11-06,EGARCH-t,4764,0.8532664959411398,0.0
2018-11-07,2018-11-06,EWMA,4764,0.5755482444881833,
2018-11-08,2018-11-07,GARCH-t,4765,0.6987809188895222,0.0
2018-11-08,2018-11-07,GJR-GARCH-t,4765,0.6531409914253086,0.0
2018-11-08,2018-11-07,EGARCH-t,4765,0.7641581037192005,0.0
2018-11-08,2018-11-07,EWMA,4765,0.6112690189030274,
2018-11-09,2018-11-08,GARCH-t,4766,0.6408700517633554,0.0
2018-11-09,2018-11-08,GJR-GARCH-t,4766,0.6017903579041942,0.0
2018-11-09,2018-11-08,EGARCH-t,4766,0.6915116499508646,0.0
2018-11-09,2018-11-08,EWMA,4766,0.5810574682024663,
2018-11-12,2018-11-09,GARCH-t,4767,0.6117577582985672,0.0
2018-11-12,2018-11-09,GJR-GARCH-t,4767,0.6009132899406656,0.0
2018-11-12,2018-11-09,EGARCH-t,4767,0.7349504045991334,0.0
2018-11-12,2018-11-09,EWMA,4767,0.5610138513463688,
2018-11-13,2018-11-12,GARCH-t,4768,0.6198389456834206,0.0
2018-11-13,2018-11-12,GJR-GARCH-t,4768,0.6532178396329859,0.0
2018-11-13,2018-11-12,EGARCH-t,4768,0.8346499783602508,0.0
2018-11-13,2018-11-12,EWMA,4768,0.5599759498583957,
2018-11-14,2018-11-13,GARCH-t,4769,0.5623716654384351,0.0
2018-11-14,2018-11-13,GJR-GARCH-t,4769,0.6018466243911847,0.0
2018-11-14,2018-11-13,EGARCH-t,4769,0.7571196938925491,0.0
2018-11-14,2018-11-13,EWMA,4769,0.5263832973318447,
2018-11-15,2018-11-14,GARCH-t,4770,0.5226855699710807,0.0
2018-11-15,2018-11-14,GJR-GARCH-t,4770,0.570928017783825,0.0
2018-11-15,2018-11-14,EGARCH-t,4770,0.7490181034070427,0.0
2018-11-15,2018-11-14,EWMA,4770,0.4996375415128858,
2018-11-16,2018-11-15,GARCH-t,4771,0.4763774989376746,0.0
2018-11-16,2018-11-15,GJR-GARCH-t,4771,0.5281500098825339,0.0
2018-11-16,2018-11-15,EGARCH-t,4771,0.6797559418636624,0.0
2018-11-16,2018-11-15,EWMA,4771,0.4698731103112045,
2018-11-19,2018-11-16,GARCH-t,4772,0.4510773680084544,0.0
2018-11-19,2018-11-16,GJR-GARCH-t,4772,0.5116526471576492,0.0
2018-11-19,2018-11-16,EGARCH-t,4772,0.6891263373645459,0.0
2018-11-19,2018-11-16,EWMA,4772,0.4487403157073968,
2018-11-20,2018-11-19,GARCH-t,4773,0.4183583665275539,0.0
2018-11-20,2018-11-19,GJR-GARCH-t,4773,0.4816754762447323,0.0
2018-11-20,2018-11-19,EGARCH-t,4773,0.6644047551316933,0.0
2018-11-20,2018-11-19,EWMA,4773,0.42388091741334694,
2018-11-21,2018-11-20,GARCH-t,4774,0.4528744777487371,0.0
2018-11-21,2018-11-20,GJR-GARCH-t,4774,0.5526829063032422,0.0
2018-11-21,2018-11-20,EGARCH-t,4774,0.7700358865457689,0.0
2018-11-21,2018-11-20,EWMA,4774,0.4330972836342719,
2018-11-22,2018-11-21,GARCH-t,4775,0.6317329665538617,0.0
2018-11-22,2018-11-21,GJR-GARCH-t,4775,0.512456999389297,0.0
2018-11-22,2018-11-21,EGARCH-t,4775,0.6888766259928245,0.0
2018-11-22,2018-11-21,EWMA,4775,0.5352979410906885,
2018-11-23,2018-11-22,GARCH-t,4776,0.760511412224445,0.0
2018-11-23,2018-11-22,GJR-GARCH-t,4776,0.7705809327067757,0.0
2018-11-23,2018-11-22,EGARCH-t,4776,0.934581246478651,0.0
2018-11-23,2018-11-22,EWMA,4776,0.6019987453319233,
2018-11-26,2018-11-23,GARCH-t,4777,0.6885166830005086,0.0
2018-11-26,2018-11-23,GJR-GARCH-t,4777,0.7090253302809908,0.0
2018-11-26,2018-11-23,EGARCH-t,4777,0.8715617603368043,0.0
2018-11-26,2018-11-23,EWMA,4777,0.566557726011178,
2018-11-27,2018-11-26,GARCH-t,4778,0.7645363927189992,0.0
2018-11-27,2018-11-26,GJR-GARCH-t,4778,0.6521810218595926,0.0
2018-11-27,2018-11-26,EGARCH-t,4778,0.7796805819044563,0.0
2018-11-27,2018-11-26,EWMA,4778,0.6172591902493282,
2018-11-28,2018-11-27,GARCH-t,4779,0.7002907704604211,0.0
2018-11-28,2018-11-27,GJR-GARCH-t,4779,0.614790461848459,0.0
2018-11-28,2018-11-27,EGARCH-t,4779,0.7675699655702244,0.0
2018-11-28,2018-11-27,EWMA,4779,0.5846571830741284,
2018-11-29,2018-11-28,GARCH-t,4780,0.6383485182368944,0.0
2018-11-29,2018-11-28,GJR-GARCH-t,4780,0.5735508259043202,0.0
2018-11-29,2018-11-28,EGARCH-t,4780,0.7354555804694268,0.0
2018-11-29,2018-11-28,EWMA,4780,0.5514547562965785,
2018-11-30,2018-11-29,GARCH-t,4781,0.6005511479673692,0.0
2018-11-30,2018-11-29,GJR-GARCH-t,4781,0.5307065470318699,0.0
2018-11-30,2018-11-29,EGARCH-t,4781,0.6644834084252312,0.0
2018-11-30,2018-11-29,EWMA,4781,0.5328518693270133,
2018-12-03,2018-11-30,GARCH-t,4782,0.6277751555734964,0.0
2018-12-03,2018-11-30,GJR-GARCH-t,4782,0.6188169118322723,0.0
2018-12-03,2018-11-30,EGARCH-t,4782,0.7894140159245377,0.0
2018-12-03,2018-11-30,EWMA,4782,0.5431010875035581,
2018-12-04,2018-12-03,GARCH-t,4783,0.7062961472721628,0.0
2018-12-04,2018-12-03,GJR-GARCH-t,4783,0.5714637596568348,0.0
2018-12-04,2018-12-03,EGARCH-t,4783,0.7071588663184742,0.0
2018-12-04,2018-12-03,EWMA,4783,0.5927519060559177,
2018-12-05,2018-12-04,GARCH-t,4784,0.677425084783047,0.0
2018-12-05,2018-12-04,GJR-GARCH-t,4784,0.5861524121960057,0.0
2018-12-05,2018-12-04,EGARCH-t,4784,0.7649890622100188,0.0
2018-12-05,2018-12-04,EWMA,4784,0.5761573462275873,
2018-12-06,2018-12-05,GARCH-t,4785,0.8503632053402174,0.0
2018-12-06,2018-12-05,GJR-GARCH-t,4785,0.9166624017481968,0.0
2018-12-06,2018-12-05,EGARCH-t,4785,1.0649442056850535,0.0
2018-12-06,2018-12-05,EWMA,4785,0.6674969941537712,
2018-12-07,2018-12-06,GARCH-t,4786,1.9009250194797604,0.0
2018-12-07,2018-12-06,GJR-GARCH-t,4786,2.6764708421081593,0.0
2018-12-07,2018-12-06,EGARCH-t,4786,2.1419273898328943,0.0
2018-12-07,2018-12-06,EWMA,4786,1.240179025482537,
2018-12-10,2018-12-07,GARCH-t,4787,1.812503728965917,0.0
2018-12-10,2018-12-07,GJR-GARCH-t,4787,2.406595672802763,0.0
2018-12-10,2018-12-07,EGARCH-t,4787,1.894350741931291,0.0
2018-12-10,2018-12-07,EWMA,4787,1.238072206774222,
2018-12-11,2018-12-10,GARCH-t,4788,1.696245097279436,0.0
2018-12-11,2018-12-10,GJR-GARCH-t,4788,2.2936466488015945,0.0
2018-12-11,2018-12-10,EGARCH-t,4788,1.9826766132263636,0.0
2018-12-11,2018-12-10,EWMA,4788,1.2059778122026783,
2018-12-12,2018-12-11,GARCH-t,4789,1.6737037258458112,0.0
2018-12-12,2018-12-11,GJR-GARCH-t,4789,2.067277133950444,0.0
2018-12-12,2018-12-11,EGARCH-t,4789,1.7539167098957622,0.0
2018-12-12,2018-12-11,EWMA,4789,1.229260265483935,
2018-12-13,2018-12-12,GARCH-t,4790,1.6066577614231758,0.0
2018-12-13,2018-12-12,GJR-GARCH-t,4790,1.8649555361713086,0.0
2018-12-13,2018-12-12,EGARCH-t,4790,1.556329224265513,0.0
2018-12-13,2018-12-12,EWMA,4790,1.2243394535040681,
2018-12-14,2018-12-13,GARCH-t,4791,1.4326835325530995,0.0
2018-12-14,2018-12-13,GJR-GARCH-t,4791,1.6841311820712432,0.0
2018-12-14,2018-12-13,EGARCH-t,4791,1.4095258763603469,0.0
2018-12-14,2018-12-13,EWMA,4791,1.1509715369352225,
2018-12-17,2018-12-14,GARCH-t,4792,1.3072773111800664,0.0
2018-12-17,2018-12-14,GJR-GARCH-t,4792,1.5635208291526488,0.0
2018-12-17,2018-12-14,EGARCH-t,4792,1.4048118376802545,0.0
2018-12-17,2018-12-14,EWMA,4792,1.0952096268396525,
2018-12-18,2018-12-17,GARCH-t,4793,1.2983845801937262,0.0
2018-12-18,2018-12-17,GJR-GARCH-t,4793,1.6169044641960002,0.0
2018-12-18,2018-12-17,EGARCH-t,4793,1.5901959051087693,0.0
2018-12-18,2018-12-17,EWMA,4793,1.0965830851523242,
2018-12-19,2018-12-18,GARCH-t,4794,1.2917414740382558,0.0
2018-12-19,2018-12-18,GJR-GARCH-t,4794,1.666525918580806,0.0
2018-12-19,2018-12-18,EGARCH-t,4794,1.773334814872421,0.0
2018-12-19,2018-12-18,EWMA,4794,1.0985525583813704,
2018-12-20,2018-12-19,GARCH-t,4795,1.2455228620584307,0.0
2018-12-20,2018-12-19,GJR-GARCH-t,4795,1.5076934027636901,0.0
2018-12-20,2018-12-19,EGARCH-t,4795,1.5752673892254334,0.0
2018-12-20,2018-12-19,EWMA,4795,1.0873489596825898,
2018-12-21,2018-12-20,GARCH-t,4796,1.190367261905045,0.0
2018-12-21,2018-12-20,GJR-GARCH-t,4796,1.4816474550714136,0.0
2018-12-21,2018-12-20,EGARCH-t,4796,1.667080562935918,0.0
2018-12-21,2018-12-20,EWMA,4796,1.0606350410700545,
2018-12-24,2018-12-21,GARCH-t,4797,1.0667650108523106,0.0
2018-12-24,2018-12-21,GJR-GARCH-t,4797,1.3422872996498334,0.0
2018-12-24,2018-12-21,EGARCH-t,4797,1.4930532584747827,0.0
2018-12-24,2018-12-21,EWMA,4797,0.9981473472533628,
2018-12-27,2018-12-24,GARCH-t,4798,0.9907866123479361,0.0
2018-12-27,2018-12-24,GJR-GARCH-t,4798,1.2680542112635311,0.0
2018-12-27,2018-12-24,EGARCH-t,4798,1.4990064468320812,0.0
2018-12-27,2018-12-24,EWMA,4798,0.9548019987832517,
2018-12-28,2018-12-27,GARCH-t,4799,1.1533110607939232,0.0
2018-12-28,2018-12-27,GJR-GARCH-t,4799,1.5686719018309059,0.0
2018-12-28,2018-12-27,EGARCH-t,4799,1.855965241614876,0.0
2018-12-28,2018-12-27,EWMA,4799,1.0373623273525883,
2018-12-31,2018-12-28,GARCH-t,4800,1.5561272002830755,0.0
2018-12-31,2018-12-28,GJR-GARCH-t,4800,1.421875771065229,0.0
2018-12-31,2018-12-28,EGARCH-t,4800,1.6312203389427287,0.0
2018-12-31,2018-12-28,EWMA,4800,1.2767282836037375,
2019-01-02,2018-12-31,GARCH-t,4801,1.389992283899681,0.0
2019-01-02,2018-12-31,GJR-GARCH-t,4801,1.2903882122552242,0.0
2019-01-02,2018-12-31,EGARCH-t,4801,1.4909676735876476,0.0
2019-01-02,2018-12-31,EWMA,4801,1.200585559400775,
2019-01-03,2019-01-02,GARCH-t,4802,1.2423879229145287,0.0
2019-01-03,2019-01-02,GJR-GARCH-t,4802,1.1712376251835501,0.0
2019-01-03,2019-01-02,EGARCH-t,4802,1.338685210976583,0.0
2019-01-03,2019-01-02,EWMA,4802,1.129043198184248,
2019-01-04,2019-01-03,GARCH-t,4803,1.1583224665264984,0.0
2019-01-04,2019-01-03,GJR-GARCH-t,4803,1.1342113949290373,0.0
2019-01-04,2019-01-03,EGARCH-t,4803,1.3833561914997516,0.0
2019-01-04,2019-01-03,EWMA,4803,1.08422821002179,
2019-01-07,2019-01-04,GARCH-t,4804,1.5116800551721954,0.0
2019-01-07,2019-01-04,GJR-GARCH-t,4804,1.0333244649711713,0.0
2019-01-07,2019-01-04,EGARCH-t,4804,1.2193507553296947,0.0
2019-01-07,2019-01-04,EWMA,4804,1.2936968263376443,
2019-01-08,2019-01-07,GARCH-t,4805,1.3692350551723877,0.0
2019-01-08,2019-01-07,GJR-GARCH-t,4805,0.9692380563895651,0.0
2019-01-08,2019-01-07,EGARCH-t,4805,1.2047421558781215,0.0
2019-01-08,2019-01-07,EWMA,4805,1.2251228997036512,
2019-01-09,2019-01-08,GARCH-t,4806,1.2770383756433288,0.0
2019-01-09,2019-01-08,GJR-GARCH-t,4806,0.8843200318543245,0.0
2019-01-09,2019-01-08,EGARCH-t,4806,1.0780411125444076,0.0
2019-01-09,2019-01-08,EWMA,4806,1.184617401375361,
2019-01-10,2019-01-09,GARCH-t,4807,1.1832020491246347,0.0
2019-01-10,2019-01-09,GJR-GARCH-t,4807,0.8082677050878494,0.0
2019-01-10,2019-01-09,EGARCH-t,4807,0.9669993165512184,0.0
2019-01-10,2019-01-09,EWMA,4807,1.13917840892302,
2019-01-11,2019-01-10,GARCH-t,4808,1.0850385010098509,0.0
2019-01-11,2019-01-10,GJR-GARCH-t,4808,0.7400364493682864,0.0
2019-01-11,2019-01-10,EGARCH-t,4808,0.8699256573452901,0.0
2019-01-11,2019-01-10,EWMA,4808,1.0873151591929529,
2019-01-14,2019-01-11,GARCH-t,4809,0.9899196334483226,0.0
2019-01-14,2019-01-11,GJR-GARCH-t,4809,0.7023405176356566,0.0
2019-01-14,2019-01-11,EGARCH-t,4809,0.8712696877879972,0.0
2019-01-14,2019-01-11,EWMA,4809,1.029697046156099,
2019-01-15,2019-01-14,GARCH-t,4810,0.9874341077310975,0.0
2019-01-15,2019-01-14,GJR-GARCH-t,4810,0.7980793165911247,0.0
2019-01-15,2019-01-14,EGARCH-t,4810,1.0183622854732763,0.0
2019-01-15,2019-01-14,EWMA,4810,1.0184493144586149,
2019-01-16,2019-01-15,GARCH-t,4811,0.9184087200526384,0.0
2019-01-16,2019-01-15,GJR-GARCH-t,4811,0.7311082100020316,0.0
2019-01-16,2019-01-15,EGARCH-t,4811,0.9148359479013969,0.0
2019-01-16,2019-01-15,EWMA,4811,0.9776532139841374,
2019-01-17,2019-01-16,GARCH-t,4812,0.8536021883153918,0.0
2019-01-17,2019-01-16,GJR-GARCH-t,4812,0.7115734619423203,0.0
2019-01-17,2019-01-16,EGARCH-t,4812,0.9414101515517425,0.0
2019-01-17,2019-01-16,EWMA,4812,0.9322228362866076,
2019-01-18,2019-01-17,GARCH-t,4813,0.7897239624914032,0.0
2019-01-18,2019-01-17,GJR-GARCH-t,4813,0.6839935152580465,0.0
2019-01-18,2019-01-17,EGARCH-t,4813,0.9503294884020694,0.0
2019-01-18,2019-01-17,EWMA,4813,0.8861755027122685,
2019-01-21,2019-01-18,GARCH-t,4814,1.097169504263185,0.0
2019-01-21,2019-01-18,GJR-GARCH-t,4814,0.6311280138277529,0.0
2019-01-21,2019-01-18,EGARCH-t,4814,0.8415450446016958,0.0
2019-01-21,2019-01-18,EWMA,4814,1.05718130796012,
2019-01-22,2019-01-21,GARCH-t,4815,0.9842397976401075,0.0
2019-01-22,2019-01-21,GJR-GARCH-t,4815,0.5816326833827106,0.0
2019-01-22,2019-01-21,EGARCH-t,4815,0.7633938054021001,0.0
2019-01-22,2019-01-21,EWMA,4815,0.9938157907634388,
2019-01-23,2019-01-22,GARCH-t,4816,0.9994244913702854,0.0
2019-01-23,2019-01-22,GJR-GARCH-t,4816,0.7174925652836363,0.0
2019-01-23,2019-01-22,EGARCH-t,4816,0.931730698915832,0.0
2019-01-23,2019-01-22,EWMA,4816,0.993911673956245,
2019-01-24,2019-01-23,GARCH-t,4817,0.9826130948822605,0.0
2019-01-24,2019-01-23,GJR-GARCH-t,4817,0.7900943817690425,0.0
2019-01-24,2019-01-23,EGARCH-t,4817,1.0597755682470817,0.0
2019-01-24,2019-01-23,EWMA,4817,0.9777563171550123,
2019-01-25,2019-01-24,GARCH-t,4818,0.8992202736275444,0.0
2019-01-25,2019-01-24,GJR-GARCH-t,4818,0.7468286193626713,0.0
2019-01-25,2019-01-24,EGARCH-t,4818,1.0465755029945112,0.0
2019-01-25,2019-01-24,EWMA,4818,0.9264357754697093,
2019-01-28,2019-01-25,GARCH-t,4819,0.8128973830403946,0.0
2019-01-28,2019-01-25,GJR-GARCH-t,4819,0.6895429870374042,0.0
2019-01-28,2019-01-25,EGARCH-t,4819,0.98221881067261,0.0
2019-01-28,2019-01-25,EWMA,4819,0.872090621629245,
2019-01-29,2019-01-28,GARCH-t,4820,0.8305248895120189,0.0
2019-01-29,2019-01-28,GJR-GARCH-t,4820,0.785501457240194,0.0
2019-01-29,2019-01-28,EGARCH-t,4820,1.1282589702430474,0.0
2019-01-29,2019-01-28,EWMA,4820,0.8701291040041256,
2019-01-30,2019-01-29,GARCH-t,4821,0.9127642001160473,0.0
2019-01-30,2019-01-29,GJR-GARCH-t,4821,0.720496017776706,0.0
2019-01-30,2019-01-29,EGARCH-t,4821,1.0044239147981844,0.0
2019-01-30,2019-01-29,EWMA,4821,0.9159599499364833,
2019-01-31,2019-01-30,GARCH-t,4822,1.0695128183305076,0.0
2019-01-31,2019-01-30,GJR-GARCH-t,4822,0.6625692679857587,0.0
2019-01-31,2019-01-30,EGARCH-t,4822,0.8922032223295827,0.0
2019-01-31,2019-01-30,EWMA,4822,1.0077081175534315,
2019-02-01,2019-01-31,GARCH-t,4823,0.9731957799895302,0.0
2019-02-01,2019-01-31,GJR-GARCH-t,4823,0.6102119701079588,0.0
2019-02-01,2019-01-31,EGARCH-t,4823,0.8049784336371623,0.0
2019-02-01,2019-01-31,EWMA,4823,0.9564893329134079,
2019-02-04,2019-02-01,GARCH-t,4824,0.9261996415799745,0.0
2019-02-04,2019-02-01,GJR-GARCH-t,4824,0.5635032472700497,0.0
2019-02-04,2019-02-01,EGARCH-t,4824,0.7240476540395864,0.0
2019-02-04,2019-02-01,EWMA,4824,0.9313756432429187,
2019-02-05,2019-02-04,GARCH-t,4825,0.8359981198578275,0.0
2019-02-05,2019-02-04,GJR-GARCH-t,4825,0.5214733766806205,0.0
2019-02-05,2019-02-04,EGARCH-t,4825,0.6569251267846631,0.0
2019-02-05,2019-02-04,EWMA,4825,0.877840663916591,
2019-02-06,2019-02-05,GARCH-t,4826,1.1703976825794586,0.0
2019-02-06,2019-02-05,GJR-GARCH-t,4826,0.48581015018015905,0.0
2019-02-06,2019-02-05,EGARCH-t,4826,0.5826689768700237,0.0
2019-02-06,2019-02-05,EWMA,4826,1.0692051795060302,
2019-02-07,2019-02-06,GARCH-t,4827,1.0502026453892666,0.0
2019-02-07,2019-02-06,GJR-GARCH-t,4827,0.4528441059919603,0.0
2019-02-07,2019-02-06,EGARCH-t,4827,0.5436821712648527,0.0
2019-02-07,2019-02-06,EWMA,4827,1.0052683327065088,
2019-02-08,2019-02-07,GARCH-t,4828,1.085065354338388,0.0
2019-02-08,2019-02-07,GJR-GARCH-t,4828,0.6456878682269386,0.0
2019-02-08,2019-02-07,EGARCH-t,4828,0.734205677323317,0.0
2019-02-08,2019-02-07,EWMA,4828,1.0194781653928495,
2019-02-11,2019-02-08,GARCH-t,4829,0.9874337585629074,0.0
2019-02-11,2019-02-08,GJR-GARCH-t,4829,0.6139473560082814,0.0
2019-02-11,2019-02-08,EGARCH-t,4829,0.7354053011693195,0.0
2019-02-11,2019-02-08,EWMA,4829,0.9643113001341422,
2019-02-12,2019-02-11,GARCH-t,4830,0.9517205247510334,0.0
2019-02-12,2019-02-11,GJR-GARCH-t,4830,0.5671362034248145,0.0
2019-02-12,2019-02-11,EGARCH-t,4830,0.6616846758480038,0.0
2019-02-12,2019-02-11,EWMA,4830,0.9463529680276795,
2019-02-13,2019-02-12,GARCH-t,4831,0.8561995113474465,0.0
2019-02-13,2019-02-12,GJR-GARCH-t,4831,0.5250808575241545,0.0
2019-02-13,2019-02-12,EGARCH-t,4831,0.602756059931328,0.0
2019-02-13,2019-02-12,EWMA,4831,0.8897605709061858,
2019-02-14,2019-02-13,GARCH-t,4832,0.8340240358544049,0.0
2019-02-14,2019-02-13,GJR-GARCH-t,4832,0.4876197100280092,0.0
2019-02-14,2019-02-13,EGARCH-t,4832,0.5436124433720955,0.0
2019-02-14,2019-02-13,EWMA,4832,0.8753189406391005,
2019-02-15,2019-02-14,GARCH-t,4833,0.7522520567879933,0.0
2019-02-15,2019-02-14,GJR-GARCH-t,4833,0.453853775634702,0.0
2019-02-15,2019-02-14,EGARCH-t,4833,0.4964422124730831,0.0
2019-02-15,2019-02-14,EWMA,4833,0.8232454945844127,
2019-02-18,2019-02-15,GARCH-t,4834,0.7073138803133435,0.0
2019-02-18,2019-02-15,GJR-GARCH-t,4834,0.4237346294256859,0.0
2019-02-18,2019-02-15,EGARCH-t,4834,0.45044954875199644,0.0
2019-02-18,2019-02-15,EWMA,4834,0.7920077341700992,
2019-02-19,2019-02-18,GARCH-t,4835,0.648064639397352,0.0
2019-02-19,2019-02-18,GJR-GARCH-t,4835,0.4073629060345781,0.0
2019-02-19,2019-02-18,EGARCH-t,4835,0.45343147209611695,0.0
2019-02-19,2019-02-18,EWMA,4835,0.747884853321501,
2019-02-20,2019-02-19,GARCH-t,4836,0.625872741104795,0.0
2019-02-20,2019-02-19,GJR-GARCH-t,4836,0.43911633408644907,0.0
2019-02-20,2019-02-19,EGARCH-t,4836,0.515895172434449,0.0
2019-02-20,2019-02-19,EWMA,4836,0.7218124099489875,
2019-02-21,2019-02-20,GARCH-t,4837,0.612304914942845,0.0
2019-02-21,2019-02-20,GJR-GARCH-t,4837,0.4106207941739432,0.0
2019-02-21,2019-02-20,EGARCH-t,4837,0.46681936677420843,0.0
2019-02-21,2019-02-20,EWMA,4837,0.7067181073799076,
2019-02-22,2019-02-21,GARCH-t,4838,0.6405598235273328,0.0
2019-02-22,2019-02-21,GJR-GARCH-t,4838,0.5151833925270126,0.0
2019-02-22,2019-02-21,EGARCH-t,4838,0.5901926594375131,0.0
2019-02-22,2019-02-21,EWMA,4838,0.7076899137563906,
2019-02-25,2019-02-22,GARCH-t,4839,0.5822917800574667,0.0
2019-02-25,2019-02-22,GJR-GARCH-t,4839,0.478561673078662,0.0
2019-02-25,2019-02-22,EGARCH-t,4839,0.5378637163134,0.0
2019-02-25,2019-02-22,EWMA,4839,0.6666913728428081,
2019-02-26,2019-02-25,GARCH-t,4840,0.5292920699171537,0.0
2019-02-26,2019-02-25,GJR-GARCH-t,4840,0.44577330489234657,0.0
2019-02-26,2019-02-25,EGARCH-t,4840,0.49159444023977905,0.0
2019-02-26,2019-02-25,EWMA,4840,0.6269925262410869,
2019-02-27,2019-02-26,GARCH-t,4841,0.5085421073090023,0.0
2019-02-27,2019-02-26,GJR-GARCH-t,4841,0.45428154270069526,0.0
2019-02-27,2019-02-26,EGARCH-t,4841,0.5329635194273792,0.0
2019-02-27,2019-02-26,EWMA,4841,0.6017857029129576,
2019-02-28,2019-02-27,GARCH-t,4842,0.5100558260010538,0.0
2019-02-28,2019-02-27,GJR-GARCH-t,4842,0.49272313693185704,0.0
2019-02-28,2019-02-27,EGARCH-t,4842,0.6064699065541023,0.0
2019-02-28,2019-02-27,EWMA,4842,0.5884298273838676,
2019-03-01,2019-02-28,GARCH-t,4843,0.49187402642857236,0.0
2019-03-01,2019-02-28,GJR-GARCH-t,4843,0.4967885426251029,0.0
2019-03-01,2019-02-28,EGARCH-t,4843,0.644932159903596,0.0
2019-03-01,2019-02-28,EWMA,4843,0.5657281024100661,
2019-03-04,2019-03-01,GARCH-t,4844,0.4674482575655616,0.0
2019-03-04,2019-03-01,GJR-GARCH-t,4844,0.46215762506839697,0.0
2019-03-04,2019-03-01,EGARCH-t,4844,0.5841367720949717,0.0
2019-03-04,2019-03-01,EWMA,4844,0.5440045071204238,
2019-03-05,2019-03-04,GARCH-t,4845,0.4407137203642231,0.0
2019-03-05,2019-03-04,GJR-GARCH-t,4845,0.43115018500946606,0.0
2019-03-05,2019-03-04,EGARCH-t,4845,0.5303080810418433,0.0
2019-03-05,2019-03-04,EWMA,4845,0.5204440226447098,
2019-03-06,2019-03-05,GARCH-t,4846,0.4486669221773044,0.0
2019-03-06,2019-03-05,GJR-GARCH-t,4846,0.4035162488143429,0.0
2019-03-06,2019-03-05,EGARCH-t,4846,0.4796954383718297,0.0
2019-03-06,2019-03-05,EWMA,4846,0.5173269525342661,
2019-03-07,2019-03-06,GARCH-t,4847,0.4129468954823387,0.0
2019-03-07,2019-03-06,GJR-GARCH-t,4847,0.37857540117385063,0.0
2019-03-07,2019-03-06,EGARCH-t,4847,0.4383042157018384,0.0
2019-03-07,2019-03-06,EWMA,4847,0.4881301335098939,
2019-03-08,2019-03-07,GARCH-t,4848,0.4150265460075826,0.0
2019-03-08,2019-03-07,GJR-GARCH-t,4848,0.4083428805308168,0.0
2019-03-08,2019-03-07,EGARCH-t,4848,0.4960416343947481,0.0
2019-03-08,2019-03-07,EWMA,4848,0.4760195055975659,
2019-03-11,2019-03-08,GARCH-t,4849,0.4478563363294406,0.0
2019-03-11,2019-03-08,GJR-GARCH-t,4849,0.4835864611173288,0.0
2019-03-11,2019-03-08,EGARCH-t,4849,0.5976543839873902,0.0
2019-03-11,2019-03-08,EWMA,4849,0.48097954704770307,
2019-03-12,2019-03-11,GARCH-t,4850,0.42208356007971026,0.0
2019-03-12,2019-03-11,GJR-GARCH-t,4850,0.4502843009992089,0.0
2019-03-12,2019-03-11,EGARCH-t,4850,0.5425416219750063,0.0
2019-03-12,2019-03-11,EWMA,4850,0.46031342735164277,
2019-03-13,2019-03-12,GARCH-t,4851,0.3942149363886943,0.0
2019-03-13,2019-03-12,GJR-GARCH-t,4851,0.42046871896022114,0.0
2019-03-13,2019-03-12,EGARCH-t,4851,0.4938337751511347,0.0
2019-03-13,2019-03-12,EWMA,4851,0.4376878852770376,
2019-03-14,2019-03-13,GARCH-t,4852,0.3634059655182681,0.0
2019-03-14,2019-03-13,GJR-GARCH-t,4852,0.393737943895723,0.0
2019-03-14,2019-03-13,EGARCH-t,4852,0.4514591405984195,0.0
2019-03-14,2019-03-13,EWMA,4852,0.4121766578785095,
2019-03-15,2019-03-14,GARCH-t,4853,0.3469834190907482,0.0
2019-03-15,2019-03-14,GJR-GARCH-t,4853,0.3698472146549709,0.0
2019-03-15,2019-03-14,EGARCH-t,4853,0.4113441051111906,0.0
2019-03-15,2019-03-14,EWMA,4853,0.3954522907030439,
2019-03-18,2019-03-15,GARCH-t,4854,0.3543419107163468,0.0
2019-03-18,2019-03-15,GJR-GARCH-t,4854,0.34856389070756266,0.0
2019-03-18,2019-03-15,EGARCH-t,4854,0.3737399436389831,0.0
2019-03-18,2019-03-15,EWMA,4854,0.39298575117594636,
2019-03-19,2019-03-18,GARCH-t,4855,0.42191154210338233,0.0
2019-03-19,2019-03-18,GJR-GARCH-t,4855,0.3298806376142317,0.0
2019-03-19,2019-03-18,EGARCH-t,4855,0.3377738147726608,0.0
2019-03-19,2019-03-18,EWMA,4855,0.42657205597946374,
2019-03-20,2019-03-19,GARCH-t,4856,0.3969368422773024,0.0
2019-03-20,2019-03-19,GJR-GARCH-t,4856,0.31265306275173926,0.0
2019-03-20,2019-03-19,EGARCH-t,4856,0.3091177379824853,0.0
2019-03-20,2019-03-19,EWMA,4856,0.40788050804482145,
2019-03-21,2019-03-20,GARCH-t,4857,0.39139037654468434,0.0
2019-03-21,2019-03-20,GJR-GARCH-t,4857,0.3345974502438261,0.0
2019-03-21,2019-03-20,EGARCH-t,4857,0.35249410885116167,0.0
2019-03-21,2019-03-20,EWMA,4857,0.39564377588837973,
2019-03-22,2019-03-21,GARCH-t,4858,0.4357377847018704,0.0
2019-03-22,2019-03-21,GJR-GARCH-t,4858,0.31733541558707656,0.0
2019-03-22,2019-03-21,EGARCH-t,4858,0.3192231435757482,0.0
2019-03-22,2019-03-21,EWMA,4858,0.41816245042858824,
2019-03-25,2019-03-22,GARCH-t,4859,0.8599205956740914,0.0
2019-03-25,2019-03-22,GJR-GARCH-t,4859,1.03152443252209,0.0
2019-03-25,2019-03-22,EGARCH-t,4859,0.7405478365952461,0.0
2019-03-25,2019-03-22,EWMA,4859,0.6399633085340467,
2019-03-26,2019-03-25,GARCH-t,4860,0.7959190623798833,0.0
2019-03-26,2019-03-25,GJR-GARCH-t,4860,0.9714560347596551,0.0
2019-03-26,2019-03-25,EGARCH-t,4860,0.7634006110548551,0.0
2019-03-26,2019-03-25,EWMA,4860,0.6120036517629309,
2019-03-27,2019-03-26,GARCH-t,4861,0.7225465830623884,0.0
2019-03-27,2019-03-26,GJR-GARCH-t,4861,0.8862384379508724,0.0
2019-03-27,2019-03-26,EGARCH-t,4861,0.6915702771011396,0.0
2019-03-27,2019-03-26,EWMA,4861,0.579345359566116,
2019-03-28,2019-03-27,GARCH-t,4862,0.6534326256732624,0.0
2019-03-28,2019-03-27,GJR-GARCH-t,4862,0.8107097550970404,0.0
2019-03-28,2019-03-27,EGARCH-t,4862,0.6368331510297738,0.0
2019-03-28,2019-03-27,EWMA,4862,0.5446357280608617,
2019-03-29,2019-03-28,GARCH-t,4863,0.620596832536868,0.0
2019-03-29,2019-03-28,GJR-GARCH-t,4863,0.7434211685598195,0.0
2019-03-29,2019-03-28,EGARCH-t,4863,0.5763496318635799,0.0
2019-03-29,2019-03-28,EWMA,4863,0.5304950942135449,
2019-04-01,2019-03-29,GARCH-t,4864,0.5989458797107414,0.0
2019-04-01,2019-03-29,GJR-GARCH-t,4864,0.6833332705533908,0.0
2019-04-01,2019-03-29,EGARCH-t,4864,0.5218250348675714,0.0
2019-04-01,2019-03-29,EWMA,4864,0.5216358614947604,
2019-04-02,2019-04-01,GARCH-t,4865,0.5689916449488283,0.0
2019-04-02,2019-04-01,GJR-GARCH-t,4865,0.6295683508705278,0.0
2019-04-02,2019-04-01,EGARCH-t,4865,0.47374756960875464,0.0
2019-04-02,2019-04-01,EWMA,4865,0.5067749866291039,
2019-04-03,2019-04-02,GARCH-t,4866,0.6162804478001824,0.0
2019-04-03,2019-04-02,GJR-GARCH-t,4866,0.5816011785565613,0.0
2019-04-03,2019-04-02,EGARCH-t,4866,0.4272283468735096,0.0
2019-04-03,2019-04-02,EWMA,4866,0.5366270848785983,
2019-04-04,2019-04-03,GARCH-t,4867,0.5707556536503087,0.0
2019-04-04,2019-04-03,GJR-GARCH-t,4867,0.5384647642019776,0.0
2019-04-04,2019-04-03,EGARCH-t,4867,0.3898665034368292,0.0
2019-04-04,2019-04-03,EWMA,4867,0.5125253712399549,
2019-04-05,2019-04-04,GARCH-t,4868,0.526558176761525,0.0
2019-04-05,2019-04-04,GJR-GARCH-t,4868,0.5090971000980155,0.0
2019-04-05,2019-04-04,EGARCH-t,4868,0.3936187922205459,0.0
2019-04-05,2019-04-04,EWMA,4868,0.4847127570822027,
2019-04-08,2019-04-05,GARCH-t,4869,0.5141963192129746,0.0
2019-04-08,2019-04-05,GJR-GARCH-t,4869,0.47355558594685865,0.0
2019-04-08,2019-04-05,EGARCH-t,4869,0.3580333168487099,0.0
2019-04-08,2019-04-05,EWMA,4869,0.4776722569115201,
2019-04-09,2019-04-08,GARCH-t,4870,0.46929780647250086,0.0
2019-04-09,2019-04-08,GJR-GARCH-t,4870,0.44161187141501107,0.0
2019-04-09,2019-04-08,EGARCH-t,4870,0.32948275962058315,0.0
2019-04-09,2019-04-08,EWMA,4870,0.44928222315745814,
2019-04-10,2019-04-09,GARCH-t,4871,0.4461497313714237,0.0
2019-04-10,2019-04-09,GJR-GARCH-t,4871,0.4359775613052887,0.0
2019-04-10,2019-04-09,EGARCH-t,4871,0.3566987520892163,0.0
2019-04-10,2019-04-09,EWMA,4871,0.42982522089358655,
2019-04-11,2019-04-10,GARCH-t,4872,0.4098913845240981,0.0
2019-04-11,2019-04-10,GJR-GARCH-t,4872,0.4085186668349716,0.0
2019-04-11,2019-04-10,EGARCH-t,4872,0.33680819049801963,0.0
2019-04-11,2019-04-10,EWMA,4872,0.4041847651592326,
2019-04-12,2019-04-11,GARCH-t,4873,0.37781119903012933,0.0
2019-04-12,2019-04-11,GJR-GARCH-t,4873,0.38392389045907815,0.0
2019-04-12,2019-04-11,EGARCH-t,4873,0.3189296994120506,0.0
2019-04-12,2019-04-11,EWMA,4873,0.3800994304884399,
2019-04-15,2019-04-12,GARCH-t,4874,0.3534341500964094,0.0
2019-04-15,2019-04-12,GJR-GARCH-t,4874,0.3611867072059346,0.0
2019-04-15,2019-04-12,EGARCH-t,4874,0.2928499424566724,0.0
2019-04-15,2019-04-12,EWMA,4874,0.36126109982427534,
2019-04-16,2019-04-15,GARCH-t,4875,0.3269785929902228,0.0
2019-04-16,2019-04-15,GJR-GARCH-t,4875,0.3407532127861402,0.0
2019-04-16,2019-04-15,EGARCH-t,4875,0.27196962447245443,0.0
2019-04-16,2019-04-15,EWMA,4875,0.3395858686087502,
2019-04-17,2019-04-16,GARCH-t,4876,0.3207656586396532,0.0
2019-04-17,2019-04-16,GJR-GARCH-t,4876,0.3225274731590586,0.0
2019-04-17,2019-04-16,EGARCH-t,4876,0.24919223173770344,0.0
2019-04-17,2019-04-16,EWMA,4876,0.3309724599450507,
2019-04-18,2019-04-17,GARCH-t,4877,0.29782856990239626,0.0
2019-04-18,2019-04-17,GJR-GARCH-t,4877,0.3059822359728189,0.0
2019-04-18,2019-04-17,EGARCH-t,4877,0.23081692737383094,0.0
2019-04-18,2019-04-17,EWMA,4877,0.3111351809535073,
2019-04-23,2019-04-18,GARCH-t,4878,0.28152183664383457,0.0
2019-04-23,2019-04-18,GJR-GARCH-t,4878,0.29579954772991013,0.0
2019-04-23,2019-04-18,EGARCH-t,4878,0.23302180706875983,0.0
2019-04-23,2019-04-18,EWMA,4878,0.2938660911944562,
2019-04-24,2019-04-23,GARCH-t,4879,0.33300882142013094,0.0
2019-04-24,2019-04-23,GJR-GARCH-t,4879,0.2827960398191382,0.0
2019-04-24,2019-04-23,EGARCH-t,4879,0.21218859228110656,0.0
2019-04-24,2019-04-23,EWMA,4879,0.3189368591179691,
2019-04-25,2019-04-24,GARCH-t,4880,0.3655762924827884,0.0
2019-04-25,2019-04-24,GJR-GARCH-t,4880,0.35509219358736016,0.0
2019-04-25,2019-04-24,EGARCH-t,4880,0.289257920911335,0.0
2019-04-25,2019-04-24,EWMA,4880,0.32789164623935524,
2019-04-26,2019-04-25,GARCH-t,4881,0.3697599114021889,0.0
2019-04-26,2019-04-25,GJR-GARCH-t,4881,0.38182479377988127,0.0
2019-04-26,2019-04-25,EGARCH-t,4881,0.34090203967212657,0.0
2019-04-26,2019-04-25,EWMA,4881,0.32357041900659633,
2019-04-29,2019-04-26,GARCH-t,4882,0.342820893466213,0.0
2019-04-29,2019-04-26,GJR-GARCH-t,4882,0.3606638605474081,0.0
2019-04-29,2019-04-26,EGARCH-t,4882,0.32645786481129213,0.0
2019-04-29,2019-04-26,EWMA,4882,0.3045344002627513,
2019-04-30,2019-04-29,GARCH-t,4883,0.31916768077968943,0.0
2019-04-30,2019-04-29,GJR-GARCH-t,4883,0.3402967915679609,0.0
2019-04-30,2019-04-29,EGARCH-t,4883,0.3002612648863677,0.0
2019-04-30,2019-04-29,EWMA,4883,0.28795852339503614,
2019-05-01,2019-04-30,GARCH-t,4884,0.3092011919977031,0.0
2019-05-01,2019-04-30,GJR-GARCH-t,4884,0.3391139617395587,0.0
2019-05-01,2019-04-30,EGARCH-t,4884,0.3203116400554801,0.0
2019-05-01,2019-04-30,EWMA,4884,0.2761840637698362,
2019-05-02,2019-05-01,GARCH-t,4885,0.3130215130388721,0.0
2019-05-02,2019-05-01,GJR-GARCH-t,4885,0.35700896409166544,0.0
2019-05-02,2019-05-01,EGARCH-t,4885,0.36206659061298024,0.0
2019-05-02,2019-05-01,EWMA,4885,0.2714675942830056,
2019-05-03,2019-05-02,GARCH-t,4886,0.31814294867661863,0.0
2019-05-03,2019-05-02,GJR-GARCH-t,4886,0.3757241775294031,0.0
2019-05-03,2019-05-02,EGARCH-t,4886,0.40638319830919534,0.0
2019-05-03,2019-05-02,EWMA,4886,0.2679549839913451,
2019-05-07,2019-05-03,GARCH-t,4887,0.3093730700510567,0.0
2019-05-07,2019-05-03,GJR-GARCH-t,4887,0.3538531771585132,0.0
2019-05-07,2019-05-03,EGARCH-t,4887,0.3708747542149907,0.0
2019-05-07,2019-05-03,EWMA,4887,0.2613714568728517,
2019-05-08,2019-05-07,GARCH-t,4888,0.591537225578418,0.0
2019-05-08,2019-05-07,GJR-GARCH-t,4888,0.8105052736550092,0.0
2019-05-08,2019-05-07,EGARCH-t,4888,0.6806051574227882,0.0
2019-05-08,2019-05-07,EWMA,4888,0.40718823942900695,
2019-05-09,2019-05-08,GARCH-t,4889,0.5380129354087525,0.0
2019-05-09,2019-05-08,GJR-GARCH-t,4889,0.7422842989102318,0.0
2019-05-09,2019-05-08,EGARCH-t,4889,0.6188117510180112,0.0
2019-05-09,2019-05-08,EWMA,4889,0.38400999707632005,
2019-05-10,2019-05-09,GARCH-t,4890,0.580504414859624,0.0
2019-05-10,2019-05-09,GJR-GARCH-t,4890,0.8197132415050324,0.0
2019-05-10,2019-05-09,EGARCH-t,4890,0.7523269076019108,0.0
2019-05-10,2019-05-09,EWMA,4890,0.4072811542439465,
2019-05-13,2019-05-10,GARCH-t,4891,0.5282900569373946,0.0
2019-05-13,2019-05-10,GJR-GARCH-t,4891,0.7516243477058149,0.0
2019-05-13,2019-05-10,EGARCH-t,4891,0.6971415858987928,0.0
2019-05-13,2019-05-10,EWMA,4891,0.38303856563142885,
2019-05-14,2019-05-13,GARCH-t,4892,0.5187167322558635,0.0
2019-05-14,2019-05-13,GJR-GARCH-t,4892,0.7450118071233734,0.0
2019-05-14,2019-05-13,EGARCH-t,4892,0.7524563408161604,0.0
2019-05-14,2019-05-13,EWMA,4892,0.3782894586556524,
2019-05-15,2019-05-14,GARCH-t,4893,0.5895256380097539,0.0
2019-05-15,2019-05-14,GJR-GARCH-t,4893,0.6852727122078065,0.0
2019-05-15,2019-05-14,EGARCH-t,4893,0.6746925422585068,0.0
2019-05-15,2019-05-14,EWMA,4893,0.4257778343493505,
2019-05-16,2019-05-15,GARCH-t,4894,0.5914694174148702,0.0
2019-05-16,2019-05-15,GJR-GARCH-t,4894,0.631357708460703,0.0
2019-05-16,2019-05-15,EGARCH-t,4894,0.6081775192281643,0.0
2019-05-16,2019-05-15,EWMA,4894,0.4350799991397573,
2019-05-17,2019-05-16,GARCH-t,4895,0.5945534576200749,0.0
2019-05-17,2019-05-16,GJR-GARCH-t,4895,0.5830797675178683,0.0
2019-05-17,2019-05-16,EGARCH-t,4895,0.5487959490999214,0.0
2019-05-17,2019-05-16,EWMA,4895,0.44467021264140616,
2019-05-20,2019-05-17,GARCH-t,4896,0.5411600190117395,0.0
2019-05-20,2019-05-17,GJR-GARCH-t,4896,0.5406797819741884,0.0
2019-05-20,2019-05-17,EGARCH-t,4896,0.5150527267916378,0.0
2019-05-20,2019-05-17,EWMA,4896,0.41825657976552494,
2019-05-21,2019-05-20,GARCH-t,4897,0.5257489133009376,0.0
2019-05-21,2019-05-20,GJR-GARCH-t,4897,0.5493781062893053,0.0
2019-05-21,2019-05-20,EGARCH-t,4897,0.567219961504619,0.0
2019-05-21,2019-05-20,EWMA,4897,0.4090342955403691,
2019-05-22,2019-05-21,GARCH-t,4898,0.483866366682407,0.0
2019-05-22,2019-05-21,GJR-GARCH-t,4898,0.5095453661285302,0.0
2019-05-22,2019-05-21,EGARCH-t,4898,0.5168149871721988,0.0
2019-05-22,2019-05-21,EWMA,4898,0.3881203976644948,
2019-05-23,2019-05-22,GARCH-t,4899,0.44247719571057625,0.0
2019-05-23,2019-05-22,GJR-GARCH-t,4899,0.4738480845068277,0.0
2019-05-23,2019-05-22,EGARCH-t,4899,0.47306286957305194,0.0
2019-05-23,2019-05-22,EWMA,4899,0.3651467618022026,
2019-05-24,2019-05-23,GARCH-t,4900,0.632166382594018,0.0
2019-05-24,2019-05-23,GJR-GARCH-t,4900,0.7953306237599266,0.0
2019-05-24,2019-05-23,EGARCH-t,4900,0.7338467617277685,0.0
2019-05-24,2019-05-23,EWMA,4900,0.46372875920618095,
2019-05-28,2019-05-24,GARCH-t,4901,0.6123210262661644,0.0
2019-05-28,2019-05-24,GJR-GARCH-t,4901,0.7298500404740603,0.0
2019-05-28,2019-05-24,EGARCH-t,4901,0.6619750604707132,0.0
2019-05-28,2019-05-24,EWMA,4901,0.4607703862466253,
2019-05-29,2019-05-28,GARCH-t,4902,0.5585554658998582,0.0
2019-05-29,2019-05-28,GJR-GARCH-t,4902,0.6739569521210792,0.0
2019-05-29,2019-05-28,EGARCH-t,4902,0.628203698776579,0.0
2019-05-29,2019-05-28,EWMA,4902,0.4339826632180478,
2019-05-30,2019-05-29,GARCH-t,4903,0.6612878749687033,0.0
2019-05-30,2019-05-29,GJR-GARCH-t,4903,0.8577525155807241,0.0
2019-05-30,2019-05-29,EGARCH-t,4903,0.8326850798976015,0.0
2019-05-30,2019-05-29,EWMA,4903,0.48842218547749794,
2019-05-31,2019-05-30,GARCH-t,4904,0.6176900769184184,0.0
2019-05-31,2019-05-30,GJR-GARCH-t,4904,0.7856402523275875,0.0
2019-05-31,2019-05-30,EGARCH-t,4904,0.7519026661421833,0.0
2019-05-31,2019-05-30,EWMA,4904,0.4716390010423613,
2019-06-03,2019-05-31,GARCH-t,4905,0.6331831614043758,0.0
2019-06-03,2019-05-31,GJR-GARCH-t,4905,0.8307537681085945,0.0
2019-06-03,2019-05-31,EGARCH-t,4905,0.8627942460171336,0.0
2019-06-03,2019-05-31,EWMA,4905,0.48039173926850787,
2019-06-04,2019-06-03,GARCH-t,4906,0.5828915115528278,0.0
2019-06-04,2019-06-03,GJR-GARCH-t,4906,0.7615794135775766,0.0
2019-06-04,2019-06-03,EGARCH-t,4906,0.7802691747328913,0.0
2019-06-04,2019-06-03,EWMA,4906,0.45779022534045644,
2019-06-05,2019-06-04,GARCH-t,4907,0.5446190577768317,0.0
2019-06-05,2019-06-04,GJR-GARCH-t,4907,0.6997898216243867,0.0
2019-06-05,2019-06-04,EGARCH-t,4907,0.705899643540514,0.0
2019-06-05,2019-06-04,EWMA,4907,0.4403964376780937,
2019-06-06,2019-06-05,GARCH-t,4908,0.49642325956304084,0.0
2019-06-06,2019-06-05,GJR-GARCH-t,4908,0.6444679110982837,0.0
2019-06-06,2019-06-05,EGARCH-t,4908,0.6429012731113789,0.0
2019-06-06,2019-06-05,EWMA,4908,0.41437367446119594,
2019-06-07,2019-06-06,GARCH-t,4909,0.4811318899781203,0.0
2019-06-07,2019-06-06,GJR-GARCH-t,4909,0.5949878154074714,0.0
2019-06-07,2019-06-06,EGARCH-t,4909,0.5819761508547187,0.0
2019-06-07,2019-06-06,EWMA,4909,0.407551601277846,
2019-06-10,2019-06-07,GARCH-t,4910,0.5353917570390517,0.0
2019-06-10,2019-06-07,GJR-GARCH-t,4910,0.5507737698514306,0.0
2019-06-10,2019-06-07,EGARCH-t,4910,0.5236430810939103,0.0
2019-06-10,2019-06-07,EWMA,4910,0.4415324974485032,
2019-06-11,2019-06-10,GARCH-t,4911,0.5205027395742675,0.0
2019-06-11,2019-06-10,GJR-GARCH-t,4911,0.5110205593857349,0.0
2019-06-11,2019-06-10,EGARCH-t,4911,0.47484371129253605,0.0
2019-06-11,2019-06-10,EWMA,4911,0.4361325060760789,
2019-06-12,2019-06-11,GARCH-t,4912,0.4826932052394105,0.0
2019-06-12,2019-06-11,GJR-GARCH-t,4912,0.4752984678321309,0.0
2019-06-12,2019-06-11,EGARCH-t,4912,0.43338124817513546,0.0
2019-06-12,2019-06-11,EWMA,4912,0.4157811855398838,
2019-06-13,2019-06-12,GARCH-t,4913,0.4638687547604607,0.0
2019-06-13,2019-06-12,GJR-GARCH-t,4913,0.4749181533595537,0.0
2019-06-13,2019-06-12,EGARCH-t,4913,0.4689983264668446,0.0
2019-06-13,2019-06-12,EWMA,4913,0.40134413027154053,
2019-06-14,2019-06-13,GARCH-t,4914,0.42489286256363257,0.0
2019-06-14,2019-06-13,GJR-GARCH-t,4914,0.4428707707902539,0.0
2019-06-14,2019-06-13,EGARCH-t,4914,0.4305916144381396,0.0
2019-06-14,2019-06-13,EWMA,4914,0.3772745344384777,
2019-06-17,2019-06-14,GARCH-t,4915,0.40336255417565287,0.0
2019-06-17,2019-06-14,GJR-GARCH-t,4915,0.4317632639516241,0.0
2019-06-17,2019-06-14,EGARCH-t,4915,0.44711759608449464,0.0
2019-06-17,2019-06-14,EWMA,4915,0.360400519162145,
2019-06-18,2019-06-17,GARCH-t,4916,0.37265204697300625,0.0
2019-06-18,2019-06-17,GJR-GARCH-t,4916,0.4041259363996996,0.0
2019-06-18,2019-06-17,EGARCH-t,4916,0.4095384925457284,0.0
2019-06-18,2019-06-17,EWMA,4916,0.3402447018085091,
2019-06-19,2019-06-18,GARCH-t,4917,0.4771205977437843,0.0
2019-06-19,2019-06-18,GJR-GARCH-t,4917,0.3800588187106674,0.0
2019-06-19,2019-06-18,EGARCH-t,4917,0.368479214782962,0.0
2019-06-19,2019-06-18,EWMA,4917,0.40030178847151887,
2019-06-20,2019-06-19,GARCH-t,4918,0.47139258853690896,0.0
2019-06-20,2019-06-19,GJR-GARCH-t,4918,0.4086397775066973,0.0
2019-06-20,2019-06-19,EGARCH-t,4918,0.4250277401997199,0.0
2019-06-20,2019-06-19,EWMA,4918,0.3932723486911964,
2019-06-21,2019-06-20,GARCH-t,4919,0.43768343495644335,0.0
2019-06-21,2019-06-20,GJR-GARCH-t,4919,0.3834959745183106,0.0
2019-06-21,2019-06-20,EGARCH-t,4919,0.3887200377409622,0.0
2019-06-21,2019-06-20,EWMA,4919,0.3744440603873241,
2019-06-24,2019-06-21,GARCH-t,4920,0.40934730833762206,0.0
2019-06-24,2019-06-21,GJR-GARCH-t,4920,0.3706398983985974,0.0
2019-06-24,2019-06-21,EGARCH-t,4920,0.3936623739658577,0.0
2019-06-24,2019-06-21,EWMA,4920,0.35509333774854823,
2019-06-25,2019-06-24,GARCH-t,4921,0.3773254132686785,0.0
2019-06-25,2019-06-24,GJR-GARCH-t,4921,0.3493204203985256,0.0
2019-06-25,2019-06-24,EGARCH-t,4921,0.3615495901387685,0.0
2019-06-25,2019-06-24,EWMA,4921,0.3347121438011994,
2019-06-26,2019-06-25,GARCH-t,4922,0.34834634662537955,0.0
2019-06-26,2019-06-25,GJR-GARCH-t,4922,0.3301409962762542,0.0
2019-06-26,2019-06-25,EGARCH-t,4922,0.3327480839897201,0.0
2019-06-26,2019-06-25,EWMA,4922,0.314983495030863,
2019-06-27,2019-06-26,GARCH-t,4923,0.32406054418567937,0.0
2019-06-27,2019-06-26,GJR-GARCH-t,4923,0.31432143678466495,0.0
2019-06-27,2019-06-26,EGARCH-t,4923,0.31903582318266266,0.0
2019-06-27,2019-06-26,EWMA,4923,0.2964768737998997,
2019-06-28,2019-06-27,GARCH-t,4924,0.3066297590377227,0.0
2019-06-28,2019-06-27,GJR-GARCH-t,4924,0.30564353956956863,0.0
2019-06-28,2019-06-27,EGARCH-t,4924,0.3216610291790344,0.0
2019-06-28,2019-06-27,EWMA,4924,0.2808611404096293,
2019-07-01,2019-06-28,GARCH-t,4925,0.2934938057873533,0.0
2019-07-01,2019-06-28,GJR-GARCH-t,4925,0.290961341093498,0.0
2019-07-01,2019-06-28,EGARCH-t,4925,0.29484533473810187,0.0
2019-07-01,2019-06-28,EWMA,4925,0.2699356600408656,
2019-07-02,2019-07-01,GARCH-t,4926,0.3651579987522729,0.0
2019-07-02,2019-07-01,GJR-GARCH-t,4926,0.27868271304520276,0.0
2019-07-02,2019-07-01,EGARCH-t,4926,0.2673087813864088,0.0
2019-07-02,2019-07-01,EWMA,4926,0.3094525095272711,
2019-07-03,2019-07-02,GARCH-t,4927,0.40198802379348203,0.0
2019-07-03,2019-07-02,GJR-GARCH-t,4927,0.2675581247439677,0.0
2019-07-03,2019-07-02,EGARCH-t,4927,0.24307583563773147,0.0
2019-07-03,2019-07-02,EWMA,4927,0.3311876351893476,
2019-07-04,2019-07-03,GARCH-t,4928,0.4108024438362611,0.0
2019-07-04,2019-07-03,GJR-GARCH-t,4928,0.25739035650297976,0.0
2019-07-04,2019-07-03,EGARCH-t,4928,0.22201285710189542,0.0
2019-07-04,2019-07-03,EWMA,4928,0.3374980750015292,
2019-07-05,2019-07-04,GARCH-t,4929,0.37920097098106614,0.0
2019-07-05,2019-07-04,GJR-GARCH-t,4929,0.2489133042461334,0.0
2019-07-05,2019-07-04,EGARCH-t,4929,0.2155103831433109,0.0
2019-07-05,2019-07-04,EWMA,4929,0.3175850837699268,
2019-07-08,2019-07-05,GARCH-t,4930,0.40323936265252586,0.0
2019-07-08,2019-07-05,GJR-GARCH-t,4930,0.31983850807903313,0.0
2019-07-08,2019-07-05,EGARCH-t,4930,0.2893510003150291,0.0
2019-07-08,2019-07-05,EWMA,4930,0.3251732711857707,
2019-07-09,2019-07-08,GARCH-t,4931,0.3719831959368348,0.0
2019-07-09,2019-07-08,GJR-GARCH-t,4931,0.3043999998001722,0.0
2019-07-09,2019-07-08,EGARCH-t,4931,0.27510065880442663,0.0
2019-07-09,2019-07-08,EWMA,4931,0.3058148433823125,
2019-07-10,2019-07-09,GARCH-t,4932,0.3481727457153097,0.0
2019-07-10,2019-07-09,GJR-GARCH-t,4932,0.29550425993307566,0.0
2019-07-10,2019-07-09,EGARCH-t,4932,0.2773717526173873,0.0
2019-07-10,2019-07-09,EWMA,4932,0.28919370498258734,
2019-07-11,2019-07-10,GARCH-t,4933,0.3238309358127073,0.0
2019-07-11,2019-07-10,GJR-GARCH-t,4933,0.2831893626996126,0.0
2019-07-11,2019-07-10,EGARCH-t,4933,0.26736922073125174,0.0
2019-07-11,2019-07-10,EWMA,4933,0.2721976918151436,
2019-07-12,2019-07-11,GARCH-t,4934,0.31161498521498004,0.0
2019-07-12,2019-07-11,GJR-GARCH-t,4934,0.28520815221729245,0.0
2019-07-12,2019-07-11,EGARCH-t,4934,0.284584036093775,0.0
2019-07-12,2019-07-11,EWMA,4934,0.2605002574479976,
2019-07-15,2019-07-12,GARCH-t,4935,0.29077719694190174,0.0
2019-07-15,2019-07-12,GJR-GARCH-t,4935,0.27320844861484295,0.0
2019-07-15,2019-07-12,EGARCH-t,4935,0.27056442913427786,0.0
2019-07-15,2019-07-12,EWMA,4935,0.24502392890783845,
2019-07-16,2019-07-15,GARCH-t,4936,0.2811150566111734,0.0
2019-07-16,2019-07-15,GJR-GARCH-t,4936,0.26191761092796406,0.0
2019-07-16,2019-07-15,EGARCH-t,4936,0.24855903670562016,0.0
2019-07-16,2019-07-15,EWMA,4936,0.237332558914439,
2019-07-17,2019-07-16,GARCH-t,4937,0.29663711010415134,0.0
2019-07-17,2019-07-16,GJR-GARCH-t,4937,0.252118770992171,0.0
2019-07-17,2019-07-16,EGARCH-t,4937,0.2273132858122194,0.0
2019-07-17,2019-07-16,EWMA,4937,0.24485822047192407,
2019-07-18,2019-07-17,GARCH-t,4938,0.31428128052293436,0.0
2019-07-18,2019-07-17,GJR-GARCH-t,4938,0.2978403492002096,0.0
2019-07-18,2019-07-17,EGARCH-t,4938,0.2839271242345896,0.0
2019-07-18,2019-07-17,EWMA,4938,0.24843954363722037,
2019-07-19,2019-07-18,GARCH-t,4939,0.3313698428128661,0.0
2019-07-19,2019-07-18,GJR-GARCH-t,4939,0.3411273438444706,0.0
2019-07-19,2019-07-18,EGARCH-t,4939,0.3443893659723557,0.0
2019-07-19,2019-07-18,EWMA,4939,0.2526363745297013,
2019-07-22,2019-07-19,GARCH-t,4940,0.31034576292496885,0.0
2019-07-22,2019-07-19,GJR-GARCH-t,4940,0.32273997870051635,0.0
2019-07-22,2019-07-19,EGARCH-t,4940,0.3163244896134357,0.0
2019-07-22,2019-07-19,EWMA,4940,0.24007344343030362,
2019-07-23,2019-07-22,GARCH-t,4941,0.288889031566894,0.0
2019-07-23,2019-07-22,GJR-GARCH-t,4941,0.3061972504451992,0.0
2019-07-23,2019-07-22,EGARCH-t,4941,0.2917011678245884,0.0
2019-07-23,2019-07-22,EWMA,4941,0.22607773772608994,
2019-07-24,2019-07-23,GARCH-t,4942,0.29830249932696723,0.0
2019-07-24,2019-07-23,GJR-GARCH-t,4942,0.2916962395854446,0.0
2019-07-24,2019-07-23,EGARCH-t,4942,0.2665114282261555,0.0
2019-07-24,2019-07-23,EWMA,4942,0.2311503237317274,
2019-07-25,2019-07-24,GARCH-t,4943,0.3425519701483604,0.0
2019-07-25,2019-07-24,GJR-GARCH-t,4943,0.3747951588383467,0.0
2019-07-25,2019-07-24,EGARCH-t,4943,0.35508106310240856,0.0
2019-07-25,2019-07-24,EWMA,4943,0.2497657534114853,
2019-07-26,2019-07-25,GARCH-t,4944,0.3217273988280146,0.0
2019-07-26,2019-07-25,GJR-GARCH-t,4944,0.35815716897907635,0.0
2019-07-26,2019-07-25,EGARCH-t,4944,0.3521091151613983,0.0
2019-07-26,2019-07-25,EWMA,4944,0.23642194726972435,
2019-07-29,2019-07-26,GARCH-t,4945,0.3601502499963777,0.0
2019-07-29,2019-07-26,GJR-GARCH-t,4945,0.3385911386144601,0.0
2019-07-29,2019-07-26,EGARCH-t,4945,0.3195563901709602,0.0
2019-07-29,2019-07-26,EWMA,4945,0.2604421955020478,
2019-07-30,2019-07-29,GARCH-t,4946,0.6657341118008497,0.0
2019-07-30,2019-07-29,GJR-GARCH-t,4946,0.322582179987796,0.0
2019-07-30,2019-07-29,EGARCH-t,4946,0.28451804587282403,0.0
2019-07-30,2019-07-29,EWMA,4946,0.4403015395387141,
2019-07-31,2019-07-30,GARCH-t,4947,0.636102245667896,0.0
2019-07-31,2019-07-30,GJR-GARCH-t,4947,0.3549839886155452,0.0
2019-07-31,2019-07-30,EGARCH-t,4947,0.3380151547608833,0.0
2019-07-31,2019-07-30,EWMA,4947,0.43005340194622066,
2019-08-01,2019-07-31,GARCH-t,4948,0.650167985484258,0.0
2019-08-01,2019-07-31,GJR-GARCH-t,4948,0.44604969027978414,0.0
2019-08-01,2019-07-31,EGARCH-t,4948,0.4411217150351477,0.0
2019-08-01,2019-07-31,EWMA,4948,0.44148192304090317,
2019-08-02,2019-08-01,GARCH-t,4949,0.5892817773714284,0.0
2019-08-02,2019-08-01,GJR-GARCH-t,4949,0.416901714138739,0.0
2019-08-02,2019-08-01,EGARCH-t,4949,0.41004752998263544,0.0
2019-08-02,2019-08-01,EWMA,4949,0.4150306438202535,
2019-08-05,2019-08-02,GARCH-t,4950,1.1611813200406738,0.0
2019-08-05,2019-08-02,GJR-GARCH-t,4950,1.3854322784943653,0.0
2019-08-05,2019-08-02,EGARCH-t,4950,0.9728045802937199,0.0
2019-08-05,2019-08-02,EWMA,4950,0.7277233178795348,
2019-08-06,2019-08-05,GARCH-t,4951,1.7495849290480914,0.0
2019-08-06,2019-08-05,GJR-GARCH-t,4951,2.3840925581685677,0.0
2019-08-06,2019-08-05,EGARCH-t,4951,1.706245560483376,0.0
2019-08-06,2019-08-05,EWMA,4951,1.0603826765944722,
2019-08-07,2019-08-06,GARCH-t,4952,1.6187194194005752,0.0
2019-08-07,2019-08-06,GJR-GARCH-t,4952,2.2403846107925776,0.0
2019-08-07,2019-08-06,EGARCH-t,4952,1.7620711480581341,0.0
2019-08-07,2019-08-06,EWMA,4952,1.0283164197211485,
2019-08-08,2019-08-07,GARCH-t,4953,1.4524186849072702,0.0
2019-08-08,2019-08-07,GJR-GARCH-t,4953,2.0172958128866076,0.0
2019-08-08,2019-08-07,EGARCH-t,4953,1.5695429194998374,0.0
2019-08-08,2019-08-07,EWMA,4953,0.9750897487631718,
2019-08-09,2019-08-08,GARCH-t,4954,1.442725966495098,0.0
2019-08-09,2019-08-08,GJR-GARCH-t,4954,1.8217400941714068,0.0
2019-08-09,2019-08-08,EGARCH-t,4954,1.3934043090255646,0.0
2019-08-09,2019-08-08,EWMA,4954,1.0035682422667178,
2019-08-12,2019-08-09,GARCH-t,4955,1.3115983280349177,0.0
2019-08-12,2019-08-09,GJR-GARCH-t,4955,1.6812799537784053,0.0
2019-08-12,2019-08-09,EGARCH-t,4955,1.3793746497544506,0.0
2019-08-12,2019-08-09,EWMA,4955,0.9549792222916624,
2019-08-13,2019-08-12,GARCH-t,4956,1.1902983173709705,0.0
2019-08-13,2019-08-12,GJR-GARCH-t,4956,1.546869159121155,0.0
2019-08-13,2019-08-12,EGARCH-t,4956,1.3477513702199166,0.0
2019-08-13,2019-08-12,EWMA,4956,0.9061482105340833,
2019-08-14,2019-08-13,GARCH-t,4957,1.0744444302803984,0.0
2019-08-14,2019-08-13,GJR-GARCH-t,4957,1.4012005850189628,0.0
2019-08-14,2019-08-13,EGARCH-t,4957,1.20865287806009,0.0
2019-08-14,2019-08-13,EWMA,4957,0.8584849406173233,
2019-08-15,2019-08-14,GARCH-t,4958,1.1959827875342723,0.0
2019-08-15,2019-08-14,GJR-GARCH-t,4958,1.6348708188656789,0.0
2019-08-15,2019-08-14,EGARCH-t,4958,1.5229205841059057,0.0
2019-08-15,2019-08-14,EWMA,4958,0.9297898564931733,
2019-08-16,2019-08-15,GARCH-t,4959,1.2197505460755735,0.0
2019-08-16,2019-08-15,GJR-GARCH-t,4959,1.7110915152554704,0.0
2019-08-16,2019-08-15,EGARCH-t,4959,1.7338915355594693,0.0
2019-08-16,2019-08-15,EWMA,4959,0.9517396845916256,
2019-08-19,2019-08-16,GARCH-t,4960,1.1392196398790322,0.0
2019-08-19,2019-08-16,GJR-GARCH-t,4960,1.5483619621003952,0.0
2019-08-19,2019-08-16,EGARCH-t,4960,1.5437619352345118,0.0
2019-08-19,2019-08-16,EWMA,4960,0.9246971724827181,
2019-08-20,2019-08-19,GARCH-t,4961,1.1222758462878202,0.0
2019-08-20,2019-08-19,GJR-GARCH-t,4961,1.403357661047334,0.0
2019-08-20,2019-08-19,EGARCH-t,4961,1.373419844084513,0.0
2019-08-20,2019-08-19,EWMA,4961,0.9308469620711122,
2019-08-21,2019-08-20,GARCH-t,4962,1.1011453456573421,0.0
2019-08-21,2019-08-20,GJR-GARCH-t,4962,1.4192998087763702,0.0
2019-08-21,2019-08-20,EGARCH-t,4962,1.5069961263392695,0.0
2019-08-21,2019-08-20,EWMA,4962,0.9240263626162909,
2019-08-22,2019-08-21,GARCH-t,4963,1.108210991574567,0.0
2019-08-22,2019-08-21,GJR-GARCH-t,4963,1.288042762165384,0.0
2019-08-22,2019-08-21,EGARCH-t,4963,1.3401714187233298,0.0
2019-08-22,2019-08-21,EWMA,4963,0.9415376639291891,
2019-08-23,2019-08-22,GARCH-t,4964,1.122559746037504,0.0
2019-08-23,2019-08-22,GJR-GARCH-t,4964,1.3693814063213314,0.0
2019-08-23,2019-08-22,EGARCH-t,4964,1.5255862883993963,0.0
2019-08-23,2019-08-22,EWMA,4964,0.9521774343686078,
2019-08-27,2019-08-23,GARCH-t,4965,1.0331154340058017,0.0
2019-08-27,2019-08-23,GJR-GARCH-t,4965,1.282649257698717,0.0
2019-08-27,2019-08-23,EGARCH-t,4965,1.5112460799287604,0.0
2019-08-27,2019-08-23,EWMA,4965,0.9081235271558059,
2019-08-28,2019-08-27,GARCH-t,4966,0.9280964630976393,0.0
2019-08-28,2019-08-27,GJR-GARCH-t,4966,1.1667718946124739,0.0
2019-08-28,2019-08-27,EGARCH-t,4966,1.3817876009684507,0.0
2019-08-28,2019-08-27,EWMA,4966,0.8539839310028481,
2019-08-29,2019-08-28,GARCH-t,4967,0.8445463282170377,0.0
2019-08-29,2019-08-28,GJR-GARCH-t,4967,1.0618285020027263,0.0
2019-08-29,2019-08-28,EGARCH-t,4967,1.23961269513441,0.0
2019-08-29,2019-08-28,EWMA,4967,0.8102390606100748,
2019-08-30,2019-08-29,GARCH-t,4968,0.8540443478752262,0.0
2019-08-30,2019-08-29,GJR-GARCH-t,4968,0.968223789199046,0.0
2019-08-30,2019-08-29,EGARCH-t,4968,1.1067833029625949,0.0
2019-08-30,2019-08-29,EWMA,4968,0.8184864868408018,
2019-09-02,2019-08-30,GARCH-t,4969,0.7768988283324505,0.0
2019-09-02,2019-08-30,GJR-GARCH-t,4969,0.884026406916054,0.0
2019-09-02,2019-08-30,EGARCH-t,4969,0.9968649617019933,0.0
2019-09-02,2019-08-30,EWMA,4969,0.7754542471899305,
2019-09-03,2019-09-02,GARCH-t,4970,0.8062444878197077,0.0
2019-09-03,2019-09-02,GJR-GARCH-t,4970,0.809232002795685,0.0
2019-09-03,2019-09-02,EGARCH-t,4970,0.8918383772396129,0.0
2019-09-03,2019-09-02,EWMA,4970,0.7927201220368764,
2019-09-04,2019-09-03,GARCH-t,4971,0.7320328932130941,0.0
2019-09-04,2019-09-03,GJR-GARCH-t,4971,0.7483227462211551,0.0
2019-09-04,2019-09-03,EGARCH-t,4971,0.8527256649895535,0.0
2019-09-04,2019-09-03,EWMA,4971,0.7472845740632315,
2019-09-05,2019-09-04,GARCH-t,4972,0.6935115377226506,0.0
2019-09-05,2019-09-04,GJR-GARCH-t,4972,0.6872118606070444,0.0
2019-09-05,2019-09-04,EGARCH-t,4972,0.7683811437201398,0.0
2019-09-05,2019-09-04,EWMA,4972,0.723421205791846,
2019-09-06,2019-09-05,GARCH-t,4973,0.664450972756763,0.0
2019-09-06,2019-09-05,GJR-GARCH-t,4973,0.6871882026739062,0.0
2019-09-06,2019-09-05,EGARCH-t,4973,0.8212054590696141,0.0
2019-09-06,2019-09-05,EWMA,4973,0.6981639741568948,
2019-09-09,2019-09-06,GARCH-t,4974,0.6024096161932164,0.0
2019-09-09,2019-09-06,GJR-GARCH-t,4974,0.6321228540981965,0.0
2019-09-09,2019-09-06,EGARCH-t,4974,0.744428211282035,0.0
2019-09-09,2019-09-06,EWMA,4974,0.6576701565419261,
2019-09-10,2019-09-09,GARCH-t,4975,0.5965337250667792,0.0
2019-09-10,2019-09-09,GJR-GARCH-t,4975,0.6572832614207347,0.0
2019-09-10,2019-09-09,EGARCH-t,4975,0.8196737373800851,0.0
2019-09-10,2019-09-09,EWMA,4975,0.6428306572247269,
2019-09-11,2019-09-10,GARCH-t,4976,0.5587384481754746,0.0
2019-09-11,2019-09-10,GJR-GARCH-t,4976,0.6056148561773784,0.0
2019-09-11,2019-09-10,EGARCH-t,4976,0.7402122842332415,0.0
2019-09-11,2019-09-10,EWMA,4976,0.6160903095903463,
2019-09-12,2019-09-11,GARCH-t,4977,0.599057425428075,0.0
2019-09-12,2019-09-11,GJR-GARCH-t,4977,0.5601031001710508,0.0
2019-09-12,2019-09-11,EGARCH-t,4977,0.6651842962071395,0.0
2019-09-12,2019-09-11,EWMA,4977,0.6342502434745865,
2019-09-13,2019-09-12,GARCH-t,4978,0.5437134241633831,0.0
2019-09-13,2019-09-12,GJR-GARCH-t,4978,0.5183783088207122,0.0
2019-09-13,2019-09-12,EGARCH-t,4978,0.6053886422200434,0.0
2019-09-13,2019-09-12,EWMA,4978,0.5966950036790147,
2019-09-16,2019-09-13,GARCH-t,4979,0.5023267645176965,0.0
2019-09-16,2019-09-13,GJR-GARCH-t,4979,0.48109653651437206,0.0
2019-09-16,2019-09-13,EGARCH-t,4979,0.5499111264698001,0.0
2019-09-16,2019-09-13,EWMA,4979,0.566657236652866,
2019-09-17,2019-09-16,GARCH-t,4980,0.5065182069083334,0.0
2019-09-17,2019-09-16,GJR-GARCH-t,4980,0.5195977026582594,0.0
2019-09-17,2019-09-16,EGARCH-t,4980,0.6253587877143684,0.0
2019-09-17,2019-09-16,EWMA,4980,0.5562973544405238,
2019-09-18,2019-09-17,GARCH-t,4981,0.46199380557429504,0.0
2019-09-18,2019-09-17,GJR-GARCH-t,4981,0.4823565456457303,0.0
2019-09-18,2019-09-17,EGARCH-t,4981,0.5740187435468816,0.0
2019-09-18,2019-09-17,EWMA,4981,0.5229307081281087,
2019-09-19,2019-09-18,GARCH-t,4982,0.4240224142719127,0.0
2019-09-19,2019-09-18,GJR-GARCH-t,4982,0.45050210764202914,0.0
2019-09-19,2019-09-18,EGARCH-t,4982,0.5405931883431249,0.0
2019-09-19,2019-09-18,EWMA,4982,0.4919996092206902,
2019-09-20,2019-09-19,GARCH-t,4983,0.42011569044455793,0.0
2019-09-20,2019-09-19,GJR-GARCH-t,4983,0.4207515552387763,0.0
2019-09-20,2019-09-19,EGARCH-t,4983,0.4899969673439857,0.0
2019-09-20,2019-09-19,EWMA,4983,0.48243228069465727,
2019-09-23,2019-09-20,GARCH-t,4984,0.38954081814017416,0.0
2019-09-23,2019-09-20,GJR-GARCH-t,4984,0.3986240709472442,0.0
2019-09-23,2019-09-20,EGARCH-t,4984,0.47578853541506316,0.0
2019-09-23,2019-09-20,EWMA,4984,0.45495491716298275,
2019-09-24,2019-09-23,GARCH-t,4985,0.36793049689958723,0.0
2019-09-24,2019-09-23,GJR-GARCH-t,4985,0.3865148547429479,0.0
2019-09-24,2019-09-23,EGARCH-t,4985,0.4800230104781882,0.0
2019-09-24,2019-09-23,EWMA,4985,0.43159855428225014,
2019-09-25,2019-09-24,GARCH-t,4986,0.3683592105634899,0.0
2019-09-25,2019-09-24,GJR-GARCH-t,4986,0.40490993837300115,0.0
2019-09-25,2019-09-24,EGARCH-t,4986,0.5249728780197458,0.0
2019-09-25,2019-09-24,EWMA,4986,0.41922743028643245,
2019-09-26,2019-09-25,GARCH-t,4987,0.3399554319825818,0.0
2019-09-26,2019-09-25,GJR-GARCH-t,4987,0.3798012147489782,0.0
2019-09-26,2019-09-25,EGARCH-t,4987,0.4837680822539031,0.0
2019-09-26,2019-09-25,EWMA,4987,0.3940959056489559,
2019-09-27,2019-09-26,GARCH-t,4988,0.383786265976926,0.0
2019-09-27,2019-09-26,GJR-GARCH-t,4988,0.3578802740008778,0.0
2019-09-27,2019-09-26,EGARCH-t,4988,0.4381490910406093,0.0
2019-09-27,2019-09-26,EWMA,4988,0.4122478790914779,
2019-09-30,2019-09-27,GARCH-t,4989,0.45701404945006846,0.0
2019-09-30,2019-09-27,GJR-GARCH-t,4989,0.33869031821298534,0.0
2019-09-30,2019-09-27,EGARCH-t,4989,0.3965111875116844,0.0
2019-09-30,2019-09-27,EWMA,4989,0.4495012777178999,
2019-10-01,2019-09-30,GARCH-t,4990,0.42679233860866245,0.0
2019-10-01,2019-09-30,GJR-GARCH-t,4990,0.3318538497657116,0.0
2019-10-01,2019-09-30,EGARCH-t,4990,0.4029905012487001,0.0
2019-10-01,2019-09-30,EWMA,4990,0.4260647953469106,
2019-10-02,2019-10-01,GARCH-t,4991,0.44304681653498823,0.0
2019-10-02,2019-10-01,GJR-GARCH-t,4991,0.3913581096693686,0.0
2019-10-02,2019-10-01,EGARCH-t,4991,0.48231987176365776,0.0
2019-10-02,2019-10-01,EWMA,4991,0.4257484798358128,
2019-10-03,2019-10-02,GARCH-t,4992,1.6082097155393704,0.0
2019-10-03,2019-10-02,GJR-GARCH-t,4992,2.2838296496987263,0.0
2019-10-03,2019-10-02,EGARCH-t,4992,1.482864589360716,0.0
2019-10-03,2019-10-02,EWMA,4992,1.0473569750334382,
2019-10-04,2019-10-03,GARCH-t,4993,1.4792132301948189,0.0
2019-10-04,2019-10-03,GJR-GARCH-t,4993,2.1280048301714785,0.0
2019-10-04,2019-10-03,EGARCH-t,4993,1.5222489019252574,0.0
2019-10-04,2019-10-03,EWMA,4993,1.0085106318626054,
2019-10-07,2019-10-04,GARCH-t,4994,1.4392524528457404,0.0
2019-10-07,2019-10-04,GJR-GARCH-t,4994,1.919390525115459,0.0
2019-10-07,2019-10-04,EGARCH-t,4994,1.3534705702944134,0.0
2019-10-07,2019-10-04,EWMA,4994,1.0197107014638476,
2019-10-08,2019-10-07,GARCH-t,4995,1.3157229831969985,0.0
2019-10-08,2019-10-07,GJR-GARCH-t,4995,1.73230184906887,0.0
2019-10-08,2019-10-07,EGARCH-t,4995,1.2105757071657404,0.0
2019-10-08,2019-10-07,EWMA,4995,0.9795701132267212,
2019-10-09,2019-10-08,GARCH-t,4996,1.244631945893027,0.0
2019-10-09,2019-10-08,GJR-GARCH-t,4996,1.671038144059732,0.0
2019-10-09,2019-10-08,EGARCH-t,4996,1.3048685945458416,0.0
2019-10-09,2019-10-08,EWMA,4996,0.9557115876914596,
2019-10-10,2019-10-09,GARCH-t,4997,1.1210414199984522,0.0
2019-10-10,2019-10-09,GJR-GARCH-t,4997,1.511546916894557,0.0
2019-10-10,2019-10-09,EGARCH-t,4997,1.171518043972118,0.0
2019-10-10,2019-10-09,EWMA,4997,0.9047317983305107,
2019-10-11,2019-10-10,GARCH-t,4998,1.0098384284994997,0.0
2019-10-11,2019-10-10,GJR-GARCH-t,4998,1.3695600296289436,0.0
2019-10-11,2019-10-10,EGARCH-t,4998,1.054560697355883,0.0
2019-10-11,2019-10-10,EWMA,4998,0.8550614313454156,
2019-10-14,2019-10-11,GARCH-t,4999,0.9750889028265547,0.0
2019-10-14,2019-10-11,GJR-GARCH-t,4999,1.2431989129133345,0.0
2019-10-14,2019-10-11,EGARCH-t,4999,0.9447992945951396,0.0
2019-10-14,2019-10-11,EWMA,4999,0.8462053538894236,
2019-10-15,2019-10-14,GARCH-t,5000,0.9028507824608293,0.0
2019-10-15,2019-10-14,GJR-GARCH-t,5000,1.1695219934369148,0.0
2019-10-15,2019-10-14,EGARCH-t,5000,0.9688279746425633,0.0
2019-10-15,2019-10-14,EWMA,5000,0.8083905336871829,
2019-10-16,2019-10-15,GARCH-t,5001,0.8122177258207675,0.0
2019-10-16,2019-10-15,GJR-GARCH-t,5001,1.064540936240459,0.0
2019-10-16,2019-10-15,EGARCH-t,5001,0.8858919786005345,0.0
2019-10-16,2019-10-15,EWMA,5001,0.759928734515092,
2019-10-17,2019-10-16,GARCH-t,5002,0.7768011710030774,0.0
2019-10-17,2019-10-16,GJR-GARCH-t,5002,1.0367158314396705,0.0
2019-10-17,2019-10-16,EGARCH-t,5002,0.9484888263737118,0.0
2019-10-17,2019-10-16,EWMA,5002,0.7363975673711012,
2019-10-18,2019-10-17,GARCH-t,5003,0.7032290635348619,0.0
2019-10-18,2019-10-17,GJR-GARCH-t,5003,0.945537649401448,0.0
2019-10-18,2019-10-17,EGARCH-t,5003,0.8579077630686649,0.0
2019-10-18,2019-10-17,EWMA,5003,0.6945968546223618,
2019-10-21,2019-10-18,GARCH-t,5004,0.6606329112379038,0.0
2019-10-21,2019-10-18,GJR-GARCH-t,5004,0.899629471228318,0.0
2019-10-21,2019-10-18,EGARCH-t,5004,0.8809685499745427,0.0
2019-10-21,2019-10-18,EWMA,5004,0.6646606898286259,
2019-10-22,2019-10-21,GARCH-t,5005,0.6000119512590077,0.0
2019-10-22,2019-10-21,GJR-GARCH-t,5005,0.8227759157780691,0.0
2019-10-22,2019-10-21,EGARCH-t,5005,0.7978718954510531,0.0
2019-10-22,2019-10-21,EWMA,5005,0.6267605872061883,
2019-10-23,2019-10-22,GARCH-t,5006,0.5886863818629962,0.0
2019-10-23,2019-10-22,GJR-GARCH-t,5006,0.7541424086185547,0.0
2019-10-23,2019-10-22,EGARCH-t,5006,0.7190198407518751,0.0
2019-10-23,2019-10-22,EWMA,5006,0.6169231948459041,
2019-10-24,2019-10-23,GARCH-t,5007,0.5767111135965372,0.0
2019-10-24,2019-10-23,GJR-GARCH-t,5007,0.6926969799037339,0.0
2019-10-24,2019-10-23,EGARCH-t,5007,0.6489646609594127,0.0
2019-10-24,2019-10-23,EWMA,5007,0.6065262621933573,
2019-10-25,2019-10-24,GARCH-t,5008,0.6087321693629254,0.0
2019-10-25,2019-10-24,GJR-GARCH-t,5008,0.6380862302199743,0.0
2019-10-25,2019-10-24,EGARCH-t,5008,0.5843729709042905,0.0
2019-10-25,2019-10-24,EWMA,5008,0.6216640504611153,
2019-10-28,2019-10-25,GARCH-t,5009,0.553070972818524,0.0
2019-10-28,2019-10-25,GJR-GARCH-t,5009,0.5890947914912269,0.0
2019-10-28,2019-10-25,EGARCH-t,5009,0.5448936086644729,0.0
2019-10-28,2019-10-25,EWMA,5009,0.5845256033629593,
2019-10-29,2019-10-28,GARCH-t,5010,0.5032161085483858,0.0
2019-10-29,2019-10-28,GJR-GARCH-t,5010,0.5444499101711664,0.0
2019-10-29,2019-10-28,EGARCH-t,5010,0.4978535387142712,0.0
2019-10-29,2019-10-28,EWMA,5010,0.5499707037178262,
2019-10-30,2019-10-29,GARCH-t,5011,0.47477374432844793,0.0
2019-10-30,2019-10-29,GJR-GARCH-t,5011,0.5263313727196982,0.0
2019-10-30,2019-10-29,EGARCH-t,5011,0.5170714673170924,0.0
2019-10-30,2019-10-29,EWMA,5011,0.5239733373528515,
2019-10-31,2019-10-30,GARCH-t,5012,0.44309470634989373,0.0
2019-10-31,2019-10-30,GJR-GARCH-t,5012,0.48837855342936554,0.0
2019-10-31,2019-10-30,EGARCH-t,5012,0.4708626120966347,0.0
2019-10-31,2019-10-30,EWMA,5012,0.49925903713279035,
2019-11-01,2019-10-31,GARCH-t,5013,0.5548212615764434,0.0
2019-11-01,2019-10-31,GJR-GARCH-t,5013,0.6833086515239684,0.0
2019-11-01,2019-10-31,EGARCH-t,5013,0.657950019170501,0.0
2019-11-01,2019-10-31,EWMA,5013,0.5459701497781592,
2019-11-04,2019-11-01,GARCH-t,5014,0.5577985696294432,0.0
2019-11-04,2019-11-01,GJR-GARCH-t,5014,0.6293520018459804,0.0
2019-11-04,2019-11-01,EGARCH-t,5014,0.5938769844578408,0.0
2019-11-04,2019-11-01,EWMA,5014,0.5462663209643841,
2019-11-05,2019-11-04,GARCH-t,5015,0.5901660358108727,0.0
2019-11-05,2019-11-04,GJR-GARCH-t,5015,0.5811825239952939,0.0
2019-11-05,2019-11-04,EGARCH-t,5015,0.5353013568953894,0.0
2019-11-05,2019-11-04,EWMA,5015,0.5639874699500366,
2019-11-06,2019-11-05,GARCH-t,5016,0.5405551805751292,0.0
2019-11-06,2019-11-05,GJR-GARCH-t,5016,0.5378453298445212,0.0
2019-11-06,2019-11-05,EGARCH-t,5016,0.4881569530489397,0.0
2019-11-06,2019-11-05,EWMA,5016,0.5338790002911229,
2019-11-07,2019-11-06,GARCH-t,5017,0.492725794546934,0.0
2019-11-07,2019-11-06,GJR-GARCH-t,5017,0.49899384618344894,0.0
2019-11-07,2019-11-06,EGARCH-t,5017,0.4467184263054158,0.0
2019-11-07,2019-11-06,EWMA,5017,0.5026583185182973,
2019-11-08,2019-11-07,GARCH-t,5018,0.4507363375385568,0.0
2019-11-08,2019-11-07,GJR-GARCH-t,5018,0.46416021950367664,0.0
2019-11-08,2019-11-07,EGARCH-t,5018,0.40916233271976377,0.0
2019-11-08,2019-11-07,EWMA,5018,0.4735292606875116,
2019-11-11,2019-11-08,GARCH-t,5019,0.4625089836955823,0.0
2019-11-11,2019-11-08,GJR-GARCH-t,5019,0.5066103209307847,0.0
2019-11-11,2019-11-08,EGARCH-t,5019,0.4857279445835055,0.0
2019-11-11,2019-11-08,EWMA,5019,0.46943371805531825,
2019-11-12,2019-11-11,GARCH-t,5020,0.44624494545180904,0.0
2019-11-12,2019-11-11,GJR-GARCH-t,5020,0.5037038922115828,0.0
2019-11-12,2019-11-11,EGARCH-t,5020,0.5203744150131296,0.0
2019-11-12,2019-11-11,EWMA,5020,0.451889720199949,
2019-11-13,2019-11-12,GARCH-t,5021,0.4318803201524652,0.0
2019-11-13,2019-11-12,GJR-GARCH-t,5021,0.4685696689887667,0.0
2019-11-13,2019-11-12,EGARCH-t,5021,0.4727043651649789,0.0
2019-11-13,2019-11-12,EWMA,5021,0.4399115782131977,
2019-11-14,2019-11-13,GARCH-t,5022,0.40207657398225793,0.0
2019-11-14,2019-11-13,GJR-GARCH-t,5022,0.44429674803760516,0.0
2019-11-14,2019-11-13,EGARCH-t,5022,0.46682552762578344,0.0
2019-11-14,2019-11-13,EWMA,5022,0.4157512546028898,
2019-11-15,2019-11-14,GARCH-t,5023,0.4459095205704841,0.0
2019-11-15,2019-11-14,GJR-GARCH-t,5023,0.5298801325718989,0.0
2019-11-15,2019-11-14,EGARCH-t,5023,0.5774102584108938,0.0
2019-11-15,2019-11-14,EWMA,5023,0.4289766847066525,
2019-11-18,2019-11-15,GARCH-t,5024,0.40963515634890735,0.0
2019-11-18,2019-11-15,GJR-GARCH-t,5024,0.49193274290838307,0.0
2019-11-18,2019-11-15,EGARCH-t,5024,0.5266472447602211,0.0
2019-11-18,2019-11-15,EWMA,5024,0.40438732879388284,
2019-11-19,2019-11-18,GARCH-t,5025,0.3766046731362641,0.0
2019-11-19,2019-11-18,GJR-GARCH-t,5025,0.45796982725590246,0.0
2019-11-19,2019-11-18,EGARCH-t,5025,0.48151909880371957,0.0
2019-11-19,2019-11-18,EWMA,5025,0.3803831552052368,
2019-11-20,2019-11-19,GARCH-t,5026,0.35082123067608256,0.0
2019-11-20,2019-11-19,GJR-GARCH-t,5026,0.4275786389156165,0.0
2019-11-20,2019-11-19,EGARCH-t,5026,0.4396725869592391,0.0
2019-11-20,2019-11-19,EWMA,5026,0.3604659581802367,
2019-11-21,2019-11-20,GARCH-t,5027,0.40874176580373295,0.0
2019-11-21,2019-11-20,GJR-GARCH-t,5027,0.5273540026570177,0.0
2019-11-21,2019-11-20,EGARCH-t,5027,0.558606866227144,0.0
2019-11-21,2019-11-20,EWMA,5027,0.3812261314456926,
2019-11-22,2019-11-21,GARCH-t,5028,0.39052436564746806,0.0
2019-11-22,2019-11-21,GJR-GARCH-t,5028,0.509872120424719,0.0
2019-11-22,2019-11-21,EGARCH-t,5028,0.5725182019685217,0.0
2019-11-22,2019-11-21,EWMA,5028,0.36487188478025706,
2019-11-25,2019-11-22,GARCH-t,5029,0.5078854518365963,0.0
2019-11-25,2019-11-22,GJR-GARCH-t,5029,0.47440592164686374,0.0
2019-11-25,2019-11-22,EGARCH-t,5029,0.5144814658799335,0.0
2019-11-25,2019-11-22,EWMA,5029,0.43098537624196137,
2019-11-26,2019-11-25,GARCH-t,5030,0.5514521212525273,0.0
2019-11-26,2019-11-25,GJR-GARCH-t,5030,0.44257138971624904,0.0
2019-11-26,2019-11-25,EGARCH-t,5030,0.46428139297602417,0.0
2019-11-26,2019-11-25,EWMA,5030,0.4586059339010835,
2019-11-27,2019-11-26,GARCH-t,5031,0.5018473772275237,0.0
2019-11-27,2019-11-26,GJR-GARCH-t,5031,0.4138342884077508,0.0
2019-11-27,2019-11-26,EGARCH-t,5031,0.42534412623775925,0.0
2019-11-27,2019-11-26,EWMA,5031,0.4315963098756514,
2019-11-28,2019-11-27,GARCH-t,5032,0.46891709533416,0.0
2019-11-28,2019-11-27,GJR-GARCH-t,5032,0.3881516249624182,0.0
2019-11-28,2019-11-27,EGARCH-t,5032,0.3883274611802785,0.0
2019-11-28,2019-11-27,EWMA,5032,0.413476831875832,
2019-11-29,2019-11-28,GARCH-t,5033,0.43422839322049395,0.0
2019-11-29,2019-11-28,GJR-GARCH-t,5033,0.37153032655854534,0.0
2019-11-29,2019-11-28,EGARCH-t,5033,0.3857742451115814,0.0
2019-11-29,2019-11-28,EWMA,5033,0.39062339026531934,
2019-12-02,2019-11-29,GARCH-t,5034,0.5034942434883677,0.0
2019-12-02,2019-11-29,GJR-GARCH-t,5034,0.5111249715192393,0.0
2019-12-02,2019-11-29,EGARCH-t,5034,0.5243608192493789,0.0
2019-12-02,2019-11-29,EWMA,5034,0.42099159202378933,
2019-12-03,2019-12-02,GARCH-t,5035,0.5407473686748889,0.0
2019-12-03,2019-12-02,GJR-GARCH-t,5035,0.5984033039341534,0.0
2019-12-03,2019-12-02,EGARCH-t,5035,0.6432109522292959,0.0
2019-12-03,2019-12-02,EWMA,5035,0.43689743890330934,
2019-12-04,2019-12-03,GARCH-t,5036,0.8429741738026352,0.0
2019-12-04,2019-12-03,GJR-GARCH-t,5036,1.1052413238171965,0.0
2019-12-04,2019-12-03,EGARCH-t,5036,1.0272935982317888,0.0
2019-12-04,2019-12-03,EWMA,5036,0.5965104113342145,
2019-12-05,2019-12-04,GARCH-t,5037,0.7730658374704868,0.0
2019-12-05,2019-12-04,GJR-GARCH-t,5037,1.0048115818797425,0.0
2019-12-05,2019-12-04,EGARCH-t,5037,0.9247563625337215,0.0
2019-12-05,2019-12-04,EWMA,5037,0.5710044657658694,
2019-12-06,2019-12-05,GARCH-t,5038,0.7569953598025699,0.0
2019-12-06,2019-12-05,GJR-GARCH-t,5038,1.0060489363786165,0.0
2019-12-06,2019-12-05,EGARCH-t,5038,1.0118518398484377,0.0
2019-12-06,2019-12-05,EWMA,5038,0.5666836206679845,
2019-12-09,2019-12-06,GARCH-t,5039,0.8883343003200752,0.0
2019-12-09,2019-12-06,GJR-GARCH-t,5039,0.9185323587377069,0.0
2019-12-09,2019-12-06,EGARCH-t,5039,0.9017338646955758,0.0
2019-12-09,2019-12-06,EWMA,5039,0.6530062576766907,
2019-12-10,2019-12-09,GARCH-t,5040,0.7994829073815691,0.0
2019-12-10,2019-12-09,GJR-GARCH-t,5040,0.8401534164503344,0.0
2019-12-10,2019-12-09,EGARCH-t,5040,0.8371224771055794,0.0
2019-12-10,2019-12-09,EWMA,5040,0.6142113233056139,
2019-12-11,2019-12-10,GARCH-t,5041,0.7310269666748197,0.0
2019-12-11,2019-12-10,GJR-GARCH-t,5041,0.7835842690323671,0.0
2019-12-11,2019-12-10,EGARCH-t,5041,0.8228875685796786,0.0
2019-12-11,2019-12-10,EWMA,5041,0.5820039113669362,
2019-12-12,2019-12-11,GARCH-t,5042,0.65998951015419,0.0
2019-12-12,2019-12-11,GJR-GARCH-t,5042,0.7185768317815499,0.0
2019-12-12,2019-12-11,EGARCH-t,5042,0.7474437403628529,0.0
2019-12-12,2019-12-11,EWMA,5042,0.5471557131859061,
2019-12-13,2019-12-12,GARCH-t,5043,0.657962648263398,0.0
2019-12-13,2019-12-12,GJR-GARCH-t,5043,0.6607119532043525,0.0
2019-12-13,2019-12-12,EGARCH-t,5043,0.6730989606373643,0.0
2019-12-13,2019-12-12,EWMA,5043,0.5517276108882863,
2019-12-16,2019-12-13,GARCH-t,5044,0.714933741237164,0.0
2019-12-16,2019-12-13,GJR-GARCH-t,5044,0.609092408667172,0.0
2019-12-16,2019-12-13,EGARCH-t,5044,0.6043012736878538,0.0
2019-12-16,2019-12-13,EWMA,5044,0.5902395813866231,
2019-12-17,2019-12-16,GARCH-t,5045,1.16399499147164,0.0
2019-12-17,2019-12-16,GJR-GARCH-t,5045,0.5637127904639834,0.0
2019-12-17,2019-12-16,EGARCH-t,5045,0.5343062290079347,0.0
2019-12-17,2019-12-16,EWMA,5045,0.8527627745982753,
2019-12-18,2019-12-17,GARCH-t,5046,1.0405371662464327,0.0
2019-12-18,2019-12-17,GJR-GARCH-t,5046,0.5221769941336999,0.0
2019-12-18,2019-12-17,EGARCH-t,5046,0.4882656892598535,0.0
2019-12-18,2019-12-17,EWMA,5046,0.8020045796969992,
2019-12-19,2019-12-18,GARCH-t,5047,0.9352768904414607,0.0
2019-12-19,2019-12-18,GJR-GARCH-t,5047,0.4850004577651453,0.0
2019-12-19,2019-12-18,EGARCH-t,5047,0.4460013290363618,0.0
2019-12-19,2019-12-18,EWMA,5047,0.7564245362891395,
2019-12-20,2019-12-19,GARCH-t,5048,0.8568733996776776,0.0
2019-12-20,2019-12-19,GJR-GARCH-t,5048,0.4517759159098612,0.0
2019-12-20,2019-12-19,EGARCH-t,5048,0.40629484024289364,0.0
2019-12-20,2019-12-19,EWMA,5048,0.7224796221199318,
2019-12-23,2019-12-20,GARCH-t,5049,0.7716809361763345,0.0
2019-12-23,2019-12-20,GJR-GARCH-t,5049,0.4219350496814017,0.0
2019-12-23,2019-12-20,EGARCH-t,5049,0.3727827596978381,0.0
2019-12-23,2019-12-20,EWMA,5049,0.6799216744850868,
2019-12-24,2019-12-23,GARCH-t,5050,0.7228562827752735,0.0
2019-12-24,2019-12-23,GJR-GARCH-t,5050,0.395398382004244,0.0
2019-12-24,2019-12-23,EGARCH-t,5050,0.339668540385522,0.0
2019-12-24,2019-12-23,EWMA,5050,0.6566596623349783,
2019-12-27,2019-12-24,GARCH-t,5051,0.6535812777162672,0.0
2019-12-27,2019-12-24,GJR-GARCH-t,5051,0.37142753443158655,0.0
2019-12-27,2019-12-24,EGARCH-t,5051,0.3124544398143109,0.0
2019-12-27,2019-12-24,EWMA,5051,0.6180227726955024,
2019-12-30,2019-12-27,GARCH-t,5052,0.5935697559832597,0.0
2019-12-30,2019-12-27,GJR-GARCH-t,5052,0.3499465962770484,0.0
2019-12-30,2019-12-27,EGARCH-t,5052,0.2874086746088419,0.0
2019-12-30,2019-12-27,EWMA,5052,0.5825999121470675,
2019-12-31,2019-12-30,GARCH-t,5053,0.6079458418581246,0.0
2019-12-31,2019-12-30,GJR-GARCH-t,5053,0.435685842879051,0.0
2019-12-31,2019-12-30,EGARCH-t,5053,0.38282447021634114,0.0
2019-12-31,2019-12-30,EWMA,5053,0.5822023702011686,
2020-01-02,2019-12-31,GARCH-t,5054,0.5946430170906686,0.0
2020-01-02,2019-12-31,GJR-GARCH-t,5054,0.47139775623721863,0.0
2020-01-02,2019-12-31,EGARCH-t,5054,0.4506673349878214,0.0
2020-01-02,2019-12-31,EWMA,5054,0.5682202005821141,
2020-01-03,2020-01-02,GARCH-t,5055,0.604730286743968,0.0
2020-01-03,2020-01-02,GJR-GARCH-t,5055,0.43971038643050325,0.0
2020-01-03,2020-01-02,EGARCH-t,5055,0.40764527972960796,0.0
2020-01-03,2020-01-02,EWMA,5055,0.574209965983466,
2020-01-06,2020-01-03,GARCH-t,5056,0.5529985090422531,0.0
2020-01-06,2020-01-03,GJR-GARCH-t,5056,0.41119801988487953,0.0
2020-01-06,2020-01-03,EGARCH-t,5056,0.37318489664083027,0.0
2020-01-06,2020-01-03,EWMA,5056,0.543148634534745,
2020-01-07,2020-01-06,GARCH-t,5057,0.5502316609367559,0.0
2020-01-07,2020-01-06,GJR-GARCH-t,5057,0.4558096493979433,0.0
2020-01-07,2020-01-06,EGARCH-t,5057,0.44624210147215215,0.0
2020-01-07,2020-01-06,EWMA,5057,0.5336113613062305,
2020-01-08,2020-01-07,GARCH-t,5058,0.5011291405125773,0.0
2020-01-08,2020-01-07,GJR-GARCH-t,5058,0.42571665027560085,0.0
2020-01-08,2020-01-07,EGARCH-t,5058,0.4140927479804929,0.0
2020-01-08,2020-01-07,EWMA,5058,0.5016151736567371,
2020-01-09,2020-01-08,GARCH-t,5059,0.45742199468391403,0.0
2020-01-09,2020-01-08,GJR-GARCH-t,5059,0.39866080046064406,0.0
2020-01-09,2020-01-08,EGARCH-t,5059,0.38083504916068794,0.0
2020-01-09,2020-01-08,EWMA,5059,0.4715287213854973,
2020-01-10,2020-01-09,GARCH-t,5060,0.4262590639888237,0.0
2020-01-10,2020-01-09,GJR-GARCH-t,5060,0.37448283406548666,0.0
2020-01-10,2020-01-09,EGARCH-t,5060,0.3485386391924595,0.0
2020-01-10,2020-01-09,EWMA,5060,0.44884815335364914,
2020-01-13,2020-01-10,GARCH-t,5061,0.39445156884534893,0.0
2020-01-13,2020-01-10,GJR-GARCH-t,5061,0.35653501343126515,0.0
2020-01-13,2020-01-10,EGARCH-t,5061,0.34177420423810567,0.0
2020-01-13,2020-01-10,EWMA,5061,0.4230000474715584,
2020-01-14,2020-01-13,GARCH-t,5062,0.3762634636658206,0.0
2020-01-14,2020-01-13,GJR-GARCH-t,5062,0.3368066119133153,0.0
2020-01-14,2020-01-13,EGARCH-t,5062,0.3126381885979354,0.0
2020-01-14,2020-01-13,EWMA,5062,0.40677654559513005,
2020-01-15,2020-01-14,GARCH-t,5063,0.34690138071975574,0.0
2020-01-15,2020-01-14,GJR-GARCH-t,5063,0.3190306649762872,0.0
2020-01-15,2020-01-14,EGARCH-t,5063,0.28839870286758434,0.0
2020-01-15,2020-01-14,EWMA,5063,0.3826080139766812,
2020-01-16,2020-01-15,GARCH-t,5064,0.3264578908468748,0.0
2020-01-16,2020-01-15,GJR-GARCH-t,5064,0.3031385251530263,0.0
2020-01-16,2020-01-15,EGARCH-t,5064,0.2650255230474511,0.0
2020-01-16,2020-01-15,EWMA,5064,0.36393763960737247,
2020-01-17,2020-01-16,GARCH-t,5065,0.3276235499694697,0.0
2020-01-17,2020-01-16,GJR-GARCH-t,5065,0.32381506891830214,0.0
2020-01-17,2020-01-16,EGARCH-t,5065,0.3052393675035045,0.0
2020-01-17,2020-01-16,EWMA,5065,0.35333585506219245,
2020-01-20,2020-01-17,GARCH-t,5066,0.3751712584794607,0.0
2020-01-20,2020-01-17,GJR-GARCH-t,5066,0.3079097206345753,0.0
2020-01-20,2020-01-17,EGARCH-t,5066,0.2769273102122325,0.0
2020-01-20,2020-01-17,EWMA,5066,0.37527505409274,
2020-01-21,2020-01-20,GARCH-t,5067,0.35898516381168544,0.0
2020-01-21,2020-01-20,GJR-GARCH-t,5067,0.31065414296381644,0.0
2020-01-21,2020-01-20,EGARCH-t,5067,0.29787572106749693,0.0
2020-01-21,2020-01-20,EWMA,5067,0.358258232418855,
2020-01-22,2020-01-21,GARCH-t,5068,0.36775152096358577,0.0
2020-01-22,2020-01-21,GJR-GARCH-t,5068,0.3480940897454414,0.0
2020-01-22,2020-01-21,EGARCH-t,5068,0.3543634726297281,0.0
2020-01-22,2020-01-21,EWMA,5068,0.3538301347274326,
2020-01-23,2020-01-22,GARCH-t,5069,0.3726780858628583,0.0
2020-01-23,2020-01-22,GJR-GARCH-t,5069,0.37728096617593493,0.0
2020-01-23,2020-01-22,EGARCH-t,5069,0.40764379102137455,0.0
2020-01-23,2020-01-22,EWMA,5069,0.3482747234194725,
2020-01-24,2020-01-23,GARCH-t,5070,0.430296163363367,0.0
2020-01-24,2020-01-23,GJR-GARCH-t,5070,0.48656882956712494,0.0
2020-01-24,2020-01-23,EGARCH-t,5070,0.5276908961497656,0.0
2020-01-24,2020-01-23,EWMA,5070,0.37087960987394647,
2020-01-27,2020-01-24,GARCH-t,5071,0.5026387825234171,0.0
2020-01-27,2020-01-24,GJR-GARCH-t,5071,0.4535557784435051,0.0
2020-01-27,2020-01-24,EGARCH-t,5071,0.47476952738432227,0.0
2020-01-27,2020-01-24,EWMA,5071,0.413214404293323,
2020-01-28,2020-01-27,GARCH-t,5072,1.066596996414901,0.0
2020-01-28,2020-01-27,GJR-GARCH-t,5072,1.3911908632297851,0.0
2020-01-28,2020-01-27,EGARCH-t,5072,1.0320241524469955,0.0
2020-01-28,2020-01-27,EWMA,5072,0.7111047353694113,
2020-01-29,2020-01-28,GARCH-t,5073,1.0390470090891881,0.0
2020-01-29,2020-01-28,GJR-GARCH-t,5073,1.2593730474112301,0.0
2020-01-29,2020-01-28,EGARCH-t,5073,0.9230414449405029,0.0
2020-01-29,2020-01-28,EWMA,5073,0.7193614676716128,
2020-01-30,2020-01-29,GARCH-t,5074,0.9292161887326655,0.0
2020-01-30,2020-01-29,GJR-GARCH-t,5074,1.1407152085448722,0.0
2020-01-30,2020-01-29,EGARCH-t,5074,0.8353008868107701,0.0
2020-01-30,2020-01-29,EWMA,5074,0.6762899087392727,
2020-01-31,2020-01-30,GARCH-t,5075,1.0507085507553384,0.0
2020-01-31,2020-01-30,GJR-GARCH-t,5075,1.3751642958986559,0.0
2020-01-31,2020-01-30,EGARCH-t,5075,1.1149083598427358,0.0
2020-01-31,2020-01-30,EWMA,5075,0.7478234882860755,
2020-02-03,2020-01-31,GARCH-t,5076,1.1402820797076871,0.0
2020-02-03,2020-01-31,GJR-GARCH-t,5076,1.5564886135425198,0.0
2020-02-03,2020-01-31,EGARCH-t,5076,1.386381378701209,0.0
2020-02-03,2020-01-31,EWMA,5076,0.8057614627789078,
2020-02-04,2020-02-03,GARCH-t,5077,1.0471375748886178,0.0
2020-02-04,2020-02-03,GJR-GARCH-t,5077,1.406236999335476,0.0
2020-02-04,2020-02-03,EGARCH-t,5077,1.239020631061179,0.0
2020-02-04,2020-02-03,EWMA,5077,0.7756707893455614,
2020-02-05,2020-02-04,GARCH-t,5078,1.1831528430171419,0.0
2020-02-05,2020-02-04,GJR-GARCH-t,5078,1.2748654920693119,0.0
2020-02-05,2020-02-04,EGARCH-t,5078,1.0994055049180749,0.0
2020-02-05,2020-02-04,EWMA,5078,0.8709345427306895,
2020-02-06,2020-02-05,GARCH-t,5079,1.0872162766203133,0.0
2020-02-06,2020-02-05,GJR-GARCH-t,5079,1.1558890098048307,0.0
2020-02-06,2020-02-05,EGARCH-t,5079,0.985972703371162,0.0
2020-02-06,2020-02-05,EWMA,5079,0.8383302465250999,
2020-02-07,2020-02-06,GARCH-t,5080,0.9794697294888707,0.0
2020-02-07,2020-02-06,GJR-GARCH-t,5080,1.049926435500957,0.0
2020-02-07,2020-02-06,EGARCH-t,5080,0.8888650953700824,0.0
2020-02-07,2020-02-06,EWMA,5080,0.7933437668897563,
2020-02-10,2020-02-07,GARCH-t,5081,0.9107851832376443,0.0
2020-02-10,2020-02-07,GJR-GARCH-t,5081,1.0035583109941784,0.0
2020-02-10,2020-02-07,EGARCH-t,5081,0.9271373283549078,0.0
2020-02-10,2020-02-07,EWMA,5081,0.7612857359790303,
2020-02-11,2020-02-10,GARCH-t,5082,0.8277398071535069,0.0
2020-02-11,2020-02-10,GJR-GARCH-t,5082,0.9278264120198539,0.0
2020-02-11,2020-02-10,EGARCH-t,5082,0.9034439400358303,0.0
2020-02-11,2020-02-10,EWMA,5082,0.719839075242449,
2020-02-12,2020-02-11,GARCH-t,5083,0.7921823820110476,0.0
2020-02-12,2020-02-11,GJR-GARCH-t,5083,0.846871862608153,0.0
2020-02-12,2020-02-11,EGARCH-t,5083,0.8116915601582141,0.0
2020-02-12,2020-02-11,EWMA,5083,0.7062606148998899,
2020-02-13,2020-02-12,GARCH-t,5084,0.7328504428059348,0.0
2020-02-13,2020-02-12,GJR-GARCH-t,5084,0.7745622949083281,0.0
2020-02-13,2020-02-12,EGARCH-t,5084,0.7327670606525918,0.0
2020-02-13,2020-02-12,EWMA,5084,0.6768930033438334,
2020-02-14,2020-02-13,GARCH-t,5085,0.8026017223620401,0.0
2020-02-14,2020-02-13,GJR-GARCH-t,5085,0.9284954678168965,0.0
2020-02-14,2020-02-13,EGARCH-t,5085,0.9273650340148373,0.0
2020-02-14,2020-02-13,EWMA,5085,0.7088363289849354,
2020-02-17,2020-02-14,GARCH-t,5086,0.763953975522978,0.0
2020-02-17,2020-02-14,GJR-GARCH-t,5086,0.9086471646940445,0.0
2020-02-17,2020-02-14,EGARCH-t,5086,0.9813717115020499,0.0
2020-02-17,2020-02-14,EWMA,5086,0.6863058889215639,
2020-02-18,2020-02-17,GARCH-t,5087,0.6972951202635673,0.0
2020-02-18,2020-02-17,GJR-GARCH-t,5087,0.82973069083275,0.0
2020-02-18,2020-02-17,EGARCH-t,5087,0.88520229854402,0.0
2020-02-18,2020-02-17,EWMA,5087,0.6515075839456735,
2020-02-19,2020-02-18,GARCH-t,5088,0.6881758915108741,0.0
2020-02-19,2020-02-18,GJR-GARCH-t,5088,0.8467951402345638,0.0
2020-02-19,2020-02-18,EGARCH-t,5088,0.9706581924809107,0.0
2020-02-19,2020-02-18,EWMA,5088,0.641192785878738,
2020-02-20,2020-02-19,GARCH-t,5089,0.724171426631846,0.0
2020-02-20,2020-02-19,GJR-GARCH-t,5089,0.7747306578187156,0.0
2020-02-20,2020-02-19,EGARCH-t,5089,0.8679528552035889,0.0
2020-02-20,2020-02-19,EWMA,5089,0.6640313004572456,
2020-02-21,2020-02-20,GARCH-t,5090,0.6641829772115732,0.0
2020-02-21,2020-02-20,GJR-GARCH-t,5090,0.7245137985192057,0.0
2020-02-21,2020-02-20,EGARCH-t,5090,0.8510082191548441,0.0
2020-02-21,2020-02-20,EWMA,5090,0.6286920765237246,
2020-02-24,2020-02-21,GARCH-t,5091,0.625775923109699,0.0
2020-02-24,2020-02-21,GJR-GARCH-t,5091,0.7013829663766619,0.0
2020-02-24,2020-02-21,EGARCH-t,5091,0.8745181415062057,0.0
2020-02-24,2020-02-21,EWMA,5091,0.6026229758017714,
2020-02-25,2020-02-24,GARCH-t,5092,1.8480364942512888,0.0
2020-02-25,2020-02-24,GJR-GARCH-t,5092,2.6988153689038015,0.0
2020-02-25,2020-02-24,EGARCH-t,5092,2.0071494299677703,0.0
2020-02-25,2020-02-24,EWMA,5092,1.2577805937992927,
2020-02-26,2020-02-25,GARCH-t,5093,2.083345858703519,0.0
2020-02-26,2020-02-25,GJR-GARCH-t,5093,3.1205205604095294,0.0
2020-02-26,2020-02-25,EGARCH-t,5093,2.563445449031554,0.0
2020-02-26,2020-02-25,EWMA,5093,1.4127841770140477,
2020-02-27,2020-02-26,GARCH-t,5094,1.857341771392925,0.0
2020-02-27,2020-02-26,GJR-GARCH-t,5094,2.7995933561889066,0.0
2020-02-27,2020-02-26,EGARCH-t,5094,2.273212022609464,0.0
2020-02-27,2020-02-26,EWMA,5094,1.335363794902427,
2020-02-28,2020-02-27,GARCH-t,5095,3.0812012100581545,0.0
2020-02-28,2020-02-27,GJR-GARCH-t,5095,4.799902416514813,0.0
2020-02-28,2020-02-27,EGARCH-t,5095,3.732528637563129,0.0
2020-02-28,2020-02-27,EWMA,5095,2.0143843729888014,
2020-03-02,2020-02-28,GARCH-t,5096,3.921388431104152,0.0
2020-03-02,2020-02-28,GJR-GARCH-t,5096,6.19139512368892,0.0
2020-03-02,2020-02-28,EGARCH-t,5096,5.093466240968697,0.0
2020-03-02,2020-02-28,EWMA,5096,2.5182209275951624,
2020-03-03,2020-03-02,GARCH-t,5097,3.586557540111193,0.0
2020-03-03,2020-03-02,GJR-GARCH-t,5097,5.5325591304986625,0.0
2020-03-03,2020-03-02,EGARCH-t,5097,4.440639283796392,0.0
2020-03-03,2020-03-02,EWMA,5097,2.442761312518615,
2020-03-04,2020-03-03,GARCH-t,5098,3.2554380453952043,0.0
2020-03-04,2020-03-03,GJR-GARCH-t,5098,4.948396318098014,0.0
2020-03-04,2020-03-03,EGARCH-t,5098,3.885442230698718,0.0
2020-03-04,2020-03-03,EWMA,5098,2.3499687218877545,
2020-03-05,2020-03-04,GARCH-t,5099,3.0929312499970405,0.0
2020-03-05,2020-03-04,GJR-GARCH-t,5099,4.432168244959075,0.0
2020-03-05,2020-03-04,EGARCH-t,5099,3.397951050924276,0.0
2020-03-05,2020-03-04,EWMA,5099,2.3332799365057943,
2020-03-06,2020-03-05,GARCH-t,5100,3.042791736571076,0.0
2020-03-06,2020-03-05,GJR-GARCH-t,5100,4.452364989402746,0.0
2020-03-06,2020-03-05,EGARCH-t,5100,3.7798038652165413,0.0
2020-03-06,2020-03-05,EWMA,5100,2.352715905254204,
2020-03-09,2020-03-06,GARCH-t,5101,4.2383146977790735,0.0
2020-03-09,2020-03-06,GJR-GARCH-t,5101,6.443110427726823,0.0
2020-03-09,2020-03-06,EGARCH-t,5101,5.458804579258213,0.0
2020-03-09,2020-03-06,EWMA,5101,3.0276968184623554,
2020-03-10,2020-03-09,GARCH-t,5102,11.068016675926012,0.0
2020-03-10,2020-03-09,GJR-GARCH-t,5102,17.442026703100396,0.0
2020-03-10,2020-03-09,EGARCH-t,5102,11.742312232284855,0.0
2020-03-10,2020-03-09,EWMA,5102,6.684940612497346,
2020-03-11,2020-03-10,GARCH-t,5103,9.697675150057476,0.0
2020-03-11,2020-03-10,GJR-GARCH-t,5103,15.524191472385501,0.0
2020-03-11,2020-03-10,EGARCH-t,5103,10.209356476187613,0.0
2020-03-11,2020-03-10,EWMA,5103,6.284373275014006,
2020-03-12,2020-03-11,GARCH-t,5104,8.75104696962774,0.0
2020-03-12,2020-03-11,GJR-GARCH-t,5104,14.201032135058659,0.0
2020-03-12,2020-03-11,EGARCH-t,5104,9.925914588200047,0.0
2020-03-12,2020-03-11,EWMA,5104,6.027320859382957,
2020-03-13,2020-03-12,GARCH-t,5105,23.01688050550473,0.0
2020-03-13,2020-03-12,GJR-GARCH-t,5105,37.07008008686789,0.0
2020-03-13,2020-03-12,EGARCH-t,5105,22.592670276203837,0.0
2020-03-13,2020-03-12,EWMA,5105,13.6168442951019,
2020-03-16,2020-03-13,GARCH-t,5106,20.791341913924587,0.0
2020-03-16,2020-03-13,GJR-GARCH-t,5106,32.962037860234986,0.0
2020-03-16,2020-03-13,EGARCH-t,5106,19.12921125113055,0.0
2020-03-16,2020-03-13,EWMA,5106,13.152878378315414,
2020-03-17,2020-03-16,GARCH-t,5107,20.182692701050993,0.0
2020-03-17,2020-03-16,GJR-GARCH-t,5107,32.42095926217791,0.0
2020-03-17,2020-03-16,EGARCH-t,5107,20.952888924777252,0.0
2020-03-17,2020-03-16,EWMA,5107,13.366955049738827,
2020-03-18,2020-03-17,GARCH-t,5108,18.526553681440735,0.0
2020-03-18,2020-03-17,GJR-GARCH-t,5108,28.868220376613802,0.0
2020-03-18,2020-03-17,EGARCH-t,5108,17.761245114361444,0.0
2020-03-18,2020-03-17,EWMA,5108,13.019802894888072,
2020-03-19,2020-03-18,GARCH-t,5109,18.239516223548055,0.0
2020-03-19,2020-03-18,GJR-GARCH-t,5109,28.84949844909357,0.0
2020-03-19,2020-03-18,EGARCH-t,5109,19.71351487362813,0.0
2020-03-19,2020-03-18,EWMA,5109,13.262756917650158,
2020-03-20,2020-03-19,GARCH-t,5110,16.195833543301706,0.0
2020-03-20,2020-03-19,GJR-GARCH-t,5110,25.700607505834785,0.0
2020-03-20,2020-03-19,EGARCH-t,5110,16.79464665834329,0.0
2020-03-20,2020-03-19,EWMA,5110,12.582550515229357,
2020-03-23,2020-03-20,GARCH-t,5111,14.263580896944033,0.0
2020-03-23,2020-03-20,GJR-GARCH-t,5111,22.905702463632508,0.0
2020-03-23,2020-03-20,EGARCH-t,5111,14.377856911908083,0.0
2020-03-23,2020-03-20,EWMA,5111,11.862075192601834,
2020-03-24,2020-03-23,GARCH-t,5112,14.256633178777328,0.0
2020-03-24,2020-03-23,GJR-GARCH-t,5112,23.152834453057512,0.0
2020-03-24,2020-03-23,EGARCH-t,5112,16.179994640769117,0.0
2020-03-24,2020-03-23,EWMA,5112,12.04760182106564,
2020-03-25,2020-03-24,GARCH-t,5113,21.015131721578374,0.0
2020-03-25,2020-03-24,GJR-GARCH-t,5113,20.691537161655223,0.0
2020-03-25,2020-03-24,EGARCH-t,5113,13.558037775040134,0.0
2020-03-25,2020-03-24,EWMA,5113,15.831160651205142,
2020-03-26,2020-03-25,GARCH-t,5114,20.556831183217064,0.0
2020-03-26,2020-03-25,GJR-GARCH-t,5114,18.461217008755867,0.0
2020-03-26,2020-03-25,EGARCH-t,5114,11.515892207029214,0.0
2020-03-26,2020-03-25,EWMA,5114,16.017293277537576,
2020-03-27,2020-03-26,GARCH-t,5115,18.565024194381714,0.0
2020-03-27,2020-03-26,GJR-GARCH-t,5115,16.464420713806668,0.0
2020-03-27,2020-03-26,EGARCH-t,5115,9.864431676298647,0.0
2020-03-27,2020-03-26,EWMA,5115,15.351089265697848,
2020-03-30,2020-03-27,GARCH-t,5116,19.6645903933452,0.0
2020-03-30,2020-03-27,GJR-GARCH-t,5116,20.00233834446175,0.0
2020-03-30,2020-03-27,EGARCH-t,5116,13.4710253634649,0.0
2020-03-30,2020-03-27,EWMA,5116,16.17587775186095,
2020-03-31,2020-03-30,GARCH-t,5117,17.341322803210204,0.0
2020-03-31,2020-03-30,GJR-GARCH-t,5117,17.836486091261857,0.0
2020-03-31,2020-03-30,EGARCH-t,5117,11.566818470419108,0.0
2020-03-31,2020-03-30,EWMA,5117,15.261133259557944,
2020-04-01,2020-03-31,GARCH-t,5118,15.618171671129446,0.0
2020-04-01,2020-03-31,GJR-GARCH-t,5118,15.907683107932362,0.0
2020-04-01,2020-03-31,EGARCH-t,5118,9.920750773671593,0.0
2020-04-01,2020-03-31,EWMA,5118,14.568459277788815,
2020-04-02,2020-04-01,GARCH-t,5119,15.483454368602853,0.0
2020-04-02,2020-04-01,GJR-GARCH-t,5119,16.98140884721413,0.0
2020-04-02,2020-04-01,EGARCH-t,5119,11.929860655466975,0.0
2020-04-02,2020-04-01,EWMA,5119,14.610815958468041,
2020-04-03,2020-04-02,GARCH-t,5120,13.603283986154242,0.0
2020-04-03,2020-04-02,GJR-GARCH-t,5120,15.143039986665693,0.0
2020-04-03,2020-04-02,EGARCH-t,5120,10.283038739337101,0.0
2020-04-03,2020-04-02,EWMA,5120,13.747321501441442,
2020-04-06,2020-04-03,GARCH-t,5121,12.104809324126109,0.0
2020-04-06,2020-04-03,GJR-GARCH-t,5121,13.763854275820377,0.0
2020-04-06,2020-04-03,EGARCH-t,5121,9.814489415386658,0.0
2020-04-06,2020-04-03,EWMA,5121,13.007111822426904,
2020-04-07,2020-04-06,GARCH-t,5122,11.64542252154191,0.0
2020-04-07,2020-04-06,GJR-GARCH-t,5122,12.281938521557802,0.0
2020-04-07,2020-04-06,EGARCH-t,5122,8.404384010076242,0.0
2020-04-07,2020-04-06,EWMA,5122,12.779488336463446,
2020-04-08,2020-04-07,GARCH-t,5123,10.729986511506818,0.0
2020-04-08,2020-04-07,GJR-GARCH-t,5123,10.955155298450512,0.0
2020-04-08,2020-04-07,EGARCH-t,5123,7.231935755724351,0.0
2020-04-08,2020-04-07,EWMA,5123,12.293603553879173,
2020-04-09,2020-04-08,GARCH-t,5124,9.435853462252508,0.0
2020-04-09,2020-04-08,GJR-GARCH-t,5124,9.802771327275137,0.0
2020-04-09,2020-04-08,EGARCH-t,5124,6.590862216349004,0.0
2020-04-09,2020-04-08,EWMA,5124,11.569292609818179,
2020-04-14,2020-04-09,GARCH-t,5125,9.193108611398968,0.0
2020-04-14,2020-04-09,GJR-GARCH-t,5125,8.752005309844506,0.0
2020-04-14,2020-04-09,EGARCH-t,5125,5.678357512287489,0.0
2020-04-14,2020-04-09,EWMA,5125,11.367518428051449,
2020-04-15,2020-04-14,GARCH-t,5126,8.15368535123179,0.0
2020-04-15,2020-04-14,GJR-GARCH-t,5126,7.937962889331012,0.0
2020-04-15,2020-04-14,EGARCH-t,5126,5.468769940816409,0.0
2020-04-15,2020-04-14,EWMA,5126,10.732315382596637,
2020-04-16,2020-04-15,GARCH-t,5127,8.521318013347855,0.0
2020-04-16,2020-04-15,GJR-GARCH-t,5127,9.217956610005224,0.0
2020-04-16,2020-04-15,EGARCH-t,5127,7.0439302169851485,0.0
2020-04-16,2020-04-15,EWMA,5127,10.782014147937414,
2020-04-17,2020-04-16,GARCH-t,5128,7.498014050146524,0.0
2020-04-17,2020-04-16,GJR-GARCH-t,5128,8.21503073387136,0.0
2020-04-17,2020-04-16,EGARCH-t,5128,6.118100314787716,0.0
2020-04-17,2020-04-16,EWMA,5128,10.153041629162354,
2020-04-20,2020-04-17,GARCH-t,5129,7.442826406643297,0.0
2020-04-20,2020-04-17,GJR-GARCH-t,5129,7.337678532722447,0.0
2020-04-20,2020-04-17,EGARCH-t,5129,5.276431227263304,0.0
2020-04-20,2020-04-17,EWMA,5129,10.007190575419488,
2020-04-21,2020-04-20,GARCH-t,5130,6.53963762565824,0.0
2020-04-21,2020-04-20,GJR-GARCH-t,5130,6.5341088396484155,0.0
2020-04-21,2020-04-20,EGARCH-t,5130,4.602348013029388,0.0
2020-04-21,2020-04-20,EWMA,5130,9.418631704978017,
2020-04-22,2020-04-21,GARCH-t,5131,6.809959334763727,0.0
2020-04-22,2020-04-21,GJR-GARCH-t,5131,7.497591750042032,0.0
2020-04-22,2020-04-21,EGARCH-t,5131,5.857854349650517,0.0
2020-04-22,2020-04-21,EWMA,5131,9.39354959182791,
2020-04-23,2020-04-22,GARCH-t,5132,6.547915665896403,0.0
2020-04-23,2020-04-22,GJR-GARCH-t,5132,6.693853065471355,0.0
2020-04-23,2020-04-22,EGARCH-t,5132,5.06413918688246,0.0
2020-04-23,2020-04-22,EWMA,5132,9.139511812189339,
2020-04-24,2020-04-23,GARCH-t,5133,5.839156170222474,0.0
2020-04-24,2020-04-23,GJR-GARCH-t,5133,5.967332592444871,0.0
2020-04-24,2020-04-23,EGARCH-t,5133,4.411141423016102,0.0
2020-04-24,2020-04-23,EWMA,5133,8.647102396189906,
2020-04-27,2020-04-24,GARCH-t,5134,5.322063043769559,0.0
2020-04-27,2020-04-24,GJR-GARCH-t,5134,5.626657959218632,0.0
2020-04-27,2020-04-24,EGARCH-t,5134,4.552910619572529,0.0
2020-04-27,2020-04-24,EWMA,5134,8.227368755756133,
2020-04-28,2020-04-27,GARCH-t,5135,4.959139260924741,0.0
2020-04-28,2020-04-27,GJR-GARCH-t,5135,5.020590725352756,0.0
2020-04-28,2020-04-27,EGARCH-t,5135,3.958441346344937,0.0
2020-04-28,2020-04-27,EWMA,5135,7.893376324407429,
2020-04-29,2020-04-28,GARCH-t,5136,4.74780323692585,0.0
2020-04-29,2020-04-28,GJR-GARCH-t,5136,4.48512660686439,0.0
2020-04-29,2020-04-28,EGARCH-t,5136,3.4448301642729047,0.0
2020-04-29,2020-04-28,EWMA,5136,7.6346512668555775,
2020-04-30,2020-04-29,GARCH-t,5137,4.927864684906403,0.0
2020-04-30,2020-04-29,GJR-GARCH-t,5137,4.024697663866697,0.0
2020-04-30,2020-04-29,EGARCH-t,5137,2.99977973749546,0.0
2020-04-30,2020-04-29,EWMA,5137,7.5813933182253574,
2020-05-01,2020-04-30,GARCH-t,5138,5.828612479992144,0.0
2020-05-01,2020-04-30,GJR-GARCH-t,5138,5.955005648610247,0.0
2020-05-01,2020-04-30,EGARCH-t,5138,4.589176239529627,0.0
2020-05-01,2020-04-30,EWMA,5138,7.888551764283131,
2020-05-04,2020-05-01,GARCH-t,5139,5.78436321505725,0.0
2020-05-04,2020-05-01,GJR-GARCH-t,5139,6.349129506760248,0.0
2020-05-04,2020-05-01,EGARCH-t,5139,5.393138034862081,0.0
2020-05-04,2020-05-01,EWMA,5139,7.751690117976586,
2020-05-05,2020-05-04,GARCH-t,5140,5.084792259590486,0.0
2020-05-05,2020-05-04,GJR-GARCH-t,5140,5.677346084791083,0.0
2020-05-05,2020-05-04,EGARCH-t,5140,4.819802358630302,0.0
2020-05-05,2020-05-04,EWMA,5140,7.288153779954756,
2020-05-06,2020-05-05,GARCH-t,5141,4.762841903108403,0.0
2020-05-06,2020-05-05,GJR-GARCH-t,5141,5.075394864360312,0.0
2020-05-06,2020-05-05,EGARCH-t,5141,4.194848185132874,0.0
2020-05-06,2020-05-05,EWMA,5141,7.013791167941913,
2020-05-07,2020-05-06,GARCH-t,5142,4.18188261381841,0.0
2020-05-07,2020-05-06,GJR-GARCH-t,5142,4.534159781629878,0.0
2020-05-07,2020-05-06,EGARCH-t,5142,3.6909005275965723,0.0
2020-05-07,2020-05-06,EWMA,5142,6.59330292307958,
2020-05-11,2020-05-07,GARCH-t,5143,3.884294294359838,0.0
2020-05-11,2020-05-07,GJR-GARCH-t,5143,4.054503708661507,0.0
2020-05-11,2020-05-07,EGARCH-t,5143,3.22688206012805,0.0
2020-05-11,2020-05-07,EWMA,5143,6.314374467224201,
2020-05-12,2020-05-11,GARCH-t,5144,3.4090402003993683,0.0
2020-05-12,2020-05-11,GJR-GARCH-t,5144,3.621209717626613,0.0
2020-05-12,2020-05-11,EGARCH-t,5144,2.8496408449384774,0.0
2020-05-12,2020-05-11,EWMA,5144,5.935744991784805,
2020-05-13,2020-05-12,GARCH-t,5145,3.082297951004893,0.0
2020-05-13,2020-05-12,GJR-GARCH-t,5145,3.2365150383122137,0.0
2020-05-13,2020-05-12,EGARCH-t,5145,2.5053328605310354,0.0
2020-05-13,2020-05-12,EWMA,5145,5.630757401498945,
2020-05-14,2020-05-13,GARCH-t,5146,2.9946771052013714,0.0
2020-05-14,2020-05-13,GJR-GARCH-t,5146,3.32774317738197,0.0
2020-05-14,2020-05-13,EGARCH-t,5146,2.868065288225119,0.0
2020-05-14,2020-05-13,EWMA,5146,5.4323644274093565,
2020-05-15,2020-05-14,GARCH-t,5147,3.5689106989622497,0.0
2020-05-15,2020-05-14,GJR-GARCH-t,5147,4.418307860080007,0.0
2020-05-15,2020-05-14,EGARCH-t,5147,3.9248801849491994,0.0
2020-05-15,2020-05-14,EWMA,5147,5.574357581469981,
2020-05-18,2020-05-15,GARCH-t,5148,3.2464072991532147,0.0
2020-05-18,2020-05-15,GJR-GARCH-t,5148,3.9517093073158516,0.0
2020-05-18,2020-05-15,EGARCH-t,5148,3.4377492169188395,0.0
2020-05-18,2020-05-15,EWMA,5148,5.301137283135969,
2020-05-19,2020-05-18,GARCH-t,5149,4.840232866557285,0.0
2020-05-19,2020-05-18,GJR-GARCH-t,5149,3.5522623761041565,0.0
2020-05-19,2020-05-18,EGARCH-t,5149,2.9628603416119548,0.0
2020-05-19,2020-05-18,EWMA,5149,6.04164323206494,
2020-05-20,2020-05-19,GARCH-t,5150,4.3323169726963116,0.0
2020-05-20,2020-05-19,GJR-GARCH-t,5150,3.2905610271662074,0.0
2020-05-20,2020-05-19,EGARCH-t,5150,2.9529879047549445,0.0
2020-05-20,2020-05-19,EWMA,5150,5.714725616734541,
2020-05-21,2020-05-20,GARCH-t,5151,3.9343459972295762,0.0
2020-05-21,2020-05-20,GJR-GARCH-t,5151,2.947520246817486,0.0
2020-05-21,2020-05-20,EGARCH-t,5151,2.595729531301452,0.0
2020-05-21,2020-05-20,EWMA,5151,5.441452613339472,
2020-05-22,2020-05-21,GARCH-t,5152,3.5551924983691543,0.0
2020-05-22,2020-05-21,GJR-GARCH-t,5152,2.777823319223414,0.0
2020-05-22,2020-05-21,EGARCH-t,5152,2.65197814884768,0.0
2020-05-22,2020-05-21,EWMA,5152,5.1592491901335675,
2020-05-26,2020-05-22,GARCH-t,5153,3.1485725296313216,0.0
2020-05-26,2020-05-22,GJR-GARCH-t,5153,2.5134973279685755,0.0
2020-05-26,2020-05-22,EGARCH-t,5153,2.498935737827988,0.0
2020-05-26,2020-05-22,EWMA,5153,4.857749374135201,
2020-05-27,2020-05-26,GARCH-t,5154,2.9359425970273643,0.0
2020-05-27,2020-05-26,GJR-GARCH-t,5154,2.2554306432551807,0.0
2020-05-27,2020-05-26,EGARCH-t,5154,2.1983542636639375,0.0
2020-05-27,2020-05-26,EWMA,5154,4.657856058736273,
2020-05-28,2020-05-27,GARCH-t,5155,2.7543414793404666,0.0
2020-05-28,2020-05-27,GJR-GARCH-t,5155,2.026244787465903,0.0
2020-05-28,2020-05-27,EGARCH-t,5155,1.9368110820639486,0.0
2020-05-28,2020-05-27,EWMA,5155,4.472566020560493,
2020-05-29,2020-05-28,GARCH-t,5156,2.5821340601325775,0.0
2020-05-29,2020-05-28,GJR-GARCH-t,5156,1.822206109831995,0.0
2020-05-29,2020-05-28,EGARCH-t,5156,1.7097752411746778,0.0
2020-05-29,2020-05-28,EWMA,5156,4.291364502077147,
2020-06-01,2020-05-29,GARCH-t,5157,2.91279633134892,0.0
2020-06-01,2020-05-29,GJR-GARCH-t,5157,2.6323245567483395,0.0
2020-06-01,2020-05-29,EGARCH-t,5157,2.4389771229494994,0.0
2020-06-01,2020-05-29,EWMA,5157,4.354924782834919,
2020-06-02,2020-06-01,GARCH-t,5158,2.799605759687683,0.0
2020-06-02,2020-06-01,GJR-GARCH-t,5158,2.3643549849412184,0.0
2020-06-02,2020-06-01,EGARCH-t,5158,2.144018104058753,0.0
2020-06-02,2020-06-01,EWMA,5158,4.2227517892251445,
2020-06-03,2020-06-02,GARCH-t,5159,2.5458286936691032,0.0
2020-06-03,2020-06-02,GJR-GARCH-t,5159,2.123946198415028,0.0
2020-06-03,2020-06-02,EGARCH-t,5159,1.8964552347175305,0.0
2020-06-03,2020-06-02,EWMA,5159,4.014496512885149,
2020-06-04,2020-06-03,GARCH-t,5160,2.9793706900867103,0.0
2020-06-04,2020-06-03,GJR-GARCH-t,5160,1.9184056669315706,0.0
2020-06-04,2020-06-03,EGARCH-t,5160,1.6607757051198262,0.0
2020-06-04,2020-06-03,EWMA,5160,4.171717252242885,
2020-06-05,2020-06-04,GARCH-t,5161,2.680412661427441,0.0
2020-06-05,2020-06-04,GJR-GARCH-t,5161,1.8037044216382376,0.0
2020-06-05,2020-06-04,EGARCH-t,5161,1.6951030698098963,0.0
2020-06-05,2020-06-04,EWMA,5161,3.9463342325308504,
2020-06-08,2020-06-05,GARCH-t,5162,2.9090913713497444,0.0
2020-06-08,2020-06-05,GJR-GARCH-t,5162,1.6332042036313628,0.0
2020-06-08,2020-06-05,EGARCH-t,5162,1.4912063699280165,0.0
2020-06-08,2020-06-05,EWMA,5162,4.007507968692604,
2020-06-09,2020-06-08,GARCH-t,5163,2.571282676703231,0.0
2020-06-09,2020-06-08,GJR-GARCH-t,5163,1.4777522896531132,0.0
2020-06-09,2020-06-08,EGARCH-t,5163,1.3904822237410626,0.0
2020-06-09,2020-06-08,EWMA,5163,3.7690143482648955,
2020-06-10,2020-06-09,GARCH-t,5164,2.809339560068512,0.0
2020-06-10,2020-06-09,GJR-GARCH-t,5164,2.1727486366259874,0.0
2020-06-10,2020-06-09,EGARCH-t,5164,2.010701017593836,0.0
2020-06-10,2020-06-09,EWMA,5164,3.817073577988558,
2020-06-11,2020-06-10,GARCH-t,5165,2.4809667837688787,0.0
2020-06-11,2020-06-10,GJR-GARCH-t,5165,1.9580708487821952,0.0
2020-06-11,2020-06-10,EGARCH-t,5165,1.8326501906249775,0.0
2020-06-11,2020-06-10,EWMA,5165,3.588700964803053,
2020-06-12,2020-06-11,GARCH-t,5166,4.105061194752496,0.0
2020-06-12,2020-06-11,GJR-GARCH-t,5166,4.752772181793656,0.0
2020-06-12,2020-06-11,EGARCH-t,5166,3.5825192347313877,0.0
2020-06-12,2020-06-11,EWMA,5166,4.367089461122957,
2020-06-15,2020-06-12,GARCH-t,5167,3.636667580337199,0.0
2020-06-15,2020-06-12,GJR-GARCH-t,5167,4.256069279624888,0.0
2020-06-15,2020-06-12,EGARCH-t,5167,3.1597107034650413,0.0
2020-06-15,2020-06-12,EWMA,5167,4.118200375316806,
2020-06-16,2020-06-15,GARCH-t,5168,3.26259868511494,0.0
2020-06-16,2020-06-15,GJR-GARCH-t,5168,3.896796724006682,0.0
2020-06-16,2020-06-15,EGARCH-t,5168,3.0899741549749384,0.0
2020-06-16,2020-06-15,EWMA,5168,3.897688075603285,
2020-06-17,2020-06-16,GARCH-t,5169,3.798159023577875,0.0
2020-06-17,2020-06-16,GJR-GARCH-t,5169,3.50041793674766,0.0
2020-06-17,2020-06-16,EGARCH-t,5169,2.6884957200446573,0.0
2020-06-17,2020-06-16,EWMA,5169,4.166468034454004,
2020-06-18,2020-06-17,GARCH-t,5170,3.349801709608063,0.0
2020-06-18,2020-06-17,GJR-GARCH-t,5170,3.1417585209504066,0.0
2020-06-18,2020-06-17,EGARCH-t,5170,2.3876685599940095,0.0
2020-06-18,2020-06-17,EWMA,5170,3.9181744504915965,
2020-06-19,2020-06-18,GARCH-t,5171,2.9843482050242467,0.0
2020-06-19,2020-06-18,GJR-GARCH-t,5171,2.863034816216297,0.0
2020-06-19,2020-06-18,EGARCH-t,5171,2.303771192147066,0.0
2020-06-19,2020-06-18,EWMA,5171,3.696227804174127,
2020-06-22,2020-06-19,GARCH-t,5172,2.759561298791544,0.0
2020-06-22,2020-06-19,GJR-GARCH-t,5172,2.5738481729977716,0.0
2020-06-22,2020-06-19,EGARCH-t,5172,2.0358603130666655,0.0
2020-06-22,2020-06-19,EWMA,5172,3.5463363352406447,
2020-06-23,2020-06-22,GARCH-t,5173,2.510230742701809,0.0
2020-06-23,2020-06-22,GJR-GARCH-t,5173,2.422851566516011,0.0
2020-06-23,2020-06-22,EGARCH-t,5173,2.0924320942675902,0.0
2020-06-23,2020-06-22,EWMA,5173,3.368736236439296,
2020-06-24,2020-06-23,GARCH-t,5174,2.3700510935204853,0.0
2020-06-24,2020-06-23,GJR-GARCH-t,5174,2.180992309699906,0.0
2020-06-24,2020-06-23,EGARCH-t,5174,1.8495225417956644,0.0
2020-06-24,2020-06-23,EWMA,5174,3.253270596354708,
2020-06-25,2020-06-24,GARCH-t,5175,3.2490992490232666,0.0
2020-06-25,2020-06-24,GJR-GARCH-t,5175,3.756861323362218,0.0
2020-06-25,2020-06-24,EGARCH-t,5175,3.021424395376783,0.0
2020-06-25,2020-06-24,EWMA,5175,3.65601743699035,
2020-06-26,2020-06-25,GARCH-t,5176,2.880971868846497,0.0
2020-06-26,2020-06-25,GJR-GARCH-t,5176,3.3715345934483074,0.0
2020-06-26,2020-06-25,EGARCH-t,5176,2.67539880867817,0.0
2020-06-26,2020-06-25,EWMA,5176,3.445383986245198,
2020-06-29,2020-06-26,GARCH-t,5177,2.547656428985942,0.0
2020-06-29,2020-06-26,GJR-GARCH-t,5177,3.02822763223278,0.0
2020-06-29,2020-06-26,EGARCH-t,5177,2.3773838070847897,0.0
2020-06-29,2020-06-26,EWMA,5177,3.2410195144192615,
2020-06-30,2020-06-29,GARCH-t,5178,2.372016420443722,0.0
2020-06-30,2020-06-29,GJR-GARCH-t,5178,2.7225072625084397,0.0
2020-06-30,2020-06-29,EGARCH-t,5178,2.1011829859070934,0.0
2020-06-30,2020-06-29,EWMA,5178,3.115751616186109,
2020-07-01,2020-06-30,GARCH-t,5179,2.198325756748372,0.0
2020-07-01,2020-06-30,GJR-GARCH-t,5179,2.598291524683811,0.0
2020-07-01,2020-06-30,EGARCH-t,5179,2.2079730858250177,0.0
2020-07-01,2020-06-30,EWMA,5179,2.9779661652638305,
2020-07-02,2020-07-01,GARCH-t,5180,1.9504932203647036,0.0
2020-07-02,2020-07-01,GJR-GARCH-t,5180,2.345151254999204,0.0
2020-07-02,2020-07-01,EGARCH-t,5180,2.0399770338715104,0.0
2020-07-02,2020-07-01,EWMA,5180,2.8014500853726845,
2020-07-03,2020-07-02,GARCH-t,5181,1.914600658504882,0.0
2020-07-03,2020-07-02,GJR-GARCH-t,5181,2.1128584946426834,0.0
2020-07-03,2020-07-02,EGARCH-t,5181,1.8022996209186746,0.0
2020-07-03,2020-07-02,EWMA,5181,2.7393729117126706,
2020-07-06,2020-07-03,GARCH-t,5182,1.9113618282741711,0.0
2020-07-06,2020-07-03,GJR-GARCH-t,5182,2.22952315531143,0.0
2020-07-06,2020-07-03,EGARCH-t,5182,2.0912104094481374,0.0
2020-07-06,2020-07-03,EWMA,5182,2.6828418995093104,
2020-07-07,2020-07-06,GARCH-t,5183,2.156035306459299,0.0
2020-07-07,2020-07-06,GJR-GARCH-t,5183,2.0112224821977223,0.0
2020-07-07,2020-07-06,EGARCH-t,5183,1.8357363494471493,0.0
2020-07-07,2020-07-06,EWMA,5183,2.7782375006413154,
2020-07-08,2020-07-07,GARCH-t,5184,2.18917817663707,0.0
2020-07-08,2020-07-07,GJR-GARCH-t,5184,2.241259103157257,0.0
2020-07-08,2020-07-07,EGARCH-t,5184,2.20606347428562,0.0
2020-07-08,2020-07-07,EWMA,5184,2.7536563323812913,
2020-07-09,2020-07-08,GARCH-t,5185,1.9763947879091022,0.0
2020-07-09,2020-07-08,GJR-GARCH-t,5185,2.074548518960215,0.0
2020-07-09,2020-07-08,EGARCH-t,5185,2.168061898976037,0.0
2020-07-09,2020-07-08,EWMA,5185,2.6063185395233903,
2020-07-10,2020-07-09,GARCH-t,5186,2.109946669413064,0.0
2020-07-10,2020-07-09,GJR-GARCH-t,5186,2.4196197940470787,0.0
2020-07-10,2020-07-09,EGARCH-t,5186,2.6313999695974606,0.0
2020-07-10,2020-07-09,EWMA,5186,2.6330089339944123,
2020-07-13,2020-07-10,GARCH-t,5187,1.9255611699728261,0.0
2020-07-13,2020-07-10,GJR-GARCH-t,5187,2.1792276551426313,0.0
2020-07-13,2020-07-10,EGARCH-t,5187,2.3288138577942976,0.0
2020-07-13,2020-07-10,EWMA,5187,2.509159284786175,
2020-07-14,2020-07-13,GARCH-t,5188,1.8893298008415111,0.0
2020-07-14,2020-07-13,GJR-GARCH-t,5188,1.9650537813806392,0.0
2020-07-14,2020-07-13,EGARCH-t,5188,2.0548600244952655,0.0
2020-07-14,2020-07-13,EWMA,5188,2.4626609716276167,
2020-07-15,2020-07-14,GARCH-t,5189,1.6744743987375927,0.0
2020-07-15,2020-07-14,GJR-GARCH-t,5189,1.7726932134106552,0.0
2020-07-15,2020-07-14,EGARCH-t,5189,1.8363244041478164,0.0
2020-07-15,2020-07-14,EWMA,5189,2.315105001691858,
2020-07-16,2020-07-15,GARCH-t,5190,1.8379303911432496,0.0
2020-07-16,2020-07-15,GJR-GARCH-t,5190,1.6033064574578981,0.0
2020-07-16,2020-07-15,EGARCH-t,5190,1.617615159263621,0.0
2020-07-16,2020-07-15,EWMA,5190,2.3728599672432105,
2020-07-17,2020-07-16,GARCH-t,5191,1.6862921202385457,0.0
2020-07-17,2020-07-16,GJR-GARCH-t,5191,1.531740900065467,0.0
2020-07-17,2020-07-16,EGARCH-t,5191,1.664914786905462,0.0
2020-07-17,2020-07-16,EWMA,5191,2.257396436055011,
2020-07-20,2020-07-17,GARCH-t,5192,1.5353918997199305,0.0
2020-07-20,2020-07-17,GJR-GARCH-t,5192,1.3856180204076822,0.0
2020-07-20,2020-07-17,EGARCH-t,5192,1.4841887770519782,0.0
2020-07-20,2020-07-17,EWMA,5192,2.1458820381691583,
2020-07-21,2020-07-20,GARCH-t,5193,1.3915318303452175,0.0
2020-07-21,2020-07-20,GJR-GARCH-t,5193,1.293751927998935,0.0
2020-07-21,2020-07-20,EGARCH-t,5193,1.471898163638686,0.0
2020-07-21,2020-07-20,EWMA,5193,2.0297642496222466,
2020-07-22,2020-07-21,GARCH-t,5194,1.2374099112486017,0.0
2020-07-22,2020-07-21,GJR-GARCH-t,5194,1.1720068497795348,0.0
2020-07-22,2020-07-21,EGARCH-t,5194,1.320975420573809,0.0
2020-07-22,2020-07-21,EWMA,5194,1.9090061137317702,
2020-07-23,2020-07-22,GARCH-t,5195,1.2249247965704395,0.0
2020-07-23,2020-07-22,GJR-GARCH-t,5195,1.2478752341146053,0.0
2020-07-23,2020-07-22,EGARCH-t,5195,1.492122791850878,0.0
2020-07-23,2020-07-22,EWMA,5195,1.8548831569727025,
2020-07-24,2020-07-23,GARCH-t,5196,1.0901303367851116,0.0
2020-07-24,2020-07-23,GJR-GARCH-t,5196,1.131333277499988,0.0
2020-07-24,2020-07-23,EGARCH-t,5196,1.3396211404153708,0.0
2020-07-24,2020-07-23,EWMA,5196,1.743877887818767,
2020-07-27,2020-07-24,GARCH-t,5197,1.2142417031347017,0.0
2020-07-27,2020-07-24,GJR-GARCH-t,5197,1.3939179211079247,0.0
2020-07-27,2020-07-24,EGARCH-t,5197,1.6580393211195328,0.0
2020-07-27,2020-07-24,EWMA,5197,1.7602890438308625,
2020-07-28,2020-07-27,GARCH-t,5198,1.095201424490922,0.0
2020-07-28,2020-07-27,GJR-GARCH-t,5198,1.280678431571146,0.0
2020-07-28,2020-07-27,EGARCH-t,5198,1.5843236569874177,0.0
2020-07-28,2020-07-27,EWMA,5198,1.6604045500684983,
2020-07-29,2020-07-28,GARCH-t,5199,0.9911133799321546,0.0
2020-07-29,2020-07-28,GJR-GARCH-t,5199,1.1613369470309973,0.0
2020-07-29,2020-07-28,EGARCH-t,5199,1.4160427445627812,0.0
2020-07-29,2020-07-28,EWMA,5199,1.5703266289484406,
2020-07-30,2020-07-29,GARCH-t,5200,0.884801312944219,0.0
2020-07-30,2020-07-29,GJR-GARCH-t,5200,1.0544416289809837,0.0
2020-07-30,2020-07-29,EGARCH-t,5200,1.2722687697993682,0.0
2020-07-30,2020-07-29,EWMA,5200,1.4761843163730026,
2020-07-31,2020-07-30,GARCH-t,5201,1.427829327786809,0.0
2020-07-31,2020-07-30,GJR-GARCH-t,5201,1.9389889859021423,0.0
2020-07-31,2020-07-30,EGARCH-t,5201,1.9610444631546844,0.0
2020-07-31,2020-07-30,EWMA,5201,1.7146908904902736,
2020-08-03,2020-07-31,GARCH-t,5202,1.553005188901678,0.0
2020-08-03,2020-07-31,GJR-GARCH-t,5202,2.1831719421018696,0.0
2020-08-03,2020-07-31,EGARCH-t,5202,2.3365404491012134,0.0
2020-08-03,2020-07-31,EWMA,5202,1.7561835653042526,
2020-08-04,2020-08-03,GARCH-t,5203,1.9340121752603598,0.0
2020-08-04,2020-08-03,GJR-GARCH-t,5203,1.9699831558963963,0.0
2020-08-04,2020-08-03,EGARCH-t,5203,2.0446296886035715,0.0
2020-08-04,2020-08-03,EWMA,5203,1.9585836719003142,
2020-08-05,2020-08-04,GARCH-t,5204,1.714284261861001,0.0
2020-08-05,2020-08-04,GJR-GARCH-t,5204,1.7767869365484996,0.0
2020-08-05,2020-08-04,EGARCH-t,5204,1.8279042097878948,0.0
2020-08-05,2020-08-04,EWMA,5204,1.8412270047117945,
2020-08-06,2020-08-05,GARCH-t,5205,1.6549499860390704,0.0
2020-08-06,2020-08-05,GJR-GARCH-t,5205,1.6050572716537987,0.0
2020-08-06,2020-08-05,EGARCH-t,5205,1.6194718313009082,0.0
2020-08-06,2020-08-05,EWMA,5205,1.8076042895522302,
2020-08-07,2020-08-06,GARCH-t,5206,1.6653661988681514,0.0
2020-08-07,2020-08-06,GJR-GARCH-t,5206,1.7487958994752355,0.0
2020-08-07,2020-08-06,EGARCH-t,5206,1.8870607293249626,0.0
2020-08-07,2020-08-06,EWMA,5206,1.7978553707661606,
2020-08-10,2020-08-07,GARCH-t,5207,1.4792395352817096,0.0
2020-08-10,2020-08-07,GJR-GARCH-t,5207,1.5796771317845815,0.0
2020-08-10,2020-08-07,EGARCH-t,5207,1.688642172567017,0.0
2020-08-10,2020-08-07,EWMA,5207,1.6904476888952373,
2020-08-11,2020-08-10,GARCH-t,5208,1.323383017030397,0.0
2020-08-11,2020-08-10,GJR-GARCH-t,5208,1.4287843498981878,0.0
2020-08-11,2020-08-10,EGARCH-t,5208,1.5101527958213097,0.0
2020-08-11,2020-08-10,EWMA,5208,1.5945863732757835,
2020-08-12,2020-08-11,GARCH-t,5209,1.4857408055156571,0.0
2020-08-12,2020-08-11,GJR-GARCH-t,5209,1.2950962999837685,0.0
2020-08-12,2020-08-11,EGARCH-t,5209,1.3332138767757422,0.0
2020-08-12,2020-08-11,EWMA,5209,1.6721793490844996,
2020-08-13,2020-08-12,GARCH-t,5210,1.760170012782804,0.0
2020-08-13,2020-08-12,GJR-GARCH-t,5210,1.1765357743913438,0.0
2020-08-13,2020-08-12,EGARCH-t,5210,1.174173239781915,0.0
2020-08-13,2020-08-12,EWMA,5210,1.8175199435952956,
2020-08-14,2020-08-13,GARCH-t,5211,1.8332585776936974,0.0
2020-08-14,2020-08-13,GJR-GARCH-t,5211,1.4829816330458954,0.0
2020-08-14,2020-08-13,EGARCH-t,5211,1.5217075653138137,0.0
2020-08-14,2020-08-13,EWMA,5211,1.8463985584258866,
2020-08-17,2020-08-14,GARCH-t,5212,1.9120895590825548,0.0
2020-08-17,2020-08-14,GJR-GARCH-t,5212,1.7791103085642084,0.0
2020-08-17,2020-08-14,EGARCH-t,5212,1.8946212802294895,0.0
2020-08-17,2020-08-14,EWMA,5212,1.8811806656419825,
2020-08-18,2020-08-17,GARCH-t,5213,1.7319953445513472,0.0
2020-08-18,2020-08-17,GJR-GARCH-t,5213,1.6073687001751118,0.0
2020-08-18,2020-08-17,EGARCH-t,5213,1.6871230806547861,0.0
2020-08-18,2020-08-17,EWMA,5213,1.7908002325730417,
2020-08-19,2020-08-18,GARCH-t,5214,1.6226477111506896,0.0
2020-08-19,2020-08-18,GJR-GARCH-t,5214,1.5799406107544023,0.0
2020-08-19,2020-08-18,EGARCH-t,5214,1.7873588714323436,0.0
2020-08-19,2020-08-18,EWMA,5214,1.7249371458171927,
2020-08-20,2020-08-19,GARCH-t,5215,1.4741688989677737,0.0
2020-08-20,2020-08-19,GJR-GARCH-t,5215,1.4296762532144616,0.0
2020-08-20,2020-08-19,EGARCH-t,5215,1.593460891868537,0.0
2020-08-20,2020-08-19,EWMA,5215,1.6416855615892003,
2020-08-21,2020-08-20,GARCH-t,5216,1.6218478402292287,0.0
2020-08-21,2020-08-20,GJR-GARCH-t,5216,1.771007053782065,0.0
2020-08-21,2020-08-20,EGARCH-t,5216,1.995741969614283,0.0
2020-08-21,2020-08-20,EWMA,5216,1.7022153142451002,
2020-08-24,2020-08-21,GARCH-t,5217,1.4468631508555065,0.0
2020-08-24,2020-08-21,GJR-GARCH-t,5217,1.6072170145434401,0.0
2020-08-24,2020-08-21,EGARCH-t,5217,1.8513858290259166,0.0
2020-08-24,2020-08-21,EWMA,5217,1.6022428829850532,
2020-08-25,2020-08-24,GARCH-t,5218,1.5939269792913797,0.0
2020-08-25,2020-08-24,GJR-GARCH-t,5218,1.4549678897661253,0.0
2020-08-25,2020-08-24,EGARCH-t,5218,1.6317620468171572,0.0
2020-08-25,2020-08-24,EWMA,5218,1.6791602324707657,
2020-08-26,2020-08-25,GARCH-t,5219,1.5654212741803377,0.0
2020-08-26,2020-08-25,GJR-GARCH-t,5219,1.5423536121721089,0.0
2020-08-26,2020-08-25,EGARCH-t,5219,1.8356300150558895,0.0
2020-08-26,2020-08-25,EWMA,5219,1.6530281842008214,
2020-08-27,2020-08-26,GARCH-t,5220,1.3926327066094166,0.0
2020-08-27,2020-08-26,GJR-GARCH-t,5220,1.396105983482593,0.0
2020-08-27,2020-08-26,EGARCH-t,5220,1.6433236813569294,0.0
2020-08-27,2020-08-26,EWMA,5220,1.5550623917267692,
2020-08-28,2020-08-27,GARCH-t,5221,1.3105241807507384,0.0
2020-08-28,2020-08-27,GJR-GARCH-t,5221,1.3696689534650455,0.0
2020-08-28,2020-08-27,EGARCH-t,5221,1.7192475783678465,0.0
2020-08-28,2020-08-27,EWMA,5221,1.496153231713657,
2020-09-01,2020-08-28,GARCH-t,5222,1.214358945390032,0.0
2020-09-01,2020-08-28,GJR-GARCH-t,5222,1.3095594609027508,0.0
2020-09-01,2020-08-28,EGARCH-t,5222,1.7397858260998413,0.0
2020-09-01,2020-08-28,EWMA,5222,1.4286013022232251,
2020-09-02,2020-09-01,GARCH-t,5223,1.4270967368461371,0.0
2020-09-02,2020-09-01,GJR-GARCH-t,5223,1.7159669623238565,0.0
2020-09-02,2020-09-01,EGARCH-t,5223,2.181921301377948,0.0
2020-09-02,2020-09-01,EWMA,5223,1.5196968943542049,
2020-09-03,2020-09-02,GARCH-t,5224,1.4575138387760036,0.0
2020-09-03,2020-09-02,GJR-GARCH-t,5224,1.551814635368235,0.0
2020-09-03,2020-09-02,EGARCH-t,5224,1.9264096555457617,0.0
2020-09-03,2020-09-02,EWMA,5224,1.5357620258379274,
2020-09-04,2020-09-03,GARCH-t,5225,1.5707743774680607,0.0
2020-09-04,2020-09-03,GJR-GARCH-t,5225,1.8236315539328078,0.0
2020-09-04,2020-09-03,EGARCH-t,5225,2.2906441454663273,0.0
2020-09-04,2020-09-03,EWMA,5225,1.583739844471207,
2020-09-07,2020-09-04,GARCH-t,5226,1.4924633503701221,0.0
2020-09-07,2020-09-04,GJR-GARCH-t,5226,1.7903503899768711,0.0
2020-09-07,2020-09-04,EGARCH-t,5226,2.3803831492720082,0.0
2020-09-07,2020-09-04,EWMA,5226,1.5361638305572742,
2020-09-08,2020-09-07,GARCH-t,5227,1.9263430881457984,0.0
2020-09-08,2020-09-07,GJR-GARCH-t,5227,1.6196306083735614,0.0
2020-09-08,2020-09-07,EGARCH-t,5227,2.081566844536851,0.0
2020-09-08,2020-09-07,EWMA,5227,1.7772802335982745,
2020-09-09,2020-09-08,GARCH-t,5228,1.711211379471065,0.0
2020-09-09,2020-09-08,GJR-GARCH-t,5228,1.4679503030569365,0.0
2020-09-09,2020-09-08,EGARCH-t,5228,1.9043517572580988,0.0
2020-09-09,2020-09-08,EWMA,5228,1.6715024467366133,
2020-09-10,2020-09-09,GARCH-t,5229,1.7203754676777159,0.0
2020-09-10,2020-09-09,GJR-GARCH-t,5229,1.330169208062574,0.0
2020-09-10,2020-09-09,EGARCH-t,5229,1.683030615453341,0.0
2020-09-10,2020-09-09,EWMA,5229,1.6857369162974771,
2020-09-11,2020-09-10,GARCH-t,5230,1.532256480568651,0.0
2020-09-11,2020-09-10,GJR-GARCH-t,5230,1.2114268773303787,0.0
2020-09-11,2020-09-10,EGARCH-t,5230,1.5609473453819473,0.0
2020-09-11,2020-09-10,EWMA,5230,1.5860928406366968,
2020-09-14,2020-09-11,GARCH-t,5231,1.384058582103809,0.0
2020-09-14,2020-09-11,GJR-GARCH-t,5231,1.1003634372709916,0.0
2020-09-14,2020-09-11,EGARCH-t,5231,1.3956587746071263,0.0
2020-09-14,2020-09-11,EWMA,5231,1.5046704003813234,
2020-09-15,2020-09-14,GARCH-t,5232,1.2344572212927116,0.0
2020-09-15,2020-09-14,GJR-GARCH-t,5232,1.0028457596270852,0.0
2020-09-15,2020-09-14,EGARCH-t,5232,1.2849236809999056,0.0
2020-09-15,2020-09-14,EWMA,5232,1.4149454816392437,
2020-09-16,2020-09-15,GARCH-t,5233,1.2791571963746755,0.0
2020-09-16,2020-09-15,GJR-GARCH-t,5233,0.9150100512063712,0.0
2020-09-16,2020-09-15,EGARCH-t,5233,1.1411764734572034,0.0
2020-09-16,2020-09-15,EWMA,5233,1.4323369716050443,
2020-09-17,2020-09-16,GARCH-t,5234,1.1662216142675577,0.0
2020-09-17,2020-09-16,GJR-GARCH-t,5234,0.8716839818937369,0.0
2020-09-17,2020-09-16,EGARCH-t,5234,1.1482645452923614,0.0
2020-09-17,2020-09-16,EWMA,5234,1.3581825897862072,
2020-09-18,2020-09-17,GARCH-t,5235,1.069970925419049,0.0
2020-09-18,2020-09-17,GJR-GARCH-t,5235,0.8376969998185159,0.0
2020-09-18,2020-09-17,EGARCH-t,5235,1.1627677981269062,0.0
2020-09-18,2020-09-17,EWMA,5235,1.2900373193181276,
2020-09-21,2020-09-18,GARCH-t,5236,1.0189068883124481,0.0
2020-09-21,2020-09-18,GJR-GARCH-t,5236,0.8584323598246257,0.0
2020-09-21,2020-09-18,EGARCH-t,5236,1.2451703457127012,0.0
2020-09-21,2020-09-18,EWMA,5236,1.2428777370680424,
2020-09-22,2020-09-21,GARCH-t,5237,2.250585521842647,0.0
2020-09-22,2020-09-21,GJR-GARCH-t,5237,2.8851916975090273,0.0
2020-09-22,2020-09-21,EGARCH-t,5237,2.4792054457641233,0.0
2020-09-22,2020-09-21,EWMA,5237,1.8759754487724856,
2020-09-23,2020-09-22,GARCH-t,5238,2.0116537219100996,0.0
2020-09-23,2020-09-22,GJR-GARCH-t,5238,2.5937982128627035,0.0
2020-09-23,2020-09-22,EGARCH-t,5238,2.2030514672401798,0.0
2020-09-23,2020-09-22,EWMA,5238,1.7746779291831185,
2020-09-24,2020-09-23,GARCH-t,5239,1.9320232018017334,0.0
2020-09-24,2020-09-23,GJR-GARCH-t,5239,2.336490137837433,0.0
2020-09-24,2020-09-23,EGARCH-t,5239,1.9473176945554318,0.0
2020-09-24,2020-09-23,EWMA,5239,1.7531980045967108,
2020-09-25,2020-09-24,GARCH-t,5240,1.9158416332352188,0.0
2020-09-25,2020-09-24,GJR-GARCH-t,5240,2.411718332902132,0.0
2020-09-25,2020-09-24,EGARCH-t,5240,2.2188748350609577,0.0
2020-09-25,2020-09-24,EWMA,5240,1.7502260659023863,
2020-09-28,2020-09-25,GARCH-t,5241,1.711407834225199,0.0
2020-09-28,2020-09-25,GJR-GARCH-t,5241,2.17325900741786,0.0
2020-09-28,2020-09-25,EGARCH-t,5241,1.9772834403993609,0.0
2020-09-28,2020-09-25,EWMA,5241,1.6521968933785505,
2020-09-29,2020-09-28,GARCH-t,5242,1.7406740805636327,0.0
2020-09-29,2020-09-28,GJR-GARCH-t,5242,1.9618824833236028,0.0
2020-09-29,2020-09-28,EGARCH-t,5242,1.7455333884568485,0.0
2020-09-29,2020-09-28,EWMA,5242,1.6788143300682203,
2020-09-30,2020-09-29,GARCH-t,5243,1.581453095320822,0.0
2020-09-30,2020-09-29,GJR-GARCH-t,5243,1.820457305248576,0.0
2020-09-30,2020-09-29,EGARCH-t,5243,1.7330779634239535,0.0
2020-09-30,2020-09-29,EWMA,5243,1.593946298409531,
2020-10-01,2020-09-30,GARCH-t,5244,1.4438513907323653,0.0
2020-10-01,2020-09-30,GJR-GARCH-t,5244,1.697821565164836,0.0
2020-10-01,2020-09-30,EGARCH-t,5244,1.7280617158407108,0.0
2020-10-01,2020-09-30,EWMA,5244,1.5154092560843884,
2020-10-02,2020-10-01,GARCH-t,5245,1.2903046119877433,0.0
2020-10-02,2020-10-01,GJR-GARCH-t,5245,1.5362610267842385,0.0
2020-10-02,2020-10-01,EGARCH-t,5245,1.547756220429705,0.0
2020-10-02,2020-10-01,EWMA,5245,1.4276083658131897,
2020-10-05,2020-10-02,GARCH-t,5246,1.1640881680302115,0.0
2020-10-05,2020-10-02,GJR-GARCH-t,5246,1.3918028104823312,0.0
2020-10-05,2020-10-02,EGARCH-t,5246,1.3859565102233333,0.0
2020-10-05,2020-10-02,EWMA,5246,1.3507831586944536,
2020-10-06,2020-10-05,GARCH-t,5247,1.0863686216292128,0.0
2020-10-06,2020-10-05,GJR-GARCH-t,5247,1.2626911146609758,0.0
2020-10-06,2020-10-05,EGARCH-t,5247,1.238462747349358,0.0
2020-10-06,2020-10-05,EWMA,5247,1.2982109713035381,
2020-10-07,2020-10-06,GARCH-t,5248,0.9717503481361355,0.0
2020-10-07,2020-10-06,GJR-GARCH-t,5248,1.1467889959458295,0.0
2020-10-07,2020-10-06,EGARCH-t,5248,1.115923762186657,0.0
2020-10-07,2020-10-06,EWMA,5248,1.2211497688984934,
2020-10-08,2020-10-07,GARCH-t,5249,0.8709649520057209,0.0
2020-10-08,2020-10-07,GJR-GARCH-t,5249,1.0438373282144269,0.0
2020-10-08,2020-10-07,EGARCH-t,5249,1.0248713448968547,0.0
2020-10-08,2020-10-07,EWMA,5249,1.1481005805634197,
2020-10-09,2020-10-08,GARCH-t,5250,0.8079844380260459,0.0
2020-10-09,2020-10-08,GJR-GARCH-t,5250,0.950959546032394,0.0
2020-10-09,2020-10-08,EGARCH-t,5250,0.9205895177363481,0.0
2020-10-09,2020-10-08,EWMA,5250,1.0961763243493206,
2020-10-12,2020-10-09,GARCH-t,5251,0.7665367556835833,0.0
2020-10-12,2020-10-09,GJR-GARCH-t,5251,0.8679625991385299,0.0
2020-10-12,2020-10-09,EGARCH-t,5251,0.8268639656014517,0.0
2020-10-12,2020-10-09,EWMA,5251,1.0553897335802596,
2020-10-13,2020-10-12,GARCH-t,5252,0.6986814616636858,0.0
2020-10-13,2020-10-12,GJR-GARCH-t,5252,0.805510886332909,0.0
2020-10-13,2020-10-12,EGARCH-t,5252,0.8076272523802788,0.0
2020-10-13,2020-10-12,EWMA,5252,0.9959562597212622,
2020-10-14,2020-10-13,GARCH-t,5253,0.6659288647715952,0.0
2020-10-14,2020-10-13,GJR-GARCH-t,5253,0.7890498324782106,0.0
2020-10-14,2020-10-13,EGARCH-t,5253,0.8547270002728472,0.0
2020-10-14,2020-10-13,EWMA,5253,0.9530277808306438,
2020-10-15,2020-10-14,GARCH-t,5254,0.644119366894989,0.0
2020-10-15,2020-10-14,GJR-GARCH-t,5254,0.7848308346075624,0.0
2020-10-15,2020-10-14,EGARCH-t,5254,0.9129780841221883,0.0
2020-10-15,2020-10-14,EWMA,5254,0.9161193981459483,
2020-10-16,2020-10-15,GARCH-t,5255,0.9369474166108012,0.0
2020-10-16,2020-10-15,GJR-GARCH-t,5255,1.263060137710781,0.0
2020-10-16,2020-10-15,EGARCH-t,5255,1.3272763748079681,0.0
2020-10-16,2020-10-15,EWMA,5255,1.0436060699842689,
2020-10-19,2020-10-16,GARCH-t,5256,1.0700496723460757,0.0
2020-10-19,2020-10-16,GJR-GARCH-t,5256,1.1478256829831703,0.0
2020-10-19,2020-10-16,EGARCH-t,5256,1.1757286231705464,0.0
2020-10-19,2020-10-16,EWMA,5256,1.1128255382868286,
2020-10-20,2020-10-19,GARCH-t,5257,1.0013469531145964,0.0
2020-10-20,2020-10-19,GJR-GARCH-t,5257,1.1079107215200075,0.0
2020-10-20,2020-10-19,EGARCH-t,5257,1.2230576441469245,0.0
2020-10-20,2020-10-19,EWMA,5257,1.06703485695728,
2020-10-21,2020-10-20,GARCH-t,5258,0.8971489981888755,0.0
2020-10-21,2020-10-20,GJR-GARCH-t,5258,1.0085923196665216,0.0
2020-10-21,2020-10-20,EGARCH-t,5258,1.1027397476584737,0.0
2020-10-21,2020-10-20,EWMA,5258,1.0033633523694065,
2020-10-22,2020-10-21,GARCH-t,5259,1.2342976856817902,0.0
2020-10-22,2020-10-21,GJR-GARCH-t,5259,1.5839293165121113,0.0
2020-10-22,2020-10-21,EGARCH-t,5259,1.6013942694813847,0.0
2020-10-22,2020-10-21,EWMA,5259,1.167170815859945,
2020-10-23,2020-10-22,GARCH-t,5260,1.103470352808542,0.0
2020-10-23,2020-10-22,GJR-GARCH-t,5260,1.4337334449045724,0.0
2020-10-23,2020-10-22,EGARCH-t,5260,1.436391449379512,0.0
2020-10-23,2020-10-22,EWMA,5260,1.0986601503404385,
2020-10-26,2020-10-23,GARCH-t,5261,1.1568935599074015,0.0
2020-10-26,2020-10-23,GJR-GARCH-t,5261,1.3004325969513837,0.0
2020-10-26,2020-10-23,EGARCH-t,5261,1.2741830262211526,0.0
2020-10-26,2020-10-23,EWMA,5261,1.131219320714689,
2020-10-27,2020-10-26,GARCH-t,5262,1.1959348189437318,0.0
2020-10-27,2020-10-26,GJR-GARCH-t,5262,1.4266061745063723,0.0
2020-10-27,2020-10-26,EGARCH-t,5262,1.5018777085485921,0.0
2020-10-27,2020-10-26,EWMA,5262,1.1458049238951409,
2020-10-28,2020-10-27,GARCH-t,5263,1.2098958082465299,0.0
2020-10-28,2020-10-27,GJR-GARCH-t,5263,1.5077177304395881,0.0
2020-10-28,2020-10-27,EGARCH-t,5263,1.700151956572852,0.0
2020-10-28,2020-10-27,EWMA,5263,1.1488229431329284,
2020-10-29,2020-10-28,GARCH-t,5264,1.8433748677975443,0.0
2020-10-29,2020-10-28,GJR-GARCH-t,5264,2.5552064107564334,0.0
2020-10-29,2020-10-28,EGARCH-t,5264,2.5416489550446677,0.0
2020-10-29,2020-10-28,EWMA,5264,1.480845299029406,
2020-10-30,2020-10-29,GARCH-t,5265,1.6364937359200191,0.0
2020-10-30,2020-10-29,GJR-GARCH-t,5265,2.29979895546091,0.0
2020-10-30,2020-10-29,EGARCH-t,5265,2.273893425949988,0.0
2020-10-30,2020-10-29,EWMA,5265,1.3920138352636913,
2020-11-02,2020-10-30,GARCH-t,5266,1.4568474557329292,0.0
2020-11-02,2020-10-30,GJR-GARCH-t,5266,2.0741933216113324,0.0
2020-11-02,2020-10-30,EGARCH-t,5266,2.0608974593234604,0.0
2020-11-02,2020-10-30,EWMA,5266,1.3088832866859628,
2020-11-03,2020-11-02,GARCH-t,5267,1.497420017016821,0.0
2020-11-03,2020-11-02,GJR-GARCH-t,5267,1.8731138675173507,0.0
2020-11-03,2020-11-02,EGARCH-t,5267,1.8195033744529283,0.0
2020-11-03,2020-11-02,EWMA,5267,1.345200539274569,
2020-11-04,2020-11-03,GARCH-t,5268,1.9013863426017974,0.0
2020-11-04,2020-11-03,GJR-GARCH-t,5268,1.6946615555308722,0.0
2020-11-04,2020-11-03,EGARCH-t,5268,1.5935045703609971,0.0
2020-11-04,2020-11-03,EWMA,5268,1.5829746238083229,
2020-11-05,2020-11-04,GARCH-t,5269,1.9776686301196003,0.0
2020-11-05,2020-11-04,GJR-GARCH-t,5269,1.5338436524277643,0.0
2020-11-05,2020-11-04,EGARCH-t,5269,1.4060543645576171,0.0
2020-11-05,2020-11-04,EWMA,5269,1.6521067111413026,
2020-11-06,2020-11-05,GARCH-t,5270,1.7681192409051025,0.0
2020-11-06,2020-11-05,GJR-GARCH-t,5270,1.389300245792325,0.0
2020-11-06,2020-11-05,EGARCH-t,5270,1.2606004027360596,0.0
2020-11-06,2020-11-05,EWMA,5270,1.562035702267903,
2020-11-09,2020-11-06,GARCH-t,5271,1.5711588279505437,0.0
2020-11-09,2020-11-06,GJR-GARCH-t,5271,1.2600157554292408,0.0
2020-11-09,2020-11-06,EGARCH-t,5271,1.1367709263688406,0.0
2020-11-09,2020-11-06,EWMA,5271,1.468561746623078,
2020-11-10,2020-11-09,GARCH-t,5272,3.6772800417058655,0.0
2020-11-10,2020-11-09,GJR-GARCH-t,5272,1.1506207243773083,0.0
2020-11-10,2020-11-09,EGARCH-t,5272,0.9696847003416478,0.0
2020-11-10,2020-11-09,EWMA,5272,2.6330653467297083,
2020-11-11,2020-11-10,GARCH-t,5273,3.583835462161954,0.0
2020-11-11,2020-11-10,GJR-GARCH-t,5273,1.048573250992411,0.0
2020-11-11,2020-11-10,EGARCH-t,5273,0.8619102533888227,0.0
2020-11-11,2020-11-10,EWMA,5273,2.6634867425457696,
2020-11-12,2020-11-11,GARCH-t,5274,3.3553465606956414,0.0
2020-11-12,2020-11-11,GJR-GARCH-t,5274,0.956997620508001,0.0
2020-11-12,2020-11-11,EGARCH-t,5274,0.7717988655728434,0.0
2020-11-12,2020-11-11,EWMA,5274,2.612054130674971,
2020-11-13,2020-11-12,GARCH-t,5275,3.0229865512494976,0.0
2020-11-13,2020-11-12,GJR-GARCH-t,5275,0.9576332849098642,0.0
2020-11-13,2020-11-12,EGARCH-t,5275,0.8567214165985974,0.0
2020-11-13,2020-11-12,EWMA,5275,2.483009443109162,
2020-11-16,2020-11-13,GARCH-t,5276,2.6918350042129093,0.0
2020-11-16,2020-11-13,GJR-GARCH-t,5276,0.8979253166307744,0.0
2020-11-16,2020-11-13,EGARCH-t,5276,0.858203859047352,0.0
2020-11-16,2020-11-13,EWMA,5276,2.3416152167711974,
2020-11-17,2020-11-16,GARCH-t,5277,2.6703048447530615,0.0
2020-11-17,2020-11-16,GJR-GARCH-t,5277,0.8230950660255202,0.0
2020-11-17,2020-11-16,EGARCH-t,5277,0.7664263037392354,0.0
2020-11-17,2020-11-16,EWMA,5277,2.363897550407922,
2020-11-18,2020-11-17,GARCH-t,5278,2.4581755001597267,0.0
2020-11-18,2020-11-17,GJR-GARCH-t,5278,0.8925397034876973,0.0
2020-11-18,2020-11-17,EGARCH-t,5278,0.9031746531129172,0.0
2020-11-18,2020-11-17,EWMA,5278,2.268098121734469,
2020-11-19,2020-11-18,GARCH-t,5279,2.186903063588826,0.0
2020-11-19,2020-11-18,GJR-GARCH-t,5279,0.816434227186414,0.0
2020-11-19,2020-11-18,EGARCH-t,5279,0.8143612981144743,0.0
2020-11-19,2020-11-18,EWMA,5279,2.1378585293303094,
2020-11-20,2020-11-19,GARCH-t,5280,2.0180051726171517,0.0
2020-11-20,2020-11-19,GJR-GARCH-t,5280,0.8635236181670933,0.0
2020-11-20,2020-11-19,EGARCH-t,5280,0.9300770301493988,0.0
2020-11-20,2020-11-19,EWMA,5280,2.047869613464114,
2020-11-23,2020-11-20,GARCH-t,5281,1.7970998249907664,0.0
2020-11-23,2020-11-20,GJR-GARCH-t,5281,0.7904985474908444,0.0
2020-11-23,2020-11-20,EGARCH-t,5281,0.8395249635320287,0.0
2020-11-23,2020-11-20,EWMA,5281,1.9293582388590524,
2020-11-24,2020-11-23,GARCH-t,5282,1.6077791400202066,0.0
2020-11-24,2020-11-23,GJR-GARCH-t,5282,0.739754002151566,0.0
2020-11-24,2020-11-23,EGARCH-t,5282,0.8254584834493505,0.0
2020-11-24,2020-11-23,EWMA,5282,1.8182694289477626,
2020-11-25,2020-11-24,GARCH-t,5283,1.6802132769403917,0.0
2020-11-25,2020-11-24,GJR-GARCH-t,5283,0.6812414515977157,0.0
2020-11-25,2020-11-24,EGARCH-t,5283,0.735533109174675,0.0
2020-11-25,2020-11-24,EWMA,5283,1.851770926479784,
2020-11-26,2020-11-25,GARCH-t,5284,1.5452953445548825,0.0
2020-11-26,2020-11-25,GJR-GARCH-t,5284,0.7020213963358184,0.0
2020-11-26,2020-11-25,EGARCH-t,5284,0.8121576382948522,0.0
2020-11-26,2020-11-25,EWMA,5284,1.7653194035904207,
2020-11-27,2020-11-26,GARCH-t,5285,1.4006094628396315,0.0
2020-11-27,2020-11-26,GJR-GARCH-t,5285,0.6820066926762484,0.0
2020-11-27,2020-11-26,EGARCH-t,5285,0.8381213528365966,0.0
2020-11-27,2020-11-26,EWMA,5285,1.6711336444543354,
2020-11-30,2020-11-27,GARCH-t,5286,1.2469361863759458,0.0
2020-11-30,2020-11-27,GJR-GARCH-t,5286,0.6280396513759221,0.0
2020-11-30,2020-11-27,EGARCH-t,5286,0.760438625925907,0.0
2020-11-30,2020-11-27,EWMA,5286,1.571192779737472,
2020-12-01,2020-11-30,GARCH-t,5287,1.414339612174463,0.0
2020-12-01,2020-11-30,GJR-GARCH-t,5287,1.0381269813356457,0.0
2020-12-01,2020-11-30,EGARCH-t,5287,1.1111526254820827,0.0
2020-12-01,2020-11-30,EWMA,5287,1.6315309891439327,
2020-12-02,2020-12-01,GARCH-t,5288,1.6322039559320205,0.0
2020-12-02,2020-12-01,GJR-GARCH-t,5288,0.9480478221217304,0.0
2020-12-02,2020-12-01,EGARCH-t,5288,0.98358948697383,0.0
2020-12-02,2020-12-01,EWMA,5288,1.74422560430135,
2020-12-03,2020-12-02,GARCH-t,5289,1.6072192388012394,0.0
2020-12-03,2020-12-02,GJR-GARCH-t,5289,0.86672036149511,0.0
2020-12-03,2020-12-02,EGARCH-t,5289,0.8783353439231729,0.0
2020-12-03,2020-12-02,EWMA,5289,1.7296234772690569,
2020-12-04,2020-12-03,GARCH-t,5290,1.4457655291561404,0.0
2020-12-04,2020-12-03,GJR-GARCH-t,5290,0.7936708624085267,0.0
2020-12-04,2020-12-03,EGARCH-t,5290,0.792027810094645,0.0
2020-12-04,2020-12-03,EWMA,5290,1.6361957325433245,
2020-12-07,2020-12-04,GARCH-t,5291,1.3732073698059875,0.0
2020-12-07,2020-12-04,GJR-GARCH-t,5291,0.7284301734038218,0.0
2020-12-07,2020-12-04,EGARCH-t,5291,0.7112577092071973,0.0
2020-12-07,2020-12-04,EWMA,5291,1.5886633444572775,
2020-12-08,2020-12-07,GARCH-t,5292,1.2241375824003982,0.0
2020-12-08,2020-12-07,GJR-GARCH-t,5292,0.6698416445684937,0.0
2020-12-08,2020-12-07,EGARCH-t,5292,0.6461448532339349,0.0
2020-12-08,2020-12-07,EWMA,5292,1.4937213379262269,
2020-12-09,2020-12-08,GARCH-t,5293,1.0923722649370828,0.0
2020-12-09,2020-12-08,GJR-GARCH-t,5293,0.6173252978134318,0.0
2020-12-09,2020-12-08,EGARCH-t,5293,0.5884304269663058,0.0
2020-12-09,2020-12-08,EWMA,5293,1.4042593673794423,
2020-12-10,2020-12-09,GARCH-t,5294,0.9761759036495509,0.0
2020-12-10,2020-12-09,GJR-GARCH-t,5294,0.5702497073387888,0.0
2020-12-10,2020-12-09,EGARCH-t,5294,0.536560774708415,0.0
2020-12-10,2020-12-09,EWMA,5294,1.3204253696320538,
2020-12-11,2020-12-10,GARCH-t,5295,0.9012284890257415,0.0
2020-12-11,2020-12-10,GJR-GARCH-t,5295,0.5282276925072364,0.0
2020-12-11,2020-12-10,EGARCH-t,5295,0.48616973814829006,0.0
2020-12-11,2020-12-10,EWMA,5295,1.2586535565701427,
2020-12-14,2020-12-11,GARCH-t,5296,0.8883023684410056,0.0
2020-12-14,2020-12-11,GJR-GARCH-t,5296,0.6081515524196656,0.0
2020-12-14,2020-12-11,EGARCH-t,5296,0.6014100902204018,0.0
2020-12-14,2020-12-11,EWMA,5296,1.2221411872167105,
2020-12-15,2020-12-14,GARCH-t,5297,0.8043598895084784,0.0
2020-12-15,2020-12-14,GJR-GARCH-t,5297,0.5722707564511675,0.0
2020-12-15,2020-12-14,EGARCH-t,5297,0.5940071016870865,0.0
2020-12-15,2020-12-14,EWMA,5297,1.151969694684552,
2020-12-16,2020-12-15,GARCH-t,5298,0.7339160168069839,0.0
2020-12-16,2020-12-15,GJR-GARCH-t,5298,0.5452281115799709,0.0
2020-12-16,2020-12-15,EGARCH-t,5298,0.5979081865253524,0.0
2020-12-16,2020-12-15,EWMA,5298,1.0876783260904528,
2020-12-17,2020-12-16,GARCH-t,5299,0.739920615301637,0.0
2020-12-17,2020-12-16,GJR-GARCH-t,5299,0.5060950534405503,0.0
2020-12-17,2020-12-16,EGARCH-t,5299,0.5380815241750327,0.0
2020-12-17,2020-12-16,EWMA,5299,1.068930049498337,
2020-12-18,2020-12-17,GARCH-t,5300,0.6788413353768864,0.0
2020-12-18,2020-12-17,GJR-GARCH-t,5300,0.48793081689005435,0.0
2020-12-18,2020-12-17,EGARCH-t,5300,0.5486185742971413,0.0
2020-12-18,2020-12-17,EWMA,5300,1.0102585353514475,
2020-12-21,2020-12-18,GARCH-t,5301,0.6277421582778162,0.0
2020-12-21,2020-12-18,GJR-GARCH-t,5301,0.4755015800099324,0.0
2020-12-21,2020-12-18,EGARCH-t,5301,0.5651080609146021,0.0
2020-12-21,2020-12-18,EWMA,5301,0.9563706359160816,
2020-12-22,2020-12-21,GARCH-t,5302,0.9241184789056649,0.0
2020-12-22,2020-12-21,GJR-GARCH-t,5302,0.9845126911209584,0.0
2020-12-22,2020-12-21,EGARCH-t,5302,0.9384383467246125,0.0
2020-12-22,2020-12-21,EWMA,5302,1.0815403555383414,
2020-12-23,2020-12-22,GARCH-t,5303,0.8603621616199413,0.0
2020-12-23,2020-12-22,GJR-GARCH-t,5303,0.8988354750236541,0.0
2020-12-23,2020-12-22,EGARCH-t,5303,0.8443705107226722,0.0
2020-12-23,2020-12-22,EWMA,5303,1.0363362354385832,
2020-12-24,2020-12-23,GARCH-t,5304,0.8151433010690055,0.0
2020-12-24,2020-12-23,GJR-GARCH-t,5304,0.822413104549898,0.0
2020-12-24,2020-12-23,EGARCH-t,5304,0.759824212320711,0.0
2020-12-24,2020-12-23,EWMA,5304,1.0001801199665463,
2020-12-29,2020-12-24,GARCH-t,5305,0.733377868916342,0.0
2020-12-29,2020-12-24,GJR-GARCH-t,5305,0.7539945199262134,0.0
2020-12-29,2020-12-24,EGARCH-t,5305,0.6908162739087549,0.0
2020-12-29,2020-12-24,EWMA,5305,0.9407331924210769,
2020-12-30,2020-12-29,GARCH-t,5306,0.9083695592955157,0.0
2020-12-30,2020-12-29,GJR-GARCH-t,5306,0.6933477078989524,0.0
2020-12-30,2020-12-29,EGARCH-t,5306,0.6143120201158764,0.0
2020-12-30,2020-12-29,EWMA,5306,1.02572661078971,
2020-12-31,2020-12-30,GARCH-t,5307,0.8779849098596976,0.0
2020-12-31,2020-12-30,GJR-GARCH-t,5307,0.7303073505855454,0.0
2020-12-31,2020-12-30,EGARCH-t,5307,0.7098356288050057,0.0
2020-12-31,2020-12-30,EWMA,5307,0.9946728488585924,
2021-01-04,2020-12-31,GARCH-t,5308,1.0385900446939165,0.0
2021-01-04,2020-12-31,GJR-GARCH-t,5308,1.0533555758804087,0.0
2021-01-04,2020-12-31,EGARCH-t,5308,1.0115893094314954,0.0
2021-01-04,2020-12-31,EWMA,5308,1.063650152441983,
2021-01-05,2021-01-04,GARCH-t,5309,1.2380545050458578,0.0
2021-01-05,2021-01-04,GJR-GARCH-t,5309,0.9619605724018707,0.0
2021-01-05,2021-01-04,EGARCH-t,5309,0.8969693820273361,0.0
2021-01-05,2021-01-04,EWMA,5309,1.1752003033110139,
2021-01-06,2021-01-05,GARCH-t,5310,1.141136400024524,0.0
2021-01-06,2021-01-05,GJR-GARCH-t,5310,0.8786539513428454,0.0
2021-01-06,2021-01-05,EGARCH-t,5310,0.8067964343455714,0.0
2021-01-06,2021-01-05,EWMA,5310,1.1272237771705658,
2021-01-07,2021-01-06,GARCH-t,5311,2.2855503777899147,0.0
2021-01-07,2021-01-06,GJR-GARCH-t,5311,0.8068340714221578,0.0
2021-01-07,2021-01-06,EGARCH-t,5311,0.7057834516130164,0.0
2021-01-07,2021-01-06,EWMA,5311,1.7586656667417309,
2021-01-08,2021-01-07,GARCH-t,5312,2.026346934792924,0.0
2021-01-08,2021-01-07,GJR-GARCH-t,5312,0.7396907221485505,0.0
2021-01-08,2021-01-07,EGARCH-t,5312,0.6383282807373587,0.0
2021-01-08,2021-01-07,EWMA,5312,1.6560618086616792,
2021-01-11,2021-01-08,GARCH-t,5313,1.8010863603745242,0.0
2021-01-11,2021-01-08,GJR-GARCH-t,5313,0.6796922865532726,0.0
2021-01-11,2021-01-08,EGARCH-t,5313,0.5784421330060661,0.0
2021-01-11,2021-01-08,EWMA,5313,1.560080433510691,
2021-01-12,2021-01-11,GARCH-t,5314,1.7430782993758305,0.0
2021-01-12,2021-01-11,GJR-GARCH-t,5314,0.842248592131997,0.0
2021-01-12,2021-01-11,EGARCH-t,5314,0.7697504014116954,0.0
2021-01-12,2021-01-11,EWMA,5314,1.538316125514947,
2021-01-13,2021-01-12,GARCH-t,5315,1.6028358428252316,0.0
2021-01-13,2021-01-12,GJR-GARCH-t,5315,0.8498752164493256,0.0
2021-01-13,2021-01-12,EGARCH-t,5315,0.8495951550886441,0.0
2021-01-13,2021-01-12,EWMA,5315,1.4717764031060516,
2021-01-14,2021-01-13,GARCH-t,5316,1.4292966999959285,0.0
2021-01-14,2021-01-13,GJR-GARCH-t,5316,0.7815686189516082,0.0
2021-01-14,2021-01-13,EGARCH-t,5316,0.7998175839580604,0.0
2021-01-14,2021-01-13,EWMA,5316,1.3844438578562979,
2021-01-15,2021-01-14,GARCH-t,5317,1.3431627905210313,0.0
2021-01-15,2021-01-14,GJR-GARCH-t,5317,0.7173200695146639,0.0
2021-01-15,2021-01-14,EGARCH-t,5317,0.7185320637250457,0.0
2021-01-15,2021-01-14,EWMA,5317,1.343121302520939,
2021-01-18,2021-01-15,GARCH-t,5318,1.3129042645717353,0.0
2021-01-18,2021-01-15,GJR-GARCH-t,5318,0.8331081075994318,0.0
2021-01-18,2021-01-15,EGARCH-t,5318,0.8829876684756905,0.0
2021-01-18,2021-01-15,EWMA,5318,1.320098280920295,
2021-01-19,2021-01-18,GARCH-t,5319,1.1790122626640764,0.0
2021-01-19,2021-01-18,GJR-GARCH-t,5319,0.7728893547594228,0.0
2021-01-19,2021-01-18,EGARCH-t,5319,0.8525991456742346,0.0
2021-01-19,2021-01-18,EWMA,5319,1.2438745809877583,
2021-01-20,2021-01-19,GARCH-t,5320,1.0561107017827924,0.0
2021-01-20,2021-01-19,GJR-GARCH-t,5320,0.712233587853024,0.0
2021-01-20,2021-01-19,EGARCH-t,5320,0.8005366563730408,0.0
2021-01-20,2021-01-19,EWMA,5320,1.1700306457414367,
2021-01-21,2021-01-20,GARCH-t,5321,0.9599454319562589,0.0
2021-01-21,2021-01-20,GJR-GARCH-t,5321,0.6552773988846399,0.0
2021-01-21,2021-01-20,EGARCH-t,5321,0.7234032756944575,0.0
2021-01-21,2021-01-20,EWMA,5321,1.1097839240070373,
2021-01-22,2021-01-21,GARCH-t,5322,0.8791348337442382,0.0
2021-01-22,2021-01-21,GJR-GARCH-t,5322,0.6300730069998153,0.0
2021-01-22,2021-01-21,EGARCH-t,5322,0.7384737049268113,0.0
2021-01-22,2021-01-21,EWMA,5322,1.0514815206114458,
2021-01-25,2021-01-22,GARCH-t,5323,0.8020572691022918,0.0
2021-01-25,2021-01-22,GJR-GARCH-t,5323,0.5990545831319667,0.0
2021-01-25,2021-01-22,EGARCH-t,5323,0.7374809394405752,0.0
2021-01-25,2021-01-22,EWMA,5323,0.9938919074793322,
2021-01-26,2021-01-25,GARCH-t,5324,0.80816624681559,0.0
2021-01-26,2021-01-25,GJR-GARCH-t,5324,0.682602561942874,0.0
2021-01-26,2021-01-25,EGARCH-t,5324,0.8654482490701731,0.0
2021-01-26,2021-01-25,EWMA,5324,0.9768938707293164,
2021-01-27,2021-01-26,GARCH-t,5325,0.7303557035518878,0.0
2021-01-27,2021-01-26,GJR-GARCH-t,5325,0.6287572474833937,0.0
2021-01-27,2021-01-26,EGARCH-t,5325,0.7834205432956622,0.0
2021-01-27,2021-01-26,EWMA,5325,0.9213771704059313,
2021-01-28,2021-01-27,GARCH-t,5326,0.8610685928921329,0.0
2021-01-28,2021-01-27,GJR-GARCH-t,5326,0.8884157031419102,0.0
2021-01-28,2021-01-27,EGARCH-t,5326,1.0435936153653658,0.0
2021-01-28,2021-01-27,EWMA,5326,0.9690633147582703,
2021-01-29,2021-01-28,GARCH-t,5327,0.8231376930388077,0.0
2021-01-29,2021-01-28,GJR-GARCH-t,5327,0.8848968068352826,0.0
2021-01-29,2021-01-28,EGARCH-t,5327,1.1080641208404123,0.0
2021-01-29,2021-01-28,EWMA,5327,0.9346815830104388,
2021-02-01,2021-01-29,GARCH-t,5328,1.1283150631845855,0.0
2021-02-01,2021-01-29,GJR-GARCH-t,5328,1.413418659804016,0.0
2021-02-01,2021-01-29,EGARCH-t,5328,1.570941257254654,0.0
2021-02-01,2021-01-29,EWMA,5328,1.0807596117658287,
2021-02-02,2021-02-01,GARCH-t,5329,1.0935098378857997,0.0
2021-02-02,2021-02-01,GJR-GARCH-t,5329,1.281920982360922,0.0
2021-02-02,2021-02-01,EGARCH-t,5329,1.3982748854220297,0.0
2021-02-02,2021-02-01,EWMA,5329,1.0661513241020806,
2021-02-03,2021-02-02,GARCH-t,5330,1.037982760853233,0.0
2021-02-03,2021-02-02,GJR-GARCH-t,5330,1.16439271214669,0.0
2021-02-03,2021-02-02,EGARCH-t,5330,1.2484122765285153,0.0
2021-02-03,2021-02-02,EWMA,5330,1.0382068976221392,
2021-02-04,2021-02-03,GARCH-t,5331,0.9331450502502227,0.0
2021-02-04,2021-02-03,GJR-GARCH-t,5331,1.0630231698610415,0.0
2021-02-04,2021-02-03,EGARCH-t,5331,1.164274358438459,0.0
2021-02-04,2021-02-03,EWMA,5331,0.977035230266613,
2021-02-05,2021-02-04,GARCH-t,5332,0.8386234806328712,0.0
2021-02-05,2021-02-04,GJR-GARCH-t,5332,0.9697857934747928,0.0
2021-02-05,2021-02-04,EGARCH-t,5332,1.0696767646445595,0.0
2021-02-05,2021-02-04,EWMA,5332,0.9186513711598971,
2021-02-08,2021-02-05,GARCH-t,5333,0.7616825111276154,0.0
2021-02-08,2021-02-05,GJR-GARCH-t,5333,0.895091674253832,0.0
2021-02-08,2021-02-05,EGARCH-t,5333,1.0243156413905834,0.0
2021-02-08,2021-02-05,EWMA,5333,0.8664803824791163,
2021-02-09,2021-02-08,GARCH-t,5334,0.7123579506457735,0.0
2021-02-09,2021-02-08,GJR-GARCH-t,5334,0.8189597589397837,0.0
2021-02-09,2021-02-08,EGARCH-t,5334,0.9213184165913294,0.0
2021-02-09,2021-02-08,EWMA,5334,0.8310694366909769,
2021-02-10,2021-02-09,GARCH-t,5335,0.643551339172164,0.0
2021-02-10,2021-02-09,GJR-GARCH-t,5335,0.7508165840023139,0.0
2021-02-10,2021-02-09,EGARCH-t,5335,0.8344181283160836,0.0
2021-02-10,2021-02-09,EWMA,5335,0.7821291842826746,
2021-02-11,2021-02-10,GARCH-t,5336,0.5845342751118493,0.0
2021-02-11,2021-02-10,GJR-GARCH-t,5336,0.6923771380798776,0.0
2021-02-11,2021-02-10,EGARCH-t,5336,0.783335449789545,0.0
2021-02-11,2021-02-10,EWMA,5336,0.7359313605164356,
2021-02-12,2021-02-11,GARCH-t,5337,0.5299677852536908,0.0
2021-02-12,2021-02-11,GJR-GARCH-t,5337,0.6374900386782906,0.0
2021-02-12,2021-02-11,EGARCH-t,5337,0.7115136344743225,0.0
2021-02-12,2021-02-11,EWMA,5337,0.6920359622689255,
2021-02-15,2021-02-12,GARCH-t,5338,0.5706062988915949,0.0
2021-02-15,2021-02-12,GJR-GARCH-t,5338,0.5886875267184358,0.0
2021-02-15,2021-02-12,EGARCH-t,5338,0.6393800208598208,0.0
2021-02-15,2021-02-12,EWMA,5338,0.7025764258212867,
2021-02-16,2021-02-15,GARCH-t,5339,1.1793322537310247,0.0
2021-02-16,2021-02-15,GJR-GARCH-t,5339,0.5469972954206312,0.0
2021-02-16,2021-02-15,EGARCH-t,5339,0.5617634094994082,0.0
2021-02-16,2021-02-15,EWMA,5339,1.0331107783592888,
2021-02-17,2021-02-16,GARCH-t,5340,1.0564830877297378,0.0
2021-02-17,2021-02-16,GJR-GARCH-t,5340,0.5098873628678893,0.0
2021-02-17,2021-02-16,EGARCH-t,5340,0.5344352198090757,0.0
2021-02-17,2021-02-16,EWMA,5340,0.9718063300655755,
2021-02-18,2021-02-17,GARCH-t,5341,0.9866040916446089,0.0
2021-02-18,2021-02-17,GJR-GARCH-t,5341,0.5325362839754019,0.0
2021-02-18,2021-02-17,EGARCH-t,5341,0.5977404878869818,0.0
2021-02-18,2021-02-17,EWMA,5341,0.9326274468735043,
2021-02-19,2021-02-18,GARCH-t,5342,1.1143234534122106,0.0
2021-02-19,2021-02-18,GJR-GARCH-t,5342,0.8468977142244086,0.0
2021-02-19,2021-02-18,EGARCH-t,5342,0.8714340340790929,0.0
2021-02-19,2021-02-18,EWMA,5342,0.9952918776890193,
2021-02-22,2021-02-19,GARCH-t,5343,0.9977421290225281,0.0
2021-02-22,2021-02-19,GJR-GARCH-t,5343,0.7761474128807305,0.0
2021-02-22,2021-02-19,EGARCH-t,5343,0.7908966772182352,0.0
2021-02-22,2021-02-19,EWMA,5343,0.9362072860073101,
2021-02-23,2021-02-22,GARCH-t,5344,0.900180442767783,0.0
2021-02-23,2021-02-22,GJR-GARCH-t,5344,0.7191414235735698,0.0
2021-02-23,2021-02-22,EGARCH-t,5344,0.7592823757754168,0.0
2021-02-23,2021-02-22,EWMA,5344,0.881942216684294,
2021-02-24,2021-02-23,GARCH-t,5345,0.8121558201894984,0.0
2021-02-24,2021-02-23,GJR-GARCH-t,5345,0.6619529081272705,0.0
2021-02-24,2021-02-23,EGARCH-t,5345,0.6894354822364647,0.0
2021-02-24,2021-02-23,EWMA,5345,0.8315959776112949,
2021-02-25,2021-02-24,GARCH-t,5346,0.7544619165692604,0.0
2021-02-25,2021-02-24,GJR-GARCH-t,5346,0.6107895591429013,0.0
2021-02-25,2021-02-24,EGARCH-t,5346,0.6238034613720805,0.0
2021-02-25,2021-02-24,EWMA,5346,0.796599146779248,
2021-02-26,2021-02-25,GARCH-t,5347,0.6830080215212241,0.0
2021-02-26,2021-02-25,GJR-GARCH-t,5347,0.5672455452744756,0.0
2021-02-26,2021-02-25,EGARCH-t,5347,0.5910289507284817,0.0
2021-02-26,2021-02-25,EWMA,5347,0.7494669197000852,
2021-03-01,2021-02-26,GARCH-t,5348,1.3588721435338376,0.0
2021-03-01,2021-02-26,GJR-GARCH-t,5348,1.6879619543020628,0.0
2021-03-01,2021-02-26,EGARCH-t,5348,1.269205616443696,0.0
2021-03-01,2021-02-26,EWMA,5348,1.099945636373551,
2021-03-02,2021-03-01,GARCH-t,5349,1.4828869283665214,0.0
2021-03-02,2021-03-01,GJR-GARCH-t,5349,1.53149577489777,0.0
2021-03-02,2021-03-01,EGARCH-t,5349,1.1239986242648485,0.0
2021-03-02,2021-03-01,EWMA,5349,1.1891013955803778,
2021-03-03,2021-03-02,GARCH-t,5350,1.3348011861956919,0.0
2021-03-03,2021-03-02,GJR-GARCH-t,5350,1.388210671597828,0.0
2021-03-03,2021-03-02,EGARCH-t,5350,1.0119404671774002,0.0
2021-03-03,2021-03-02,EWMA,5350,1.1265687925991699,
2021-03-04,2021-03-03,GARCH-t,5351,1.2783040604883165,0.0
2021-03-04,2021-03-03,GJR-GARCH-t,5351,1.2611492510670939,0.0
2021-03-04,2021-03-03,EGARCH-t,5351,0.905493012954586,0.0
2021-03-04,2021-03-03,EWMA,5351,1.1107098924217242,
2021-03-05,2021-03-04,GARCH-t,5352,1.1608385909652308,0.0
2021-03-05,2021-03-04,GJR-GARCH-t,5352,1.1723108331546837,0.0
2021-03-05,2021-03-04,EGARCH-t,5352,0.9098449537863829,0.0
2021-03-05,2021-03-04,EWMA,5352,1.0522455455842032,
2021-03-08,2021-03-05,GARCH-t,5353,1.0524384154314932,0.0
2021-03-08,2021-03-05,GJR-GARCH-t,5353,1.0854277975131938,0.0
2021-03-08,2021-03-05,EGARCH-t,5353,0.8990380628687017,0.0
2021-03-08,2021-03-05,EWMA,5353,0.9947729501280612,
2021-03-09,2021-03-08,GARCH-t,5354,1.1238278753555064,0.0
2021-03-09,2021-03-08,GJR-GARCH-t,5354,0.9906187929080275,0.0
2021-03-09,2021-03-08,EGARCH-t,5354,0.8004928019652301,0.0
2021-03-09,2021-03-08,EWMA,5354,1.0408062639126594,
2021-03-10,2021-03-09,GARCH-t,5355,1.008466051017459,0.0
2021-03-10,2021-03-09,GJR-GARCH-t,5355,0.9053009978658987,0.0
2021-03-10,2021-03-09,EGARCH-t,5355,0.7270516236391855,0.0
2021-03-10,2021-03-09,EWMA,5355,0.980022139562352,
2021-03-11,2021-03-10,GARCH-t,5356,0.906439817019141,0.0
2021-03-11,2021-03-10,GJR-GARCH-t,5356,0.8300378402152679,0.0
2021-03-11,2021-03-10,EGARCH-t,5356,0.6787609926753717,0.0
2021-03-11,2021-03-10,EWMA,5356,0.9215135817147775,
2021-03-12,2021-03-11,GARCH-t,5357,0.8169078722224951,0.0
2021-03-12,2021-03-11,GJR-GARCH-t,5357,0.7614697227631028,0.0
2021-03-12,2021-03-11,EGARCH-t,5357,0.6181214575001862,0.0
2021-03-12,2021-03-11,EWMA,5357,0.8679436675486869,
2021-03-15,2021-03-12,GARCH-t,5358,0.7473126775541589,0.0
2021-03-15,2021-03-12,GJR-GARCH-t,5358,0.7000066191098688,0.0
2021-03-15,2021-03-12,EGARCH-t,5358,0.5615278520363675,0.0
2021-03-15,2021-03-12,EWMA,5358,0.8237733484627843,
2021-03-16,2021-03-15,GARCH-t,5359,0.6795850835885215,0.0
2021-03-16,2021-03-15,GJR-GARCH-t,5359,0.6508432164721393,0.0
2021-03-16,2021-03-15,EGARCH-t,5359,0.5472185565025739,0.0
2021-03-16,2021-03-15,EWMA,5359,0.7761774623454315,
2021-03-17,2021-03-16,GARCH-t,5360,0.6769656382259671,0.0
2021-03-17,2021-03-16,GJR-GARCH-t,5360,0.6010575713053836,0.0
2021-03-17,2021-03-16,EGARCH-t,5360,0.49354577282934553,0.0
2021-03-17,2021-03-16,EWMA,5360,0.7675646690214692,
2021-03-18,2021-03-17,GARCH-t,5361,0.6577999297299358,0.0
2021-03-18,2021-03-17,GJR-GARCH-t,5361,0.6219906729939401,0.0
2021-03-18,2021-03-17,EGARCH-t,5361,0.5650829194324503,0.0
2021-03-18,2021-03-17,EWMA,5361,0.7433248016640736,
2021-03-19,2021-03-18,GARCH-t,5362,0.6003744861665994,0.0
2021-03-19,2021-03-18,GJR-GARCH-t,5362,0.5749396862793984,0.0
2021-03-19,2021-03-18,EGARCH-t,5362,0.5150779932126768,0.0
2021-03-19,2021-03-18,EWMA,5362,0.7025072849700144,
2021-03-22,2021-03-19,GARCH-t,5363,0.6756819423157192,0.0
2021-03-22,2021-03-19,GJR-GARCH-t,5363,0.7303218137704205,0.0
2021-03-22,2021-03-19,EGARCH-t,5363,0.6878758243822782,0.0
2021-03-22,2021-03-19,EWMA,5363,0.7268558400092318,
2021-03-23,2021-03-22,GARCH-t,5364,0.6167572839219722,0.0
2021-03-23,2021-03-22,GJR-GARCH-t,5364,0.6721641094782922,0.0
2021-03-23,2021-03-22,EGARCH-t,5364,0.6252378806069989,0.0
2021-03-23,2021-03-22,EWMA,5364,0.6872702036174214,
2021-03-24,2021-03-23,GARCH-t,5365,0.5807568640162287,0.0
2021-03-24,2021-03-23,GJR-GARCH-t,5365,0.649515138306681,0.0
2021-03-24,2021-03-23,EGARCH-t,5365,0.6518923695773154,0.0
2021-03-24,2021-03-23,EWMA,5365,0.6556693036546193,
2021-03-25,2021-03-24,GARCH-t,5366,0.5306332457839559,0.0
2021-03-25,2021-03-24,GJR-GARCH-t,5366,0.5997501629926808,0.0
2021-03-25,2021-03-24,EGARCH-t,5366,0.5935544547667028,0.0
2021-03-25,2021-03-24,EWMA,5366,0.6188331812227603,
2021-03-26,2021-03-25,GARCH-t,5367,0.5241628494725508,0.0
2021-03-26,2021-03-25,GJR-GARCH-t,5367,0.6137281811319003,0.0
2021-03-26,2021-03-25,EGARCH-t,5367,0.6569587607001705,0.0
2021-03-26,2021-03-25,EWMA,5367,0.6011412915852937,
2021-03-29,2021-03-26,GARCH-t,5368,0.5745130770034523,0.0
2021-03-29,2021-03-26,GJR-GARCH-t,5368,0.5679075579985158,0.0
2021-03-29,2021-03-26,EGARCH-t,5368,0.5895917133186287,0.0
2021-03-29,2021-03-26,EWMA,5368,0.622811462757067,
2021-03-30,2021-03-29,GARCH-t,5369,0.5235774764205418,0.0
2021-03-30,2021-03-29,GJR-GARCH-t,5369,0.527597848668002,0.0
2021-03-30,2021-03-29,EGARCH-t,5369,0.5528806009486995,0.0
2021-03-30,2021-03-29,EWMA,5369,0.585698588669575,
2021-03-31,2021-03-30,GARCH-t,5370,0.5036683271328717,0.0
2021-03-31,2021-03-30,GJR-GARCH-t,5370,0.4905629733076968,0.0
2021-03-31,2021-03-30,EGARCH-t,5370,0.5012560453514127,0.0
2021-03-31,2021-03-30,EWMA,5370,0.567507793724366,
2021-04-01,2021-03-31,GARCH-t,5371,0.5498611698728831,0.0
2021-04-01,2021-03-31,GJR-GARCH-t,5371,0.591877353028179,0.0
2021-04-01,2021-03-31,EGARCH-t,5371,0.6297475064791201,0.0
2021-04-01,2021-03-31,EWMA,5371,0.5786201845131081,
2021-04-06,2021-04-01,GARCH-t,5372,0.5112626700149157,0.0
2021-04-06,2021-04-01,GJR-GARCH-t,5372,0.5481641169882621,0.0
2021-04-06,2021-04-01,EGARCH-t,5372,0.5720612032894131,0.0
2021-04-06,2021-04-01,EWMA,5372,0.5513536449077463,
2021-04-07,2021-04-06,GARCH-t,5373,0.6318450284831366,0.0
2021-04-07,2021-04-06,GJR-GARCH-t,5373,0.5093477898816781,0.0
2021-04-07,2021-04-06,EGARCH-t,5373,0.5110303961770357,0.0
2021-04-07,2021-04-06,EWMA,5373,0.6154733711986754,
2021-04-08,2021-04-07,GARCH-t,5374,0.6532158711783661,0.0
2021-04-08,2021-04-07,GJR-GARCH-t,5374,0.4744440981813114,0.0
2021-04-08,2021-04-07,EGARCH-t,5374,0.4602343591007605,0.0
2021-04-08,2021-04-07,EWMA,5374,0.6271608431310599,
2021-04-09,2021-04-08,GARCH-t,5375,0.6582352322744821,0.0
2021-04-09,2021-04-08,GJR-GARCH-t,5375,0.4431790179221387,0.0
2021-04-09,2021-04-08,EGARCH-t,5375,0.4155736892161475,0.0
2021-04-09,2021-04-08,EWMA,5375,0.6301717171986683,
2021-04-12,2021-04-09,GARCH-t,5376,0.6156308375128625,0.0
2021-04-12,2021-04-09,GJR-GARCH-t,5376,0.4416844061533615,0.0
2021-04-12,2021-04-09,EGARCH-t,5376,0.44583668125599735,0.0
2021-04-12,2021-04-09,EWMA,5376,0.6010716895158588,
2021-04-13,2021-04-12,GARCH-t,5377,0.5786374556212606,0.0
2021-04-13,2021-04-12,GJR-GARCH-t,5377,0.44112588975672123,0.0
2021-04-13,2021-04-12,EGARCH-t,5377,0.47631171552958246,0.0
2021-04-13,2021-04-12,EWMA,5377,0.5739849579938199,
2021-04-14,2021-04-13,GARCH-t,5378,0.5261694280843477,0.0
2021-04-14,2021-04-13,GJR-GARCH-t,5378,0.41303603395710825,0.0
2021-04-14,2021-04-13,EGARCH-t,5378,0.437445556344535,0.0
2021-04-14,2021-04-13,EWMA,5378,0.5395706309414722,
2021-04-15,2021-04-14,GARCH-t,5379,0.5284386166731165,0.0
2021-04-15,2021-04-14,GJR-GARCH-t,5379,0.3881175013117041,0.0
2021-04-15,2021-04-14,EGARCH-t,5379,0.3960271894769935,0.0
2021-04-15,2021-04-14,EWMA,5379,0.5374466422373625,
2021-04-16,2021-04-15,GARCH-t,5380,0.5195346200159806,0.0
2021-04-16,2021-04-15,GJR-GARCH-t,5380,0.3657456923443196,0.0
2021-04-16,2021-04-15,EGARCH-t,5380,0.3595127664434945,0.0
2021-04-16,2021-04-15,EWMA,5380,0.5290597831704777,
2021-04-19,2021-04-16,GARCH-t,5381,0.49821070019039354,0.0
2021-04-19,2021-04-16,GJR-GARCH-t,5381,0.34562344058955685,0.0
2021-04-19,2021-04-16,EGARCH-t,5381,0.3275490564055872,0.0
2021-04-19,2021-04-16,EWMA,5381,0.5131788548499124,
2021-04-20,2021-04-19,GARCH-t,5382,0.46620266814015676,0.0
2021-04-20,2021-04-19,GJR-GARCH-t,5382,0.3418877423686242,0.0
2021-04-20,2021-04-19,EGARCH-t,5382,0.3434145232842211,0.0
2021-04-20,2021-04-19,EWMA,5382,0.4869836961663441,
2021-04-21,2021-04-20,GARCH-t,5383,0.8896347793306949,0.0
2021-04-21,2021-04-20,GJR-GARCH-t,5383,1.0429176770146997,0.0
2021-04-21,2021-04-20,EGARCH-t,5383,0.7647568606652335,0.0
2021-04-21,2021-04-20,EWMA,5383,0.7033552206783813,
2021-04-22,2021-04-21,GARCH-t,5384,0.8244399078667201,0.0
2021-04-22,2021-04-21,GJR-GARCH-t,5384,0.951787540168038,0.0
2021-04-22,2021-04-21,EGARCH-t,5384,0.6908331770179809,0.0
2021-04-22,2021-04-21,EWMA,5384,0.6770497475930707,
2021-04-23,2021-04-22,GARCH-t,5385,0.779261864009879,0.0
2021-04-23,2021-04-22,GJR-GARCH-t,5385,0.8706694059420879,0.0
2021-04-23,2021-04-22,EGARCH-t,5385,0.623841633473102,0.0
2021-04-23,2021-04-22,EWMA,5385,0.6595087060794517,
2021-04-26,2021-04-23,GARCH-t,5386,0.7033230125478668,0.0
2021-04-26,2021-04-23,GJR-GARCH-t,5386,0.7979219581030754,0.0
2021-04-26,2021-04-23,EGARCH-t,5386,0.57090501751435,0.0
2021-04-26,2021-04-23,EWMA,5386,0.6199401768668896,
2021-04-27,2021-04-26,GARCH-t,5387,0.6468556164633799,0.0
2021-04-27,2021-04-26,GJR-GARCH-t,5387,0.7330703256310418,0.0
2021-04-27,2021-04-26,EGARCH-t,5387,0.5193896675511811,0.0
2021-04-27,2021-04-26,EWMA,5387,0.5901980938229675,
2021-04-28,2021-04-27,GARCH-t,5388,0.5964593814463998,0.0
2021-04-28,2021-04-27,GJR-GARCH-t,5388,0.6877808663264942,0.0
2021-04-28,2021-04-27,EGARCH-t,5388,0.5236532950768708,0.0
2021-04-28,2021-04-27,EWMA,5388,0.5588509966899324,
2021-04-29,2021-04-28,GARCH-t,5389,0.5477926790424892,0.0
2021-04-29,2021-04-28,GJR-GARCH-t,5389,0.6345502108330566,0.0
2021-04-29,2021-04-28,EGARCH-t,5389,0.4778680764086669,0.0
2021-04-29,2021-04-28,EWMA,5389,0.5296583505425447,
2021-04-30,2021-04-29,GARCH-t,5390,0.49980206588450093,0.0
2021-04-30,2021-04-29,GJR-GARCH-t,5390,0.5871814318929852,0.0
2021-04-30,2021-04-29,EGARCH-t,5390,0.4457035579386296,0.0
2021-04-30,2021-04-29,EWMA,5390,0.4979387638561266,
2021-05-04,2021-04-30,GARCH-t,5391,0.4574692543455876,0.0
2021-05-04,2021-04-30,GJR-GARCH-t,5391,0.5443968773697749,0.0
2021-05-04,2021-04-30,EGARCH-t,5391,0.4090775126016865,0.0
2021-05-04,2021-04-30,EWMA,5391,0.46891428936847623,
2021-05-05,2021-05-04,GARCH-t,5392,0.47432756752473515,0.0
2021-05-05,2021-05-04,GJR-GARCH-t,5392,0.5860865791799498,0.0
2021-05-05,2021-05-04,EGARCH-t,5392,0.49275036023461116,0.0
2021-05-05,2021-05-04,EWMA,5392,0.4677808753723044,
2021-05-06,2021-05-05,GARCH-t,5393,0.7182049252208929,0.0
2021-05-06,2021-05-05,GJR-GARCH-t,5393,0.5439185462547087,0.0
2021-05-06,2021-05-05,EGARCH-t,5393,0.43686979760960276,0.0
2021-05-06,2021-05-05,EWMA,5393,0.6056598764763252,
2021-05-07,2021-05-06,GARCH-t,5394,0.6745655775270266,0.0
2021-05-07,2021-05-06,GJR-GARCH-t,5394,0.5056438219006765,0.0
2021-05-07,2021-05-06,EGARCH-t,5394,0.3972820442199127,0.0
2021-05-07,2021-05-06,EWMA,5394,0.585721747878964,
2021-05-10,2021-05-07,GARCH-t,5395,0.6657080866134211,0.0
2021-05-10,2021-05-07,GJR-GARCH-t,5395,0.47136326268846085,0.0
2021-05-10,2021-05-07,EGARCH-t,5395,0.35975226313990694,0.0
2021-05-10,2021-05-07,EWMA,5395,0.5846181162016021,
2021-05-11,2021-05-10,GARCH-t,5396,0.6051042912979557,0.0
2021-05-11,2021-05-10,GJR-GARCH-t,5396,0.4420777387120621,0.0
2021-05-11,2021-05-10,EGARCH-t,5396,0.3452915347851907,0.0
2021-05-11,2021-05-10,EWMA,5396,0.5499663110552783,
2021-05-12,2021-05-11,GARCH-t,5397,1.2452603090410583,0.0
2021-05-12,2021-05-11,GJR-GARCH-t,5397,1.496172376507355,0.0
2021-05-12,2021-05-11,EGARCH-t,5397,0.9388900003184233,0.0
2021-05-12,2021-05-11,EWMA,5397,0.8911717280634364,
2021-05-13,2021-05-12,GARCH-t,5398,1.1781700072268642,0.0
2021-05-13,2021-05-12,GJR-GARCH-t,5398,1.3589775757370512,0.0
2021-05-13,2021-05-12,EGARCH-t,5398,0.8426050322782657,0.0
2021-05-13,2021-05-12,EWMA,5398,0.8771962384370836,
2021-05-14,2021-05-13,GARCH-t,5399,1.0982167299328498,0.0
2021-05-14,2021-05-13,GJR-GARCH-t,5399,1.2983751779664547,0.0
2021-05-14,2021-05-13,EGARCH-t,5399,0.9041579999417311,0.0
2021-05-14,2021-05-13,EWMA,5399,0.8455469920451837,
2021-05-17,2021-05-14,GARCH-t,5400,1.1169579934373597,0.0
2021-05-17,2021-05-14,GJR-GARCH-t,5400,1.1830422504036089,0.0
2021-05-17,2021-05-14,EGARCH-t,5400,0.8086739645056541,0.0
2021-05-17,2021-05-14,EWMA,5400,0.873694910859413,
2021-05-18,2021-05-17,GARCH-t,5401,1.0053154445949606,0.0
2021-05-18,2021-05-17,GJR-GARCH-t,5401,1.083279411546081,0.0
2021-05-18,2021-05-17,EGARCH-t,5401,0.7697962171111862,0.0
2021-05-18,2021-05-17,EWMA,5401,0.8226599894384077,
2021-05-19,2021-05-18,GARCH-t,5402,0.9032552184137597,0.0
2021-05-19,2021-05-18,GJR-GARCH-t,5402,0.9895361196240821,0.0
2021-05-19,2021-05-18,EGARCH-t,5402,0.7013179612834427,0.0
2021-05-19,2021-05-18,EWMA,5402,0.7733208962403768,
2021-05-20,2021-05-19,GARCH-t,5403,0.9791436582485843,0.0
2021-05-20,2021-05-19,GJR-GARCH-t,5403,1.1573988903695025,0.0
2021-05-20,2021-05-19,EGARCH-t,5403,0.9229802183018594,0.0
2021-05-20,2021-05-19,EWMA,5403,0.8135165914353212,
2021-05-21,2021-05-20,GARCH-t,5404,0.9783183584176962,0.0
2021-05-21,2021-05-20,GJR-GARCH-t,5404,1.0565100470174724,0.0
2021-05-21,2021-05-20,EGARCH-t,5404,0.8265827099058521,0.0
2021-05-21,2021-05-20,EWMA,5404,0.8242771898574714,
2021-05-24,2021-05-21,GARCH-t,5405,0.879954098105564,0.0
2021-05-24,2021-05-21,GJR-GARCH-t,5405,0.965920118083792,0.0
2021-05-24,2021-05-21,EGARCH-t,5405,0.7593576348847871,0.0
2021-05-24,2021-05-21,EWMA,5405,0.7748557432675235,
2021-05-25,2021-05-24,GARCH-t,5406,0.8130859974627428,0.0
2021-05-25,2021-05-24,GJR-GARCH-t,5406,0.8846133330576811,0.0
2021-05-25,2021-05-24,EGARCH-t,5406,0.6869499907895484,0.0
2021-05-25,2021-05-24,EWMA,5406,0.7419704721020908,
2021-05-26,2021-05-25,GARCH-t,5407,0.7470056965727276,0.0
2021-05-26,2021-05-25,GJR-GARCH-t,5407,0.829309637812764,0.0
2021-05-26,2021-05-25,EGARCH-t,5407,0.6914093181878742,0.0
2021-05-26,2021-05-25,EWMA,5407,0.703204588853078,
2021-05-27,2021-05-26,GARCH-t,5408,0.676180067698731,0.0
2021-05-27,2021-05-26,GJR-GARCH-t,5408,0.7625403217666691,0.0
2021-05-27,2021-05-26,EGARCH-t,5408,0.6414695396442,0.0
2021-05-27,2021-05-26,EWMA,5408,0.6611144571467023,
2021-05-28,2021-05-27,GARCH-t,5409,0.6150108001860322,0.0
2021-05-28,2021-05-27,GJR-GARCH-t,5409,0.7043350572456264,0.0
2021-05-28,2021-05-27,EGARCH-t,5409,0.6078694352219645,0.0
2021-05-28,2021-05-27,EWMA,5409,0.622078109229104,
2021-06-01,2021-05-28,GARCH-t,5410,0.5586658002310867,0.0
2021-06-01,2021-05-28,GJR-GARCH-t,5410,0.6498323664356843,0.0
2021-06-01,2021-05-28,EGARCH-t,5410,0.5564049372248914,0.0
2021-06-01,2021-05-28,EWMA,5410,0.5848557758901148,
2021-06-02,2021-06-01,GARCH-t,5411,0.5744950483632233,0.0
2021-06-02,2021-06-01,GJR-GARCH-t,5411,0.6010815654613928,0.0
2021-06-02,2021-06-01,EGARCH-t,5411,0.5019388041874203,0.0
2021-06-02,2021-06-01,EWMA,5411,0.5902166723442289,
2021-06-03,2021-06-02,GARCH-t,5412,0.5357990115089261,0.0
2021-06-03,2021-06-02,GJR-GARCH-t,5412,0.5571021465966913,0.0
2021-06-03,2021-06-02,EGARCH-t,5412,0.4573981647981276,0.0
2021-06-03,2021-06-02,EWMA,5412,0.5638194819453456,
2021-06-04,2021-06-03,GARCH-t,5413,0.5353021724970441,0.0
2021-06-04,2021-06-03,GJR-GARCH-t,5413,0.5848589596594195,0.0
2021-06-04,2021-06-03,EGARCH-t,5413,0.5307135255713845,0.0
2021-06-04,2021-06-03,EWMA,5413,0.5527047569558867,
2021-06-07,2021-06-04,GARCH-t,5414,0.48832954719853183,0.0
2021-06-07,2021-06-04,GJR-GARCH-t,5414,0.5425057984000569,0.0
2021-06-07,2021-06-04,EGARCH-t,5414,0.48659739539754177,0.0
2021-06-07,2021-06-04,EWMA,5414,0.5197967163393138,
2021-06-08,2021-06-07,GARCH-t,5415,0.4472671277285646,0.0
2021-06-08,2021-06-07,GJR-GARCH-t,5415,0.5044143095511089,0.0
2021-06-08,2021-06-07,EGARCH-t,5415,0.44618694906792356,0.0
2021-06-08,2021-06-07,EWMA,5415,0.4894153683468398,
2021-06-09,2021-06-08,GARCH-t,5416,0.4151368601712789,0.0
2021-06-09,2021-06-08,GJR-GARCH-t,5416,0.47018916004942946,0.0
2021-06-09,2021-06-08,EGARCH-t,5416,0.4083387083729872,0.0
2021-06-09,2021-06-08,EWMA,5416,0.4638789787183926,
2021-06-10,2021-06-09,GARCH-t,5417,0.38817497627618575,0.0
2021-06-10,2021-06-09,GJR-GARCH-t,5417,0.4470398456611516,0.0
2021-06-10,2021-06-09,EGARCH-t,5417,0.4083333121388326,0.0
2021-06-10,2021-06-09,EWMA,5417,0.4384205762666924,
2021-06-11,2021-06-10,GARCH-t,5418,0.3583437109839633,0.0
2021-06-11,2021-06-10,GJR-GARCH-t,5418,0.4185549729833029,0.0
2021-06-11,2021-06-10,EGARCH-t,5418,0.375334057528957,0.0
2021-06-11,2021-06-10,EWMA,5418,0.4127350812202103,
2021-06-14,2021-06-11,GARCH-t,5419,0.3716901683238008,0.0
2021-06-14,2021-06-11,GJR-GARCH-t,5419,0.3933727648551089,0.0
2021-06-14,2021-06-11,EGARCH-t,5419,0.34111664966053634,0.0
2021-06-14,2021-06-11,EWMA,5419,0.4129685635474835,
2021-06-15,2021-06-14,GARCH-t,5420,0.34544370611050423,0.0
2021-06-15,2021-06-14,GJR-GARCH-t,5420,0.37034524131096824,0.0
2021-06-15,2021-06-14,EGARCH-t,5420,0.3137243710172273,0.0
2021-06-15,2021-06-14,EWMA,5420,0.3900587823594842,
2021-06-16,2021-06-15,GARCH-t,5421,0.33136697563771284,0.0
2021-06-16,2021-06-15,GJR-GARCH-t,5421,0.3497695643383764,0.0
2021-06-16,2021-06-15,EGARCH-t,5421,0.2874825600726833,0.0
2021-06-16,2021-06-15,EWMA,5421,0.3744465118095715,
2021-06-17,2021-06-16,GARCH-t,5422,0.30966936061571804,0.0
2021-06-17,2021-06-16,GJR-GARCH-t,5422,0.331121293107682,0.0
2021-06-17,2021-06-16,EGARCH-t,5422,0.26490317358735127,0.0
2021-06-17,2021-06-16,EWMA,5422,0.3537988934125642,
2021-06-18,2021-06-17,GARCH-t,5423,0.3144592600768579,0.0
2021-06-18,2021-06-17,GJR-GARCH-t,5423,0.35011782025134325,0.0
2021-06-18,2021-06-17,EGARCH-t,5423,0.3063883794663928,0.0
2021-06-18,2021-06-17,EWMA,5423,0.3442279953288488,
2021-06-21,2021-06-18,GARCH-t,5424,0.7099049650437199,0.0
2021-06-21,2021-06-18,GJR-GARCH-t,5424,0.971146546365236,0.0
2021-06-21,2021-06-18,EGARCH-t,5424,0.6819491668303185,0.0
2021-06-21,2021-06-18,EWMA,5424,0.5443144482759799,
2021-06-22,2021-06-21,GARCH-t,5425,0.6804162441523794,0.0
2021-06-22,2021-06-21,GJR-GARCH-t,5425,0.8886396900265116,0.0
2021-06-22,2021-06-21,EGARCH-t,5425,0.616062196580285,0.0
2021-06-22,2021-06-21,EWMA,5425,0.5359537451360201,
2021-06-23,2021-06-22,GARCH-t,5426,0.6293737262097104,0.0
2021-06-23,2021-06-22,GJR-GARCH-t,5426,0.8146687006111176,0.0
2021-06-23,2021-06-22,EGARCH-t,5426,0.5597747424684745,0.0
2021-06-23,2021-06-22,EWMA,5426,0.5129909326941764,
2021-06-24,2021-06-23,GARCH-t,5427,0.5789182843594899,0.0
2021-06-24,2021-06-23,GJR-GARCH-t,5427,0.7581039394427105,0.0
2021-06-24,2021-06-23,EGARCH-t,5427,0.5552364082665081,0.0
2021-06-24,2021-06-23,EWMA,5427,0.4852357605518157,
2021-06-25,2021-06-24,GARCH-t,5428,0.5501501710445642,0.0
2021-06-25,2021-06-24,GJR-GARCH-t,5428,0.6980349757903718,0.0
2021-06-25,2021-06-24,EGARCH-t,5428,0.5040820065354438,0.0
2021-06-25,2021-06-24,EWMA,5428,0.471495939865915,
2021-06-28,2021-06-25,GARCH-t,5429,0.5129003946037086,0.0
2021-06-28,2021-06-25,GJR-GARCH-t,5429,0.6441638449010417,0.0
2021-06-28,2021-06-25,EGARCH-t,5429,0.45954033618475243,0.0
2021-06-28,2021-06-25,EWMA,5429,0.4512619059311406,
2021-06-29,2021-06-28,GARCH-t,5430,0.5616852769996452,0.0
2021-06-29,2021-06-28,GJR-GARCH-t,5430,0.7340254560557529,0.0
2021-06-29,2021-06-28,EGARCH-t,5430,0.589363308308572,0.0
2021-06-29,2021-06-28,EWMA,5430,0.47151699394880653,
2021-06-30,2021-06-29,GARCH-t,5431,0.5146663156397546,0.0
2021-06-30,2021-06-29,GJR-GARCH-t,5431,0.6764525517127848,0.0
2021-06-30,2021-06-29,EGARCH-t,5431,0.537961232930194,0.0
2021-06-30,2021-06-29,EWMA,5431,0.445777263886064,
2021-07-01,2021-06-30,GARCH-t,5432,0.5308417404097573,0.0
2021-07-01,2021-06-30,GJR-GARCH-t,5432,0.7134943142088276,0.0
2021-07-01,2021-06-30,EGARCH-t,5432,0.631177543799757,0.0
2021-07-01,2021-06-30,EWMA,5432,0.44922381532218436,
2021-07-02,2021-07-01,GARCH-t,5433,0.6387363582140192,0.0
2021-07-02,2021-07-01,GJR-GARCH-t,5433,0.658463692912252,0.0
2021-07-02,2021-07-01,EGARCH-t,5433,0.5644728198232316,0.0
2021-07-02,2021-07-01,EWMA,5433,0.5143007931249414,
2021-07-05,2021-07-02,GARCH-t,5434,0.5801613039557448,0.0
2021-07-05,2021-07-02,GJR-GARCH-t,5434,0.6089743659791788,0.0
2021-07-05,2021-07-02,EGARCH-t,5434,0.5239982173019192,0.0
2021-07-05,2021-07-02,EWMA,5434,0.48348543873784994,
2021-07-06,2021-07-05,GARCH-t,5435,0.5594811542937557,0.0
2021-07-06,2021-07-05,GJR-GARCH-t,5435,0.5643684988556718,0.0
2021-07-06,2021-07-05,EGARCH-t,5435,0.47529358613509837,0.0
2021-07-06,2021-07-05,EWMA,5435,0.47482082890208993,
2021-07-07,2021-07-06,GARCH-t,5436,0.604586671283182,0.0
2021-07-07,2021-07-06,GJR-GARCH-t,5436,0.6650884204771875,0.0
2021-07-07,2021-07-06,EGARCH-t,5436,0.6078207819150697,0.0
2021-07-07,2021-07-06,EWMA,5436,0.4946357650148381,
2021-07-08,2021-07-07,GARCH-t,5437,0.5966628285424908,0.0
2021-07-08,2021-07-07,GJR-GARCH-t,5437,0.6147680788954458,0.0
2021-07-08,2021-07-07,EGARCH-t,5437,0.5491764352474467,0.0
2021-07-08,2021-07-07,EWMA,5437,0.49461593165791307,
2021-07-09,2021-07-08,GARCH-t,5438,0.8681319200033267,0.0
2021-07-09,2021-07-08,GJR-GARCH-t,5438,1.0671260334948094,0.0
2021-07-09,2021-07-08,EGARCH-t,5438,0.8986778386150948,0.0
2021-07-09,2021-07-08,EWMA,5438,0.637644138565607,
2021-07-12,2021-07-09,GARCH-t,5439,0.9505561102320086,0.0
2021-07-12,2021-07-09,GJR-GARCH-t,5439,0.9761804211646232,0.0
2021-07-12,2021-07-09,EGARCH-t,5439,0.8018534862905069,0.0
2021-07-12,2021-07-09,EWMA,5439,0.6990493450401517,
2021-07-13,2021-07-12,GARCH-t,5440,0.8540182920754847,0.0
2021-07-13,2021-07-12,GJR-GARCH-t,5440,0.8933414202268497,0.0
2021-07-13,2021-07-12,EGARCH-t,5440,0.7300992112427815,0.0
2021-07-13,2021-07-12,EWMA,5440,0.6572512222384358,
2021-07-14,2021-07-13,GARCH-t,5441,0.7696638164126494,0.0
2021-07-14,2021-07-13,GJR-GARCH-t,5441,0.8193863334792536,0.0
2021-07-14,2021-07-13,EGARCH-t,5441,0.6703398848798302,0.0
2021-07-14,2021-07-13,EWMA,5441,0.6178219352966221,
2021-07-15,2021-07-14,GARCH-t,5442,0.7235154118424078,0.0
2021-07-15,2021-07-14,GJR-GARCH-t,5442,0.7929068613719288,0.0
2021-07-15,2021-07-14,EGARCH-t,5442,0.7102546551826608,0.0
2021-07-15,2021-07-14,EWMA,5442,0.5940802735050554,
2021-07-16,2021-07-15,GARCH-t,5443,0.8003752010153661,0.0
2021-07-16,2021-07-15,GJR-GARCH-t,5443,0.9487717972161,0.0
2021-07-16,2021-07-15,EGARCH-t,5443,0.9093527932553666,0.0
2021-07-16,2021-07-15,EWMA,5443,0.6341252882247456,
2021-07-19,2021-07-16,GARCH-t,5444,0.7233284179898172,0.0
2021-07-19,2021-07-16,GJR-GARCH-t,5444,0.8698841456292055,0.0
2021-07-19,2021-07-16,EGARCH-t,5444,0.8415459786083618,0.0
2021-07-19,2021-07-16,EWMA,5444,0.5962634728964691,
2021-07-20,2021-07-19,GARCH-t,5445,1.2776578373407113,0.0
2021-07-20,2021-07-19,GJR-GARCH-t,5445,1.7624485950709574,0.0
2021-07-20,2021-07-19,EGARCH-t,5445,1.4713402659387962,0.0
2021-07-20,2021-07-19,EWMA,5445,0.8956797492311863,
2021-07-21,2021-07-20,GARCH-t,5446,1.168780269182603,0.0
2021-07-21,2021-07-20,GJR-GARCH-t,5446,1.5976404295784512,0.0
2021-07-21,2021-07-20,EGARCH-t,5446,1.3181424564428537,0.0
2021-07-21,2021-07-20,EWMA,5446,0.859098033034717,
2021-07-22,2021-07-21,GARCH-t,5447,1.3413821961578687,0.0
2021-07-22,2021-07-21,GJR-GARCH-t,5447,1.4531757576807947,0.0
2021-07-22,2021-07-21,EGARCH-t,5447,1.1664017763107812,0.0
2021-07-22,2021-07-21,EWMA,5447,0.9786890116067145,
2021-07-23,2021-07-22,GARCH-t,5448,1.2225722978065527,0.0
2021-07-23,2021-07-22,GJR-GARCH-t,5448,1.3543654384595172,0.0
2021-07-23,2021-07-22,EGARCH-t,5448,1.1701179598359468,0.0
2021-07-23,2021-07-22,EWMA,5448,0.9310408856159932,
2021-07-26,2021-07-23,GARCH-t,5449,1.1646227122373733,0.0
2021-07-26,2021-07-23,GJR-GARCH-t,5449,1.233135646022216,0.0
2021-07-26,2021-07-23,EGARCH-t,5449,1.0473191811015916,0.0
2021-07-26,2021-07-23,EWMA,5449,0.9182636670520815,
2021-07-27,2021-07-26,GARCH-t,5450,1.0440716303889581,0.0
2021-07-27,2021-07-26,GJR-GARCH-t,5450,1.124563342164142,0.0
2021-07-27,2021-07-26,EGARCH-t,5450,0.960265509160525,0.0
2021-07-27,2021-07-26,EWMA,5450,0.863226676592512,
2021-07-28,2021-07-27,GARCH-t,5451,0.9601176372703646,0.0
2021-07-28,2021-07-27,GJR-GARCH-t,5451,1.0584803355135854,0.0
2021-07-28,2021-07-27,EGARCH-t,5451,0.9740776362596832,0.0
2021-07-28,2021-07-27,EWMA,5451,0.8219128762270999,
2021-07-29,2021-07-28,GARCH-t,5452,0.8702826781369927,0.0
2021-07-29,2021-07-28,GJR-GARCH-t,5452,0.9678111724996659,0.0
2021-07-29,2021-07-28,EGARCH-t,5452,0.8815842069886191,0.0
2021-07-29,2021-07-28,EWMA,5452,0.7777347057290254,
2021-07-30,2021-07-29,GARCH-t,5453,0.8591442177476446,0.0
2021-07-30,2021-07-29,GJR-GARCH-t,5453,0.88658052385982,0.0
2021-07-30,2021-07-29,EGARCH-t,5453,0.7910896732729923,0.0
2021-07-30,2021-07-29,EWMA,5453,0.7772088451708362,
2021-08-02,2021-07-30,GARCH-t,5454,0.8262212155950188,0.0
2021-08-02,2021-07-30,GJR-GARCH-t,5454,0.8888204081286103,0.0
2021-08-02,2021-07-30,EGARCH-t,5454,0.8699604898328941,0.0
2021-08-02,2021-07-30,EWMA,5454,0.7561928812299274,
2021-08-03,2021-08-02,GARCH-t,5455,0.7918875379676563,0.0
2021-08-03,2021-08-02,GJR-GARCH-t,5455,0.8156383810473395,0.0
2021-08-03,2021-08-02,EGARCH-t,5455,0.7831408897855815,0.0
2021-08-03,2021-08-02,EWMA,5455,0.740223203780084,
2021-08-04,2021-08-03,GARCH-t,5456,0.7244578056822065,0.0
2021-08-04,2021-08-03,GJR-GARCH-t,5456,0.7498305151157195,0.0
2021-08-04,2021-08-03,EGARCH-t,5456,0.7104640861336335,0.0
2021-08-04,2021-08-03,EWMA,5456,0.7026777896732476,
2021-08-05,2021-08-04,GARCH-t,5457,0.6603322948217502,0.0
2021-08-05,2021-08-04,GJR-GARCH-t,5457,0.6906834674646624,0.0
2021-08-05,2021-08-04,EGARCH-t,5457,0.6463982827683601,0.0
2021-08-05,2021-08-04,EWMA,5457,0.6644431659020078,
2021-08-06,2021-08-05,GARCH-t,5458,0.5995702248598394,0.0
2021-08-06,2021-08-05,GJR-GARCH-t,5458,0.6380812347117756,0.0
2021-08-06,2021-08-05,EGARCH-t,5458,0.6026755096663448,0.0
2021-08-06,2021-08-05,EWMA,5458,0.624721474863791,
2021-08-09,2021-08-06,GARCH-t,5459,0.5448848309093348,0.0
2021-08-09,2021-08-06,GJR-GARCH-t,5459,0.5901330863056116,0.0
2021-08-09,2021-08-06,EGARCH-t,5459,0.5520037616885373,0.0
2021-08-09,2021-08-06,EWMA,5459,0.5873181630268399,
2021-08-10,2021-08-09,GARCH-t,5460,0.49729840355418325,0.0
2021-08-10,2021-08-09,GJR-GARCH-t,5460,0.546993757726146,0.0
2021-08-10,2021-08-09,EGARCH-t,5460,0.5051220930504103,0.0
2021-08-10,2021-08-09,EWMA,5460,0.5531004978364067,
2021-08-11,2021-08-10,GARCH-t,5461,0.4684554531874818,0.0
2021-08-11,2021-08-10,GJR-GARCH-t,5461,0.5083576311004674,0.0
2021-08-11,2021-08-10,EGARCH-t,5461,0.4599647925680765,0.0
2021-08-11,2021-08-10,EWMA,5461,0.5295909413659401,
2021-08-12,2021-08-11,GARCH-t,5462,0.4953244668822409,0.0
2021-08-12,2021-08-11,GJR-GARCH-t,5462,0.47427470051948517,0.0
2021-08-12,2021-08-11,EGARCH-t,5462,0.4155207586382333,0.0
2021-08-12,2021-08-11,EWMA,5462,0.5383484439594667,
2021-08-13,2021-08-12,GARCH-t,5463,0.47162449271463736,0.0
2021-08-13,2021-08-12,GJR-GARCH-t,5463,0.4685203504981428,0.0
2021-08-13,2021-08-12,EGARCH-t,5463,0.4444640440532293,0.0
2021-08-13,2021-08-12,EWMA,5463,0.5144071621450707,
2021-08-16,2021-08-13,GARCH-t,5464,0.4424283072442668,0.0
2021-08-16,2021-08-13,GJR-GARCH-t,5464,0.43791262935061764,0.0
2021-08-16,2021-08-13,EGARCH-t,5464,0.40578368924254105,0.0
2021-08-16,2021-08-13,EWMA,5464,0.49105636588518786,
2021-08-17,2021-08-16,GARCH-t,5465,0.5027627095766738,0.0
2021-08-17,2021-08-16,GJR-GARCH-t,5465,0.5534191667759557,0.0
2021-08-17,2021-08-16,EGARCH-t,5465,0.5357242187864696,0.0
2021-08-17,2021-08-16,EWMA,5465,0.5102282794545958,
2021-08-18,2021-08-17,GARCH-t,5466,0.4718239725724458,0.0
2021-08-18,2021-08-17,GJR-GARCH-t,5466,0.5143468302100457,0.0
2021-08-18,2021-08-17,EGARCH-t,5466,0.48787759059107605,0.0
2021-08-18,2021-08-17,EWMA,5466,0.4881919207709019,
2021-08-19,2021-08-18,GARCH-t,5467,0.43685778517733004,0.0
2021-08-19,2021-08-18,GJR-GARCH-t,5467,0.48455726412784594,0.0
2021-08-19,2021-08-18,EGARCH-t,5467,0.4774089689510194,0.0
2021-08-19,2021-08-18,EWMA,5467,0.4605232205107554,
2021-08-20,2021-08-19,GARCH-t,5468,0.6754864771741947,0.0
2021-08-20,2021-08-19,GJR-GARCH-t,5468,0.8698595027052077,0.0
2021-08-20,2021-08-19,EGARCH-t,5468,0.7741023367241255,0.0
2021-08-20,2021-08-19,EWMA,5468,0.5773912617295017,
2021-08-23,2021-08-20,GARCH-t,5469,0.6267838387280577,0.0
2021-08-23,2021-08-20,GJR-GARCH-t,5469,0.7981624542135051,0.0
2021-08-23,2021-08-20,EGARCH-t,5469,0.7013486026364005,0.0
2021-08-23,2021-08-20,EWMA,5469,0.552833160739005,
2021-08-24,2021-08-23,GARCH-t,5470,0.5763130701354358,0.0
2021-08-24,2021-08-23,GJR-GARCH-t,5470,0.7339807966381517,0.0
2021-08-24,2021-08-23,EGARCH-t,5470,0.6376605189504494,0.0
2021-08-24,2021-08-23,EWMA,5470,0.5249646101276488,
2021-08-25,2021-08-24,GARCH-t,5471,0.5288601370640195,0.0
2021-08-25,2021-08-24,GJR-GARCH-t,5471,0.6764958475750429,0.0
2021-08-25,2021-08-24,EGARCH-t,5471,0.5812327544700816,0.0
2021-08-25,2021-08-24,EWMA,5471,0.49680958731913594,
2021-08-26,2021-08-25,GARCH-t,5472,0.49249048963994263,0.0
2021-08-26,2021-08-25,GJR-GARCH-t,5472,0.624968958436454,0.0
2021-08-26,2021-08-25,EGARCH-t,5472,0.5292823702325565,0.0
2021-08-26,2021-08-25,EWMA,5472,0.47395490680144764,
2021-08-27,2021-08-26,GARCH-t,5473,0.4674049213674077,0.0
2021-08-27,2021-08-26,GJR-GARCH-t,5473,0.601240575345775,0.0
2021-08-27,2021-08-26,EGARCH-t,5473,0.5503526787998947,0.0
2021-08-27,2021-08-26,EWMA,5473,0.45293762485672706,
2021-08-31,2021-08-27,GARCH-t,5474,0.4370545557852705,0.0
2021-08-31,2021-08-27,GJR-GARCH-t,5474,0.5574441279125995,0.0
2021-08-31,2021-08-27,EGARCH-t,5474,0.5016582678822302,0.0
2021-08-31,2021-08-27,EWMA,5474,0.4319935064058928,
2021-09-01,2021-08-31,GARCH-t,5475,0.42246363924881664,0.0
2021-09-01,2021-08-31,GJR-GARCH-t,5475,0.5465269484992903,0.0
2021-09-01,2021-08-31,EGARCH-t,5475,0.5321843851213549,0.0
2021-09-01,2021-08-31,EWMA,5475,0.41551605497433697,
2021-09-02,2021-09-01,GARCH-t,5476,0.4044620687120814,0.0
2021-09-02,2021-09-01,GJR-GARCH-t,5476,0.5083284827021901,0.0
2021-09-02,2021-09-01,EGARCH-t,5476,0.48423562838637924,0.0
2021-09-02,2021-09-01,EWMA,5476,0.40126375113848833,
2021-09-03,2021-09-02,GARCH-t,5477,0.37550034320858056,0.0
2021-09-03,2021-09-02,GJR-GARCH-t,5477,0.47397399117445455,0.0
2021-09-03,2021-09-02,EGARCH-t,5477,0.44326575791389694,0.0
2021-09-03,2021-09-02,EWMA,5477,0.3795168320731391,
2021-09-06,2021-09-03,GARCH-t,5478,0.3644772279152799,0.0
2021-09-06,2021-09-03,GJR-GARCH-t,5478,0.4662687321770298,0.0
2021-09-06,2021-09-03,EGARCH-t,5478,0.4683055702408003,0.0
2021-09-06,2021-09-03,EWMA,5478,0.3643750532051272,
2021-09-07,2021-09-06,GARCH-t,5479,0.3818541918567012,0.0
2021-09-07,2021-09-06,GJR-GARCH-t,5479,0.4363484415074635,0.0
2021-09-07,2021-09-06,EGARCH-t,5479,0.42434482749195895,0.0
2021-09-07,2021-09-06,EWMA,5479,0.3703631023703463,
2021-09-08,2021-09-07,GARCH-t,5480,0.3879783389276498,0.0
2021-09-08,2021-09-07,GJR-GARCH-t,5480,0.45890274568532385,0.0
2021-09-08,2021-09-07,EGARCH-t,5480,0.48062915678926726,0.0
2021-09-08,2021-09-07,EWMA,5480,0.36482574120944056,
2021-09-09,2021-09-08,GARCH-t,5481,0.4271427631443714,0.0
2021-09-09,2021-09-08,GJR-GARCH-t,5481,0.5301431236614018,0.0
2021-09-09,2021-09-08,EGARCH-t,5481,0.582982743919415,0.0
2021-09-09,2021-09-08,EWMA,5481,0.3772977304355137,
2021-09-10,2021-09-09,GARCH-t,5482,0.512028585037009,0.0
2021-09-10,2021-09-09,GJR-GARCH-t,5482,0.6710919386202133,0.0
2021-09-10,2021-09-09,EGARCH-t,5482,0.7467840994118898,0.0
2021-09-10,2021-09-09,EWMA,5482,0.41585887060297966,
2021-09-13,2021-09-10,GARCH-t,5483,0.4679586170301199,0.0
2021-09-13,2021-09-10,GJR-GARCH-t,5483,0.6199448354677152,0.0
2021-09-13,2021-09-10,EGARCH-t,5483,0.6809271315688303,0.0
2021-09-13,2021-09-10,EWMA,5483,0.39121113884105324,
2021-09-14,2021-09-13,GARCH-t,5484,0.45764390440048447,0.0
2021-09-14,2021-09-13,GJR-GARCH-t,5484,0.5742462616031778,0.0
2021-09-14,2021-09-13,EGARCH-t,5484,0.6162158597208337,0.0
2021-09-14,2021-09-13,EWMA,5484,0.38629465787125294,
2021-09-15,2021-09-14,GARCH-t,5485,0.44985709398117285,0.0
2021-09-15,2021-09-14,GJR-GARCH-t,5485,0.5753225848526279,0.0
2021-09-15,2021-09-14,EGARCH-t,5485,0.6609266160938704,0.0
2021-09-15,2021-09-14,EWMA,5485,0.3773142219209183,
2021-09-16,2021-09-15,GARCH-t,5486,0.4221802780850499,0.0
2021-09-16,2021-09-15,GJR-GARCH-t,5486,0.5458241101283134,0.0
2021-09-16,2021-09-15,EGARCH-t,5486,0.6547830681957624,0.0
2021-09-16,2021-09-15,EWMA,5486,0.3584411239803911,
2021-09-17,2021-09-16,GARCH-t,5487,0.3900852297918516,0.0
2021-09-17,2021-09-16,GJR-GARCH-t,5487,0.5076934512600585,0.0
2021-09-17,2021-09-16,EGARCH-t,5487,0.5971993729208618,0.0
2021-09-17,2021-09-16,EWMA,5487,0.3384070203987217,
2021-09-20,2021-09-17,GARCH-t,5488,0.4582470779461541,0.0
2021-09-20,2021-09-17,GJR-GARCH-t,5488,0.6186403728061951,0.0
2021-09-20,2021-09-17,EGARCH-t,5488,0.7378986760394945,0.0
2021-09-20,2021-09-17,EWMA,5488,0.36816526161129964,
2021-09-21,2021-09-20,GARCH-t,5489,0.5078458776478803,0.0
2021-09-21,2021-09-20,GJR-GARCH-t,5489,0.7022452003825048,0.0
2021-09-21,2021-09-20,EGARCH-t,5489,0.8682437554020163,0.0
2021-09-21,2021-09-20,EWMA,5489,0.39055606120932945,
2021-09-22,2021-09-21,GARCH-t,5490,0.5877649419854101,0.0
2021-09-22,2021-09-21,GJR-GARCH-t,5490,0.6484768139089134,0.0
2021-09-22,2021-09-21,EGARCH-t,5490,0.7768684035678969,0.0
2021-09-22,2021-09-21,EWMA,5490,0.44112487843550263,
2021-09-23,2021-09-22,GARCH-t,5491,0.7514710104063518,0.0
2021-09-23,2021-09-22,GJR-GARCH-t,5491,0.6003700182437763,0.0
2021-09-23,2021-09-22,EGARCH-t,5491,0.6914843375621376,0.0
2021-09-23,2021-09-22,EWMA,5491,0.5418855502932587,
2021-09-24,2021-09-23,GARCH-t,5492,0.6798280881438931,0.0
2021-09-24,2021-09-23,GJR-GARCH-t,5492,0.5577039433768817,0.0
2021-09-24,2021-09-23,EGARCH-t,5492,0.647525754968849,0.0
2021-09-24,2021-09-23,EWMA,5492,0.5096715847568222,
2021-09-27,2021-09-24,GARCH-t,5493,0.634889699369756,0.0
2021-09-27,2021-09-24,GJR-GARCH-t,5493,0.5444854787386739,0.0
2021-09-27,2021-09-24,EGARCH-t,5493,0.6689901104058003,0.0
2021-09-27,2021-09-24,EWMA,5493,0.48778961260503917,
2021-09-28,2021-09-27,GARCH-t,5494,0.5779874500218624,0.0
2021-09-28,2021-09-27,GJR-GARCH-t,5494,0.5064440023365679,0.0
2021-09-28,2021-09-27,EGARCH-t,5494,0.6100527207601429,0.0
2021-09-28,2021-09-27,EWMA,5494,0.46022809290776745,
2021-09-29,2021-09-28,GARCH-t,5495,0.5577195658775869,0.0
2021-09-29,2021-09-28,GJR-GARCH-t,5495,0.5169736614281464,0.0
2021-09-29,2021-09-28,EGARCH-t,5495,0.6580052562284541,0.0
2021-09-29,2021-09-28,EWMA,5495,0.447675039912037,
2021-09-30,2021-09-29,GARCH-t,5496,0.6366217935811308,0.0
2021-09-30,2021-09-29,GJR-GARCH-t,5496,0.4820799875755811,0.0
2021-09-30,2021-09-29,EGARCH-t,5496,0.58942928930732,0.0
2021-09-30,2021-09-29,EWMA,5496,0.4978720711371383,
2021-10-01,2021-09-30,GARCH-t,5497,0.5908654062285373,0.0
2021-10-01,2021-09-30,GJR-GARCH-t,5497,0.46772253698937344,0.0
2021-10-01,2021-09-30,EGARCH-t,5497,0.598923798301491,0.0
2021-10-01,2021-09-30,EWMA,5497,0.47366070915048053,
2021-10-04,2021-10-01,GARCH-t,5498,0.621003248316068,0.0
2021-10-04,2021-10-01,GJR-GARCH-t,5498,0.5609777023246186,0.0
2021-10-04,2021-10-01,EGARCH-t,5498,0.7222920582031986,0.0
2021-10-04,2021-10-01,EWMA,5498,0.4876105748766259,
2021-10-05,2021-10-04,GARCH-t,5499,0.571932115803207,0.0
2021-10-05,2021-10-04,GJR-GARCH-t,5499,0.531075198320927,0.0
2021-10-05,2021-10-04,EGARCH-t,5499,0.7077753136554715,0.0
2021-10-05,2021-10-04,EWMA,5499,0.4615107760421766,
2021-10-06,2021-10-05,GARCH-t,5500,0.6074197822877611,0.0
2021-10-06,2021-10-05,GJR-GARCH-t,5500,0.49467112503653415,0.0
2021-10-06,2021-10-05,EGARCH-t,5500,0.6359425868807109,0.0
2021-10-06,2021-10-05,EWMA,5500,0.4866545514388436,
2021-10-07,2021-10-06,GARCH-t,5501,0.7056664930688158,0.0
2021-10-07,2021-10-06,GJR-GARCH-t,5501,0.692773875669476,0.0
2021-10-07,2021-10-06,EGARCH-t,5501,0.8386102402542404,0.0
2021-10-07,2021-10-06,EWMA,5501,0.53735801485989,
2021-10-08,2021-10-07,GARCH-t,5502,0.7754152989428623,0.0
2021-10-08,2021-10-07,GJR-GARCH-t,5502,0.6400100827487856,0.0
2021-10-08,2021-10-07,EGARCH-t,5502,0.7495854348791801,0.0
2021-10-08,2021-10-07,EWMA,5502,0.5867897253770153,
2021-10-11,2021-10-08,GARCH-t,5503,0.7046389611647425,0.0
2021-10-11,2021-10-08,GJR-GARCH-t,5503,0.5920721372114764,0.0
2021-10-11,2021-10-08,EGARCH-t,5503,0.6814380010364338,0.0
2021-10-11,2021-10-08,EWMA,5503,0.5552830215129794,
2021-10-12,2021-10-11,GARCH-t,5504,0.6874413146275229,0.0
2021-10-12,2021-10-11,GJR-GARCH-t,5504,0.549255787833862,0.0
2021-10-12,2021-10-11,EGARCH-t,5504,0.6148522511637468,0.0
2021-10-12,2021-10-11,EWMA,5504,0.5531028393536723,
2021-10-13,2021-10-12,GARCH-t,5505,0.6308309911361526,0.0
2021-10-13,2021-10-12,GJR-GARCH-t,5505,0.5209910235175992,0.0
2021-10-13,2021-10-12,EGARCH-t,5505,0.608634337071988,0.0
2021-10-13,2021-10-12,EWMA,5505,0.5232002620858668,
2021-10-14,2021-10-13,GARCH-t,5506,0.574408830926715,0.0
2021-10-14,2021-10-13,GJR-GARCH-t,5506,0.4853663828379697,0.0
2021-10-14,2021-10-13,EGARCH-t,5506,0.5559446710248285,0.0
2021-10-14,2021-10-13,EWMA,5506,0.49339360851860187,
2021-10-15,2021-10-14,GARCH-t,5507,0.6056398418406548,0.0
2021-10-15,2021-10-14,GJR-GARCH-t,5507,0.4536117563188249,0.0
2021-10-15,2021-10-14,EGARCH-t,5507,0.5005042828352083,0.0
2021-10-15,2021-10-14,EWMA,5507,0.5144097178747008,
2021-10-18,2021-10-15,GARCH-t,5508,0.5617760003238579,0.0
2021-10-18,2021-10-15,GJR-GARCH-t,5508,0.42491360207487894,0.0
2021-10-18,2021-10-15,EGARCH-t,5508,0.45638466947602346,0.0
2021-10-18,2021-10-15,EWMA,5508,0.49150453971026653,
2021-10-19,2021-10-18,GARCH-t,5509,0.534642114445763,0.0
2021-10-19,2021-10-18,GJR-GARCH-t,5509,0.43061568979866166,0.0
2021-10-19,2021-10-18,EGARCH-t,5509,0.4921305311273978,0.0
2021-10-19,2021-10-18,EWMA,5509,0.4725152509395018,
2021-10-20,2021-10-19,GARCH-t,5510,0.49032841098020596,0.0
2021-10-20,2021-10-19,GJR-GARCH-t,5510,0.40422102936890036,0.0
2021-10-20,2021-10-19,EGARCH-t,5510,0.4505846178233052,0.0
2021-10-20,2021-10-19,EWMA,5510,0.44633032469586925,
2021-10-21,2021-10-20,GARCH-t,5511,0.4489396589411688,0.0
2021-10-21,2021-10-20,GJR-GARCH-t,5511,0.3804667319964489,0.0
2021-10-21,2021-10-20,EGARCH-t,5511,0.41410362895623265,0.0
2021-10-21,2021-10-20,EWMA,5511,0.41991144271218084,
2021-10-22,2021-10-21,GARCH-t,5512,0.4388258132215839,0.0
2021-10-22,2021-10-21,GJR-GARCH-t,5512,0.39634078493642927,0.0
2021-10-22,2021-10-21,EGARCH-t,5512,0.45728932461869615,0.0
2021-10-22,2021-10-21,EWMA,5512,0.40714573113487684,
2021-10-25,2021-10-22,GARCH-t,5513,0.40593954790694287,0.0
2021-10-25,2021-10-22,GJR-GARCH-t,5513,0.37339097655321823,0.0
2021-10-25,2021-10-22,EGARCH-t,5513,0.4189340640179964,0.0
2021-10-25,2021-10-22,EWMA,5513,0.38508554567440295,
2021-10-26,2021-10-25,GARCH-t,5514,0.3789654371680417,0.0
2021-10-26,2021-10-25,GJR-GARCH-t,5514,0.3527666650118925,0.0
2021-10-26,2021-10-25,EGARCH-t,5514,0.38369731584962974,0.0
2021-10-26,2021-10-25,EWMA,5514,0.36579954218755634,
2021-10-27,2021-10-26,GARCH-t,5515,0.405527039143277,0.0
2021-10-27,2021-10-26,GJR-GARCH-t,5515,0.3345685486607227,0.0
2021-10-27,2021-10-26,EGARCH-t,5515,0.3476198288931026,0.0
2021-10-27,2021-10-26,EWMA,5515,0.37813001984171507,
2021-10-28,2021-10-27,GARCH-t,5516,0.38916744617958243,0.0
2021-10-28,2021-10-27,GJR-GARCH-t,5516,0.3384012848351398,0.0
2021-10-28,2021-10-27,EGARCH-t,5516,0.37178721532102876,0.0
2021-10-28,2021-10-27,EWMA,5516,0.3621541892951036,
2021-10-29,2021-10-28,GARCH-t,5517,0.36033289023540416,0.0
2021-10-29,2021-10-28,GJR-GARCH-t,5517,0.32198748751098366,0.0
2021-10-29,2021-10-28,EGARCH-t,5517,0.3519747600046283,0.0
2021-10-29,2021-10-28,EWMA,5517,0.3405896897137343,
2021-11-01,2021-10-29,GARCH-t,5518,0.3384628737672205,0.0
2021-11-01,2021-10-29,GJR-GARCH-t,5518,0.31183238205769737,0.0
2021-11-01,2021-10-29,EGARCH-t,5518,0.3498272611434092,0.0
2021-11-01,2021-10-29,EWMA,5518,0.32177363813826937,
2021-11-02,2021-11-01,GARCH-t,5519,0.3618782265593818,0.0
2021-11-02,2021-11-01,GJR-GARCH-t,5519,0.29782324541100164,0.0
2021-11-02,2021-11-01,EGARCH-t,5519,0.31761414871566973,0.0
2021-11-02,2021-11-01,EWMA,5519,0.33205082602750374,
2021-11-03,2021-11-02,GARCH-t,5520,0.3410518715478025,0.0
2021-11-03,2021-11-02,GJR-GARCH-t,5520,0.2917605108342185,0.0
2021-11-03,2021-11-02,EGARCH-t,5520,0.3210119618391644,0.0
2021-11-03,2021-11-02,EWMA,5520,0.3142828523339069,
2021-11-04,2021-11-03,GARCH-t,5521,0.33406125875646625,0.0
2021-11-04,2021-11-03,GJR-GARCH-t,5521,0.3026505657873945,0.0
2021-11-04,2021-11-03,EGARCH-t,5521,0.3491881816643,0.0
2021-11-04,2021-11-03,EWMA,5521,0.30305815415155063,
2021-11-05,2021-11-04,GARCH-t,5522,0.3267321363758823,0.0
2021-11-05,2021-11-04,GJR-GARCH-t,5522,0.2892804470961709,0.0
2021-11-05,2021-11-04,EGARCH-t,5522,0.3191061174835248,0.0
2021-11-05,2021-11-04,EWMA,5522,0.29580104912742367,
2021-11-08,2021-11-05,GARCH-t,5523,0.3131732084757892,0.0
2021-11-08,2021-11-05,GJR-GARCH-t,5523,0.27717015647674315,0.0
2021-11-08,2021-11-05,EGARCH-t,5523,0.292587356214591,0.0
2021-11-08,2021-11-05,EWMA,5523,0.2846069235578502,
2021-11-09,2021-11-08,GARCH-t,5524,0.292995794438897,0.0
2021-11-09,2021-11-08,GJR-GARCH-t,5524,0.26677650849407286,0.0
2021-11-09,2021-11-08,EGARCH-t,5524,0.2783787014324161,0.0
2021-11-09,2021-11-08,EWMA,5524,0.2676763467118234,
2021-11-10,2021-11-09,GARCH-t,5525,0.29211321980674637,0.0
2021-11-10,2021-11-09,GJR-GARCH-t,5525,0.28091564896701693,0.0
2021-11-10,2021-11-09,EGARCH-t,5525,0.3079807954444285,0.0
2021-11-10,2021-11-09,EWMA,5525,0.2594904922224884,
2021-11-11,2021-11-10,GARCH-t,5526,0.35483196136430484,0.0
2021-11-11,2021-11-10,GJR-GARCH-t,5526,0.27039680351252215,0.0
2021-11-11,2021-11-10,EGARCH-t,5526,0.2786021083839953,0.0
2021-11-11,2021-11-10,EWMA,5526,0.29316872493771823,
2021-11-12,2021-11-11,GARCH-t,5527,0.3624042848025403,0.0
2021-11-12,2021-11-11,GJR-GARCH-t,5527,0.2605528435849355,0.0
2021-11-12,2021-11-11,EGARCH-t,5527,0.25408577026026646,0.0
2021-11-12,2021-11-11,EWMA,5527,0.2970096758047176,
2021-11-15,2021-11-12,GARCH-t,5528,0.3667193867909534,0.0
2021-11-15,2021-11-12,GJR-GARCH-t,5528,0.2951613069373359,0.0
2021-11-15,2021-11-12,EGARCH-t,5528,0.30307769826764785,0.0
2021-11-15,2021-11-12,EWMA,5528,0.29376058442318886,
2021-11-16,2021-11-15,GARCH-t,5529,0.33941094565112406,0.0
2021-11-16,2021-11-15,GJR-GARCH-t,5529,0.28231435537781246,0.0
2021-11-16,2021-11-15,EGARCH-t,5529,0.2801873446037302,0.0
2021-11-16,2021-11-15,EWMA,5529,0.2763126579414217,
2021-11-17,2021-11-16,GARCH-t,5530,0.33110839214988635,0.0
2021-11-17,2021-11-16,GJR-GARCH-t,5530,0.29200588141915557,0.0
2021-11-17,2021-11-16,EGARCH-t,5530,0.30645098497827217,0.0
2021-11-17,2021-11-16,EWMA,5530,0.266639799406323,
2021-11-18,2021-11-17,GARCH-t,5531,0.3386514768575322,0.0
2021-11-18,2021-11-17,GJR-GARCH-t,5531,0.3226983856697769,0.0
2021-11-18,2021-11-17,EGARCH-t,5531,0.3557985475779884,0.0
2021-11-18,2021-11-17,EWMA,5531,0.2650355766275309,
2021-11-19,2021-11-18,GARCH-t,5532,0.3445720975193533,0.0
2021-11-19,2021-11-18,GJR-GARCH-t,5532,0.34916809258448356,0.0
2021-11-19,2021-11-18,EGARCH-t,5532,0.40438860956537187,0.0
2021-11-19,2021-11-18,EWMA,5532,0.26318563976381104,
2021-11-22,2021-11-19,GARCH-t,5533,0.34573657866913493,0.0
2021-11-22,2021-11-19,GJR-GARCH-t,5533,0.3668926977551719,0.0
2021-11-22,2021-11-19,EGARCH-t,5533,0.4462937266986474,0.0
2021-11-22,2021-11-19,EWMA,5533,0.25941124951401495,
2021-11-23,2021-11-22,GARCH-t,5534,0.3382156959586999,0.0
2021-11-23,2021-11-22,GJR-GARCH-t,5534,0.34687939283369174,0.0
2021-11-23,2021-11-22,EGARCH-t,5534,0.40658205619728016,0.0
2021-11-23,2021-11-22,EWMA,5534,0.25549609942033674,
2021-11-24,2021-11-23,GARCH-t,5535,0.3155884156419517,0.0
2021-11-24,2021-11-23,GJR-GARCH-t,5535,0.32872483613995146,0.0
2021-11-24,2021-11-23,EGARCH-t,5535,0.37328371946756095,0.0
2021-11-24,2021-11-23,EWMA,5535,0.24159390462039665,
2021-11-25,2021-11-24,GARCH-t,5536,0.299849887020136,0.0
2021-11-25,2021-11-24,GJR-GARCH-t,5536,0.3124819024920619,0.0
2021-11-25,2021-11-24,EGARCH-t,5536,0.3421429700349184,0.0
2021-11-25,2021-11-24,EWMA,5536,0.23145139937020456,
2021-11-26,2021-11-25,GARCH-t,5537,0.2893311315513808,0.0
2021-11-26,2021-11-25,GJR-GARCH-t,5537,0.29792426751132994,0.0
2021-11-26,2021-11-25,EGARCH-t,5537,0.313455358137109,0.0
2021-11-26,2021-11-25,EWMA,5537,0.22410676354652684,
2021-11-29,2021-11-26,GARCH-t,5538,1.792037905962976,0.0
2021-11-29,2021-11-26,GJR-GARCH-t,5538,2.6631567752079266,0.0
2021-11-29,2021-11-26,EGARCH-t,5538,1.5394737838338601,0.0
2021-11-29,2021-11-26,EWMA,5538,1.0374766369458583,
2021-11-30,2021-11-29,GARCH-t,5539,1.6804470032139116,0.0
2021-11-30,2021-11-29,GJR-GARCH-t,5539,2.402101265820914,0.0
2021-11-30,2021-11-29,EGARCH-t,5539,1.3704731547656195,0.0
2021-11-30,2021-11-29,EWMA,5539,1.0274131994921358,
2021-12-01,2021-11-30,GARCH-t,5540,1.5578850149603736,0.0
2021-12-01,2021-11-30,GJR-GARCH-t,5540,2.2587979324591116,0.0
2021-12-01,2021-11-30,EGARCH-t,5540,1.4440061877415307,0.0
2021-12-01,2021-11-30,EWMA,5540,0.9962535777545126,
2021-12-02,2021-12-01,GARCH-t,5541,1.6326261193870228,0.0
2021-12-02,2021-12-01,GJR-GARCH-t,5541,2.045470235917654,0.0
2021-12-02,2021-12-01,EGARCH-t,5541,1.2814755600593553,0.0
2021-12-02,2021-12-01,EWMA,5541,1.0778542011919117,
2021-12-03,2021-12-02,GARCH-t,5542,1.493003084858639,0.0
2021-12-03,2021-12-02,GJR-GARCH-t,5542,1.9054349428150488,0.0
2021-12-03,2021-12-02,EGARCH-t,5542,1.3112384445565903,0.0
2021-12-03,2021-12-02,EWMA,5542,1.031500318717741,
2021-12-06,2021-12-03,GARCH-t,5543,1.3345175556317375,0.0
2021-12-06,2021-12-03,GJR-GARCH-t,5543,1.7279599787443638,0.0
2021-12-06,2021-12-03,EGARCH-t,5543,1.2120566536362567,0.0
2021-12-06,2021-12-03,EWMA,5543,0.9701729485388113,
2021-12-07,2021-12-06,GARCH-t,5544,1.4332191788075612,0.0
2021-12-07,2021-12-06,GJR-GARCH-t,5544,1.5693806558109766,0.0
2021-12-07,2021-12-06,EGARCH-t,5544,1.075901073408464,0.0
2021-12-07,2021-12-06,EWMA,5544,1.0529016566491745,
2021-12-08,2021-12-07,GARCH-t,5545,1.502703340580525,0.0
2021-12-08,2021-12-07,GJR-GARCH-t,5545,1.4267134066111533,0.0
2021-12-08,2021-12-07,EGARCH-t,5545,0.9564886387054259,0.0
2021-12-08,2021-12-07,EWMA,5545,1.120586115164852,
2021-12-09,2021-12-08,GARCH-t,5546,1.3420044765593666,0.0
2021-12-09,2021-12-08,GJR-GARCH-t,5546,1.2981481273457955,0.0
2021-12-09,2021-12-08,EGARCH-t,5546,0.8782691029674492,0.0
2021-12-09,2021-12-08,EWMA,5546,1.0534205786624338,
2021-12-10,2021-12-09,GARCH-t,5547,1.2076125319989244,0.0
2021-12-10,2021-12-09,GJR-GARCH-t,5547,1.1918548767631947,0.0
2021-12-10,2021-12-09,EGARCH-t,5547,0.8497923452251223,0.0
2021-12-10,2021-12-09,EWMA,5547,0.9931105382441395,
2021-12-13,2021-12-10,GARCH-t,5548,1.1032712191419907,0.0
2021-12-13,2021-12-10,GJR-GARCH-t,5548,1.1168750289043494,0.0
2021-12-13,2021-12-10,EGARCH-t,5548,0.8662331359909493,0.0
2021-12-13,2021-12-10,EWMA,5548,0.9433046470761339,
2021-12-14,2021-12-13,GARCH-t,5549,1.0717048800279398,0.0
2021-12-14,2021-12-13,GJR-GARCH-t,5549,1.1413135819920346,0.0
2021-12-14,2021-12-13,EGARCH-t,5549,0.9898276870984757,0.0
2021-12-14,2021-12-13,EWMA,5549,0.9282174550429458,
2021-12-15,2021-12-14,GARCH-t,5550,0.9672872325123691,0.0
2021-12-15,2021-12-14,GJR-GARCH-t,5550,1.048161290837193,0.0
2021-12-15,2021-12-14,EGARCH-t,5550,0.9430740520925422,0.0
2021-12-15,2021-12-14,EWMA,5550,0.8744075470982519,
2021-12-16,2021-12-15,GARCH-t,5551,0.9233411410146127,0.0
2021-12-16,2021-12-15,GJR-GARCH-t,5551,1.036310813743705,0.0
2021-12-16,2021-12-15,EGARCH-t,5551,1.020789274820297,0.0
2021-12-16,2021-12-15,EWMA,5551,0.8484274973320363,
2021-12-17,2021-12-16,GARCH-t,5552,0.98618390889097,0.0
2021-12-17,2021-12-16,GJR-GARCH-t,5552,0.9481743098991756,0.0
2021-12-17,2021-12-16,EGARCH-t,5552,0.9092195845659569,0.0
2021-12-17,2021-12-16,EWMA,5552,0.8904529387240391,
2021-12-20,2021-12-17,GARCH-t,5553,0.8875283414034674,0.0
2021-12-20,2021-12-17,GJR-GARCH-t,5553,0.8686443398175795,0.0
2021-12-20,2021-12-17,EGARCH-t,5553,0.8262835194699316,0.0
2021-12-20,2021-12-17,EWMA,5553,0.8380088628578669,
2021-12-21,2021-12-20,GARCH-t,5554,0.9144189130573571,0.0
2021-12-21,2021-12-20,GJR-GARCH-t,5554,0.9695191684728834,0.0
2021-12-21,2021-12-20,EGARCH-t,5554,0.993112386639271,0.0
2021-12-21,2021-12-20,EWMA,5554,0.8470022992529455,
2021-12-22,2021-12-21,GARCH-t,5555,1.012612975752018,0.0
2021-12-22,2021-12-21,GJR-GARCH-t,5555,0.8883290941903098,0.0
2021-12-22,2021-12-21,EGARCH-t,5555,0.882742341658476,0.0
2021-12-22,2021-12-21,EWMA,5555,0.9090412059031105,
2021-12-23,2021-12-22,GARCH-t,5556,0.9440489523176756,0.0
2021-12-23,2021-12-22,GJR-GARCH-t,5556,0.8150951637895831,0.0
2021-12-23,2021-12-22,EGARCH-t,5556,0.7956163211331306,0.0
2021-12-23,2021-12-22,EWMA,5556,0.8764772477146089,
2021-12-24,2021-12-23,GARCH-t,5557,0.8656729789576559,0.0
2021-12-24,2021-12-23,GJR-GARCH-t,5557,0.7492476578649548,0.0
2021-12-24,2021-12-23,EGARCH-t,5557,0.7203399742837644,0.0
2021-12-24,2021-12-23,EWMA,5557,0.8349562642631946,
2021-12-29,2021-12-24,GARCH-t,5558,0.7807441745206456,0.0
2021-12-29,2021-12-24,GJR-GARCH-t,5558,0.6900991966573118,0.0
2021-12-29,2021-12-24,EGARCH-t,5558,0.663905535036835,0.0
2021-12-29,2021-12-24,EWMA,5558,0.7848747756505156,
2021-12-30,2021-12-29,GARCH-t,5559,0.7458180591561204,0.0
2021-12-30,2021-12-29,GJR-GARCH-t,5559,0.6371045184746487,0.0
2021-12-30,2021-12-29,EGARCH-t,5559,0.5995615895334836,0.0
2021-12-30,2021-12-29,EWMA,5559,0.7636875435549263,
2021-12-31,2021-12-30,GARCH-t,5560,0.6828976230648297,0.0
2021-12-31,2021-12-30,GJR-GARCH-t,5560,0.5999800398421189,0.0
2021-12-31,2021-12-30,EGARCH-t,5560,0.5958847566307464,0.0
2021-12-31,2021-12-30,EWMA,5560,0.7212880901843503,
2022-01-04,2021-12-31,GARCH-t,5561,0.6279294413008352,0.0
2022-01-04,2021-12-31,GJR-GARCH-t,5561,0.567621607692356,0.0
2022-01-04,2021-12-31,EGARCH-t,5561,0.594645176014214,0.0
2022-01-04,2021-12-31,EWMA,5561,0.6817671511863502,
2022-01-05,2022-01-04,GARCH-t,5562,0.8377546510049252,0.0
2022-01-05,2022-01-04,GJR-GARCH-t,5562,0.5290533069618575,0.0
2022-01-05,2022-01-04,EGARCH-t,5562,0.525980198406215,0.0
2022-01-05,2022-01-04,EWMA,5562,0.7985765966161527,
2022-01-06,2022-01-05,GARCH-t,5563,0.7573169591677433,0.0
2022-01-06,2022-01-05,GJR-GARCH-t,5563,0.4921910452748748,0.0
2022-01-06,2022-01-05,EGARCH-t,5563,0.4817203004155533,0.0
2022-01-06,2022-01-05,EWMA,5563,0.7521177953651844,
2022-01-07,2022-01-06,GARCH-t,5564,0.7774156752120228,0.0
2022-01-07,2022-01-06,GJR-GARCH-t,5564,0.5980036875871358,0.0
2022-01-07,2022-01-06,EGARCH-t,5564,0.6124683848411653,0.0
2022-01-07,2022-01-06,EWMA,5564,0.7543683576389311,
2022-01-10,2022-01-07,GARCH-t,5565,0.721963355772681,0.0
2022-01-10,2022-01-07,GJR-GARCH-t,5565,0.5545573585787665,0.0
2022-01-10,2022-01-07,EGARCH-t,5565,0.5558631705580683,0.0
2022-01-10,2022-01-07,EWMA,5565,0.72221044371205,
2022-01-11,2022-01-10,GARCH-t,5566,0.68937250720966,0.0
2022-01-11,2022-01-10,GJR-GARCH-t,5566,0.5666607098585904,0.0
2022-01-11,2022-01-10,EGARCH-t,5566,0.6127443355205398,0.0
2022-01-11,2022-01-10,EWMA,5566,0.6961035934266574,
2022-01-12,2022-01-11,GARCH-t,5567,0.6602064586298715,0.0
2022-01-12,2022-01-11,GJR-GARCH-t,5567,0.5264850713762063,0.0
2022-01-12,2022-01-11,EGARCH-t,5567,0.5542307998595574,0.0
2022-01-12,2022-01-11,EWMA,5567,0.6771990709374515,
2022-01-13,2022-01-12,GARCH-t,5568,0.6606976986566345,0.0
2022-01-13,2022-01-12,GJR-GARCH-t,5568,0.49056311623189847,0.0
2022-01-13,2022-01-12,EGARCH-t,5568,0.49959871556182195,0.0
2022-01-13,2022-01-12,EWMA,5568,0.6751309467256205,
2022-01-14,2022-01-13,GARCH-t,5569,0.6010779602691783,0.0
2022-01-14,2022-01-13,GJR-GARCH-t,5569,0.45794926468317276,0.0
2022-01-14,2022-01-13,EGARCH-t,5569,0.4578512134785099,0.0
2022-01-14,2022-01-13,EWMA,5569,0.636186451542512,
2022-01-17,2022-01-14,GARCH-t,5570,0.5577630068624103,0.0
2022-01-17,2022-01-14,GJR-GARCH-t,5570,0.4429678058920711,0.0
2022-01-17,2022-01-14,EGARCH-t,5570,0.4688554445442439,0.0
2022-01-17,2022-01-14,EWMA,5570,0.6026088267023341,
2022-01-18,2022-01-17,GARCH-t,5571,0.5872887567418902,0.0
2022-01-18,2022-01-17,GJR-GARCH-t,5571,0.4157764269904532,0.0
2022-01-18,2022-01-17,EGARCH-t,5571,0.42199577945517364,0.0
2022-01-18,2022-01-17,EWMA,5571,0.615061925621333,
2022-01-19,2022-01-18,GARCH-t,5572,0.5827344545059496,0.0
2022-01-19,2022-01-18,GJR-GARCH-t,5572,0.46073040485316546,0.0
2022-01-19,2022-01-18,EGARCH-t,5572,0.4972099071140218,0.0
2022-01-19,2022-01-18,EWMA,5572,0.6017729849429787,
2022-01-20,2022-01-19,GARCH-t,5573,0.540446292863249,0.0
2022-01-20,2022-01-19,GJR-GARCH-t,5573,0.43131599771966406,0.0
2022-01-20,2022-01-19,EGARCH-t,5573,0.4536167124396838,0.0
2022-01-20,2022-01-19,EWMA,5573,0.5727866371950674,
2022-01-21,2022-01-20,GARCH-t,5574,0.4944793861345952,0.0
2022-01-21,2022-01-20,GJR-GARCH-t,5574,0.40577072986018886,0.0
2022-01-21,2022-01-20,EGARCH-t,5574,0.4293822067495271,0.0
2022-01-21,2022-01-20,EWMA,5574,0.5386496906607816,
2022-01-24,2022-01-21,GARCH-t,5575,0.6193086356961925,0.0
2022-01-24,2022-01-21,GJR-GARCH-t,5575,0.6341638481638576,0.0
2022-01-24,2022-01-21,EGARCH-t,5575,0.6287755441412786,0.0
2022-01-24,2022-01-21,EWMA,5575,0.5935470272234616,
2022-01-25,2022-01-24,GARCH-t,5576,1.3440678621318325,0.0
2022-01-25,2022-01-24,GJR-GARCH-t,5576,1.8081977072473991,0.0
2022-01-25,2022-01-24,EGARCH-t,5576,1.3389522525122408,0.0
2022-01-25,2022-01-24,EWMA,5576,0.9832787287616522,
2022-01-26,2022-01-25,GARCH-t,5577,1.3035754984971357,0.0
2022-01-26,2022-01-25,GJR-GARCH-t,5577,1.6391597358188381,0.0
2022-01-26,2022-01-25,EGARCH-t,5577,1.1936382252118798,0.0
2022-01-26,2022-01-25,EWMA,5577,0.9858579023786475,
2022-01-27,2022-01-26,GARCH-t,5578,1.3436831147738522,0.0
2022-01-27,2022-01-26,GJR-GARCH-t,5578,1.4891700119292521,0.0
2022-01-27,2022-01-26,EGARCH-t,5578,1.0608695719154502,0.0
2022-01-27,2022-01-26,EWMA,5578,1.0319960042494014,
2022-01-28,2022-01-27,GARCH-t,5579,1.327887914283529,0.0
2022-01-28,2022-01-27,GJR-GARCH-t,5579,1.3539703883735759,0.0
2022-01-28,2022-01-27,EGARCH-t,5579,0.9462965889479139,0.0
2022-01-28,2022-01-27,EWMA,5579,1.045996368171144,
2022-01-31,2022-01-28,GARCH-t,5580,1.3470874137337256,0.0
2022-01-31,2022-01-28,GJR-GARCH-t,5580,1.4732887548508842,0.0
2022-01-31,2022-01-28,EGARCH-t,5580,1.1694240700495167,0.0
2022-01-31,2022-01-28,EWMA,5580,1.0659912575972081,
2022-02-01,2022-01-31,GARCH-t,5581,1.2051437563723237,0.0
2022-02-01,2022-01-31,GJR-GARCH-t,5581,1.3388312037462686,0.0
2022-02-01,2022-01-31,EGARCH-t,5581,1.0677294354071616,0.0
2022-02-01,2022-01-31,EWMA,5581,1.0020629036162743,
2022-02-02,2022-02-01,GARCH-t,5582,1.16860815334714,0.0
2022-02-02,2022-02-01,GJR-GARCH-t,5582,1.2190901768687816,0.0
2022-02-02,2022-02-01,EGARCH-t,5582,0.95472087316982,0.0
2022-02-02,2022-02-01,EWMA,5582,0.9963165940729997,
2022-02-03,2022-02-02,GARCH-t,5583,1.0840602754281545,0.0
2022-02-03,2022-02-02,GJR-GARCH-t,5583,1.1115776786317066,0.0
2022-02-03,2022-02-02,EGARCH-t,5583,0.8591361956998067,0.0
2022-02-03,2022-02-02,EWMA,5583,0.9599295804976292,
2022-02-04,2022-02-03,GARCH-t,5584,1.0349557797219242,0.0
2022-02-04,2022-02-03,GJR-GARCH-t,5584,1.105985770828312,0.0
2022-02-04,2022-02-03,EGARCH-t,5584,0.9530727701049917,0.0
2022-02-04,2022-02-03,EWMA,5584,0.9332071933234988,
2022-02-07,2022-02-04,GARCH-t,5585,0.934671936445689,0.0
2022-02-07,2022-02-04,GJR-GARCH-t,5585,1.015600585602343,0.0
2022-02-07,2022-02-04,EGARCH-t,5585,0.907063191459537,0.0
2022-02-07,2022-02-04,EWMA,5585,0.8788450036366202,
2022-02-08,2022-02-07,GARCH-t,5586,0.8960107665885171,0.0
2022-02-08,2022-02-07,GJR-GARCH-t,5586,0.9293021115968956,0.0
2022-02-08,2022-02-07,EGARCH-t,5586,0.8149908837494534,0.0
2022-02-08,2022-02-07,EWMA,5586,0.8604793052629838,
2022-02-09,2022-02-08,GARCH-t,5587,0.8091533113382138,0.0
2022-02-09,2022-02-08,GJR-GARCH-t,5587,0.8534046883501707,0.0
2022-02-09,2022-02-08,EGARCH-t,5587,0.7636156945548362,0.0
2022-02-09,2022-02-08,EWMA,5587,0.809279363765512,
2022-02-10,2022-02-09,GARCH-t,5588,0.829199866575406,0.0
2022-02-10,2022-02-09,GJR-GARCH-t,5588,0.7838863421040447,0.0
2022-02-10,2022-02-09,EGARCH-t,5588,0.6837993484780095,0.0
2022-02-10,2022-02-09,EWMA,5588,0.8211144609989304,
2022-02-11,2022-02-10,GARCH-t,5589,0.7604548880482263,0.0
2022-02-11,2022-02-10,GJR-GARCH-t,5589,0.7212645946146957,0.0
2022-02-11,2022-02-10,EGARCH-t,5589,0.6208992062648174,0.0
2022-02-11,2022-02-10,EWMA,5589,0.780452158218749,
2022-02-14,2022-02-11,GARCH-t,5590,0.6915369948771687,0.0
2022-02-14,2022-02-11,GJR-GARCH-t,5590,0.6694209144018306,0.0
2022-02-14,2022-02-11,EGARCH-t,5590,0.5987088383997948,0.0
2022-02-14,2022-02-11,EWMA,5590,0.7349516187857875,
2022-02-15,2022-02-14,GARCH-t,5591,0.951992712435162,0.0
2022-02-15,2022-02-14,GJR-GARCH-t,5591,1.1188659535440224,0.0
2022-02-15,2022-02-14,EGARCH-t,5591,0.954665680481042,0.0
2022-02-15,2022-02-14,EWMA,5591,0.8649694187299111,
2022-02-16,2022-02-15,GARCH-t,5592,0.9590273550969781,0.0
2022-02-16,2022-02-15,GJR-GARCH-t,5592,1.0222193740916314,0.0
2022-02-16,2022-02-15,EGARCH-t,5592,0.8534199242674002,0.0
2022-02-16,2022-02-15,EWMA,5592,0.8756310240999151,
2022-02-17,2022-02-16,GARCH-t,5593,0.8645906024276937,0.0
2022-02-17,2022-02-16,GJR-GARCH-t,5593,0.936360840426555,0.0
2022-02-17,2022-02-16,EGARCH-t,5593,0.7947963580441221,0.0
2022-02-17,2022-02-16,EWMA,5593,0.8233629090637566,
2022-02-18,2022-02-17,GARCH-t,5594,0.8697771463558012,0.0
2022-02-18,2022-02-17,GJR-GARCH-t,5594,0.9925775712119345,0.0
2022-02-18,2022-02-17,EGARCH-t,5594,0.9303420932045975,0.0
2022-02-18,2022-02-17,EWMA,5594,0.8201174481582816,
2022-02-21,2022-02-18,GARCH-t,5595,0.798197055881748,0.0
2022-02-21,2022-02-18,GJR-GARCH-t,5595,0.9271176911424376,0.0
2022-02-21,2022-02-18,EGARCH-t,5595,0.9220479247185914,0.0
2022-02-21,2022-02-18,EWMA,5595,0.7769114622538903,
2022-02-22,2022-02-21,GARCH-t,5596,0.7412294727025983,0.0
2022-02-22,2022-02-21,GJR-GARCH-t,5596,0.8776584734162477,0.0
2022-02-22,2022-02-21,EGARCH-t,5596,0.9321858033093605,0.0
2022-02-22,2022-02-21,EWMA,5596,0.739456772350874,
2022-02-23,2022-02-22,GARCH-t,5597,0.6718333239089288,0.0
2022-02-23,2022-02-22,GJR-GARCH-t,5597,0.8056735000609937,0.0
2022-02-23,2022-02-22,EGARCH-t,5597,0.847344669005167,0.0
2022-02-23,2022-02-22,EWMA,5597,0.6961378924375854,
2022-02-24,2022-02-23,GARCH-t,5598,0.6095639236103069,0.0
2022-02-24,2022-02-23,GJR-GARCH-t,5598,0.7410487338692228,0.0
2022-02-24,2022-02-23,EGARCH-t,5598,0.7725708955939784,0.0
2022-02-24,2022-02-23,EWMA,5598,0.6545404586309489,
2022-02-25,2022-02-24,GARCH-t,5599,2.2514838135687967,0.0
2022-02-25,2022-02-24,GJR-GARCH-t,5599,3.3566409162009125,0.0
2022-02-25,2022-02-24,EGARCH-t,5599,2.1793529154292033,0.0
2022-02-25,2022-02-24,EWMA,5599,1.5566507864424817,
2022-02-28,2022-02-25,GARCH-t,5600,3.5710156832385427,0.0
2022-02-28,2022-02-25,GJR-GARCH-t,5600,3.051735072061661,0.0
2022-02-28,2022-02-25,EGARCH-t,5600,1.882261639471209,0.0
2022-02-28,2022-02-25,EWMA,5600,2.3502592659763324,
2022-03-01,2022-02-28,GARCH-t,5601,3.1842689395521155,0.0
2022-03-01,2022-02-28,GJR-GARCH-t,5601,2.78323999658862,0.0
2022-03-01,2022-02-28,EGARCH-t,5601,1.8291790400340617,0.0
2022-03-01,2022-02-28,EWMA,5601,2.219699878754298,
2022-03-02,2022-03-01,GARCH-t,5602,3.1662041827580993,0.0
2022-03-02,2022-03-01,GJR-GARCH-t,5602,3.0360102984973056,0.0
2022-03-02,2022-03-01,EGARCH-t,5602,2.280921688666494,0.0
2022-03-02,2022-03-01,EWMA,5602,2.2666040411704054,
2022-03-03,2022-03-02,GARCH-t,5603,2.9930074299499827,0.0
2022-03-03,2022-03-02,GJR-GARCH-t,5603,2.741209145924367,0.0
2022-03-03,2022-03-02,EGARCH-t,5603,2.013411322323347,0.0
2022-03-03,2022-03-02,EWMA,5603,2.239459526246735,
2022-03-04,2022-03-03,GARCH-t,5604,3.411818992923093,0.0
2022-03-04,2022-03-03,GJR-GARCH-t,5604,3.648585533681328,0.0
2022-03-04,2022-03-03,EGARCH-t,5604,2.8873277309330247,0.0
2022-03-04,2022-03-03,EWMA,5604,2.510778912530514,
2022-03-07,2022-03-04,GARCH-t,5605,4.42096761418202,0.0
2022-03-07,2022-03-04,GJR-GARCH-t,5605,5.471548472174623,0.0
2022-03-07,2022-03-04,EGARCH-t,5605,4.399859816559595,0.0
2022-03-07,2022-03-04,EWMA,5605,3.1121828946508328,
2022-03-08,2022-03-07,GARCH-t,5606,3.9316789940314556,0.0
2022-03-08,2022-03-07,GJR-GARCH-t,5606,4.944269201458717,0.0
2022-03-08,2022-03-07,EGARCH-t,5606,4.0885787043817965,0.0
2022-03-08,2022-03-07,EWMA,5606,2.9348512513870557,
2022-03-09,2022-03-08,GARCH-t,5607,3.482687906963882,0.0
2022-03-09,2022-03-08,GJR-GARCH-t,5607,4.446334012445171,0.0
2022-03-09,2022-03-08,EGARCH-t,5607,3.622862485876785,0.0
2022-03-09,2022-03-08,EWMA,5607,2.7590221407142765,
2022-03-10,2022-03-09,GARCH-t,5608,4.169318936219558,0.0
2022-03-10,2022-03-09,GJR-GARCH-t,5608,4.012290926299981,0.0
2022-03-10,2022-03-09,EGARCH-t,5608,3.1353040971757036,0.0
2022-03-10,2022-03-09,EWMA,5608,3.2086550544073877,
2022-03-11,2022-03-10,GARCH-t,5609,3.8825148012419586,0.0
2022-03-11,2022-03-10,GJR-GARCH-t,5609,3.902593926402409,0.0
2022-03-11,2022-03-10,EGARCH-t,5609,3.362568423223922,0.0
2022-03-11,2022-03-10,EWMA,5609,3.1147552277775445,
2022-03-14,2022-03-11,GARCH-t,5610,3.501388885630239,0.0
2022-03-14,2022-03-11,GJR-GARCH-t,5610,3.5163787084563354,0.0
2022-03-14,2022-03-11,EGARCH-t,5610,2.9700950458868185,0.0
2022-03-14,2022-03-11,EWMA,5610,2.9655747027494335,
2022-03-15,2022-03-14,GARCH-t,5611,3.1307372103348547,0.0
2022-03-15,2022-03-14,GJR-GARCH-t,5611,3.170607268635859,0.0
2022-03-15,2022-03-14,EGARCH-t,5611,2.635403220714435,0.0
2022-03-15,2022-03-14,EWMA,5611,2.804383484121955,
2022-03-16,2022-03-15,GARCH-t,5612,2.7877765824232617,0.0
2022-03-16,2022-03-15,GJR-GARCH-t,5612,2.8725071940287594,0.0
2022-03-16,2022-03-15,EGARCH-t,5612,2.453047265841644,0.0
2022-03-16,2022-03-15,EWMA,5612,2.6398032651899372,
2022-03-17,2022-03-16,GARCH-t,5613,2.738581102589742,0.0
2022-03-17,2022-03-16,GJR-GARCH-t,5613,2.59476914358857,0.0
2022-03-17,2022-03-16,EGARCH-t,5613,2.156980573593802,0.0
2022-03-17,2022-03-16,EWMA,5613,2.6357146807148393,
2022-03-18,2022-03-17,GARCH-t,5614,2.596302260782917,0.0
2022-03-18,2022-03-17,GJR-GARCH-t,5614,2.3452795159785556,0.0
2022-03-18,2022-03-17,EGARCH-t,5614,1.9058080004021372,0.0
2022-03-18,2022-03-17,EWMA,5614,2.5751822917239986,
2022-03-21,2022-03-18,GARCH-t,5615,2.3121049626784376,0.0
2022-03-21,2022-03-18,GJR-GARCH-t,5615,2.12031895521498,0.0
2022-03-21,2022-03-18,EGARCH-t,5615,1.7077151234952868,0.0
2022-03-21,2022-03-18,EWMA,5615,2.4248008434800385,
2022-03-22,2022-03-21,GARCH-t,5616,2.0788010337121334,0.0
2022-03-22,2022-03-21,GJR-GARCH-t,5616,1.9182807163997055,0.0
2022-03-22,2022-03-21,EGARCH-t,5616,1.527502333727121,0.0
2022-03-22,2022-03-21,EWMA,5616,2.29478690665513,
2022-03-23,2022-03-22,GARCH-t,5617,1.86773701385885,0.0
2022-03-23,2022-03-22,GJR-GARCH-t,5617,1.7365683756980854,0.0
2022-03-23,2022-03-22,EGARCH-t,5617,1.3691052331012836,0.0
2022-03-23,2022-03-22,EWMA,5617,2.169785647517948,
2022-03-24,2022-03-23,GARCH-t,5618,1.6691264466692495,0.0
2022-03-24,2022-03-23,GJR-GARCH-t,5618,1.5818502980585751,0.0
2022-03-24,2022-03-23,EGARCH-t,5618,1.299298140951789,0.0
2022-03-24,2022-03-23,EWMA,5618,2.042386711567952,
2022-03-25,2022-03-24,GARCH-t,5619,1.485771773607423,0.0
2022-03-25,2022-03-24,GJR-GARCH-t,5619,1.4334709105411019,0.0
2022-03-25,2022-03-24,EGARCH-t,5619,1.1735691276354168,0.0
2022-03-25,2022-03-24,EWMA,5619,1.9203414762898607,
2022-03-28,2022-03-25,GARCH-t,5620,1.3261401531758505,0.0
2022-03-28,2022-03-25,GJR-GARCH-t,5620,1.2999688722022544,0.0
2022-03-28,2022-03-25,EGARCH-t,5620,1.0591680756502448,0.0
2022-03-28,2022-03-25,EWMA,5620,1.8078696582427805,
2022-03-29,2022-03-28,GARCH-t,5621,1.1849037640161755,0.0
2022-03-29,2022-03-28,GJR-GARCH-t,5621,1.18369487712542,0.0
2022-03-29,2022-03-28,EGARCH-t,5621,0.9961796673497153,0.0
2022-03-29,2022-03-28,EWMA,5621,1.700535654704871,
2022-03-30,2022-03-29,GARCH-t,5622,1.1312541952038284,0.0
2022-03-30,2022-03-29,GJR-GARCH-t,5622,1.0778939095333078,0.0
2022-03-30,2022-03-29,EGARCH-t,5622,0.891204171932223,0.0
2022-03-30,2022-03-29,EWMA,5622,1.6424069104223553,
2022-03-31,2022-03-30,GARCH-t,5623,1.0383772795239505,0.0
2022-03-31,2022-03-30,GJR-GARCH-t,5623,0.9814328007786997,0.0
2022-03-31,2022-03-30,EGARCH-t,5623,0.8021489005465132,0.0
2022-03-31,2022-03-30,EWMA,5623,1.5619521442584117,
2022-04-01,2022-03-31,GARCH-t,5624,1.0153879088202993,0.0
2022-04-01,2022-03-31,GJR-GARCH-t,5624,1.0220261639175274,0.0
2022-04-01,2022-03-31,EGARCH-t,5624,0.929763702551254,0.0
2022-04-01,2022-03-31,EWMA,5624,1.5101753780386107,
2022-04-04,2022-04-01,GARCH-t,5625,0.9147738682046517,0.0
2022-04-04,2022-04-01,GJR-GARCH-t,5625,0.9311517167527715,0.0
2022-04-04,2022-04-01,EGARCH-t,5625,0.840356004243743,0.0
2022-04-04,2022-04-01,EWMA,5625,1.424784315771063,
2022-04-05,2022-04-04,GARCH-t,5626,0.8248937315866952,0.0
2022-04-05,2022-04-04,GJR-GARCH-t,5626,0.8494886852970305,0.0
2022-04-05,2022-04-04,EGARCH-t,5626,0.76056805721168,0.0
2022-04-05,2022-04-04,EWMA,5626,1.3439411326604773,
2022-04-06,2022-04-05,GARCH-t,5627,0.7925259496154885,0.0
2022-04-06,2022-04-05,GJR-GARCH-t,5627,0.7781759004141202,0.0
2022-04-06,2022-04-05,EGARCH-t,5627,0.6836410485657601,0.0
2022-04-06,2022-04-05,EWMA,5627,1.2946130562505833,
2022-04-07,2022-04-06,GARCH-t,5628,0.7282682640768979,0.0
2022-04-07,2022-04-06,GJR-GARCH-t,5628,0.7347636844529247,0.0
2022-04-07,2022-04-06,EGARCH-t,5628,0.6955382612258232,0.0
2022-04-07,2022-04-06,EWMA,5628,1.2239571534947356,
2022-04-08,2022-04-07,GARCH-t,5629,0.685633198428081,0.0
2022-04-08,2022-04-07,GJR-GARCH-t,5629,0.7160992050048086,0.0
2022-04-08,2022-04-07,EGARCH-t,5629,0.7361930994757228,0.0
2022-04-08,2022-04-07,EWMA,5629,1.1640151986102574,
2022-04-11,2022-04-08,GARCH-t,5630,0.8737663306824718,0.0
2022-04-11,2022-04-08,GJR-GARCH-t,5630,0.6645254216464516,0.0
2022-04-11,2022-04-08,EGARCH-t,5630,0.6526154333550815,0.0
2022-04-11,2022-04-08,EWMA,5630,1.2379257029918995,
2022-04-12,2022-04-11,GARCH-t,5631,0.8416791395844848,0.0
2022-04-12,2022-04-11,GJR-GARCH-t,5631,0.6946712398787075,0.0
2022-04-12,2022-04-11,EGARCH-t,5631,0.7396849827763194,0.0
2022-04-12,2022-04-11,EWMA,5631,1.190674714574737,
2022-04-13,2022-04-12,GARCH-t,5632,0.7955853670232658,0.0
2022-04-13,2022-04-12,GJR-GARCH-t,5632,0.6944857338838024,0.0
2022-04-13,2022-04-12,EGARCH-t,5632,0.7960473302775255,0.0
2022-04-13,2022-04-12,EWMA,5632,1.1372225476955589,
2022-04-14,2022-04-13,GARCH-t,5633,0.716396438375113,0.0
2022-04-14,2022-04-13,GJR-GARCH-t,5633,0.6389363707332515,0.0
2022-04-14,2022-04-13,EGARCH-t,5633,0.7247238796322655,0.0
2022-04-14,2022-04-13,EWMA,5633,1.0691647610964992,
2022-04-19,2022-04-14,GARCH-t,5634,0.6666210810521076,0.0
2022-04-19,2022-04-14,GJR-GARCH-t,5634,0.5896821386827211,0.0
2022-04-19,2022-04-14,EGARCH-t,5634,0.6549943155794865,0.0
2022-04-19,2022-04-14,EWMA,5634,1.0181849449658953,
2022-04-20,2022-04-19,GARCH-t,5635,0.6091027588894644,0.0
2022-04-20,2022-04-19,GJR-GARCH-t,5635,0.5529685094776992,0.0
2022-04-20,2022-04-19,EGARCH-t,5635,0.6391684549140553,0.0
2022-04-20,2022-04-19,EWMA,5635,0.9594568988559002,
2022-04-21,2022-04-20,GARCH-t,5636,0.5635467430477782,0.0
2022-04-21,2022-04-20,GJR-GARCH-t,5636,0.512513767421671,0.0
2022-04-21,2022-04-20,EGARCH-t,5636,0.5795770154178256,0.0
2022-04-21,2022-04-20,EWMA,5636,0.9099433520245002,
2022-04-22,2022-04-21,GARCH-t,5637,0.5120219318646628,0.0
2022-04-22,2022-04-21,GJR-GARCH-t,5637,0.4760535367274736,0.0
2022-04-22,2022-04-21,EGARCH-t,5637,0.5349652292078593,0.0
2022-04-22,2022-04-21,EWMA,5637,0.8553616022350158,
2022-04-25,2022-04-22,GARCH-t,5638,0.6999944669598583,0.0
2022-04-25,2022-04-22,GJR-GARCH-t,5638,0.7978932078059026,0.0
2022-04-25,2022-04-22,EGARCH-t,5638,0.8052337683499675,0.0
2022-04-25,2022-04-22,EWMA,5638,0.9222031357510786,
2022-04-26,2022-04-25,GARCH-t,5639,1.044189164762054,0.0
2022-04-26,2022-04-25,GJR-GARCH-t,5639,1.3681957341118782,0.0
2022-04-26,2022-04-25,EGARCH-t,5639,1.260211403804689,0.0
2022-04-26,2022-04-25,EWMA,5639,1.0823509859843203,
2022-04-27,2022-04-26,GARCH-t,5640,0.93594427279503,0.0
2022-04-27,2022-04-26,GJR-GARCH-t,5640,1.2418268293899213,0.0
2022-04-27,2022-04-26,EGARCH-t,5640,1.1389208717013048,0.0
2022-04-27,2022-04-26,EWMA,5640,1.0177675485085287,
2022-04-28,2022-04-27,GARCH-t,5641,0.8670201324908662,0.0
2022-04-28,2022-04-27,GJR-GARCH-t,5641,1.1294279387328032,0.0
2022-04-28,2022-04-27,EGARCH-t,5641,1.0229874973262387,0.0
2022-04-28,2022-04-27,EWMA,5641,0.9736834584085674,
2022-04-29,2022-04-28,GARCH-t,5642,0.9069118045041789,0.0
2022-04-29,2022-04-28,GJR-GARCH-t,5642,1.029388420950011,0.0
2022-04-29,2022-04-28,EGARCH-t,5642,0.9105106103658224,0.0
2022-04-29,2022-04-28,EWMA,5642,0.9904654298419246,
2022-05-03,2022-04-29,GARCH-t,5643,0.8352674674452977,0.0
2022-05-03,2022-04-29,GJR-GARCH-t,5643,0.9396590063110818,0.0
2022-05-03,2022-04-29,EGARCH-t,5643,0.8210843020961701,0.0
2022-05-03,2022-04-29,EWMA,5643,0.9443091464161465,
2022-05-04,2022-05-03,GARCH-t,5644,0.755764153347966,0.0
2022-05-04,2022-05-03,GJR-GARCH-t,5644,0.8594187264785721,0.0
2022-05-04,2022-05-03,EGARCH-t,5644,0.745073612262766,0.0
2022-05-04,2022-05-03,EWMA,5644,0.8905837599348325,
2022-05-05,2022-05-04,GARCH-t,5645,0.7794696728196323,0.0
2022-05-05,2022-05-04,GJR-GARCH-t,5645,0.9330109472281775,0.0
2022-05-05,2022-05-04,EGARCH-t,5645,0.8893385727770987,0.0
2022-05-05,2022-05-04,EWMA,5645,0.88582575962026,
2022-05-06,2022-05-05,GARCH-t,5646,0.7040647826128887,0.0
2022-05-06,2022-05-05,GJR-GARCH-t,5646,0.8534834654908333,0.0
2022-05-06,2022-05-05,EGARCH-t,5646,0.8074839103204868,0.0
2022-05-06,2022-05-05,EWMA,5646,0.8337010374064099,
2022-05-09,2022-05-06,GARCH-t,5647,0.9134395414284392,0.0
2022-05-09,2022-05-06,GJR-GARCH-t,5647,1.2073567754504133,0.0
2022-05-09,2022-05-06,EGARCH-t,5647,1.14448463862457,0.0
2022-05-09,2022-05-06,EWMA,5647,0.927817521069964,
2022-05-10,2022-05-09,GARCH-t,5648,1.445210940066259,0.0
2022-05-10,2022-05-09,GJR-GARCH-t,5648,2.071814284242344,0.0
2022-05-10,2022-05-09,EGARCH-t,5648,1.8171831176313056,0.0
2022-05-10,2022-05-09,EWMA,5648,1.2023593856305426,
2022-05-11,2022-05-10,GARCH-t,5649,1.2994796337833536,0.0
2022-05-11,2022-05-10,GJR-GARCH-t,5649,1.8697588684432433,0.0
2022-05-11,2022-05-10,EGARCH-t,5649,1.6254693811886518,0.0
2022-05-11,2022-05-10,EWMA,5649,1.1383396562128318,
2022-05-12,2022-05-11,GARCH-t,5650,1.3725350732387338,0.0
2022-05-12,2022-05-11,GJR-GARCH-t,5650,1.6919659409753436,0.0
2022-05-12,2022-05-11,EGARCH-t,5650,1.4349045428265368,0.0
2022-05-12,2022-05-11,EWMA,5650,1.193149604981271,
2022-05-13,2022-05-12,GARCH-t,5651,1.5099532606251815,0.0
2022-05-13,2022-05-12,GJR-GARCH-t,5651,1.9697610132219316,0.0
2022-05-13,2022-05-12,EGARCH-t,5651,1.8121652323057915,0.0
2022-05-13,2022-05-12,EWMA,5651,1.2693044949331378,
2022-05-16,2022-05-13,GARCH-t,5652,2.02608872172351,0.0
2022-05-16,2022-05-13,GJR-GARCH-t,5652,1.7839260261911996,0.0
2022-05-16,2022-05-13,EGARCH-t,5652,1.5761663497647367,0.0
2022-05-16,2022-05-13,EWMA,5652,1.5754150086264729,
2022-05-17,2022-05-16,GARCH-t,5653,1.8345766187367563,0.0
2022-05-17,2022-05-16,GJR-GARCH-t,5653,1.613358311379449,0.0
2022-05-17,2022-05-16,EGARCH-t,5653,1.4072321947633866,0.0
2022-05-17,2022-05-16,EWMA,5653,1.5044187938431606,
2022-05-18,2022-05-17,GARCH-t,5654,1.6795171145580143,0.0
2022-05-18,2022-05-17,GJR-GARCH-t,5654,1.4612656000730395,0.0
2022-05-18,2022-05-17,EGARCH-t,5654,1.2565657838012847,0.0
2022-05-18,2022-05-17,EWMA,5654,1.444867708124391,
2022-05-19,2022-05-18,GARCH-t,5655,1.6310987242225712,0.0
2022-05-19,2022-05-18,GJR-GARCH-t,5655,1.532186316304632,0.0
2022-05-19,2022-05-18,EGARCH-t,5655,1.4545981522920164,0.0
2022-05-19,2022-05-18,EWMA,5655,1.4273569290871462,
2022-05-20,2022-05-19,GARCH-t,5656,1.840738098786425,0.0
2022-05-20,2022-05-19,GJR-GARCH-t,5656,1.9888964730858727,0.0
2022-05-20,2022-05-19,EGARCH-t,5656,1.940638273479224,0.0
2022-05-20,2022-05-19,EWMA,5656,1.5442179474778672,
2022-05-23,2022-05-20,GARCH-t,5657,1.780216516551025,0.0
2022-05-23,2022-05-20,GJR-GARCH-t,5657,1.7971725989407596,0.0
2022-05-23,2022-05-20,EGARCH-t,5657,1.7156548894767552,0.0
2022-05-23,2022-05-20,EWMA,5657,1.5362963470164592,
2022-05-24,2022-05-23,GARCH-t,5658,1.8695634635168612,0.0
2022-05-24,2022-05-23,GJR-GARCH-t,5658,1.6264125108178904,0.0
2022-05-24,2022-05-23,EGARCH-t,5658,1.5090920315553138,0.0
2022-05-24,2022-05-23,EWMA,5658,1.6086655833170453,
2022-05-25,2022-05-24,GARCH-t,5659,1.6807946541796808,0.0
2022-05-25,2022-05-24,GJR-GARCH-t,5659,1.5007677360446179,0.0
2022-05-25,2022-05-24,EGARCH-t,5659,1.4773440605016082,0.0
2022-05-25,2022-05-24,EWMA,5659,1.5211189695597354,
2022-05-26,2022-05-25,GARCH-t,5660,1.519201530950679,0.0
2022-05-26,2022-05-25,GJR-GARCH-t,5660,1.3605902535096817,0.0
2022-05-26,2022-05-25,EGARCH-t,5660,1.3225185993953323,0.0
2022-05-26,2022-05-25,EWMA,5660,1.4455653720341384,
2022-05-27,2022-05-26,GARCH-t,5661,1.3822760314245246,0.0
2022-05-27,2022-05-26,GJR-GARCH-t,5661,1.23531022393879,0.0
2022-05-27,2022-05-26,EGARCH-t,5661,1.1848320006960908,0.0
2022-05-27,2022-05-26,EWMA,5661,1.3775181938503211,
2022-05-30,2022-05-27,GARCH-t,5662,1.2383952846654718,0.0
2022-05-30,2022-05-27,GJR-GARCH-t,5662,1.1231612311303099,0.0
2022-05-30,2022-05-27,EGARCH-t,5662,1.068210115924875,0.0
2022-05-30,2022-05-27,EWMA,5662,1.2993042321128163,
2022-05-31,2022-05-30,GARCH-t,5663,1.1084308044895863,0.0
2022-05-31,2022-05-30,GJR-GARCH-t,5663,1.022738206639771,0.0
2022-05-31,2022-05-30,EGARCH-t,5663,0.9659778902614528,0.0
2022-05-31,2022-05-30,EWMA,5663,1.2235644765511664,
2022-06-01,2022-05-31,GARCH-t,5664,0.991734865842103,0.0
2022-06-01,2022-05-31,GJR-GARCH-t,5664,0.932752222270881,0.0
2022-06-01,2022-05-31,EGARCH-t,5664,0.8764029768708914,0.0
2022-06-01,2022-05-31,EWMA,5664,1.1507500081226942,
2022-06-06,2022-06-01,GARCH-t,5665,1.0060972761386942,0.0
2022-06-06,2022-06-01,GJR-GARCH-t,5665,1.0281572730978885,0.0
2022-06-06,2022-06-01,EGARCH-t,5665,1.04663220172808,0.0
2022-06-06,2022-06-01,EWMA,5665,1.1401261229978574,
2022-06-07,2022-06-06,GARCH-t,5666,1.001364888388674,0.0
2022-06-07,2022-06-06,GJR-GARCH-t,5666,0.9382305869161724,0.0
2022-06-07,2022-06-06,EGARCH-t,5666,0.9327670758671289,0.0
2022-06-07,2022-06-06,EWMA,5666,1.1309204654833795,
2022-06-08,2022-06-07,GARCH-t,5667,0.9003674266447117,0.0
2022-06-08,2022-06-07,GJR-GARCH-t,5667,0.8605163071280066,0.0
2022-06-08,2022-06-07,EGARCH-t,5667,0.878481247015731,0.0
2022-06-08,2022-06-07,EWMA,5667,1.063962897402345,
2022-06-09,2022-06-08,GARCH-t,5668,0.8098342506518603,0.0
2022-06-09,2022-06-08,GJR-GARCH-t,5668,0.7891006955554318,0.0
2022-06-09,2022-06-08,EGARCH-t,5668,0.8190180284832049,0.0
2022-06-09,2022-06-08,EWMA,5668,1.000487097036702,
2022-06-10,2022-06-09,GARCH-t,5669,1.0096011548164359,0.0
2022-06-10,2022-06-09,GJR-GARCH-t,5669,1.1533490642460478,0.0
2022-06-10,2022-06-09,EGARCH-t,5669,1.1584411205787728,0.0
2022-06-10,2022-06-09,EWMA,5669,1.0846469821731908,
2022-06-13,2022-06-10,GARCH-t,5670,1.4305111657574574,0.0
2022-06-13,2022-06-10,GJR-GARCH-t,5670,1.8672500072564941,0.0
2022-06-13,2022-06-10,EGARCH-t,5670,1.7486444102626737,0.0
2022-06-13,2022-06-10,EWMA,5670,1.2957822723371422,
2022-06-14,2022-06-13,GARCH-t,5671,1.5498865896197016,0.0
2022-06-14,2022-06-13,GJR-GARCH-t,5671,2.1109508571733313,0.0
2022-06-14,2022-06-13,EGARCH-t,5671,2.121080616173471,0.0
2022-06-14,2022-06-13,EWMA,5671,1.3600082932057356,
2022-06-15,2022-06-14,GARCH-t,5672,1.3896388970090912,0.0
2022-06-15,2022-06-14,GJR-GARCH-t,5672,1.9169053004452266,0.0
2022-06-15,2022-06-14,EGARCH-t,5672,1.9918979570725643,0.0
2022-06-15,2022-06-14,EWMA,5672,1.2822873681440172,
2022-06-16,2022-06-15,GARCH-t,5673,1.3836709375918015,0.0
2022-06-16,2022-06-15,GJR-GARCH-t,5673,1.7327002714250113,0.0
2022-06-16,2022-06-15,EGARCH-t,5673,1.7602678907678204,0.0
2022-06-16,2022-06-15,EWMA,5673,1.2900370109783563,
2022-06-17,2022-06-16,GARCH-t,5674,2.3856584784409884,0.0
2022-06-17,2022-06-16,GJR-GARCH-t,5674,3.376431214255828,0.0
2022-06-17,2022-06-16,EGARCH-t,5674,2.9334516159339503,0.0
2022-06-17,2022-06-16,EWMA,5674,1.8234189606548576,
2022-06-20,2022-06-17,GARCH-t,5675,2.1352942253530607,0.0
2022-06-20,2022-06-17,GJR-GARCH-t,5675,3.063650159227706,0.0
2022-06-20,2022-06-17,EGARCH-t,5675,2.782988020896251,0.0
2022-06-20,2022-06-17,EWMA,5675,1.724012239337049,
2022-06-21,2022-06-20,GARCH-t,5676,2.1268517000529323,0.0
2022-06-21,2022-06-20,GJR-GARCH-t,5676,2.7573539122946955,0.0
2022-06-21,2022-06-20,EGARCH-t,5676,2.442708445017159,0.0
2022-06-21,2022-06-20,EWMA,5676,1.754215733700742,
2022-06-22,2022-06-21,GARCH-t,5677,1.9030231723205087,0.0
2022-06-22,2022-06-21,GJR-GARCH-t,5677,2.482220435938223,0.0
2022-06-22,2022-06-21,EGARCH-t,5677,2.174385844003063,0.0
2022-06-22,2022-06-21,EWMA,5677,1.6597776498309005,
2022-06-23,2022-06-22,GARCH-t,5678,1.7849486295273538,0.0
2022-06-23,2022-06-22,GJR-GARCH-t,5678,2.3781546097590143,0.0
2022-06-23,2022-06-22,EGARCH-t,5678,2.2747790812855286,0.0
2022-06-23,2022-06-22,EWMA,5678,1.6070094960712507,
2022-06-24,2022-06-23,GARCH-t,5679,1.700434886836022,0.0
2022-06-24,2022-06-23,GJR-GARCH-t,5679,2.3151516503709617,0.0
2022-06-24,2022-06-23,EGARCH-t,5679,2.406215075800081,0.0
2022-06-24,2022-06-23,EWMA,5679,1.5674871197413627,
2022-06-27,2022-06-24,GARCH-t,5680,2.2590445985815197,0.0
2022-06-27,2022-06-24,GJR-GARCH-t,5680,2.091060424854201,0.0
2022-06-27,2022-06-24,EGARCH-t,5680,2.0857165244913136,0.0
2022-06-27,2022-06-24,EWMA,5680,1.8937719955072978,
2022-06-28,2022-06-27,GARCH-t,5681,2.0488591371579155,0.0
2022-06-28,2022-06-27,GJR-GARCH-t,5681,1.8880476657960479,0.0
2022-06-28,2022-06-27,EGARCH-t,5681,1.854680616227337,0.0
2022-06-28,2022-06-27,EWMA,5681,1.8082428138558722,
2022-06-29,2022-06-28,GARCH-t,5682,1.8987104624749793,0.0
2022-06-29,2022-06-28,GJR-GARCH-t,5682,1.7067521527738756,0.0
2022-06-29,2022-06-28,EGARCH-t,5682,1.6467628253623423,0.0
2022-06-29,2022-06-28,EWMA,5682,1.747585251232766,
2022-06-30,2022-06-29,GARCH-t,5683,1.6914911801161183,0.0
2022-06-30,2022-06-29,GJR-GARCH-t,5683,1.5490584494605881,0.0
2022-06-30,2022-06-29,EGARCH-t,5683,1.5321404698739287,0.0
2022-06-30,2022-06-29,EWMA,5683,1.6441106412965718,
2022-07-01,2022-06-30,GARCH-t,5684,1.9517567362626949,0.0
2022-07-01,2022-06-30,GJR-GARCH-t,5684,2.0969027101677544,0.0
2022-07-01,2022-06-30,EGARCH-t,5684,2.0793915285027325,0.0
2022-07-01,2022-06-30,EWMA,5684,1.7794977452845395,
2022-07-04,2022-07-01,GARCH-t,5685,1.7344332368042352,0.0
2022-07-04,2022-07-01,GJR-GARCH-t,5685,1.893371509991962,0.0
2022-07-04,2022-07-01,EGARCH-t,5685,1.872460748600031,0.0
2022-07-04,2022-07-01,EWMA,5685,1.6727320778762407,
2022-07-05,2022-07-04,GARCH-t,5686,1.6217262626685687,0.0
2022-07-05,2022-07-04,GJR-GARCH-t,5686,1.7117503728604733,0.0
2022-07-05,2022-07-04,EGARCH-t,5686,1.6626146098709838,0.0
2022-07-05,2022-07-04,EWMA,5686,1.6197669653386804,
2022-07-06,2022-07-05,GARCH-t,5687,2.3974728357626796,0.0
2022-07-06,2022-07-05,GJR-GARCH-t,5687,3.042979036130387,0.0
2022-07-06,2022-07-05,EGARCH-t,5687,2.6647218555951846,0.0
2022-07-06,2022-07-05,EWMA,5687,2.029482118270989,
2022-07-07,2022-07-06,GARCH-t,5688,2.2646717210247194,0.0
2022-07-07,2022-07-06,GJR-GARCH-t,5688,2.7392674285127825,0.0
2022-07-07,2022-07-06,EGARCH-t,5688,2.349016253978844,0.0
2022-07-07,2022-07-06,EWMA,5688,1.989095784582521,
2022-07-08,2022-07-07,GARCH-t,5689,2.141276310785788,0.0
2022-07-08,2022-07-07,GJR-GARCH-t,5689,2.4682040082611882,0.0
2022-07-08,2022-07-07,EGARCH-t,5689,2.0741303845031784,0.0
2022-07-08,2022-07-07,EWMA,5689,1.9473606431465065,
2022-07-11,2022-07-08,GARCH-t,5690,1.9017132680210527,0.0
2022-07-11,2022-07-08,GJR-GARCH-t,5690,2.225582260777536,0.0
2022-07-11,2022-07-08,EGARCH-t,5690,1.8599541977221297,0.0
2022-07-11,2022-07-08,EWMA,5690,1.8311036628208928,
2022-07-12,2022-07-11,GARCH-t,5691,1.6908502998143455,0.0
2022-07-12,2022-07-11,GJR-GARCH-t,5691,2.008958019242673,0.0
2022-07-12,2022-07-11,EGARCH-t,5691,1.6744256493135496,0.0
2022-07-12,2022-07-11,EWMA,5691,1.7212392958516392,
2022-07-13,2022-07-12,GARCH-t,5692,1.5072658772887657,0.0
2022-07-13,2022-07-12,GJR-GARCH-t,5692,1.8152793348158456,0.0
2022-07-13,2022-07-12,EGARCH-t,5692,1.5046708034563019,0.0
2022-07-13,2022-07-12,EWMA,5692,1.620010370108903,
2022-07-14,2022-07-13,GARCH-t,5693,1.4112502470424284,0.0
2022-07-14,2022-07-13,GJR-GARCH-t,5693,1.742319380534929,0.0
2022-07-14,2022-07-13,EGARCH-t,5693,1.5877857904977808,0.0
2022-07-14,2022-07-13,EWMA,5693,1.5560935530129119,
2022-07-15,2022-07-14,GARCH-t,5694,1.5700202051888035,0.0
2022-07-15,2022-07-14,GJR-GARCH-t,5694,2.05563419524731,0.0
2022-07-15,2022-07-14,EGARCH-t,5694,1.9987018911533916,0.0
2022-07-15,2022-07-14,EWMA,5694,1.6246419399179295,
2022-07-18,2022-07-15,GARCH-t,5695,1.6920015078938437,0.0
2022-07-18,2022-07-15,GJR-GARCH-t,5695,1.8580635654094901,0.0
2022-07-18,2022-07-15,EGARCH-t,5695,1.7544317649899788,0.0
2022-07-18,2022-07-15,EWMA,5695,1.6963174382474726,
2022-07-19,2022-07-18,GARCH-t,5696,1.5855027524572065,0.0
2022-07-19,2022-07-18,GJR-GARCH-t,5696,1.6806578131679224,0.0
2022-07-19,2022-07-18,EGARCH-t,5696,1.5589016364881487,0.0
2022-07-19,2022-07-18,EWMA,5696,1.6423616379174988,
2022-07-20,2022-07-19,GARCH-t,5697,1.5143440377750415,0.0
2022-07-20,2022-07-19,GJR-GARCH-t,5697,1.522071699671779,0.0
2022-07-20,2022-07-19,EGARCH-t,5697,1.3843153423006667,0.0
2022-07-20,2022-07-19,EWMA,5697,1.6046537991972296,
2022-07-21,2022-07-20,GARCH-t,5698,1.3753599914533208,0.0
2022-07-21,2022-07-20,GJR-GARCH-t,5698,1.4153846014725908,0.0
2022-07-21,2022-07-20,EGARCH-t,5698,1.3787130482092753,0.0
2022-07-21,2022-07-20,EWMA,5698,1.5199664566026265,
2022-07-22,2022-07-21,GARCH-t,5699,1.2275744896275544,0.0
2022-07-22,2022-07-21,GJR-GARCH-t,5699,1.2839162386210152,0.0
2022-07-22,2022-07-21,EGARCH-t,5699,1.244574566552266,0.0
2022-07-22,2022-07-21,EWMA,5699,1.4292051900563874,
2022-07-25,2022-07-22,GARCH-t,5700,1.0970210594474088,0.0
2022-07-25,2022-07-22,GJR-GARCH-t,5700,1.166014167484496,0.0
2022-07-25,2022-07-22,EGARCH-t,5700,1.1251170439952478,0.0
2022-07-25,2022-07-22,EWMA,5700,1.3438476631000085,
2022-07-26,2022-07-25,GARCH-t,5701,0.9965047870832741,0.0
2022-07-26,2022-07-25,GJR-GARCH-t,5701,1.060498513590935,0.0
2022-07-26,2022-07-25,EGARCH-t,5701,1.0122676409128297,0.0
2022-07-26,2022-07-25,EWMA,5701,1.2733064540566863,
2022-07-27,2022-07-26,GARCH-t,5702,0.8929366566298865,0.0
2022-07-27,2022-07-26,GJR-GARCH-t,5702,0.9656032674287489,0.0
2022-07-27,2022-07-26,EGARCH-t,5702,0.9210399544033797,0.0
2022-07-27,2022-07-26,EWMA,5702,1.196908066813285,
2022-07-28,2022-07-27,GARCH-t,5703,0.8325982977014404,0.0
2022-07-28,2022-07-27,GJR-GARCH-t,5703,0.8812001113410693,0.0
2022-07-28,2022-07-27,EGARCH-t,5703,0.8278124310432765,0.0
2022-07-28,2022-07-27,EWMA,5703,1.1447139775943542,
2022-07-29,2022-07-28,GARCH-t,5704,0.7487182845490772,0.0
2022-07-29,2022-07-28,GJR-GARCH-t,5704,0.8053101640594733,0.0
2022-07-29,2022-07-28,EGARCH-t,5704,0.7637127955492617,0.0
2022-07-29,2022-07-28,EWMA,5704,1.0761246523120345,
2022-08-01,2022-07-29,GARCH-t,5705,0.7900540982882174,0.0
2022-08-01,2022-07-29,GJR-GARCH-t,5705,0.7398843033041101,0.0
2022-08-01,2022-07-29,EGARCH-t,5705,0.6818658745172785,0.0
2022-08-01,2022-07-29,EWMA,5705,1.0786750133026453,
2022-08-02,2022-08-01,GARCH-t,5706,0.7145581112615277,0.0
2022-08-02,2022-08-01,GJR-GARCH-t,5706,0.6822873611543477,0.0
2022-08-02,2022-08-01,EGARCH-t,5706,0.6507544170340944,0.0
2022-08-02,2022-08-01,EWMA,5706,1.0150447745656097,
2022-08-03,2022-08-02,GARCH-t,5707,0.6454935880409013,0.0
2022-08-03,2022-08-02,GJR-GARCH-t,5707,0.6276816832366103,0.0
2022-08-03,2022-08-02,EGARCH-t,5707,0.6069817755830798,0.0
2022-08-03,2022-08-02,EWMA,5707,0.9543440482979874,
2022-08-04,2022-08-03,GARCH-t,5708,0.6063228166850252,0.0
2022-08-04,2022-08-03,GJR-GARCH-t,5708,0.5788379192817398,0.0
2022-08-04,2022-08-03,EGARCH-t,5708,0.5486166956410464,0.0
2022-08-04,2022-08-03,EWMA,5708,0.9116528787230683,
2022-08-05,2022-08-04,GARCH-t,5709,0.5489334656197584,0.0
2022-08-05,2022-08-04,GJR-GARCH-t,5709,0.5342186612551121,0.0
2022-08-05,2022-08-04,EGARCH-t,5709,0.5014095924791987,0.0
2022-08-05,2022-08-04,EWMA,5709,0.8570160202445509,
2022-08-08,2022-08-05,GARCH-t,5710,0.5010913788554332,0.0
2022-08-08,2022-08-05,GJR-GARCH-t,5710,0.49726075780909595,0.0
2022-08-08,2022-08-05,EGARCH-t,5710,0.4799209226132186,0.0
2022-08-08,2022-08-05,EWMA,5710,0.8063590684950477,
2022-08-09,2022-08-08,GARCH-t,5711,0.488450984084035,0.0
2022-08-09,2022-08-08,GJR-GARCH-t,5711,0.4628358390381916,0.0
2022-08-09,2022-08-08,EGARCH-t,5711,0.43415815085583903,0.0
2022-08-09,2022-08-08,EWMA,5711,0.7776293773092635,
2022-08-10,2022-08-09,GARCH-t,5712,0.44540428327768733,0.0
2022-08-10,2022-08-09,GJR-GARCH-t,5712,0.43075567090686684,0.0
2022-08-10,2022-08-09,EGARCH-t,5712,0.3972783121491573,0.0
2022-08-10,2022-08-09,EWMA,5712,0.7313318885089395,
2022-08-11,2022-08-10,GARCH-t,5713,0.4123994350472923,0.0
2022-08-11,2022-08-10,GJR-GARCH-t,5713,0.40242904629470594,0.0
2022-08-11,2022-08-10,EGARCH-t,5713,0.36224942361763107,0.0
2022-08-11,2022-08-10,EWMA,5713,0.6912645685606915,
2022-08-12,2022-08-11,GARCH-t,5714,0.41935606391972546,0.0
2022-08-12,2022-08-11,GJR-GARCH-t,5714,0.4354852984161053,0.0
2022-08-12,2022-08-11,EGARCH-t,5714,0.4254021640718254,0.0
2022-08-12,2022-08-11,EWMA,5714,0.6679603432346518,
2022-08-15,2022-08-12,GARCH-t,5715,0.4055537271282983,0.0
2022-08-15,2022-08-12,GJR-GARCH-t,5715,0.40756252297548407,0.0
2022-08-15,2022-08-12,EGARCH-t,5715,0.38612614904316356,0.0
2022-08-15,2022-08-12,EWMA,5715,0.6410074718801397,
2022-08-16,2022-08-15,GARCH-t,5716,0.37333018985599914,0.0
2022-08-16,2022-08-15,GJR-GARCH-t,5716,0.38212934892301137,0.0
2022-08-16,2022-08-15,EGARCH-t,5716,0.3537025665631379,0.0
2022-08-16,2022-08-15,EWMA,5716,0.6032809136121725,
2022-08-17,2022-08-16,GARCH-t,5717,0.3558516626825782,0.0
2022-08-17,2022-08-16,GJR-GARCH-t,5717,0.3597733448862992,0.0
2022-08-17,2022-08-16,EGARCH-t,5717,0.3223819968920003,0.0
2022-08-17,2022-08-16,EWMA,5717,0.5747561163689758,
2022-08-18,2022-08-17,GARCH-t,5718,0.34058207058902484,0.0
2022-08-18,2022-08-17,GJR-GARCH-t,5718,0.3542972389479493,0.0
2022-08-18,2022-08-17,EGARCH-t,5718,0.3378546970662039,0.0
2022-08-18,2022-08-17,EWMA,5718,0.5446362468127418,
2022-08-19,2022-08-18,GARCH-t,5719,0.3264253151672496,0.0
2022-08-19,2022-08-18,GJR-GARCH-t,5719,0.33502318500003714,0.0
2022-08-19,2022-08-18,EGARCH-t,5719,0.3082052179900653,0.0
2022-08-19,2022-08-18,EWMA,5719,0.5191687999861154,
2022-08-22,2022-08-19,GARCH-t,5720,0.30393131323973327,0.0
2022-08-22,2022-08-19,GJR-GARCH-t,5720,0.3175964820725579,0.0
2022-08-22,2022-08-19,EGARCH-t,5720,0.28302008521023636,0.0
2022-08-22,2022-08-19,EWMA,5720,0.4887799413242224,
2022-08-23,2022-08-22,GARCH-t,5721,0.2917663189580375,0.0
2022-08-23,2022-08-22,GJR-GARCH-t,5721,0.31215339556342836,0.0
2022-08-23,2022-08-22,EGARCH-t,5721,0.29254702512689623,0.0
2022-08-23,2022-08-22,EWMA,5721,0.4623597653366765,
2022-08-24,2022-08-23,GARCH-t,5722,0.32232683778480714,0.0
2022-08-24,2022-08-23,GJR-GARCH-t,5722,0.3682848184030194,0.0
2022-08-24,2022-08-23,EGARCH-t,5722,0.3653774926557269,0.0
2022-08-24,2022-08-23,EWMA,5722,0.45683035130922633,
2022-08-25,2022-08-24,GARCH-t,5723,0.3081061633427392,0.0
2022-08-25,2022-08-24,GJR-GARCH-t,5723,0.357653300818422,0.0
2022-08-25,2022-08-24,EGARCH-t,5723,0.3716135363605703,0.0
2022-08-25,2022-08-24,EWMA,5723,0.43237577131650373,
2022-08-26,2022-08-25,GARCH-t,5724,0.2880048630914312,0.0
2022-08-26,2022-08-25,GJR-GARCH-t,5724,0.33805707740164126,0.0
2022-08-26,2022-08-25,EGARCH-t,5724,0.3406279681641603,0.0
2022-08-26,2022-08-25,EWMA,5724,0.40715517584837513,
2022-08-30,2022-08-26,GARCH-t,5725,0.33394600979968886,0.0
2022-08-30,2022-08-26,GJR-GARCH-t,5725,0.4142218916908847,0.0
2022-08-30,2022-08-26,EGARCH-t,5725,0.4329716888579196,0.0
2022-08-30,2022-08-26,EWMA,5725,0.4123812365512035,
2022-08-31,2022-08-30,GARCH-t,5726,0.4092221032052496,0.0
2022-08-31,2022-08-30,GJR-GARCH-t,5726,0.5363870139834469,0.0
2022-08-31,2022-08-30,EGARCH-t,5726,0.5687372358177056,0.0
2022-08-31,2022-08-30,EWMA,5726,0.4350049482776582,
2022-09-01,2022-08-31,GARCH-t,5727,0.5138754397261518,0.0
2022-09-01,2022-08-31,GJR-GARCH-t,5727,0.7057027707589791,0.0
2022-09-01,2022-08-31,EGARCH-t,5727,0.7528407771843445,0.0
2022-09-01,2022-08-31,EWMA,5727,0.4759353796253284,
2022-09-02,2022-09-01,GARCH-t,5728,0.8911406225752787,0.0
2022-09-02,2022-09-01,GJR-GARCH-t,5728,1.3050285988699002,0.0
2022-09-02,2022-09-01,EGARCH-t,5728,1.2125722076923087,0.0
2022-09-02,2022-09-01,EWMA,5728,0.6595583567848565,
2022-09-05,2022-09-02,GARCH-t,5729,1.1717823131971716,0.0
2022-09-05,2022-09-02,GJR-GARCH-t,5729,1.1838014229552944,0.0
2022-09-05,2022-09-02,EGARCH-t,5729,1.0643331704246475,0.0
2022-09-05,2022-09-02,EWMA,5729,0.822969991477345,
2022-09-06,2022-09-05,GARCH-t,5730,1.0408435763328037,0.0
2022-09-06,2022-09-05,GJR-GARCH-t,5730,1.0712971043999922,0.0
2022-09-06,2022-09-05,EGARCH-t,5730,0.9606133033220183,0.0
2022-09-06,2022-09-05,EWMA,5730,0.7740264202717326,
2022-09-07,2022-09-06,GARCH-t,5731,0.9294901631680104,0.0
2022-09-07,2022-09-06,GJR-GARCH-t,5731,0.9719659404446885,0.0
2022-09-07,2022-09-06,EGARCH-t,5731,0.8673201346121989,0.0
2022-09-07,2022-09-06,EWMA,5731,0.7294908161429587,
2022-09-08,2022-09-07,GARCH-t,5732,0.9245447677633585,0.0
2022-09-08,2022-09-07,GJR-GARCH-t,5732,1.0241564841574924,0.0
2022-09-08,2022-09-07,EGARCH-t,5732,1.0053283415193643,0.0
2022-09-08,2022-09-07,EWMA,5732,0.7302198670738272,
2022-09-09,2022-09-08,GARCH-t,5733,0.8363415542472177,0.0
2022-09-09,2022-09-08,GJR-GARCH-t,5733,0.930494172304592,0.0
2022-09-09,2022-09-08,EGARCH-t,5733,0.9046050527307333,0.0
2022-09-09,2022-09-08,EWMA,5733,0.6931473760850481,
2022-09-12,2022-09-09,GARCH-t,5734,0.9078516938035635,0.0
2022-09-12,2022-09-09,GJR-GARCH-t,5734,0.8479281200342735,0.0
2022-09-12,2022-09-09,EGARCH-t,5734,0.8025120927980434,0.0
2022-09-12,2022-09-09,EWMA,5734,0.7405833991059881,
2022-09-13,2022-09-12,GARCH-t,5735,1.1066465410862638,0.0
2022-09-13,2022-09-12,GJR-GARCH-t,5735,0.774661042466118,0.0
2022-09-13,2022-09-12,EGARCH-t,5735,0.7066660852581997,0.0
2022-09-13,2022-09-12,EWMA,5735,0.8584417948172594,
2022-09-14,2022-09-13,GARCH-t,5736,1.1555029513544703,0.0
2022-09-14,2022-09-13,GJR-GARCH-t,5736,0.9665017052482665,0.0
2022-09-14,2022-09-13,EGARCH-t,5736,0.9304854580427441,0.0
2022-09-14,2022-09-13,EWMA,5736,0.8894032297495277,
2022-09-15,2022-09-14,GARCH-t,5737,1.2959910680591435,0.0
2022-09-15,2022-09-14,GJR-GARCH-t,5737,1.2896925714764433,0.0
2022-09-15,2022-09-14,EGARCH-t,5737,1.2653316089130155,0.0
2022-09-15,2022-09-14,EWMA,5737,0.9676918226595186,
2022-09-16,2022-09-15,GARCH-t,5738,1.150090669901198,0.0
2022-09-16,2022-09-15,GJR-GARCH-t,5738,1.1658526082996647,0.0
2022-09-16,2022-09-15,EGARCH-t,5738,1.1387046612176994,0.0
2022-09-16,2022-09-15,EWMA,5738,0.9098912047285413,
2022-09-20,2022-09-16,GARCH-t,5739,1.0745179808862266,0.0
2022-09-20,2022-09-16,GJR-GARCH-t,5739,1.1310192414209872,0.0
2022-09-20,2022-09-16,EGARCH-t,5739,1.2014183274520707,0.0
2022-09-20,2022-09-16,EWMA,5739,0.8787649957946608,
2022-09-21,2022-09-20,GARCH-t,5740,1.0062497652860969,0.0
2022-09-21,2022-09-20,GJR-GARCH-t,5740,1.096511562315229,0.0
2022-09-21,2022-09-20,EGARCH-t,5740,1.2564463911790555,0.0
2022-09-21,2022-09-20,EWMA,5740,0.8483554231187228,
2022-09-22,2022-09-21,GARCH-t,5741,0.9364839743819083,0.0
2022-09-22,2022-09-21,GJR-GARCH-t,5741,0.9950853834762898,0.0
2022-09-22,2022-09-21,EGARCH-t,5741,1.1218413081416476,0.0
2022-09-22,2022-09-21,EWMA,5741,0.8206897088875325,
2022-09-23,2022-09-22,GARCH-t,5742,0.9826175555632356,0.0
2022-09-23,2022-09-22,GJR-GARCH-t,5742,1.1254302243768792,0.0
2022-09-23,2022-09-22,EGARCH-t,5742,1.3280504652433835,0.0
2022-09-23,2022-09-22,EWMA,5742,0.842075669205162,
2022-09-26,2022-09-23,GARCH-t,5743,1.3505003331854284,0.0
2022-09-26,2022-09-23,GJR-GARCH-t,5743,1.7556107974089536,0.0
2022-09-26,2022-09-23,EGARCH-t,5743,1.884688011975719,0.0
2022-09-26,2022-09-23,EWMA,5743,1.0285930429747308,
2022-09-27,2022-09-26,GARCH-t,5744,1.198065068854911,0.0
2022-09-27,2022-09-26,GJR-GARCH-t,5744,1.5794628288640928,0.0
2022-09-27,2022-09-26,EGARCH-t,5744,1.685091540713959,0.0
2022-09-27,2022-09-26,EWMA,5744,0.9669475879863321,
2022-09-28,2022-09-27,GARCH-t,5745,1.1016009115490586,0.0
2022-09-28,2022-09-27,GJR-GARCH-t,5745,1.4756868277096564,0.0
2022-09-28,2022-09-27,EGARCH-t,5745,1.6806518130016461,0.0
2022-09-28,2022-09-27,EWMA,5745,0.925141747079484,
2022-09-29,2022-09-28,GARCH-t,5746,0.9888345783872505,0.0
2022-09-29,2022-09-28,GJR-GARCH-t,5746,1.3319357812085029,0.0
2022-09-29,2022-09-28,EGARCH-t,5746,1.501018328766996,0.0
2022-09-29,2022-09-28,EWMA,5746,0.8749383592570069,
2022-09-30,2022-09-29,GARCH-t,5747,1.2643032602264492,0.0
2022-09-30,2022-09-29,GJR-GARCH-t,5747,1.7948526403447977,0.0
2022-09-30,2022-09-29,EGARCH-t,5747,1.9788999845172868,0.0
2022-09-30,2022-09-29,EWMA,5747,1.013188875103878,
2022-10-03,2022-09-30,GARCH-t,5748,1.1255167955020655,0.0
2022-10-03,2022-09-30,GJR-GARCH-t,5748,1.615204270538097,0.0
2022-10-03,2022-09-30,EGARCH-t,5748,1.7652896002437461,0.0
2022-10-03,2022-09-30,EWMA,5748,0.9542798989373064,
2022-10-04,2022-10-03,GARCH-t,5749,1.0059551317372846,0.0
2022-10-04,2022-10-03,GJR-GARCH-t,5749,1.4561013883441438,0.0
2022-10-04,2022-10-03,EGARCH-t,5749,1.577145308097297,0.0
2022-10-04,2022-10-03,EWMA,5749,0.8998575779836011,
2022-10-05,2022-10-04,GARCH-t,5750,1.6120362389813285,0.0
2022-10-05,2022-10-04,GJR-GARCH-t,5750,1.316918396838885,0.0
2022-10-05,2022-10-04,EGARCH-t,5750,1.3693298498259523,0.0
2022-10-05,2022-10-04,EWMA,5750,1.2328290150737884,
2022-10-06,2022-10-05,GARCH-t,5751,1.4582817008407976,0.0
2022-10-06,2022-10-05,GJR-GARCH-t,5751,1.235356034845379,0.0
2022-10-06,2022-10-05,EGARCH-t,5751,1.3750796186314471,0.0
2022-10-06,2022-10-05,EWMA,5751,1.1726556895689066,
2022-10-07,2022-10-06,GARCH-t,5752,1.3719783903518983,0.0
2022-10-07,2022-10-06,GJR-GARCH-t,5752,1.2355516892700207,0.0
2022-10-07,2022-10-06,EGARCH-t,5752,1.4783555348463269,0.0
2022-10-07,2022-10-06,EWMA,5752,1.139477610591085,
2022-10-10,2022-10-07,GARCH-t,5753,1.219999557379642,0.0
2022-10-10,2022-10-07,GJR-GARCH-t,5753,1.120671085134567,0.0
2022-10-10,2022-10-07,EGARCH-t,5753,1.3573745146131324,0.0
2022-10-10,2022-10-07,EWMA,5753,1.0715803843228222,
2022-10-11,2022-10-10,GARCH-t,5754,1.113675100952546,0.0
2022-10-11,2022-10-10,GJR-GARCH-t,5754,1.0567159369995474,0.0
2022-10-11,2022-10-10,EGARCH-t,5754,1.356376207100091,0.0
2022-10-11,2022-10-10,EWMA,5754,1.0197565725920337,
2022-10-12,2022-10-11,GARCH-t,5755,1.1335309726493346,0.0
2022-10-12,2022-10-11,GJR-GARCH-t,5755,1.1741246544780304,0.0
2022-10-12,2022-10-11,EGARCH-t,5755,1.556066081097728,0.0
2022-10-12,2022-10-11,EWMA,5755,1.027324996487463,
2022-10-13,2022-10-12,GARCH-t,5756,1.1026309137945414,0.0
2022-10-13,2022-10-12,GJR-GARCH-t,5756,1.2034174263216049,0.0
2022-10-13,2022-10-12,EGARCH-t,5756,1.6768088158129968,0.0
2022-10-13,2022-10-12,EWMA,5756,1.0101237520230377,
2022-10-14,2022-10-13,GARCH-t,5757,0.9938279936316755,0.0
2022-10-14,2022-10-13,GJR-GARCH-t,5757,1.0902992499548985,0.0
2022-10-14,2022-10-13,EGARCH-t,5757,1.4968619320154077,0.0
2022-10-14,2022-10-13,EWMA,5757,0.9569684875339495,
2022-10-17,2022-10-14,GARCH-t,5758,0.8884139253414601,0.0
2022-10-17,2022-10-14,GJR-GARCH-t,5758,0.989693545903077,0.0
2022-10-17,2022-10-14,EGARCH-t,5758,1.3427231448542294,0.0
2022-10-17,2022-10-14,EWMA,5758,0.9004730162879755,
2022-10-18,2022-10-17,GARCH-t,5759,0.8777410292023603,0.0
2022-10-18,2022-10-17,GJR-GARCH-t,5759,0.9004616754751295,0.0
2022-10-18,2022-10-17,EGARCH-t,5759,1.1934311888944944,0.0
2022-10-18,2022-10-17,EWMA,5759,0.8941013235216178,
2022-10-19,2022-10-18,GARCH-t,5760,0.7903986028894731,0.0
2022-10-19,2022-10-18,GJR-GARCH-t,5760,0.820791461421104,0.0
2022-10-19,2022-10-18,EGARCH-t,5760,1.0725137232391708,0.0
2022-10-19,2022-10-18,EWMA,5760,0.8438581297220026,
2022-10-20,2022-10-19,GARCH-t,5761,0.7145087846653997,0.0
2022-10-20,2022-10-19,GJR-GARCH-t,5761,0.7557739576790377,0.0
2022-10-20,2022-10-19,EGARCH-t,5761,1.0131992361348594,0.0
2022-10-20,2022-10-19,EWMA,5761,0.7949365181408394,
2022-10-21,2022-10-20,GARCH-t,5762,0.6489687612187658,0.0
2022-10-21,2022-10-20,GJR-GARCH-t,5762,0.6919284666122565,0.0
2022-10-21,2022-10-20,EGARCH-t,5762,0.9117936580064117,0.0
2022-10-21,2022-10-20,EWMA,5762,0.7516973705484784,
2022-10-24,2022-10-21,GARCH-t,5763,0.597853425187538,0.0
2022-10-24,2022-10-21,GJR-GARCH-t,5763,0.6351071661803458,0.0
2022-10-24,2022-10-21,EGARCH-t,5763,0.8203207682169904,0.0
2022-10-24,2022-10-21,EWMA,5763,0.7148479702781455,
2022-10-25,2022-10-24,GARCH-t,5764,0.581105658811085,0.0
2022-10-25,2022-10-24,GJR-GARCH-t,5764,0.5848374297600389,0.0
2022-10-25,2022-10-24,EGARCH-t,5764,0.7360574896523403,0.0
2022-10-25,2022-10-24,EWMA,5764,0.6960435845392775,
2022-10-26,2022-10-25,GARCH-t,5765,0.5262459645813448,0.0
2022-10-26,2022-10-25,GJR-GARCH-t,5765,0.5396407627727288,0.0
2022-10-26,2022-10-25,EGARCH-t,5765,0.6715296207194403,0.0
2022-10-26,2022-10-25,EWMA,5765,0.654284018700516,
2022-10-27,2022-10-26,GARCH-t,5766,0.5147907032056147,0.0
2022-10-27,2022-10-26,GJR-GARCH-t,5766,0.4999167778001689,0.0
2022-10-27,2022-10-26,EGARCH-t,5766,0.604316431541774,0.0
2022-10-27,2022-10-26,EWMA,5766,0.6370294547059776,
2022-10-28,2022-10-27,GARCH-t,5767,0.4728782082294149,0.0
2022-10-28,2022-10-27,GJR-GARCH-t,5767,0.46407324477933914,0.0
2022-10-28,2022-10-27,EGARCH-t,5767,0.5475847146269507,0.0
2022-10-28,2022-10-27,EWMA,5767,0.6025313455297477,
2022-10-31,2022-10-28,GARCH-t,5768,0.450994992182704,0.0
2022-10-31,2022-10-28,GJR-GARCH-t,5768,0.4590478827862399,0.0
2022-10-31,2022-10-28,EGARCH-t,5768,0.5713026120590123,0.0
2022-10-31,2022-10-28,EWMA,5768,0.5745153232710516,
2022-11-01,2022-10-31,GARCH-t,5769,0.4568737062258921,0.0
2022-11-01,2022-10-31,GJR-GARCH-t,5769,0.42841699726587573,0.0
2022-11-01,2022-10-31,EGARCH-t,5769,0.5147820279173515,0.0
2022-11-01,2022-10-31,EWMA,5769,0.5663270163748273,
2022-11-02,2022-11-01,GARCH-t,5770,0.5955353750242706,0.0
2022-11-02,2022-11-01,GJR-GARCH-t,5770,0.4027606176356798,0.0
2022-11-02,2022-11-01,EGARCH-t,5770,0.4605378645558539,0.0
2022-11-02,2022-11-01,EWMA,5770,0.6313085372545352,
2022-11-03,2022-11-02,GARCH-t,5771,0.5847278070553119,0.0
2022-11-03,2022-11-02,GJR-GARCH-t,5771,0.4444298193118949,0.0
2022-11-03,2022-11-02,EGARCH-t,5771,0.5318984552874888,0.0
2022-11-03,2022-11-02,EWMA,5771,0.6141442822354382,
2022-11-04,2022-11-03,GARCH-t,5772,0.5679527076186939,0.0
2022-11-04,2022-11-03,GJR-GARCH-t,5772,0.415515072465225,0.0
2022-11-04,2022-11-03,EGARCH-t,5772,0.4801105932763666,0.0
2022-11-04,2022-11-03,EWMA,5772,0.6004310790428062,
2022-11-07,2022-11-04,GARCH-t,5773,0.9603253447824703,0.0
2022-11-07,2022-11-04,GJR-GARCH-t,5773,0.3919167201557335,0.0
2022-11-07,2022-11-04,EGARCH-t,5773,0.4227813237486245,0.0
2022-11-07,2022-11-04,EWMA,5773,0.8076239324669201,
2022-11-08,2022-11-07,GARCH-t,5774,0.8883979960043982,0.0
2022-11-08,2022-11-07,GJR-GARCH-t,5774,0.412281437184437,0.0
2022-11-08,2022-11-07,EGARCH-t,5774,0.4719023619744158,0.0
2022-11-08,2022-11-07,EWMA,5774,0.7727369049829027,
2022-11-09,2022-11-08,GARCH-t,5775,0.7951027813268028,0.0
2022-11-09,2022-11-08,GJR-GARCH-t,5775,0.38685363385698507,0.0
2022-11-09,2022-11-08,EGARCH-t,5775,0.43178168230749564,0.0
2022-11-09,2022-11-08,EWMA,5775,0.726791307164714,
2022-11-10,2022-11-09,GARCH-t,5776,0.717265790271135,0.0
2022-11-10,2022-11-09,GJR-GARCH-t,5776,0.36810995535414204,0.0
2022-11-10,2022-11-09,EGARCH-t,5776,0.4196584035644255,0.0
2022-11-10,2022-11-09,EWMA,5776,0.6842648668675925,
2022-11-11,2022-11-10,GARCH-t,5777,0.7677938748087272,0.0
2022-11-11,2022-11-10,GJR-GARCH-t,5777,0.3484322906595213,0.0
2022-11-11,2022-11-10,EGARCH-t,5777,0.37621326205056405,0.0
2022-11-11,2022-11-10,EWMA,5777,0.7127944962709835,
2022-11-14,2022-11-11,GARCH-t,5778,0.7672998272925827,0.0
2022-11-14,2022-11-11,GJR-GARCH-t,5778,0.44469159131153885,0.0
2022-11-14,2022-11-11,EGARCH-t,5778,0.4850141347746675,0.0
2022-11-14,2022-11-11,EWMA,5778,0.7065260182869382,
2022-11-15,2022-11-14,GARCH-t,5779,0.776093795217751,0.0
2022-11-15,2022-11-14,GJR-GARCH-t,5779,0.4161686163828895,0.0
2022-11-15,2022-11-14,EGARCH-t,5779,0.43570891459226924,0.0
2022-11-15,2022-11-14,EWMA,5779,0.7142687183812397,
2022-11-16,2022-11-15,GARCH-t,5780,0.7046739620203717,0.0
2022-11-16,2022-11-15,GJR-GARCH-t,5780,0.39988303684419707,0.0
2022-11-16,2022-11-15,EGARCH-t,5780,0.43703083795433995,0.0
2022-11-16,2022-11-15,EWMA,5780,0.6741648394900815,
2022-11-17,2022-11-16,GARCH-t,5781,0.644379453438315,0.0
2022-11-17,2022-11-16,GJR-GARCH-t,5781,0.38829340485396924,0.0
2022-11-17,2022-11-16,EGARCH-t,5781,0.4440983091258743,0.0
2022-11-17,2022-11-16,EWMA,5781,0.6373834569375345,
2022-11-18,2022-11-17,GARCH-t,5782,0.5833455754018796,0.0
2022-11-18,2022-11-17,GJR-GARCH-t,5782,0.3667078775150559,0.0
2022-11-18,2022-11-17,EGARCH-t,5782,0.4196320552372584,0.0
2022-11-18,2022-11-17,EWMA,5782,0.5993858889394059,
2022-11-21,2022-11-18,GARCH-t,5783,0.5556417303840017,0.0
2022-11-21,2022-11-18,GJR-GARCH-t,5783,0.3465712841413151,0.0
2022-11-21,2022-11-18,EGARCH-t,5783,0.3807093228452043,0.0
2022-11-21,2022-11-18,EWMA,5783,0.5802424673269011,
2022-11-22,2022-11-21,GARCH-t,5784,0.5072913260913466,0.0
2022-11-22,2022-11-21,GJR-GARCH-t,5784,0.3314902456449792,0.0
2022-11-22,2022-11-21,EGARCH-t,5784,0.3695943378144563,0.0
2022-11-22,2022-11-21,EWMA,5784,0.5462424438283516,
2022-11-23,2022-11-22,GARCH-t,5785,0.5720514587102545,0.0
2022-11-23,2022-11-22,GJR-GARCH-t,5785,0.31576632893259177,0.0
2022-11-23,2022-11-22,EGARCH-t,5785,0.3318138715292725,0.0
2022-11-23,2022-11-22,EWMA,5785,0.5763368963242634,
2022-11-24,2022-11-23,GARCH-t,5786,0.5204950703318739,0.0
2022-11-24,2022-11-23,GJR-GARCH-t,5786,0.3010214755804183,0.0
2022-11-24,2022-11-23,EGARCH-t,5786,0.3046961552699644,0.0
2022-11-24,2022-11-23,EWMA,5786,0.543414974402489,
2022-11-25,2022-11-24,GARCH-t,5787,0.47371243670652075,0.0
2022-11-25,2022-11-24,GJR-GARCH-t,5787,0.28781143236171397,0.0
2022-11-25,2022-11-24,EGARCH-t,5787,0.281327143727281,0.0
2022-11-25,2022-11-24,EWMA,5787,0.5108311710767867,
2022-11-28,2022-11-25,GARCH-t,5788,0.4384642982237797,0.0
2022-11-28,2022-11-25,GJR-GARCH-t,5788,0.2760808322406882,0.0
2022-11-28,2022-11-25,EGARCH-t,5788,0.25811081193033475,0.0
2022-11-28,2022-11-25,EWMA,5788,0.484517747283678,
2022-11-29,2022-11-28,GARCH-t,5789,0.40700977292533197,0.0
2022-11-29,2022-11-28,GJR-GARCH-t,5789,0.27168753743903384,0.0
2022-11-29,2022-11-28,EGARCH-t,5789,0.2621962621134327,0.0
2022-11-29,2022-11-28,EWMA,5789,0.4571762136835248,
2022-11-30,2022-11-29,GARCH-t,5790,0.39892968541313456,0.0
2022-11-30,2022-11-29,GJR-GARCH-t,5790,0.26194925554747645,0.0
2022-11-30,2022-11-29,EGARCH-t,5790,0.23915791284890522,0.0
2022-11-30,2022-11-29,EWMA,5790,0.445177165623601,
2022-12-01,2022-11-30,GARCH-t,5791,0.43470524878306976,0.0
2022-12-01,2022-11-30,GJR-GARCH-t,5791,0.2538183949221184,0.0
2022-12-01,2022-11-30,EGARCH-t,5791,0.21670079215333748,0.0
2022-12-01,2022-11-30,EWMA,5791,0.45783998000521686,
2022-12-02,2022-12-01,GARCH-t,5792,0.40502552327150093,0.0
2022-12-02,2022-12-01,GJR-GARCH-t,5792,0.25357534094976314,0.0
2022-12-02,2022-12-01,EGARCH-t,5792,0.22558106478365478,0.0
2022-12-02,2022-12-01,EWMA,5792,0.43260394210247904,
2022-12-05,2022-12-02,GARCH-t,5793,0.37317044194180493,0.0
2022-12-05,2022-12-02,GJR-GARCH-t,5793,0.24577483577409753,0.0
2022-12-05,2022-12-02,EGARCH-t,5793,0.21409073724631758,0.0
2022-12-05,2022-12-02,EWMA,5793,0.40670326965065784,
2022-12-06,2022-12-05,GARCH-t,5794,0.3458429533726969,0.0
2022-12-06,2022-12-05,GJR-GARCH-t,5794,0.23844795317963588,0.0
2022-12-06,2022-12-05,EGARCH-t,5794,0.19783016781411328,0.0
2022-12-06,2022-12-05,EWMA,5794,0.38364086478643533,
2022-12-07,2022-12-06,GARCH-t,5795,0.3703433584813742,0.0
2022-12-07,2022-12-06,GJR-GARCH-t,5795,0.30367795549870924,0.0
2022-12-07,2022-12-06,EGARCH-t,5795,0.2658193094619764,0.0
2022-12-07,2022-12-06,EWMA,5795,0.38302522209833384,
2022-12-08,2022-12-07,GARCH-t,5796,0.36795534657224627,0.0
2022-12-08,2022-12-07,GJR-GARCH-t,5796,0.3259200756195613,0.0
2022-12-08,2022-12-07,EGARCH-t,5796,0.30762049756691595,0.0
2022-12-08,2022-12-07,EWMA,5796,0.37108755382412273,
2022-12-09,2022-12-08,GARCH-t,5797,0.34853197920136275,0.0
2022-12-09,2022-12-08,GJR-GARCH-t,5797,0.3204204737090618,0.0
2022-12-09,2022-12-08,EGARCH-t,5797,0.31780496545440573,0.0
2022-12-09,2022-12-08,EWMA,5797,0.35192089667581217,
2022-12-12,2022-12-09,GARCH-t,5798,0.32306251403729735,0.0
2022-12-12,2022-12-09,GJR-GARCH-t,5798,0.30492470525674853,0.0
2022-12-12,2022-12-09,EGARCH-t,5798,0.2930166820703106,0.0
2022-12-12,2022-12-09,EWMA,5798,0.3310135573194239,
2022-12-13,2022-12-12,GARCH-t,5799,0.3245205474045778,0.0
2022-12-13,2022-12-12,GJR-GARCH-t,5799,0.3238988269459594,0.0
2022-12-13,2022-12-12,EGARCH-t,5799,0.3318617595525604,0.0
2022-12-13,2022-12-12,EWMA,5799,0.32124455428137616,
2022-12-14,2022-12-13,GARCH-t,5800,0.361616966115055,0.0
2022-12-14,2022-12-13,GJR-GARCH-t,5800,0.3086465032531354,0.0
2022-12-14,2022-12-13,EGARCH-t,5800,0.2998339522744694,0.0
2022-12-14,2022-12-13,EWMA,5800,0.3367411075814058,
2022-12-15,2022-12-14,GARCH-t,5801,0.3366535763020294,0.0
2022-12-15,2022-12-14,GJR-GARCH-t,5801,0.29651077174600615,0.0
2022-12-15,2022-12-14,EGARCH-t,5801,0.29111747463730087,0.0
2022-12-15,2022-12-14,EWMA,5801,0.31705939151941315,
2022-12-16,2022-12-15,GARCH-t,5802,0.42278251402319333,0.0
2022-12-16,2022-12-15,GJR-GARCH-t,5802,0.44770543141783437,0.0
2022-12-16,2022-12-15,EGARCH-t,5802,0.4256330867963974,0.0
2022-12-16,2022-12-15,EWMA,5802,0.35039823068112963,
2022-12-19,2022-12-16,GARCH-t,5803,0.5881312032964404,0.0
2022-12-19,2022-12-16,GJR-GARCH-t,5803,0.722330802193688,0.0
2022-12-19,2022-12-16,EGARCH-t,5803,0.6551502059105697,0.0
2022-12-19,2022-12-16,EWMA,5803,0.42694752039916334,
2022-12-20,2022-12-19,GARCH-t,5804,0.5467482695945104,0.0
2022-12-20,2022-12-19,GJR-GARCH-t,5804,0.6619975881767735,0.0
2022-12-20,2022-12-19,EGARCH-t,5804,0.592353607296638,0.0
2022-12-20,2022-12-19,EWMA,5804,0.41080884532811224,
2022-12-21,2022-12-20,GARCH-t,5805,0.49704653366990076,0.0
2022-12-21,2022-12-20,GJR-GARCH-t,5805,0.6084658453317677,0.0
2022-12-21,2022-12-20,EGARCH-t,5805,0.5395813274881883,0.0
2022-12-21,2022-12-20,EWMA,5805,0.3871168192843228,
2022-12-22,2022-12-21,GARCH-t,5806,0.7708633751499508,0.0
2022-12-22,2022-12-21,GJR-GARCH-t,5806,0.5630809840497716,0.0
2022-12-22,2022-12-21,EGARCH-t,5806,0.4757257723073436,0.0
2022-12-22,2022-12-21,EWMA,5806,0.538184530533203,
2022-12-23,2022-12-22,GARCH-t,5807,0.7116560105151013,0.0
2022-12-23,2022-12-22,GJR-GARCH-t,5807,0.5482245770793116,0.0
2022-12-23,2022-12-22,EGARCH-t,5807,0.5045636872861956,0.0
2022-12-23,2022-12-22,EWMA,5807,0.5142935119065295,
2022-12-28,2022-12-23,GARCH-t,5808,0.6401558743878097,0.0
2022-12-28,2022-12-23,GJR-GARCH-t,5808,0.50759338140734,0.0
2022-12-28,2022-12-23,EGARCH-t,5808,0.46171753742105326,0.0
2022-12-28,2022-12-23,EWMA,5808,0.4835830733524695,
2022-12-29,2022-12-28,GARCH-t,5809,0.5870046777467078,0.0
2022-12-29,2022-12-28,GJR-GARCH-t,5809,0.4715995304770739,0.0
2022-12-29,2022-12-28,EGARCH-t,5809,0.42031689318025167,0.0
2022-12-29,2022-12-28,EWMA,5809,0.4608399225033356,
2022-12-30,2022-12-29,GARCH-t,5810,0.5347531050698682,0.0
2022-12-30,2022-12-29,GJR-GARCH-t,5810,0.43959465023037536,0.0
2022-12-30,2022-12-29,EGARCH-t,5810,0.38432276627868933,0.0
2022-12-30,2022-12-29,EWMA,5810,0.43574881613197436,
2023-01-03,2022-12-30,GARCH-t,5811,0.5704213993487748,0.0
2023-01-03,2022-12-30,GJR-GARCH-t,5811,0.5363961361919558,0.0
2023-01-03,2022-12-30,EGARCH-t,5811,0.5011570675223177,0.0
2023-01-03,2022-12-30,EWMA,5811,0.4494840647215865,
2023-01-04,2023-01-03,GARCH-t,5812,0.7173996815020249,0.0
2023-01-04,2023-01-03,GJR-GARCH-t,5812,0.49796026992339093,0.0
2023-01-04,2023-01-03,EGARCH-t,5812,0.44486825643724875,0.0
2023-01-04,2023-01-03,EWMA,5812,0.5342799339858191,
2023-01-05,2023-01-04,GARCH-t,5813,0.6609014605083973,0.0
2023-01-05,2023-01-04,GJR-GARCH-t,5813,0.46305654747212055,0.0
2023-01-05,2023-01-04,EGARCH-t,5813,0.4041947602721136,0.0
2023-01-05,2023-01-04,EWMA,5813,0.512351153558849,
2023-01-06,2023-01-05,GARCH-t,5814,0.6362308097776354,0.0
2023-01-06,2023-01-05,GJR-GARCH-t,5814,0.4321142901232688,0.0
2023-01-06,2023-01-05,EGARCH-t,5814,0.3656033362810024,0.0
2023-01-06,2023-01-05,EWMA,5814,0.5057841548214913,
2023-01-09,2023-01-06,GARCH-t,5815,0.6511207436253522,0.0
2023-01-09,2023-01-06,GJR-GARCH-t,5815,0.40473466790963214,0.0
2023-01-09,2023-01-06,EGARCH-t,5815,0.32926040193436545,0.0
2023-01-09,2023-01-06,EWMA,5815,0.5199053726687284,
2023-01-10,2023-01-09,GARCH-t,5816,0.597014877873918,0.0
2023-01-10,2023-01-09,GJR-GARCH-t,5816,0.38014672192740123,0.0
2023-01-10,2023-01-09,EGARCH-t,5816,0.3008355264861343,0.0
2023-01-10,2023-01-09,EWMA,5816,0.4952192304835711,
2023-01-11,2023-01-10,GARCH-t,5817,0.5625051308974777,0.0
2023-01-11,2023-01-10,GJR-GARCH-t,5817,0.38871114945174984,0.0
2023-01-11,2023-01-10,EGARCH-t,5817,0.33731933682196447,0.0
2023-01-11,2023-01-10,EWMA,5817,0.4748347911137703,
2023-01-12,2023-01-11,GARCH-t,5818,0.5244886639055921,0.0
2023-01-12,2023-01-11,GJR-GARCH-t,5818,0.36590163315450774,0.0
2023-01-12,2023-01-11,EGARCH-t,5818,0.3075969815166381,0.0
2023-01-12,2023-01-11,EWMA,5818,0.4557348307447484,
2023-01-13,2023-01-12,GARCH-t,5819,0.5587443016707728,0.0
2023-01-13,2023-01-12,GJR-GARCH-t,5819,0.34594080958548107,0.0
2023-01-13,2023-01-12,EGARCH-t,5819,0.27731911580854124,0.0
2023-01-13,2023-01-12,EWMA,5819,0.4758354382382488,
2023-01-16,2023-01-13,GARCH-t,5820,0.5476826269462839,0.0
2023-01-16,2023-01-13,GJR-GARCH-t,5820,0.328037202123642,0.0
2023-01-16,2023-01-13,EGARCH-t,5820,0.252034059490312,0.0
2023-01-16,2023-01-13,EWMA,5820,0.47191865646243897,
2023-01-17,2023-01-16,GARCH-t,5821,0.5002773974268279,0.0
2023-01-17,2023-01-16,GJR-GARCH-t,5821,0.31183765123006213,0.0
2023-01-17,2023-01-16,EGARCH-t,5821,0.231736467020591,0.0
2023-01-17,2023-01-16,EWMA,5821,0.4460948017019326,
2023-01-18,2023-01-17,GARCH-t,5822,0.45892379990823534,0.0
2023-01-18,2023-01-17,GJR-GARCH-t,5822,0.30048060601649246,0.0
2023-01-18,2023-01-17,EGARCH-t,5822,0.2301511539675599,0.0
2023-01-18,2023-01-17,EWMA,5822,0.4201342885470657,
2023-01-19,2023-01-18,GARCH-t,5823,0.43034846942751864,0.0
2023-01-19,2023-01-18,GJR-GARCH-t,5823,0.3009487539106451,0.0
2023-01-19,2023-01-18,EGARCH-t,5823,0.2474793662394884,0.0
2023-01-19,2023-01-18,EWMA,5823,0.3989479264296634,
2023-01-20,2023-01-19,GARCH-t,5824,0.537092047171711,0.0
2023-01-20,2023-01-19,GJR-GARCH-t,5824,0.5031626798946456,0.0
2023-01-20,2023-01-19,EGARCH-t,5824,0.4069665877635027,0.0
2023-01-20,2023-01-19,EWMA,5824,0.44380215985407623,
2023-01-23,2023-01-20,GARCH-t,5825,0.4957049617827215,0.0
2023-01-23,2023-01-20,GJR-GARCH-t,5825,0.4675320638885178,0.0
2023-01-23,2023-01-20,EGARCH-t,5825,0.37108439487885153,0.0
2023-01-23,2023-01-20,EWMA,5825,0.422584921016809,
2023-01-24,2023-01-23,GARCH-t,5826,0.4541899737333233,0.0
2023-01-24,2023-01-23,GJR-GARCH-t,5826,0.4358801006466365,0.0
2023-01-24,2023-01-23,EGARCH-t,5826,0.33990860123571426,0.0
2023-01-24,2023-01-23,EWMA,5826,0.39920178948082014,
2023-01-25,2023-01-24,GARCH-t,5827,0.43359955048109156,0.0
2023-01-25,2023-01-24,GJR-GARCH-t,5827,0.43212461751756337,0.0
2023-01-25,2023-01-24,EGARCH-t,5827,0.36874217544020543,0.0
2023-01-25,2023-01-24,EWMA,5827,0.38265472105726805,
2023-01-26,2023-01-25,GARCH-t,5828,0.40251117011592225,0.0
2023-01-26,2023-01-25,GJR-GARCH-t,5828,0.41003490605090753,0.0
2023-01-26,2023-01-25,EGARCH-t,5828,0.36564317063066804,0.0
2023-01-26,2023-01-25,EWMA,5828,0.36125584947493367,
2023-01-27,2023-01-26,GARCH-t,5829,0.37355477818144395,0.0
2023-01-27,2023-01-26,GJR-GARCH-t,5829,0.3848150955807475,0.0
2023-01-27,2023-01-26,EGARCH-t,5829,0.3349293990134405,0.0
2023-01-27,2023-01-26,EWMA,5829,0.3422002041729638,
2023-01-30,2023-01-27,GARCH-t,5830,0.3450479748240119,0.0
2023-01-30,2023-01-27,GJR-GARCH-t,5830,0.36234610528052275,0.0
2023-01-30,2023-01-27,EGARCH-t,5830,0.3086594812159692,0.0
2023-01-30,2023-01-27,EWMA,5830,0.3218355565598297,
2023-01-31,2023-01-30,GARCH-t,5831,0.3250723702955514,0.0
2023-01-31,2023-01-30,GJR-GARCH-t,5831,0.3423636193227801,0.0
2023-01-31,2023-01-30,EGARCH-t,5831,0.28306325983872427,0.0
2023-01-31,2023-01-30,EWMA,5831,0.30637723322920946,
2023-02-01,2023-01-31,GARCH-t,5832,0.3077768710497854,0.0
2023-02-01,2023-01-31,GJR-GARCH-t,5832,0.3306984125430118,0.0
2023-02-01,2023-01-31,EGARCH-t,5832,0.28621847731227223,0.0
2023-02-01,2023-01-31,EWMA,5832,0.28972246762236487,
2023-02-02,2023-02-01,GARCH-t,5833,0.29106863181875076,0.0
2023-02-02,2023-02-01,GJR-GARCH-t,5833,0.31824596184398524,0.0
2023-02-02,2023-02-01,EGARCH-t,5833,0.2845457095689401,0.0
2023-02-02,2023-02-01,EWMA,5833,0.2734568358850566,
2023-02-03,2023-02-02,GARCH-t,5834,0.33185212373507483,0.0
2023-02-03,2023-02-02,GJR-GARCH-t,5834,0.30347186029517065,0.0
2023-02-03,2023-02-02,EGARCH-t,5834,0.2572052888735962,0.0
2023-02-03,2023-02-02,EWMA,5834,0.2915784581725918,
2023-02-06,2023-02-03,GARCH-t,5835,0.42207513877215536,0.0
2023-02-06,2023-02-03,GJR-GARCH-t,5835,0.2907517973998303,0.0
2023-02-06,2023-02-03,EGARCH-t,5835,0.23074434959350876,0.0
2023-02-06,2023-02-03,EWMA,5835,0.33873540120790535,
2023-02-07,2023-02-06,GARCH-t,5836,0.4747594641674271,0.0
2023-02-07,2023-02-06,GJR-GARCH-t,5836,0.4077089220357037,0.0
2023-02-07,2023-02-06,EGARCH-t,5836,0.33854649107252816,0.0
2023-02-07,2023-02-06,EWMA,5836,0.3594738619406904,
2023-02-08,2023-02-07,GARCH-t,5837,0.4446572930552362,0.0
2023-02-08,2023-02-07,GJR-GARCH-t,5837,0.38282311914069284,0.0
2023-02-08,2023-02-07,EGARCH-t,5837,0.30915771384516266,0.0
2023-02-08,2023-02-07,EWMA,5837,0.3455376602039725,
2023-02-09,2023-02-08,GARCH-t,5838,0.4125322311372203,0.0
2023-02-09,2023-02-08,GJR-GARCH-t,5838,0.3606541268010752,0.0
2023-02-09,2023-02-08,EGARCH-t,5838,0.28343066502700515,0.0
2023-02-09,2023-02-08,EWMA,5838,0.3288713674221631,
2023-02-10,2023-02-09,GARCH-t,5839,0.38839688919213206,0.0
2023-02-10,2023-02-09,GJR-GARCH-t,5839,0.3409361873360783,0.0
2023-02-10,2023-02-09,EGARCH-t,5839,0.25960398860224676,0.0
2023-02-10,2023-02-09,EWMA,5839,0.3156410178617696,
2023-02-13,2023-02-10,GARCH-t,5840,0.37714006170453684,0.0
2023-02-13,2023-02-10,GJR-GARCH-t,5840,0.3492809354933182,0.0
2023-02-13,2023-02-10,EGARCH-t,5840,0.2914830542356345,0.0
2023-02-13,2023-02-10,EWMA,5840,0.30462782781188114,
2023-02-14,2023-02-13,GARCH-t,5841,0.41758502728352315,0.0
2023-02-14,2023-02-13,GJR-GARCH-t,5841,0.3312251937868775,0.0
2023-02-14,2023-02-13,EGARCH-t,5841,0.2631867700483596,0.0
2023-02-14,2023-02-13,EWMA,5841,0.3269395081228257,
2023-02-15,2023-02-14,GARCH-t,5842,0.38365357805590866,0.0
2023-02-15,2023-02-14,GJR-GARCH-t,5842,0.31465062118685133,0.0
2023-02-15,2023-02-14,EGARCH-t,5842,0.24317675075237968,0.0
2023-02-15,2023-02-14,EWMA,5842,0.3076998321278947,
2023-02-16,2023-02-15,GARCH-t,5843,0.3831583055202935,0.0
2023-02-16,2023-02-15,GJR-GARCH-t,5843,0.3001417570595268,0.0
2023-02-16,2023-02-15,EGARCH-t,5843,0.22162646602369204,0.0
2023-02-16,2023-02-15,EWMA,5843,0.30741502656215086,
2023-02-17,2023-02-16,GARCH-t,5844,0.3555929356660056,0.0
2023-02-17,2023-02-16,GJR-GARCH-t,5844,0.2869417719136264,0.0
2023-02-17,2023-02-16,EGARCH-t,5844,0.2045295319546281,0.0
2023-02-17,2023-02-16,EWMA,5844,0.290993417911677,
2023-02-20,2023-02-17,GARCH-t,5845,0.3317203470732309,0.0
2023-02-20,2023-02-17,GJR-GARCH-t,5845,0.27758571860315207,0.0
2023-02-20,2023-02-17,EGARCH-t,5845,0.20302381416497708,0.0
2023-02-20,2023-02-17,EWMA,5845,0.27414762416973976,
2023-02-21,2023-02-20,GARCH-t,5846,0.3090227079889782,0.0
2023-02-21,2023-02-20,GJR-GARCH-t,5846,0.2667366304921958,0.0
2023-02-21,2023-02-20,EGARCH-t,5846,0.18803466321342946,0.0
2023-02-21,2023-02-20,EWMA,5846,0.25861544861368324,
2023-02-22,2023-02-21,GARCH-t,5847,0.3174740308869606,0.0
2023-02-22,2023-02-21,GJR-GARCH-t,5847,0.29763372472825633,0.0
2023-02-22,2023-02-21,EGARCH-t,5847,0.23240062055997185,0.0
2023-02-22,2023-02-21,EWMA,5847,0.25560075233714635,
2023-02-23,2023-02-22,GARCH-t,5848,0.34271827032516494,0.0
2023-02-23,2023-02-22,GJR-GARCH-t,5848,0.35195750581275814,0.0
2023-02-23,2023-02-22,EGARCH-t,5848,0.29956241734044237,0.0
2023-02-23,2023-02-22,EWMA,5848,0.2613917833160807,
2023-02-24,2023-02-23,GARCH-t,5849,0.33073575312240755,0.0
2023-02-24,2023-02-23,GJR-GARCH-t,5849,0.3497377774337582,0.0
2023-02-24,2023-02-23,EGARCH-t,5849,0.3195300371931086,0.0
2023-02-24,2023-02-23,EWMA,5849,0.2507254826500381,
2023-02-27,2023-02-24,GARCH-t,5850,0.32691891692200115,0.0
2023-02-27,2023-02-24,GJR-GARCH-t,5850,0.3574848428427164,0.0
2023-02-27,2023-02-24,EGARCH-t,5850,0.3513403256604848,0.0
2023-02-27,2023-02-24,EWMA,5850,0.24378115115192517,
2023-02-28,2023-02-27,GARCH-t,5851,0.355624320784635,0.0
2023-02-28,2023-02-27,GJR-GARCH-t,5851,0.33836968915273474,0.0
2023-02-28,2023-02-27,EGARCH-t,5851,0.317568566435192,0.0
2023-02-28,2023-02-27,EWMA,5851,0.25968233660430645,
2023-03-01,2023-02-28,GARCH-t,5852,0.4005695485511145,0.0
2023-03-01,2023-02-28,GJR-GARCH-t,5852,0.42543033160215366,0.0
2023-03-01,2023-02-28,EGARCH-t,5852,0.41625270506329104,0.0
2023-03-01,2023-02-28,EWMA,5852,0.2772934084785275,
2023-03-02,2023-03-01,GARCH-t,5853,0.3912657278489738,0.0
2023-03-02,2023-03-01,GJR-GARCH-t,5853,0.3985659219406458,0.0
2023-03-02,2023-03-01,EGARCH-t,5853,0.37776284573674124,0.0
2023-03-02,2023-03-01,EWMA,5853,0.27499614655452803,
2023-03-03,2023-03-02,GARCH-t,5854,0.3723590944827541,0.0
2023-03-03,2023-03-02,GJR-GARCH-t,5854,0.37458182665249345,0.0
2023-03-03,2023-03-02,EGARCH-t,5854,0.3443368479828725,0.0
2023-03-03,2023-03-02,EWMA,5854,0.2665771895839664,
2023-03-06,2023-03-03,GARCH-t,5855,0.3438660015284725,0.0
2023-03-06,2023-03-03,GJR-GARCH-t,5855,0.353117667219633,0.0
2023-03-06,2023-03-03,EGARCH-t,5855,0.31731097455059365,0.0
2023-03-06,2023-03-03,EWMA,5855,0.2506738967511099,
2023-03-07,2023-03-06,GARCH-t,5856,0.3268265503129562,0.0
2023-03-07,2023-03-06,GJR-GARCH-t,5856,0.34382604214516965,0.0
2023-03-07,2023-03-06,EGARCH-t,5856,0.32583977622239557,0.0
2023-03-07,2023-03-06,EWMA,5856,0.23848308384591546,
2023-03-08,2023-03-07,GARCH-t,5857,0.30746685167382726,0.0
2023-03-08,2023-03-07,GJR-GARCH-t,5857,0.3295165521682898,0.0
2023-03-08,2023-03-07,EGARCH-t,5857,0.3208418163386586,0.0
2023-03-08,2023-03-07,EWMA,5857,0.22518765815870972,
2023-03-09,2023-03-08,GARCH-t,5858,0.28786320737841126,0.0
2023-03-09,2023-03-08,GJR-GARCH-t,5858,0.31297670551548407,0.0
2023-03-09,2023-03-08,EGARCH-t,5858,0.295220207069805,0.0
2023-03-09,2023-03-08,EWMA,5858,0.2127097410510647,
2023-03-10,2023-03-09,GARCH-t,5859,0.32234136175115213,0.0
2023-03-10,2023-03-09,GJR-GARCH-t,5859,0.3738459014143483,0.0
2023-03-10,2023-03-09,EGARCH-t,5859,0.3715043994073163,0.0
2023-03-10,2023-03-09,EWMA,5859,0.22385581883148495,
2023-03-13,2023-03-10,GARCH-t,5860,0.6421888430233494,0.0
2023-03-13,2023-03-10,GJR-GARCH-t,5860,0.8766621668908562,0.0
2023-03-13,2023-03-10,EGARCH-t,5860,0.7079552407934853,0.0
2023-03-13,2023-03-10,EWMA,5860,0.3806070734092255,
2023-03-14,2023-03-13,GARCH-t,5861,1.3991368659284003,0.0
2023-03-14,2023-03-13,GJR-GARCH-t,5861,2.0713217596576468,0.0
2023-03-14,2023-03-13,EGARCH-t,5861,1.468694728448364,0.0
2023-03-14,2023-03-13,EWMA,5861,0.7672558627552812,
2023-03-15,2023-03-14,GARCH-t,5862,1.385808432756466,0.0
2023-03-15,2023-03-14,GJR-GARCH-t,5862,1.8602360926584631,0.0
2023-03-15,2023-03-14,EGARCH-t,5862,1.2976829527145608,0.0
2023-03-15,2023-03-14,EWMA,5862,0.80273559373174,
2023-03-16,2023-03-15,GARCH-t,5863,3.0747343871759374,0.0
2023-03-16,2023-03-15,GJR-GARCH-t,5863,4.543977255163563,0.0
2023-03-16,2023-03-15,EGARCH-t,5863,2.9330381437827646,0.0
2023-03-16,2023-03-15,EWMA,5863,1.67027360544416,
2023-03-17,2023-03-16,GARCH-t,5864,2.774442356166629,0.0
2023-03-17,2023-03-16,GJR-GARCH-t,5864,4.045515775906104,0.0
2023-03-17,2023-03-16,EGARCH-t,5864,2.5697911264226727,0.0
2023-03-17,2023-03-16,EWMA,5864,1.6173560361297936,
2023-03-20,2023-03-17,GARCH-t,5865,2.563617008153997,0.0
2023-03-20,2023-03-17,GJR-GARCH-t,5865,3.8020678539093047,0.0
2023-03-20,2023-03-17,EGARCH-t,5865,2.700787831047899,0.0
2023-03-20,2023-03-17,EWMA,5865,1.5817452140833566,
2023-03-21,2023-03-20,GARCH-t,5866,2.342059055248786,0.0
2023-03-21,2023-03-20,GJR-GARCH-t,5866,3.3927962217492253,0.0
2023-03-21,2023-03-20,EGARCH-t,5866,2.370934500410208,0.0
2023-03-21,2023-03-20,EWMA,5866,1.5386781068035897,
2023-03-22,2023-03-21,GARCH-t,5867,2.4097163055911883,0.0
2023-03-22,2023-03-21,GJR-GARCH-t,5867,3.033879202454371,0.0
2023-03-22,2023-03-21,EGARCH-t,5867,2.0693965974589217,0.0
2023-03-22,2023-03-21,EWMA,5867,1.6345699553617132,
2023-03-23,2023-03-22,GARCH-t,5868,2.131845420044124,0.0
2023-03-23,2023-03-22,GJR-GARCH-t,5868,2.7127937715588226,0.0
2023-03-23,2023-03-22,EGARCH-t,5868,1.8349427952101882,0.0
2023-03-23,2023-03-22,EWMA,5868,1.5463476071209132,
2023-03-24,2023-03-23,GARCH-t,5869,1.9784185695753307,0.0
2023-03-24,2023-03-23,GJR-GARCH-t,5869,2.5803615092180676,0.0
2023-03-24,2023-03-23,EGARCH-t,5869,1.956549482830274,0.0
2023-03-24,2023-03-23,EWMA,5869,1.5013122874190878,
2023-03-27,2023-03-24,GARCH-t,5870,1.9422982169873753,0.0
2023-03-27,2023-03-24,GJR-GARCH-t,5870,2.612356839649437,0.0
2023-03-27,2023-03-24,EGARCH-t,5870,2.2234795614991603,0.0
2023-03-27,2023-03-24,EWMA,5870,1.5068941580355748,
2023-03-28,2023-03-27,GARCH-t,5871,1.7950383292320196,0.0
2023-03-28,2023-03-27,GJR-GARCH-t,5871,2.3402553903457215,0.0
2023-03-28,2023-03-27,EGARCH-t,5871,1.9598286209322668,0.0
2023-03-28,2023-03-27,EWMA,5871,1.464144813013092,
2023-03-29,2023-03-28,GARCH-t,5872,1.584709607931396,0.0
2023-03-29,2023-03-28,GJR-GARCH-t,5872,2.09855751795087,0.0
2023-03-29,2023-03-28,EGARCH-t,5872,1.74646572433682,0.0
2023-03-29,2023-03-28,EWMA,5872,1.3779725903174282,
2023-03-30,2023-03-29,GARCH-t,5873,1.521106768790282,0.0
2023-03-30,2023-03-29,GJR-GARCH-t,5873,1.8844600660134283,0.0
2023-03-30,2023-03-29,EGARCH-t,5873,1.5412057942376347,0.0
2023-03-30,2023-03-29,EWMA,5873,1.3631219556685097,
2023-03-31,2023-03-30,GARCH-t,5874,1.400656309079237,0.0
2023-03-31,2023-03-30,GJR-GARCH-t,5874,1.6940293409356708,0.0
2023-03-31,2023-03-30,EGARCH-t,5874,1.3683166658755421,0.0
2023-03-31,2023-03-30,EWMA,5874,1.3140935913115823,
2023-04-03,2023-03-31,GARCH-t,5875,1.2404594935406563,0.0
2023-04-03,2023-03-31,GJR-GARCH-t,5875,1.5244540000997557,0.0
2023-04-03,2023-03-31,EGARCH-t,5875,1.2279355265910195,0.0
2023-04-03,2023-03-31,EWMA,5875,1.2365654178585366,
2023-04-04,2023-04-03,GARCH-t,5876,1.1280937336928538,0.0
2023-04-04,2023-04-03,GJR-GARCH-t,5876,1.3737624446542878,0.0
2023-04-04,2023-04-03,EGARCH-t,5876,1.0969892319524683,0.0
2023-04-04,2023-04-03,EWMA,5876,1.1798482032973105,
2023-04-05,2023-04-04,GARCH-t,5877,1.0364900988342245,0.0
2023-04-05,2023-04-04,GJR-GARCH-t,5877,1.2889564178081059,0.0
2023-04-05,2023-04-04,EGARCH-t,5877,1.1274204158227221,0.0
2023-04-05,2023-04-04,EWMA,5877,1.1242392065382674,
2023-04-06,2023-04-05,GARCH-t,5878,0.9337300392622174,0.0
2023-04-06,2023-04-05,GJR-GARCH-t,5878,1.1640663524494288,0.0
2023-04-06,2023-04-05,EGARCH-t,5878,1.0112616733166913,0.0
2023-04-06,2023-04-05,EWMA,5878,1.0650568573275436,
2023-04-11,2023-04-06,GARCH-t,5879,0.9445640475570253,0.0
2023-04-11,2023-04-06,GJR-GARCH-t,5879,1.0543347324511088,0.0
2023-04-11,2023-04-06,EGARCH-t,5879,0.8980693307281605,0.0
2023-04-11,2023-04-06,EWMA,5879,1.0637968292758966,
2023-04-12,2023-04-11,GARCH-t,5880,0.8734832649035853,0.0
2023-04-12,2023-04-11,GJR-GARCH-t,5880,0.9557457737549985,0.0
2023-04-12,2023-04-11,EGARCH-t,5880,0.8052092014345237,0.0
2023-04-12,2023-04-11,EWMA,5880,1.0193288154514286,
2023-04-13,2023-04-12,GARCH-t,5881,0.8037042286147941,0.0
2023-04-13,2023-04-12,GJR-GARCH-t,5881,0.8679207268345551,0.0
2023-04-13,2023-04-12,EGARCH-t,5881,0.7238264477154628,0.0
2023-04-13,2023-04-12,EWMA,5881,0.973225594829578,
2023-04-14,2023-04-13,GARCH-t,5882,0.722471495673645,0.0
2023-04-14,2023-04-13,GJR-GARCH-t,5882,0.789268419002405,0.0
2023-04-14,2023-04-13,EGARCH-t,5882,0.6550691998307399,0.0
2023-04-14,2023-04-13,EWMA,5882,0.9182142950921824,
2023-04-17,2023-04-14,GARCH-t,5883,0.6591669888819651,0.0
2023-04-17,2023-04-14,GJR-GARCH-t,5883,0.7195285200376162,0.0
2023-04-17,2023-04-14,EGARCH-t,5883,0.5920218844044189,0.0
2023-04-17,2023-04-14,EWMA,5883,0.8710147003730625,
2023-04-18,2023-04-17,GARCH-t,5884,0.5920943380274143,0.0
2023-04-18,2023-04-17,GJR-GARCH-t,5884,0.6570489619847908,0.0
2023-04-18,2023-04-17,EGARCH-t,5884,0.53893562229084,0.0
2023-04-18,2023-04-17,EWMA,5884,0.8193125603779465,
2023-04-19,2023-04-18,GARCH-t,5885,0.54670508218995,0.0
2023-04-19,2023-04-18,GJR-GARCH-t,5885,0.6020715369986138,0.0
2023-04-19,2023-04-18,EGARCH-t,5885,0.48797160589054706,0.0
2023-04-19,2023-04-18,EWMA,5885,0.778760732911545,
2023-04-20,2023-04-19,GARCH-t,5886,0.4976340430831976,0.0
2023-04-20,2023-04-19,GJR-GARCH-t,5886,0.5569342022543166,0.0
2023-04-20,2023-04-19,EGARCH-t,5886,0.47175813049477483,0.0
2023-04-20,2023-04-19,EWMA,5886,0.7331142003280527,
2023-04-21,2023-04-20,GARCH-t,5887,0.4508784844772331,0.0
2023-04-21,2023-04-20,GJR-GARCH-t,5887,0.5126779528692516,0.0
2023-04-21,2023-04-20,EGARCH-t,5887,0.43122879440946144,0.0
2023-04-21,2023-04-20,EWMA,5887,0.6892661690262848,
2023-04-24,2023-04-21,GARCH-t,5888,0.41136530726531767,0.0
2023-04-24,2023-04-21,GJR-GARCH-t,5888,0.47354209227067495,0.0
2023-04-24,2023-04-21,EGARCH-t,5888,0.39356073622118753,0.0
2023-04-24,2023-04-21,EWMA,5888,0.6491789467078934,
2023-04-25,2023-04-24,GARCH-t,5889,0.37636275581943235,0.0
2023-04-25,2023-04-24,GJR-GARCH-t,5889,0.43904936170816816,0.0
2023-04-25,2023-04-24,EGARCH-t,5889,0.3663645443165749,0.0
2023-04-25,2023-04-24,EWMA,5889,0.6102627970730752,
2023-04-26,2023-04-25,GARCH-t,5890,0.3576562882810118,0.0
2023-04-26,2023-04-25,GJR-GARCH-t,5890,0.42377854109987695,0.0
2023-04-26,2023-04-25,EGARCH-t,5890,0.38047937815511107,0.0
2023-04-26,2023-04-25,EWMA,5890,0.5779254658732209,
2023-04-27,2023-04-26,GARCH-t,5891,0.36493596895622943,0.0
2023-04-27,2023-04-26,GJR-GARCH-t,5891,0.4442274651193132,0.0
2023-04-27,2023-04-26,EGARCH-t,5891,0.434268544678901,0.0
2023-04-27,2023-04-26,EWMA,5891,0.5576022150039448,
2023-04-28,2023-04-27,GARCH-t,5892,0.34806380767023065,0.0
2023-04-28,2023-04-27,GJR-GARCH-t,5892,0.42892473381445756,0.0
2023-04-28,2023-04-27,EGARCH-t,5892,0.4454312908144098,0.0
2023-04-28,2023-04-27,EWMA,5892,0.5284486288357692,
2023-05-02,2023-04-28,GARCH-t,5893,0.3465276294895023,0.0
2023-05-02,2023-04-28,GJR-GARCH-t,5893,0.4006619484438279,0.0
2023-05-02,2023-04-28,EGARCH-t,5893,0.4029995552541542,0.0
2023-05-02,2023-04-28,EWMA,5893,0.5115471477995472,
2023-05-03,2023-05-02,GARCH-t,5894,0.5226379178055564,0.0
2023-05-03,2023-05-02,GJR-GARCH-t,5894,0.6788999314651886,0.0
2023-05-03,2023-05-02,EGARCH-t,5894,0.6297147866254456,0.0
2023-05-03,2023-05-02,EWMA,5894,0.5742764146286257,
2023-05-04,2023-05-03,GARCH-t,5895,0.47651393344769927,0.0
2023-05-04,2023-05-03,GJR-GARCH-t,5895,0.6221508944999979,0.0
2023-05-04,2023-05-03,EGARCH-t,5895,0.5711774533284786,0.0
2023-05-04,2023-05-03,EWMA,5895,0.5421702749602203,
2023-05-05,2023-05-04,GARCH-t,5896,0.5926515483977018,0.0
2023-05-05,2023-05-04,GJR-GARCH-t,5896,0.8098477695240237,0.0
2023-05-05,2023-05-04,EGARCH-t,5896,0.7736377750523653,0.0
2023-05-05,2023-05-04,EWMA,5896,0.5832665005711143,
2023-05-09,2023-05-05,GARCH-t,5897,0.6391517634891066,0.0
2023-05-09,2023-05-05,GJR-GARCH-t,5897,0.738185574346763,0.0
2023-05-09,2023-05-05,EGARCH-t,5897,0.688752249676918,0.0
2023-05-09,2023-05-05,EWMA,5897,0.6058087189294469,
2023-05-10,2023-05-09,GARCH-t,5898,0.5809852410261238,0.0
2023-05-10,2023-05-09,GJR-GARCH-t,5898,0.682013767679986,0.0
2023-05-10,2023-05-09,EGARCH-t,5898,0.6669570543161911,0.0
2023-05-10,2023-05-09,EWMA,5898,0.5714917571638242,
2023-05-11,2023-05-10,GARCH-t,5899,0.5380718961379671,0.0
2023-05-11,2023-05-10,GJR-GARCH-t,5899,0.6428743428157015,0.0
2023-05-11,2023-05-10,EGARCH-t,5899,0.6704589793299104,0.0
2023-05-11,2023-05-10,EWMA,5899,0.5423917668257503,
2023-05-12,2023-05-11,GARCH-t,5900,0.49114684294387695,0.0
2023-05-12,2023-05-11,GJR-GARCH-t,5900,0.5946869417134176,0.0
2023-05-12,2023-05-11,EGARCH-t,5900,0.6403700805286122,0.0
2023-05-12,2023-05-11,EWMA,5900,0.5109960651468503,
2023-05-15,2023-05-12,GARCH-t,5901,0.4548584385323431,0.0
2023-05-15,2023-05-12,GJR-GARCH-t,5901,0.5476649743009225,0.0
2023-05-15,2023-05-12,EGARCH-t,5901,0.5792601869976705,0.0
2023-05-15,2023-05-12,EWMA,5901,0.4861013206220953,
2023-05-16,2023-05-15,GARCH-t,5902,0.4225398706232076,0.0
2023-05-16,2023-05-15,GJR-GARCH-t,5902,0.5060168597957528,0.0
2023-05-16,2023-05-15,EGARCH-t,5902,0.5248596395492228,0.0
2023-05-16,2023-05-15,EWMA,5902,0.4622436941476173,
2023-05-17,2023-05-16,GARCH-t,5903,0.404757207540725,0.0
2023-05-17,2023-05-16,GJR-GARCH-t,5903,0.49317459140298814,0.0
2023-05-17,2023-05-16,EGARCH-t,5903,0.5461277314970573,0.0
2023-05-17,2023-05-16,EWMA,5903,0.4415511815126958,
2023-05-18,2023-05-17,GARCH-t,5904,0.3909948811033903,0.0
2023-05-18,2023-05-17,GJR-GARCH-t,5904,0.48429952146199023,0.0
2023-05-18,2023-05-17,EGARCH-t,5904,0.5700030542883637,0.0
2023-05-18,2023-05-17,EWMA,5904,0.4228599231122421,
2023-05-19,2023-05-18,GARCH-t,5905,0.3642697760135735,0.0
2023-05-19,2023-05-18,GJR-GARCH-t,5905,0.4498800140199136,0.0
2023-05-19,2023-05-18,EGARCH-t,5905,0.5170157354339479,0.0
2023-05-19,2023-05-18,EWMA,5905,0.40114876292502893,
2023-05-22,2023-05-19,GARCH-t,5906,0.33855111308739844,0.0
2023-05-22,2023-05-19,GJR-GARCH-t,5906,0.41936125921098094,0.0
2023-05-22,2023-05-19,EGARCH-t,5906,0.47018101562170567,0.0
2023-05-22,2023-05-19,EWMA,5906,0.37920946869688027,
2023-05-23,2023-05-22,GARCH-t,5907,0.31590126931280577,0.0
2023-05-23,2023-05-22,GJR-GARCH-t,5907,0.3922994542789328,0.0
2023-05-23,2023-05-22,EGARCH-t,5907,0.4281857965720945,0.0
2023-05-23,2023-05-22,EWMA,5907,0.3584358298626068,
2023-05-24,2023-05-23,GARCH-t,5908,0.2965267816028434,0.0
2023-05-24,2023-05-23,GJR-GARCH-t,5908,0.37089884194227857,0.0
2023-05-24,2023-05-23,EGARCH-t,5908,0.4107371094889714,0.0
2023-05-24,2023-05-23,EWMA,5908,0.33756621859205366,
2023-05-25,2023-05-24,GARCH-t,5909,0.6702997985059767,0.0
2023-05-25,2023-05-24,GJR-GARCH-t,5909,0.9489651180891725,0.0
2023-05-25,2023-05-24,EGARCH-t,5909,0.792490249956949,0.0
2023-05-25,2023-05-24,EWMA,5909,0.5044619814883999,
2023-05-26,2023-05-25,GARCH-t,5910,0.675340439363169,0.0
2023-05-26,2023-05-25,GJR-GARCH-t,5910,0.9681871795575826,0.0
2023-05-26,2023-05-25,EGARCH-t,5910,0.8997217822292845,0.0
2023-05-26,2023-05-25,EWMA,5910,0.507012705386502,
2023-05-30,2023-05-26,GARCH-t,5911,0.664394124202182,0.0
2023-05-30,2023-05-26,GJR-GARCH-t,5911,0.8781000258647035,0.0
2023-05-30,2023-05-26,EGARCH-t,5911,0.803394290602024,0.0
2023-05-30,2023-05-26,EWMA,5911,0.5095269624488266,
2023-05-31,2023-05-30,GARCH-t,5912,0.8427849972357844,0.0
2023-05-31,2023-05-30,GJR-GARCH-t,5912,1.1702409228177117,0.0
2023-05-31,2023-05-30,EGARCH-t,5912,1.1045841772067004,0.0
2023-05-31,2023-05-30,EWMA,5912,0.5944724420480694,
2023-06-01,2023-05-31,GARCH-t,5913,0.8862475209404157,0.0
2023-06-01,2023-05-31,GJR-GARCH-t,5913,1.257253894369667,0.0
2023-06-01,2023-05-31,EGARCH-t,5913,1.2918264868139822,0.0
2023-06-01,2023-05-31,EWMA,5913,0.6206778862866026,
2023-06-02,2023-06-01,GARCH-t,5914,0.8247524308450913,0.0
2023-06-02,2023-06-01,GJR-GARCH-t,5914,1.1333149221426058,0.0
2023-06-02,2023-06-01,EGARCH-t,5914,1.1504592129107098,0.0
2023-06-02,2023-06-01,EWMA,5914,0.604453727670377,
2023-06-05,2023-06-02,GARCH-t,5915,1.0088142429298725,0.0
2023-06-05,2023-06-02,GJR-GARCH-t,5915,1.0251506674899675,0.0
2023-06-05,2023-06-02,EGARCH-t,5915,1.0115132019714492,0.0
2023-06-05,2023-06-02,EWMA,5915,0.7123265135158834,
2023-06-06,2023-06-05,GARCH-t,5916,0.896902829552601,0.0
2023-06-06,2023-06-05,GJR-GARCH-t,5916,0.9304960003185526,0.0
2023-06-06,2023-06-05,EGARCH-t,5916,0.9394983183517756,0.0
2023-06-06,2023-06-05,EWMA,5916,0.6701399283610381,
2023-06-07,2023-06-06,GARCH-t,5917,0.8107216593966955,0.0
2023-06-07,2023-06-06,GJR-GARCH-t,5917,0.8447098343415624,0.0
2023-06-07,2023-06-06,EGARCH-t,5917,0.8440568914819042,0.0
2023-06-07,2023-06-06,EWMA,5917,0.6381036847433845,
2023-06-08,2023-06-07,GARCH-t,5918,0.7246392855083523,0.0
2023-06-08,2023-06-07,GJR-GARCH-t,5918,0.7696443640307428,0.0
2023-06-08,2023-06-07,EGARCH-t,5918,0.7784077590205731,0.0
2023-06-08,2023-06-07,EWMA,5918,0.5999664577511592,
2023-06-09,2023-06-08,GARCH-t,5919,0.6651716821270574,0.0
2023-06-09,2023-06-08,GJR-GARCH-t,5919,0.7239329411181022,0.0
2023-06-09,2023-06-08,EGARCH-t,5919,0.7812001534241543,0.0
2023-06-09,2023-06-08,EWMA,5919,0.570234765753548,
2023-06-12,2023-06-09,GARCH-t,5920,0.6318112125140687,0.0
2023-06-12,2023-06-09,GJR-GARCH-t,5920,0.7103246501049636,0.0
2023-06-12,2023-06-09,EGARCH-t,5920,0.8246016650510165,0.0
2023-06-12,2023-06-09,EWMA,5920,0.5505457674291593,
2023-06-13,2023-06-12,GARCH-t,5921,0.5690521563543252,0.0
2023-06-13,2023-06-12,GJR-GARCH-t,5921,0.6499978488484706,0.0
2023-06-13,2023-06-12,EGARCH-t,5921,0.745899574892305,0.0
2023-06-13,2023-06-12,EWMA,5921,0.5182350299700748,
2023-06-14,2023-06-13,GARCH-t,5922,0.5229948064899999,0.0
2023-06-14,2023-06-13,GJR-GARCH-t,5922,0.5966040923743806,0.0
2023-06-14,2023-06-13,EGARCH-t,5922,0.6730405570244309,0.0
2023-06-14,2023-06-13,EWMA,5922,0.4932015685173875,
2023-06-15,2023-06-14,GARCH-t,5923,0.47441061341757357,0.0
2023-06-15,2023-06-14,GJR-GARCH-t,5923,0.5492754535620438,0.0
2023-06-15,2023-06-14,EGARCH-t,5923,0.6108083878285786,0.0
2023-06-15,2023-06-14,EWMA,5923,0.46425805529254516,
2023-06-16,2023-06-15,GARCH-t,5924,0.4419660303436868,0.0
2023-06-16,2023-06-15,GJR-GARCH-t,5924,0.5073774220541426,0.0
2023-06-16,2023-06-15,EGARCH-t,5924,0.5524441619266843,0.0
2023-06-16,2023-06-15,EWMA,5924,0.4431824503062262,
2023-06-19,2023-06-16,GARCH-t,5925,0.4059860442790212,0.0
2023-06-19,2023-06-16,GJR-GARCH-t,5925,0.4701946010225755,0.0
2023-06-19,2023-06-16,EGARCH-t,5925,0.501876742440397,0.0
2023-06-19,2023-06-16,EWMA,5925,0.41872565402453604,
2023-06-20,2023-06-19,GARCH-t,5926,0.4412118469587308,0.0
2023-06-20,2023-06-19,GJR-GARCH-t,5926,0.5370945922190241,0.0
2023-06-20,2023-06-19,EGARCH-t,5926,0.602403062084414,0.0
2023-06-20,2023-06-19,EWMA,5926,0.4239933504480396,
2023-06-21,2023-06-20,GARCH-t,5927,0.4135647318994677,0.0
2023-06-21,2023-06-20,GJR-GARCH-t,5927,0.5100927233362788,0.0
2023-06-21,2023-06-20,EGARCH-t,5927,0.6007175500939742,0.0
2023-06-21,2023-06-20,EWMA,5927,0.4024045467833001,
2023-06-22,2023-06-21,GARCH-t,5928,0.38267393679613276,0.0
2023-06-22,2023-06-21,GJR-GARCH-t,5928,0.4767746584593456,0.0
2023-06-22,2023-06-21,EGARCH-t,5928,0.5747578371233285,0.0
2023-06-22,2023-06-21,EWMA,5928,0.37932989217908814,
2023-06-23,2023-06-22,GARCH-t,5929,0.42979187510719846,0.0
2023-06-23,2023-06-22,GJR-GARCH-t,5929,0.5563905059926431,0.0
2023-06-23,2023-06-22,EGARCH-t,5929,0.6873757648464272,0.0
2023-06-23,2023-06-22,EWMA,5929,0.39118724616218553,
2023-06-26,2023-06-23,GARCH-t,5930,0.4333357607035716,0.0
2023-06-26,2023-06-23,GJR-GARCH-t,5930,0.5707661526475766,0.0
2023-06-26,2023-06-23,EGARCH-t,5930,0.744532678952505,0.0
2023-06-26,2023-06-23,EWMA,5930,0.3849511425462009,
2023-06-27,2023-06-26,GARCH-t,5931,0.3989877843212832,0.0
2023-06-27,2023-06-26,GJR-GARCH-t,5931,0.5293279435967014,0.0
2023-06-27,2023-06-26,EGARCH-t,5931,0.7009821861244501,0.0
2023-06-27,2023-06-26,EWMA,5931,0.3625972153718692,
2023-06-28,2023-06-27,GARCH-t,5932,0.3667544205115994,0.0
2023-06-28,2023-06-27,GJR-GARCH-t,5932,0.48974135777561056,0.0
2023-06-28,2023-06-27,EGARCH-t,5932,0.6349553234083403,0.0
2023-06-28,2023-06-27,EWMA,5932,0.3415146728518679,
2023-06-29,2023-06-28,GARCH-t,5933,0.36583636852152457,0.0
2023-06-29,2023-06-28,GJR-GARCH-t,5933,0.4547777644388998,0.0
2023-06-29,2023-06-28,EGARCH-t,5933,0.5718085259550605,0.0
2023-06-29,2023-06-28,EWMA,5933,0.33733038136746124,
2023-06-30,2023-06-29,GARCH-t,5934,0.35953066741804024,0.0
2023-06-30,2023-06-29,GJR-GARCH-t,5934,0.453733371633107,0.0
2023-06-30,2023-06-29,EGARCH-t,5934,0.5988271740083608,0.0
2023-06-30,2023-06-29,EWMA,5934,0.32597070532090355,
2023-07-03,2023-06-30,GARCH-t,5935,0.4004569361500803,0.0
2023-07-03,2023-06-30,GJR-GARCH-t,5935,0.4230388454913309,0.0
2023-07-03,2023-06-30,EGARCH-t,5935,0.5373505218108601,0.0
2023-07-03,2023-06-30,EWMA,5935,0.34454077368758823,
2023-07-04,2023-07-03,GARCH-t,5936,0.368738308193591,0.0
2023-07-04,2023-07-03,GJR-GARCH-t,5936,0.3965320886222354,0.0
2023-07-04,2023-07-03,EGARCH-t,5936,0.5018591040048324,0.0
2023-07-04,2023-07-03,EWMA,5936,0.32405503809937636,
2023-07-05,2023-07-04,GARCH-t,5937,0.34249501573488617,0.0
2023-07-05,2023-07-04,GJR-GARCH-t,5937,0.37460872837692094,0.0
2023-07-05,2023-07-04,EGARCH-t,5937,0.4775530927101615,0.0
2023-07-05,2023-07-04,EWMA,5937,0.3052239367832723,
2023-07-06,2023-07-05,GARCH-t,5938,0.4576353036300738,0.0
2023-07-06,2023-07-05,GJR-GARCH-t,5938,0.5619132663280938,0.0
2023-07-06,2023-07-05,EGARCH-t,5938,0.6558692517709113,0.0
2023-07-06,2023-07-05,EWMA,5938,0.35147233455325083,
2023-07-07,2023-07-06,GARCH-t,5939,1.0209412251414363,0.0
2023-07-07,2023-07-06,GJR-GARCH-t,5939,1.446034012701027,0.0
2023-07-07,2023-07-06,EGARCH-t,5939,1.237157246359594,0.0
2023-07-07,2023-07-06,EWMA,5939,0.6195587201904452,
2023-07-10,2023-07-07,GARCH-t,5940,0.920462088772956,0.0
2023-07-10,2023-07-07,GJR-GARCH-t,5940,1.3200249500971184,0.0
2023-07-10,2023-07-07,EGARCH-t,5940,1.2043973330622844,0.0
2023-07-10,2023-07-07,EWMA,5940,0.5887102785405602,
2023-07-11,2023-07-10,GARCH-t,5941,0.8221725488276211,0.0
2023-07-11,2023-07-10,GJR-GARCH-t,5941,1.1877929758557604,0.0
2023-07-11,2023-07-10,EGARCH-t,5941,1.0791360827456038,0.0
2023-07-11,2023-07-10,EWMA,5941,0.5566340987432495,
2023-07-12,2023-07-11,GARCH-t,5942,0.7339110103970186,0.0
2023-07-12,2023-07-11,GJR-GARCH-t,5942,1.071525333077642,0.0
2023-07-12,2023-07-11,EGARCH-t,5942,0.9705018513695483,0.0
2023-07-12,2023-07-11,EWMA,5942,0.5240934210081761,
2023-07-13,2023-07-12,GARCH-t,5943,1.035443475766006,0.0
2023-07-13,2023-07-12,GJR-GARCH-t,5943,0.9707690784470033,0.0
2023-07-13,2023-07-12,EGARCH-t,5943,0.8525389359355963,0.0
2023-07-13,2023-07-12,EWMA,5943,0.6909359675452051,
2023-07-14,2023-07-13,GARCH-t,5944,0.9272000074146991,0.0
2023-07-14,2023-07-13,GJR-GARCH-t,5944,0.8800679729029438,0.0
2023-07-14,2023-07-13,EGARCH-t,5944,0.7676085408066435,0.0
2023-07-14,2023-07-13,EWMA,5944,0.6557956080514473,
2023-07-17,2023-07-14,GARCH-t,5945,0.8260835974209191,0.0
2023-07-17,2023-07-14,GJR-GARCH-t,5945,0.8014723001022491,0.0
2023-07-17,2023-07-14,EGARCH-t,5945,0.7147161376607053,0.0
2023-07-17,2023-07-14,EWMA,5945,0.6167880448473665,
2023-07-18,2023-07-17,GARCH-t,5946,0.7584578959072917,0.0
2023-07-18,2023-07-17,GJR-GARCH-t,5946,0.7597907634979825,0.0
2023-07-18,2023-07-17,EGARCH-t,5946,0.7340773190693513,0.0
2023-07-18,2023-07-17,EWMA,5946,0.588446193573454,
2023-07-19,2023-07-18,GARCH-t,5947,0.7205193652244651,0.0
2023-07-19,2023-07-18,GJR-GARCH-t,5947,0.6937505536523747,0.0
2023-07-19,2023-07-18,EGARCH-t,5947,0.6587141565771468,0.0
2023-07-19,2023-07-18,EWMA,5947,0.5774557708963365,
2023-07-20,2023-07-19,GARCH-t,5948,1.009539952511911,0.0
2023-07-20,2023-07-19,GJR-GARCH-t,5948,0.6358159147895598,0.0
2023-07-20,2023-07-19,EGARCH-t,5948,0.5790579261141661,0.0
2023-07-20,2023-07-19,EWMA,5948,0.7347077921817229,
2023-07-21,2023-07-20,GARCH-t,5949,0.9574131729323337,0.0
2023-07-21,2023-07-20,GJR-GARCH-t,5949,0.5841381794616415,0.0
2023-07-21,2023-07-20,EGARCH-t,5949,0.5197701984088309,0.0
2023-07-21,2023-07-20,EWMA,5949,0.7252931070859183,
2023-07-24,2023-07-21,GARCH-t,5950,0.8550201102567155,0.0
2023-07-24,2023-07-21,GJR-GARCH-t,5950,0.538265698483515,0.0
2023-07-24,2023-07-21,EGARCH-t,5950,0.47260524376241786,0.0
2023-07-24,2023-07-21,EWMA,5950,0.6849472982646135,
2023-07-25,2023-07-24,GARCH-t,5951,0.7650040833052182,0.0
2023-07-25,2023-07-24,GJR-GARCH-t,5951,0.4976043565636296,0.0
2023-07-25,2023-07-24,EGARCH-t,5951,0.4306919466771503,0.0
2023-07-25,2023-07-24,EWMA,5951,0.6461140484628377,
2023-07-26,2023-07-25,GARCH-t,5952,0.6862419413982851,0.0
2023-07-26,2023-07-25,GJR-GARCH-t,5952,0.46155944708196006,0.0
2023-07-26,2023-07-25,EGARCH-t,5952,0.39324812717121055,0.0
2023-07-26,2023-07-25,EWMA,5952,0.6091171910424624,
2023-07-27,2023-07-26,GARCH-t,5953,0.6227072217055177,0.0
2023-07-27,2023-07-26,GJR-GARCH-t,5953,0.43780839936923716,0.0
2023-07-27,2023-07-26,EGARCH-t,5953,0.39393858908305474,0.0
2023-07-27,2023-07-26,EWMA,5953,0.5748259778412895,
2023-07-28,2023-07-27,GARCH-t,5954,0.5638899684638622,0.0
2023-07-28,2023-07-27,GJR-GARCH-t,5954,0.4085693599832631,0.0
2023-07-28,2023-07-27,EGARCH-t,5954,0.35979130919371444,0.0
2023-07-28,2023-07-27,EWMA,5954,0.5429048608022675,
2023-07-31,2023-07-28,GARCH-t,5955,0.5096473240033704,0.0
2023-07-31,2023-07-28,GJR-GARCH-t,5955,0.382613479800368,0.0
2023-07-31,2023-07-28,EGARCH-t,5955,0.3306541263725216,0.0
2023-07-31,2023-07-28,EWMA,5955,0.5103533767879738,
2023-08-01,2023-07-31,GARCH-t,5956,0.4624183348798537,0.0
2023-08-01,2023-07-31,GJR-GARCH-t,5956,0.35959579462519853,0.0
2023-08-01,2023-07-31,EGARCH-t,5956,0.3038048818045558,0.0
2023-08-01,2023-07-31,EWMA,5956,0.4799956144956517,
2023-08-02,2023-08-01,GARCH-t,5957,0.44852258710135856,0.0
2023-08-02,2023-08-01,GJR-GARCH-t,5957,0.37711466462902765,0.0
2023-08-02,2023-08-01,EGARCH-t,5957,0.3472415241532493,0.0
2023-08-02,2023-08-01,EWMA,5957,0.46233283230783084,
2023-08-03,2023-08-02,GARCH-t,5958,0.6502853026302226,0.0
2023-08-03,2023-08-02,GJR-GARCH-t,5958,0.7216439924361508,0.0
2023-08-03,2023-08-02,EGARCH-t,5958,0.599714872320083,0.0
2023-08-03,2023-08-02,EWMA,5958,0.5480510481810067,
2023-08-04,2023-08-03,GARCH-t,5959,0.6114232320874016,0.0
2023-08-04,2023-08-03,GJR-GARCH-t,5959,0.6967826663271497,0.0
2023-08-04,2023-08-03,EGARCH-t,5959,0.6359707115090328,0.0
2023-08-04,2023-08-03,EWMA,5959,0.5262310495523673,
2023-08-07,2023-08-04,GARCH-t,5960,0.5724374730095669,0.0
2023-08-07,2023-08-04,GJR-GARCH-t,5960,0.6377363363323669,0.0
2023-08-07,2023-08-04,EGARCH-t,5960,0.5734678579851112,0.0
2023-08-07,2023-08-04,EWMA,5960,0.5077100332223861,
2023-08-08,2023-08-07,GARCH-t,5961,0.520914117841583,0.0
2023-08-08,2023-08-07,GJR-GARCH-t,5961,0.5894959081181008,0.0
2023-08-08,2023-08-07,EGARCH-t,5961,0.5498086556466025,0.0
2023-08-08,2023-08-07,EWMA,5961,0.47827647252503,
2023-08-09,2023-08-08,GARCH-t,5962,0.4918300502667191,0.0
2023-08-09,2023-08-08,GJR-GARCH-t,5962,0.5692474255631229,0.0
2023-08-09,2023-08-08,EGARCH-t,5962,0.5732104460142591,0.0
2023-08-09,2023-08-08,EWMA,5962,0.4573288149302212,
2023-08-10,2023-08-09,GARCH-t,5963,0.514154369792487,0.0
2023-08-10,2023-08-09,GJR-GARCH-t,5963,0.5251743510505273,0.0
2023-08-10,2023-08-09,EGARCH-t,5963,0.51409349058948,0.0
2023-08-10,2023-08-09,EWMA,5963,0.46758280352494236,
2023-08-11,2023-08-10,GARCH-t,5964,0.48279897716723474,0.0
2023-08-11,2023-08-10,GJR-GARCH-t,5964,0.4860980315298784,0.0
2023-08-11,2023-08-10,EGARCH-t,5964,0.46552941145836174,0.0
2023-08-11,2023-08-10,EWMA,5964,0.44969699387317824,
2023-08-14,2023-08-11,GARCH-t,5965,0.6375892447603186,0.0
2023-08-14,2023-08-11,GJR-GARCH-t,5965,0.7520933776152353,0.0
2023-08-14,2023-08-11,EGARCH-t,5965,0.6967550366995334,0.0
2023-08-14,2023-08-11,EWMA,5965,0.5159875833495022,
2023-08-15,2023-08-14,GARCH-t,5966,0.5824783147102288,0.0
2023-08-15,2023-08-14,GJR-GARCH-t,5966,0.6974570206175772,0.0
2023-08-15,2023-08-14,EGARCH-t,5966,0.6829122970657692,0.0
2023-08-15,2023-08-14,EWMA,5966,0.488098131787892,
2023-08-16,2023-08-15,GARCH-t,5967,0.8390988310997356,0.0
2023-08-16,2023-08-15,GJR-GARCH-t,5967,1.119158091561558,0.0
2023-08-16,2023-08-15,EGARCH-t,5967,1.0374869587920932,0.0
2023-08-16,2023-08-15,EWMA,5967,0.6083871225597901,
2023-08-17,2023-08-16,GARCH-t,5968,0.77662721983504,0.0
2023-08-17,2023-08-16,GJR-GARCH-t,5968,1.0501602387996045,0.0
2023-08-17,2023-08-16,EGARCH-t,5968,1.053651473584977,0.0
2023-08-17,2023-08-16,EWMA,5968,0.5836853473157891,
2023-08-18,2023-08-17,GARCH-t,5969,0.7493797371797665,0.0
2023-08-18,2023-08-17,GJR-GARCH-t,5969,1.0300079898486636,0.0
2023-08-18,2023-08-17,EGARCH-t,5969,1.1239166860796557,0.0
2023-08-18,2023-08-17,EWMA,5969,0.572994891368295,
2023-08-21,2023-08-18,GARCH-t,5970,0.7288700287531278,0.0
2023-08-21,2023-08-18,GJR-GARCH-t,5970,1.017042071586133,0.0
2023-08-21,2023-08-18,EGARCH-t,5970,1.1967439360167624,0.0
2023-08-21,2023-08-18,EWMA,5970,0.5644378818142483,
2023-08-22,2023-08-21,GARCH-t,5971,0.6544827416774837,0.0
2023-08-22,2023-08-21,GJR-GARCH-t,5971,0.9220567404788269,0.0
2023-08-22,2023-08-21,EGARCH-t,5971,1.0959798833219783,0.0
2023-08-22,2023-08-21,EWMA,5971,0.5308124886014974,
2023-08-23,2023-08-22,GARCH-t,5972,0.5909170607057291,0.0
2023-08-23,2023-08-22,GJR-GARCH-t,5972,0.8372256413565531,0.0
2023-08-23,2023-08-22,EGARCH-t,5972,0.9850484982839072,0.0
2023-08-23,2023-08-22,EWMA,5972,0.5008852847633521,
2023-08-24,2023-08-23,GARCH-t,5973,0.581918492947159,0.0
2023-08-24,2023-08-23,GJR-GARCH-t,5973,0.7624188033204662,0.0
2023-08-24,2023-08-23,EGARCH-t,5973,0.8798607718331727,0.0
2023-08-24,2023-08-23,EWMA,5973,0.49867688605948807,
2023-08-25,2023-08-24,GARCH-t,5974,0.5279114335574551,0.0
2023-08-25,2023-08-24,GJR-GARCH-t,5974,0.6961820704130993,0.0
2023-08-25,2023-08-24,EGARCH-t,5974,0.793903935377847,0.0
2023-08-25,2023-08-24,EWMA,5974,0.47067424475995584,
2023-08-29,2023-08-25,GARCH-t,5975,0.47883382892484877,0.0
2023-08-29,2023-08-25,GJR-GARCH-t,5975,0.6375729626162981,0.0
2023-08-29,2023-08-25,EGARCH-t,5975,0.7189521013042367,0.0
2023-08-29,2023-08-25,EWMA,5975,0.4427125053653351,
2023-08-30,2023-08-29,GARCH-t,5976,0.7646147548878109,0.0
2023-08-30,2023-08-29,GJR-GARCH-t,5976,0.5862737299667663,0.0
2023-08-30,2023-08-29,EGARCH-t,5976,0.6331848698853757,0.0
2023-08-30,2023-08-29,EWMA,5976,0.5911308533749952,
2023-08-31,2023-08-30,GARCH-t,5977,0.6850276738061734,0.0
2023-08-31,2023-08-30,GJR-GARCH-t,5977,0.5402957526605623,0.0
2023-08-31,2023-08-30,EGARCH-t,5977,0.5754789302964979,0.0
2023-08-31,2023-08-30,EWMA,5977,0.5564770383785246,
2023-09-01,2023-08-31,GARCH-t,5978,0.6458459555119644,0.0
2023-09-01,2023-08-31,GJR-GARCH-t,5978,0.542503356818083,0.0
2023-09-01,2023-08-31,EGARCH-t,5978,0.6198967868766684,0.0
2023-09-01,2023-08-31,EWMA,5978,0.5360080154111868,
2023-09-04,2023-09-01,GARCH-t,5979,0.5919362652103156,0.0
2023-09-04,2023-09-01,GJR-GARCH-t,5979,0.5015565167564411,0.0
2023-09-04,2023-09-01,EGARCH-t,5979,0.5608423470399507,0.0
2023-09-04,2023-09-01,EWMA,5979,0.5108185138780329,
2023-09-05,2023-09-04,GARCH-t,5980,0.5393808393709069,0.0
2023-09-05,2023-09-04,GJR-GARCH-t,5980,0.47068433298702866,0.0
2023-09-05,2023-09-04,EGARCH-t,5980,0.5430821347760053,0.0
2023-09-05,2023-09-04,EWMA,5980,0.48164584781795805,
2023-09-06,2023-09-05,GARCH-t,5981,0.4959489364811513,0.0
2023-09-06,2023-09-05,GJR-GARCH-t,5981,0.4464524537735407,0.0
2023-09-06,2023-09-05,EGARCH-t,5981,0.5348608172211439,0.0
2023-09-06,2023-09-05,EWMA,5981,0.4551500659289038,
2023-09-07,2023-09-06,GARCH-t,5982,0.45597759181001335,0.0
2023-09-07,2023-09-06,GJR-GARCH-t,5982,0.4219611988537152,0.0
2023-09-07,2023-09-06,EGARCH-t,5982,0.519214417889836,0.0
2023-09-07,2023-09-06,EWMA,5982,0.42935354207073195,
2023-09-08,2023-09-07,GARCH-t,5983,0.4196415454836793,0.0
2023-09-08,2023-09-07,GJR-GARCH-t,5983,0.39468469557423347,0.0
2023-09-08,2023-09-07,EGARCH-t,5983,0.47200178835628315,0.0
2023-09-08,2023-09-07,EWMA,5983,0.40623457255041207,
2023-09-11,2023-09-08,GARCH-t,5984,0.40833211519257123,0.0
2023-09-11,2023-09-08,GJR-GARCH-t,5984,0.37067121185762375,0.0
2023-09-11,2023-09-08,EGARCH-t,5984,0.42715825946121266,0.0
2023-09-11,2023-09-08,EWMA,5984,0.3962242157326705,
2023-09-12,2023-09-11,GARCH-t,5985,0.37989018155821436,0.0
2023-09-12,2023-09-11,GJR-GARCH-t,5985,0.3492373361198771,0.0
2023-09-12,2023-09-11,EGARCH-t,5985,0.38904557831126413,0.0
2023-09-12,2023-09-11,EWMA,5985,0.3761930906260806,
2023-09-13,2023-09-12,GARCH-t,5986,0.3658151110682002,0.0
2023-09-13,2023-09-12,GJR-GARCH-t,5986,0.3303497784942777,0.0
2023-09-13,2023-09-12,EGARCH-t,5986,0.35355870221625835,0.0
2023-09-13,2023-09-12,EWMA,5986,0.36357702173266726,
2023-09-14,2023-09-13,GARCH-t,5987,0.3382389006176688,0.0
2023-09-14,2023-09-13,GJR-GARCH-t,5987,0.3136335997562459,0.0
2023-09-14,2023-09-13,EGARCH-t,5987,0.3292250328803995,0.0
2023-09-14,2023-09-13,EWMA,5987,0.34178623014044857,
2023-09-15,2023-09-14,GARCH-t,5988,0.7376563160468215,0.0
2023-09-15,2023-09-14,GJR-GARCH-t,5988,0.30106186474453744,0.0
2023-09-15,2023-09-14,EGARCH-t,5988,0.2901418957502013,0.0
2023-09-15,2023-09-14,EWMA,5988,0.5460957384641121,
2023-09-18,2023-09-15,GARCH-t,5989,0.6853929373412189,0.0
2023-09-18,2023-09-15,GJR-GARCH-t,5989,0.2880026238882163,0.0
2023-09-18,2023-09-15,EGARCH-t,5989,0.26416605545458366,0.0
2023-09-18,2023-09-15,EWMA,5989,0.5282043916244276,
2023-09-19,2023-09-18,GARCH-t,5990,0.6925042078843808,0.0
2023-09-19,2023-09-18,GJR-GARCH-t,5990,0.38991909865375773,0.0
2023-09-19,2023-09-18,EGARCH-t,5990,0.3645245169379862,0.0
2023-09-19,2023-09-18,EWMA,5990,0.5313059091036536,
2023-09-20,2023-09-19,GARCH-t,5991,0.6223645101576585,0.0
2023-09-20,2023-09-19,GJR-GARCH-t,5991,0.36656943696384586,0.0
2023-09-20,2023-09-19,EGARCH-t,5991,0.33466602718349786,0.0
2023-09-20,2023-09-19,EWMA,5991,0.49997301799243854,
2023-09-21,2023-09-20,GARCH-t,5992,0.6535387493872142,0.0
2023-09-21,2023-09-20,GJR-GARCH-t,5992,0.3463088747002714,0.0
2023-09-21,2023-09-20,EGARCH-t,5992,0.30077672785227205,0.0
2023-09-21,2023-09-20,EWMA,5992,0.5217645383840964,
2023-09-22,2023-09-21,GARCH-t,5993,0.6516261715510153,0.0
2023-09-22,2023-09-21,GJR-GARCH-t,5993,0.42105810987679126,0.0
2023-09-22,2023-09-21,EGARCH-t,5993,0.389510367172989,0.0
2023-09-22,2023-09-21,EWMA,5993,0.5189546144735953,
2023-09-25,2023-09-22,GARCH-t,5994,0.5867631132259123,0.0
2023-09-25,2023-09-22,GJR-GARCH-t,5994,0.39415337389028043,0.0
2023-09-25,2023-09-22,EGARCH-t,5994,0.3575239724854702,0.0
2023-09-25,2023-09-22,EWMA,5994,0.4881029698376313,
2023-09-26,2023-09-25,GARCH-t,5995,0.6106334911616109,0.0
2023-09-26,2023-09-25,GJR-GARCH-t,5995,0.4896305060231561,0.0
2023-09-26,2023-09-25,EGARCH-t,5995,0.4675785459036382,0.0
2023-09-26,2023-09-25,EWMA,5995,0.4955650428241884,
2023-09-27,2023-09-26,GARCH-t,5996,0.5511934378660299,0.0
2023-09-27,2023-09-26,GJR-GARCH-t,5996,0.45480539434084744,0.0
2023-09-27,2023-09-26,EGARCH-t,5996,0.42835941237476716,0.0
2023-09-27,2023-09-26,EWMA,5996,0.46586097252212283,
2023-09-28,2023-09-27,GARCH-t,5997,0.5254789948802062,0.0
2023-09-28,2023-09-27,GJR-GARCH-t,5997,0.4605087635950154,0.0
2023-09-28,2023-09-27,EGARCH-t,5997,0.4691413977639811,0.0
2023-09-28,2023-09-27,EWMA,5997,0.44885423778563727,
2023-09-29,2023-09-28,GARCH-t,5998,0.4777239160278476,0.0
2023-09-29,2023-09-28,GJR-GARCH-t,5998,0.42909616784441423,0.0
2023-09-29,2023-09-28,EGARCH-t,5998,0.4287917521969157,0.0
2023-09-29,2023-09-28,EWMA,5998,0.42270969132795744,
2023-10-02,2023-09-29,GARCH-t,5999,0.4357183630260251,0.0
2023-10-02,2023-09-29,GJR-GARCH-t,5999,0.4012980342089238,0.0
2023-10-02,2023-09-29,EGARCH-t,5999,0.39280346404654176,0.0
2023-10-02,2023-09-29,EWMA,5999,0.3977459176104503,
2023-10-03,2023-10-02,GARCH-t,6000,0.6073118896932509,0.0
2023-10-03,2023-10-02,GJR-GARCH-t,6000,0.6949175066255714,0.0
2023-10-03,2023-10-02,EGARCH-t,6000,0.6246204435638878,0.0
2023-10-03,2023-10-02,EWMA,6000,0.47349178190872276,
2023-10-04,2023-10-03,GARCH-t,6001,0.5882389084685391,0.0
2023-10-04,2023-10-03,GJR-GARCH-t,6001,0.6940182166635152,0.0
2023-10-04,2023-10-03,EGARCH-t,6001,0.6844540614144536,0.0
2023-10-04,2023-10-03,EWMA,6001,0.46262300127255396,
2023-10-05,2023-10-04,GARCH-t,6002,0.6102130931798874,0.0
2023-10-05,2023-10-04,GJR-GARCH-t,6002,0.7525089892174476,0.0
2023-10-05,2023-10-04,EGARCH-t,6002,0.8004892403887175,0.0
2023-10-05,2023-10-04,EWMA,6002,0.47094065060043105,
2023-10-06,2023-10-05,GARCH-t,6003,0.5781675115972794,0.0
2023-10-06,2023-10-05,GJR-GARCH-t,6003,0.6875806060262826,0.0
2023-10-06,2023-10-05,EGARCH-t,6003,0.7193620495331461,0.0
2023-10-06,2023-10-05,EWMA,6003,0.4592065325710854,
2023-10-09,2023-10-06,GARCH-t,6004,0.5564836897887139,0.0
2023-10-09,2023-10-06,GJR-GARCH-t,6004,0.6302710836571805,0.0
2023-10-09,2023-10-06,EGARCH-t,6004,0.6468541411669391,0.0
2023-10-09,2023-10-06,EWMA,6004,0.45161201959221736,
2023-10-10,2023-10-09,GARCH-t,6005,0.5048571441999352,0.0
2023-10-10,2023-10-09,GJR-GARCH-t,6005,0.5798528843184616,0.0
2023-10-10,2023-10-09,EGARCH-t,6005,0.5976252643206729,0.0
2023-10-10,2023-10-09,EWMA,6005,0.42457684168392557,
2023-10-11,2023-10-10,GARCH-t,6006,0.8206844833751626,0.0
2023-10-11,2023-10-10,GJR-GARCH-t,6006,0.5357164159324528,0.0
2023-10-11,2023-10-10,EGARCH-t,6006,0.5250897906247248,0.0
2023-10-11,2023-10-10,EWMA,6006,0.5932739161695376,
2023-10-12,2023-10-11,GARCH-t,6007,0.7363634007624972,0.0
2023-10-12,2023-10-11,GJR-GARCH-t,6007,0.49855229666511247,0.0
2023-10-12,2023-10-11,EGARCH-t,6007,0.5014583097970059,0.0
2023-10-12,2023-10-11,EWMA,6007,0.5583715820043459,
2023-10-13,2023-10-12,GARCH-t,6008,0.6699770336980306,0.0
2023-10-13,2023-10-12,GJR-GARCH-t,6008,0.46293950954050056,0.0
2023-10-13,2023-10-12,EGARCH-t,6008,0.45566018323064716,0.0
2023-10-13,2023-10-12,EWMA,6008,0.5312039907119287,
2023-10-16,2023-10-13,GARCH-t,6009,0.650382283439077,0.0
2023-10-16,2023-10-13,GJR-GARCH-t,6009,0.5002874588934014,0.0
2023-10-16,2023-10-13,EGARCH-t,6009,0.5290230208140865,0.0
2023-10-16,2023-10-13,EWMA,6009,0.5204308721761839,
2023-10-17,2023-10-16,GARCH-t,6010,0.6015529194616491,0.0
2023-10-17,2023-10-16,GJR-GARCH-t,6010,0.46449229849278956,0.0
2023-10-17,2023-10-16,EGARCH-t,6010,0.4794094395274083,0.0
2023-10-17,2023-10-16,EWMA,6010,0.49914818389722987,
2023-10-18,2023-10-17,GARCH-t,6011,0.577563400211448,0.0
2023-10-18,2023-10-17,GJR-GARCH-t,6011,0.43283487282103017,0.0
2023-10-18,2023-10-17,EGARCH-t,6011,0.4331548173899444,0.0
2023-10-18,2023-10-17,EWMA,6011,0.4895778407619281,
2023-10-19,2023-10-18,GARCH-t,6012,0.6868984845057817,0.0
2023-10-19,2023-10-18,GJR-GARCH-t,6012,0.6550900419363802,0.0
2023-10-19,2023-10-18,EGARCH-t,6012,0.6312195511985377,0.0
2023-10-19,2023-10-18,EWMA,6012,0.5385397140407725,
2023-10-20,2023-10-19,GARCH-t,6013,0.7907129864362239,0.0
2023-10-20,2023-10-19,GJR-GARCH-t,6013,0.8657660587213126,0.0
2023-10-20,2023-10-19,EGARCH-t,6013,0.8528307273252257,0.0
2023-10-20,2023-10-19,EWMA,6013,0.5888070080379327,
2023-10-23,2023-10-20,GARCH-t,6014,0.9216850352949196,0.0
2023-10-23,2023-10-20,GJR-GARCH-t,6014,1.1162679118231216,0.0
2023-10-23,2023-10-20,EGARCH-t,6014,1.1277588247146804,0.0
2023-10-23,2023-10-20,EWMA,6014,0.6560142272672039,
2023-10-24,2023-10-23,GARCH-t,6015,0.8414557739611319,0.0
2023-10-24,2023-10-23,GJR-GARCH-t,6015,1.0361670177296296,0.0
2023-10-24,2023-10-23,EGARCH-t,6015,1.1170871935499354,0.0
2023-10-24,2023-10-23,EWMA,6015,0.6248451895074344,
2023-10-25,2023-10-24,GARCH-t,6016,0.7550799553559728,0.0
2023-10-25,2023-10-24,GJR-GARCH-t,6016,0.9382125023669046,0.0
2023-10-25,2023-10-24,EGARCH-t,6016,1.0042035351298582,0.0
2023-10-25,2023-10-24,EWMA,6016,0.5897988617079902,
2023-10-26,2023-10-25,GARCH-t,6017,0.6869899224713506,0.0
2023-10-26,2023-10-25,GJR-GARCH-t,6017,0.8519485050944319,0.0
2023-10-26,2023-10-25,EGARCH-t,6017,0.9026423118893898,0.0
2023-10-26,2023-10-25,EWMA,6017,0.561037828371293,
2023-10-27,2023-10-26,GARCH-t,6018,0.7023980648960128,0.0
2023-10-27,2023-10-26,GJR-GARCH-t,6018,0.9020716551823471,0.0
2023-10-27,2023-10-26,EGARCH-t,6018,1.0259210447980556,0.0
2023-10-27,2023-10-26,EWMA,6018,0.5665916295015867,
2023-10-30,2023-10-27,GARCH-t,6019,0.7272330404775683,0.0
2023-10-30,2023-10-27,GJR-GARCH-t,6019,0.9642183023930456,0.0
2023-10-30,2023-10-27,EGARCH-t,6019,1.1638121535033936,0.0
2023-10-30,2023-10-27,EWMA,6019,0.5774289424452529,
2023-10-31,2023-10-30,GARCH-t,6020,0.676804618997769,0.0
2023-10-31,2023-10-30,GJR-GARCH-t,6020,0.8751781871666234,0.0
2023-10-31,2023-10-30,EGARCH-t,6020,1.0411697251843848,0.0
2023-10-31,2023-10-30,EWMA,6020,0.5574188645114277,
2023-11-01,2023-10-31,GARCH-t,6021,0.6108181719578925,0.0
2023-11-01,2023-10-31,GJR-GARCH-t,6021,0.7979494539246573,0.0
2023-11-01,2023-10-31,EGARCH-t,6021,0.9620962540077236,0.0
2023-11-01,2023-10-31,EWMA,6021,0.5243370569519306,
2023-11-02,2023-11-01,GARCH-t,6022,0.5584417929294165,0.0
2023-11-02,2023-11-01,GJR-GARCH-t,6022,0.7281833315360279,0.0
2023-11-02,2023-11-01,EGARCH-t,6022,0.8663809902616562,0.0
2023-11-02,2023-11-01,EWMA,6022,0.4976590516836466,
2023-11-03,2023-11-02,GARCH-t,6023,0.7235005003778011,0.0
2023-11-03,2023-11-02,GJR-GARCH-t,6023,0.66673796910468,0.0
2023-11-03,2023-11-02,EGARCH-t,6023,0.7662506549920122,0.0
2023-11-03,2023-11-02,EWMA,6023,0.5867198432427762,
2023-11-06,2023-11-03,GARCH-t,6024,0.6713789411385169,0.0
2023-11-06,2023-11-03,GJR-GARCH-t,6024,0.6419141838030817,0.0
2023-11-06,2023-11-03,EGARCH-t,6024,0.7846503817372651,0.0
2023-11-06,2023-11-03,EWMA,6024,0.5605263109809454,
2023-11-07,2023-11-06,GARCH-t,6025,0.6047379689068755,0.0
2023-11-07,2023-11-06,GJR-GARCH-t,6025,0.5900213875196965,0.0
2023-11-07,2023-11-06,EGARCH-t,6025,0.7146021542874379,0.0
2023-11-07,2023-11-06,EWMA,6025,0.5268948405171148,
2023-11-08,2023-11-07,GARCH-t,6026,0.5490773745422369,0.0
2023-11-08,2023-11-07,GJR-GARCH-t,6026,0.5466003869411918,0.0
2023-11-08,2023-11-07,EGARCH-t,6026,0.6738256618594537,0.0
2023-11-08,2023-11-07,EWMA,6026,0.4959452376534782,
2023-11-09,2023-11-08,GARCH-t,6027,0.5008099726201016,0.0
2023-11-09,2023-11-08,GJR-GARCH-t,6027,0.5084110311749334,0.0
2023-11-09,2023-11-08,EGARCH-t,6027,0.6379831898624677,0.0
2023-11-09,2023-11-08,EWMA,6027,0.466942117082018,
2023-11-10,2023-11-09,GARCH-t,6028,0.5105724497046353,0.0
2023-11-10,2023-11-09,GJR-GARCH-t,6028,0.4718686700077001,0.0
2023-11-10,2023-11-09,EGARCH-t,6028,0.5731071957289449,0.0
2023-11-10,2023-11-09,EWMA,6028,0.4706297997306613,
2023-11-13,2023-11-10,GARCH-t,6029,0.6692284206711439,0.0
2023-11-13,2023-11-10,GJR-GARCH-t,6029,0.7533071408268572,0.0
2023-11-13,2023-11-10,EGARCH-t,6029,0.8208010812305426,0.0
2023-11-13,2023-11-10,EWMA,6029,0.541271350342644,
2023-11-14,2023-11-13,GARCH-t,6030,0.6846937487671904,0.0
2023-11-14,2023-11-13,GJR-GARCH-t,6030,0.6888632663301012,0.0
2023-11-14,2023-11-13,EGARCH-t,6030,0.7330729366414755,0.0
2023-11-14,2023-11-13,EWMA,6030,0.5554592091096543,
2023-11-15,2023-11-14,GARCH-t,6031,0.6189573206537016,0.0
2023-11-15,2023-11-14,GJR-GARCH-t,6031,0.6316396184689057,0.0
2023-11-15,2023-11-14,EGARCH-t,6031,0.6643135088596175,0.0
2023-11-15,2023-11-14,EWMA,6031,0.524478326237582,
2023-11-16,2023-11-15,GARCH-t,6032,0.5979303839839312,0.0
2023-11-16,2023-11-15,GJR-GARCH-t,6032,0.581036503681497,0.0
2023-11-16,2023-11-15,EGARCH-t,6032,0.5977100119102614,0.0
2023-11-16,2023-11-15,EWMA,6032,0.5161985100664114,
2023-11-17,2023-11-16,GARCH-t,6033,0.6716156650849257,0.0
2023-11-17,2023-11-16,GJR-GARCH-t,6033,0.7345732520921618,0.0
2023-11-17,2023-11-16,EGARCH-t,6033,0.7740165834283795,0.0
2023-11-17,2023-11-16,EWMA,6033,0.5475212977910945,
2023-11-20,2023-11-17,GARCH-t,6034,0.7747356783359721,0.0
2023-11-20,2023-11-17,GJR-GARCH-t,6034,0.6724817288838179,0.0
2023-11-20,2023-11-17,EGARCH-t,6034,0.6868737209211953,0.0
2023-11-20,2023-11-17,EWMA,6034,0.608581798459297,
2023-11-21,2023-11-20,GARCH-t,6035,0.6969769260050903,0.0
2023-11-21,2023-11-20,GJR-GARCH-t,6035,0.619721707893974,0.0
2023-11-21,2023-11-20,EGARCH-t,6035,0.6488903541179455,0.0
2023-11-21,2023-11-20,EWMA,6035,0.5727325187825094,
2023-11-22,2023-11-21,GARCH-t,6036,0.6333262318874395,0.0
2023-11-22,2023-11-21,GJR-GARCH-t,6036,0.5782628032361314,0.0
2023-11-22,2023-11-21,EGARCH-t,6036,0.6319219070955019,0.0
2023-11-22,2023-11-21,EWMA,6036,0.5405867628498526,
2023-11-23,2023-11-22,GARCH-t,6037,0.5766681068511872,0.0
2023-11-23,2023-11-22,GJR-GARCH-t,6037,0.5397373276829225,0.0
2023-11-23,2023-11-22,EGARCH-t,6037,0.6110986703047183,0.0
2023-11-23,2023-11-22,EWMA,6037,0.5098290548034599,
2023-11-24,2023-11-23,GARCH-t,6038,0.524686620347438,0.0
2023-11-24,2023-11-23,GJR-GARCH-t,6038,0.49956031560479436,0.0
2023-11-24,2023-11-23,EGARCH-t,6038,0.555497937550728,0.0
2023-11-24,2023-11-23,EWMA,6038,0.4813733058355295,
2023-11-27,2023-11-24,GARCH-t,6039,0.4769289450795275,0.0
2023-11-27,2023-11-24,GJR-GARCH-t,6039,0.46392507346771666,0.0
2023-11-27,2023-11-24,EGARCH-t,6039,0.5070783149524979,0.0
2023-11-27,2023-11-24,EWMA,6039,0.4527174748333199,
2023-11-28,2023-11-27,GARCH-t,6040,0.4548569374494284,0.0
2023-11-28,2023-11-27,GJR-GARCH-t,6040,0.459394779168379,0.0
2023-11-28,2023-11-27,EGARCH-t,6040,0.53359021350384,0.0
2023-11-28,2023-11-27,EWMA,6040,0.4336763539294672,
2023-11-29,2023-11-28,GARCH-t,6041,0.4175276278006182,0.0
2023-11-29,2023-11-28,GJR-GARCH-t,6041,0.42968943381798885,0.0
2023-11-29,2023-11-28,EGARCH-t,6041,0.5027287479353267,0.0
2023-11-29,2023-11-28,EWMA,6041,0.40798208819961906,
2023-11-30,2023-11-29,GARCH-t,6042,0.4090370206334664,0.0
2023-11-30,2023-11-29,GJR-GARCH-t,6042,0.43795790452830885,0.0
2023-11-30,2023-11-29,EGARCH-t,6042,0.5408632205868793,0.0
2023-11-30,2023-11-29,EWMA,6042,0.39439764141170763,
2023-12-01,2023-11-30,GARCH-t,6043,0.3915549062366661,0.0
2023-12-01,2023-11-30,GJR-GARCH-t,6043,0.4093569521166185,0.0
2023-12-01,2023-11-30,EGARCH-t,6043,0.4899688521951072,0.0
2023-12-01,2023-11-30,EWMA,6043,0.3806888426751568,
2023-12-04,2023-12-01,GARCH-t,6044,0.4698054574693372,0.0
2023-12-04,2023-12-01,GJR-GARCH-t,6044,0.3843882426837789,0.0
2023-12-04,2023-12-01,EGARCH-t,6044,0.43890789086679904,0.0
2023-12-04,2023-12-01,EWMA,6044,0.41894933817117247,
2023-12-05,2023-12-04,GARCH-t,6045,0.4369773180420584,0.0
2023-12-05,2023-12-04,GJR-GARCH-t,6045,0.3717859608422879,0.0
2023-12-05,2023-12-04,EGARCH-t,6045,0.4408333549646039,0.0
2023-12-05,2023-12-04,EWMA,6045,0.3966651024950673,
2023-12-06,2023-12-05,GARCH-t,6046,0.4148658969646935,0.0
2023-12-06,2023-12-05,GJR-GARCH-t,6046,0.37003818375567304,0.0
2023-12-06,2023-12-05,EGARCH-t,6046,0.45890935400768973,0.0
2023-12-06,2023-12-05,EWMA,6046,0.37860438615068126,
2023-12-07,2023-12-06,GARCH-t,6047,0.39153298562835814,0.0
2023-12-07,2023-12-06,GJR-GARCH-t,6047,0.3491428582016153,0.0
2023-12-07,2023-12-06,EGARCH-t,6047,0.41731634021781444,0.0
2023-12-07,2023-12-06,EWMA,6047,0.3628738525410753,
2023-12-08,2023-12-07,GARCH-t,6048,0.3612632602506936,0.0
2023-12-08,2023-12-07,GJR-GARCH-t,6048,0.33074119344278774,0.0
2023-12-08,2023-12-07,EGARCH-t,6048,0.38812061812668586,0.0
2023-12-08,2023-12-07,EWMA,6048,0.3411321182118505,
2023-12-11,2023-12-08,GARCH-t,6049,0.36343519419751075,0.0
2023-12-11,2023-12-08,GJR-GARCH-t,6049,0.3144224940369984,0.0
2023-12-11,2023-12-08,EGARCH-t,6049,0.35210570422506365,0.0
2023-12-11,2023-12-08,EWMA,6049,0.3382599000569715,
2023-12-12,2023-12-11,GARCH-t,6050,0.33962237390055916,0.0
2023-12-12,2023-12-11,GJR-GARCH-t,6050,0.3033775585714402,0.0
2023-12-12,2023-12-11,EGARCH-t,6050,0.3443932442112037,0.0
2023-12-12,2023-12-11,EWMA,6050,0.31893446587741425,
2023-12-13,2023-12-12,GARCH-t,6051,0.315988966274616,0.0
2023-12-13,2023-12-12,GJR-GARCH-t,6051,0.29016224960855586,0.0
2023-12-13,2023-12-12,EGARCH-t,6051,0.32234404227190644,0.0
2023-12-13,2023-12-12,EWMA,6051,0.2998448969838076,
2023-12-14,2023-12-13,GARCH-t,6052,0.2948300368868605,0.0
2023-12-14,2023-12-13,GJR-GARCH-t,6052,0.27808820527409106,0.0
2023-12-14,2023-12-13,EGARCH-t,6052,0.2962887777631623,0.0
2023-12-14,2023-12-13,EWMA,6052,0.2821846905977958,
2023-12-15,2023-12-14,GARCH-t,6053,0.4683743951263458,0.0
2023-12-15,2023-12-14,GJR-GARCH-t,6053,0.2689569124771617,0.0
2023-12-15,2023-12-14,EGARCH-t,6053,0.2653245929110542,0.0
2023-12-15,2023-12-14,EWMA,6053,0.3704212544569446,
2023-12-18,2023-12-15,GARCH-t,6054,0.5436799440794235,0.0
2023-12-18,2023-12-15,GJR-GARCH-t,6054,0.4346982697097308,0.0
2023-12-18,2023-12-15,EGARCH-t,6054,0.4024539651472422,0.0
2023-12-18,2023-12-15,EWMA,6054,0.4027660877579459,
2023-12-19,2023-12-18,GARCH-t,6055,0.517716000375003,0.0
2023-12-19,2023-12-18,GJR-GARCH-t,6055,0.40655354060336996,0.0
2023-12-19,2023-12-18,EGARCH-t,6055,0.36536960069355606,0.0
2023-12-19,2023-12-18,EWMA,6055,0.3936973860454725,
2023-12-20,2023-12-19,GARCH-t,6056,0.47880652631541726,0.0
2023-12-20,2023-12-19,GJR-GARCH-t,6056,0.38153460103040693,0.0
2023-12-20,2023-12-19,EGARCH-t,6056,0.33376703876928965,0.0
2023-12-20,2023-12-19,EWMA,6056,0.3757727969383631,
2023-12-21,2023-12-20,GARCH-t,6057,0.5462095336215398,0.0
2023-12-21,2023-12-20,GJR-GARCH-t,6057,0.3598817193222658,0.0
2023-12-21,2023-12-20,EGARCH-t,6057,0.2995661062064781,0.0
2023-12-21,2023-12-20,EWMA,6057,0.41469268585295804,
2023-12-22,2023-12-21,GARCH-t,6058,0.5070577706603162,0.0
2023-12-22,2023-12-21,GJR-GARCH-t,6058,0.3554568953775365,0.0
2023-12-22,2023-12-21,EGARCH-t,6058,0.317092338619318,0.0
2023-12-22,2023-12-21,EWMA,6058,0.394267918319853,
2023-12-27,2023-12-22,GARCH-t,6059,0.46143138634677644,0.0
2023-12-27,2023-12-22,GJR-GARCH-t,6059,0.3362223165425879,0.0
2023-12-27,2023-12-22,EGARCH-t,6059,0.2925201729795012,0.0
2023-12-27,2023-12-22,EWMA,6059,0.3706912514143806,
2023-12-28,2023-12-27,GARCH-t,6060,0.43313303117852847,0.0
2023-12-28,2023-12-27,GJR-GARCH-t,6060,0.31924133145527467,0.0
2023-12-28,2023-12-27,EGARCH-t,6060,0.26761703553178884,0.0
2023-12-28,2023-12-27,EWMA,6060,0.35608053980151017,
2023-12-29,2023-12-28,GARCH-t,6061,0.39770888599925275,0.0
2023-12-29,2023-12-28,GJR-GARCH-t,6061,0.3044161441225677,0.0
2023-12-29,2023-12-28,EGARCH-t,6061,0.2529145127312133,0.0
2023-12-29,2023-12-28,EWMA,6061,0.33476890176182006,
2024-01-02,2023-12-29,GARCH-t,6062,0.36717285512365944,0.0
2024-01-02,2023-12-29,GJR-GARCH-t,6062,0.29089053015295846,0.0
2024-01-02,2023-12-29,EGARCH-t,6062,0.23336001402668521,0.0
2024-01-02,2023-12-29,EWMA,6062,0.3157904145989205,
2024-01-03,2024-01-02,GARCH-t,6063,0.3439645475692979,0.0
2024-01-03,2024-01-02,GJR-GARCH-t,6063,0.2839622040210195,0.0
2024-01-03,2024-01-02,EGARCH-t,6063,0.23646508389613707,0.0
2024-01-03,2024-01-02,EWMA,6063,0.298218539977067,
2024-01-04,2024-01-03,GARCH-t,6064,0.3549098797668114,0.0
2024-01-04,2024-01-03,GJR-GARCH-t,6064,0.3238628416485076,0.0
2024-01-04,2024-01-03,EGARCH-t,6064,0.290687502763618,0.0
2024-01-04,2024-01-03,EWMA,6064,0.29586839179432706,
2024-01-05,2024-01-04,GARCH-t,6065,0.35643382045108146,0.0
2024-01-05,2024-01-04,GJR-GARCH-t,6065,0.30833295024982027,0.0
2024-01-05,2024-01-04,EGARCH-t,6065,0.26460673153631087,0.0
2024-01-05,2024-01-04,EWMA,6065,0.29495054256252906,
2024-01-08,2024-01-05,GARCH-t,6066,0.3568154997556972,0.0
2024-01-08,2024-01-05,GJR-GARCH-t,6066,0.33191272198995897,0.0
2024-01-08,2024-01-05,EGARCH-t,6066,0.3076719225294744,0.0
2024-01-08,2024-01-05,EWMA,6066,0.2885917269464522,
2024-01-09,2024-01-08,GARCH-t,6067,0.33048908631649415,0.0
2024-01-09,2024-01-08,GJR-GARCH-t,6067,0.3151779122296926,0.0
2024-01-09,2024-01-08,EGARCH-t,6067,0.2836848300612755,0.0
2024-01-09,2024-01-08,EWMA,6067,0.2714908175909249,
2024-01-10,2024-01-09,GARCH-t,6068,0.311064182476517,0.0
2024-01-10,2024-01-09,GJR-GARCH-t,6068,0.30432373750652114,0.0
2024-01-10,2024-01-09,EGARCH-t,6068,0.28149506089441684,0.0
2024-01-10,2024-01-09,EWMA,6068,0.256257255245965,
2024-01-11,2024-01-10,GARCH-t,6069,0.3155802259550154,0.0
2024-01-11,2024-01-10,GJR-GARCH-t,6069,0.3258080626169831,0.0
2024-01-11,2024-01-10,EGARCH-t,6069,0.32224626393115063,0.0
2024-01-11,2024-01-10,EWMA,6069,0.2514625751889258,
2024-01-12,2024-01-11,GARCH-t,6070,0.4183206070900273,0.0
2024-01-12,2024-01-11,GJR-GARCH-t,6070,0.49706428573462197,0.0
2024-01-12,2024-01-11,EGARCH-t,6070,0.4725257926894949,0.0
2024-01-12,2024-01-11,EWMA,6070,0.2948999056967738,
2024-01-15,2024-01-12,GARCH-t,6071,0.42507019331531426,0.0
2024-01-15,2024-01-12,GJR-GARCH-t,6071,0.4617691537931209,0.0
2024-01-15,2024-01-12,EGARCH-t,6071,0.42666637146717495,0.0
2024-01-15,2024-01-12,EWMA,6071,0.301434718109495,
2024-01-16,2024-01-15,GARCH-t,6072,0.41213022798901733,0.0
2024-01-16,2024-01-15,GJR-GARCH-t,6072,0.4611346631697768,0.0
2024-01-16,2024-01-15,EGARCH-t,6072,0.4609236205089104,0.0
2024-01-16,2024-01-15,EWMA,6072,0.2926733807106406,
2024-01-17,2024-01-16,GARCH-t,6073,0.4107882416086398,0.0
2024-01-17,2024-01-16,GJR-GARCH-t,6073,0.47557816261805747,0.0
2024-01-17,2024-01-16,EGARCH-t,6073,0.5114668798603368,0.0
2024-01-17,2024-01-16,EWMA,6073,0.28911428960795743,
2024-01-18,2024-01-17,GARCH-t,6074,0.6521136063793941,0.0
2024-01-18,2024-01-17,GJR-GARCH-t,6074,0.86723786445498,0.0
2024-01-18,2024-01-17,EGARCH-t,6074,0.8150667329477482,0.0
2024-01-18,2024-01-17,EWMA,6074,0.4054930451750983,
2024-01-19,2024-01-18,GARCH-t,6075,0.5891998505197604,0.0
2024-01-19,2024-01-18,GJR-GARCH-t,6075,0.7884795863438608,0.0
2024-01-19,2024-01-18,EGARCH-t,6075,0.7368499734459584,0.0
2024-01-19,2024-01-18,EWMA,6075,0.3829334247399548,
2024-01-22,2024-01-19,GARCH-t,6076,0.532800782397402,0.0
2024-01-22,2024-01-19,GJR-GARCH-t,6076,0.7191838801809083,0.0
2024-01-22,2024-01-19,EGARCH-t,6076,0.6692505640906996,0.0
2024-01-22,2024-01-19,EWMA,6076,0.36004192200968527,
2024-01-23,2024-01-22,GARCH-t,6077,0.49457581228735903,0.0
2024-01-23,2024-01-22,GJR-GARCH-t,6077,0.6582419306319116,0.0
2024-01-23,2024-01-22,EGARCH-t,6077,0.6052294736549929,0.0
2024-01-23,2024-01-22,EWMA,6077,0.3455876977605692,
2024-01-24,2024-01-23,GARCH-t,6078,0.4512229609682538,0.0
2024-01-24,2024-01-23,GJR-GARCH-t,6078,0.6046665390027915,0.0
2024-01-24,2024-01-23,EGARCH-t,6078,0.5590160593145969,0.0
2024-01-24,2024-01-23,EWMA,6078,0.3248952542877982,
2024-01-25,2024-01-24,GARCH-t,6079,0.44394284759648267,0.0
2024-01-25,2024-01-24,GJR-GARCH-t,6079,0.5571529921406104,0.0
2024-01-25,2024-01-24,EGARCH-t,6079,0.5046637678038346,0.0
2024-01-25,2024-01-24,EWMA,6079,0.3241840631224688,
2024-01-26,2024-01-25,GARCH-t,6080,0.40662346167400365,0.0
2024-01-26,2024-01-25,GJR-GARCH-t,6080,0.51499884211017,0.0
2024-01-26,2024-01-25,EGARCH-t,6080,0.4617837718448182,0.0
2024-01-26,2024-01-25,EWMA,6080,0.3047753613227008,
2024-01-29,2024-01-26,GARCH-t,6081,0.5842287762924622,0.0
2024-01-29,2024-01-26,GJR-GARCH-t,6081,0.478094314527802,0.0
2024-01-29,2024-01-26,EGARCH-t,6081,0.4099732114204916,0.0
2024-01-29,2024-01-26,EWMA,6081,0.4024285615605658,
2024-01-30,2024-01-29,GARCH-t,6082,0.5293939225476176,0.0
2024-01-30,2024-01-29,GJR-GARCH-t,6082,0.44533552763352624,0.0
2024-01-30,2024-01-29,EGARCH-t,6082,0.38334649675910654,0.0
2024-01-30,2024-01-29,EWMA,6082,0.3783421466044638,
2024-01-31,2024-01-30,GARCH-t,6083,0.49927692427901166,0.0
2024-01-31,2024-01-30,GJR-GARCH-t,6083,0.41595919736496806,0.0
2024-01-31,2024-01-30,EGARCH-t,6083,0.34868735923946587,0.0
2024-01-31,2024-01-30,EWMA,6083,0.3672175241853043,
2024-02-01,2024-01-31,GARCH-t,6084,0.48489686680238303,0.0
2024-02-01,2024-01-31,GJR-GARCH-t,6084,0.43264826847968135,0.0
2024-02-01,2024-01-31,EGARCH-t,6084,0.39729142935220124,0.0
2024-02-01,2024-01-31,EWMA,6084,0.35825626908398034,
2024-02-02,2024-02-01,GARCH-t,6085,0.44509957937390326,0.0
2024-02-02,2024-02-01,GJR-GARCH-t,6085,0.407467507165248,0.0
2024-02-02,2024-02-01,EGARCH-t,6085,0.3841013166934963,0.0
2024-02-02,2024-02-01,EWMA,6085,0.33748877436211294,
2024-02-05,2024-02-02,GARCH-t,6086,0.409680586464083,0.0
2024-02-05,2024-02-02,GJR-GARCH-t,6086,0.38419987093641345,0.0
2024-02-05,2024-02-02,EGARCH-t,6086,0.36834123899336313,0.0
2024-02-05,2024-02-02,EWMA,6086,0.3177034793054732,
2024-02-06,2024-02-05,GARCH-t,6087,0.37747358325790276,0.0
2024-02-06,2024-02-05,GJR-GARCH-t,6087,0.3620559828274324,0.0
2024-02-06,2024-02-05,EGARCH-t,6087,0.345603801852886,0.0
2024-02-06,2024-02-05,EWMA,6087,0.29871123573809844,
2024-02-07,2024-02-06,GARCH-t,6088,0.43171652423711276,0.0
2024-02-07,2024-02-06,GJR-GARCH-t,6088,0.3424103527992939,0.0
2024-02-07,2024-02-06,EGARCH-t,6088,0.3111526336294801,0.0
2024-02-07,2024-02-06,EWMA,6088,0.3283742070853908,
2024-02-08,2024-02-07,GARCH-t,6089,0.45661885374868544,0.0
2024-02-08,2024-02-07,GJR-GARCH-t,6089,0.41443790378740286,0.0
2024-02-08,2024-02-07,EGARCH-t,6089,0.3979813471429701,0.0
2024-02-08,2024-02-07,EWMA,6089,0.33657275921355717,
2024-02-09,2024-02-08,GARCH-t,6090,0.4443032367364215,0.0
2024-02-09,2024-02-08,GJR-GARCH-t,6090,0.4261524468413081,0.0
2024-02-09,2024-02-08,EGARCH-t,6090,0.4407520089425119,0.0
2024-02-09,2024-02-08,EWMA,6090,0.3278604941647163,
2024-02-12,2024-02-09,GARCH-t,6091,0.4206650378152735,0.0
2024-02-12,2024-02-09,GJR-GARCH-t,6091,0.41725183222364304,0.0
2024-02-12,2024-02-09,EGARCH-t,6091,0.4575207049579907,0.0
2024-02-12,2024-02-09,EWMA,6091,0.31365923562932346,
2024-02-13,2024-02-12,GARCH-t,6092,0.38648052606139394,0.0
2024-02-13,2024-02-12,GJR-GARCH-t,6092,0.3909807495654605,0.0
2024-02-13,2024-02-12,EGARCH-t,6092,0.4195707558571614,0.0
2024-02-13,2024-02-12,EWMA,6092,0.2948523422754649,
2024-02-14,2024-02-13,GARCH-t,6093,0.4410451311293106,0.0
2024-02-14,2024-02-13,GJR-GARCH-t,6093,0.4945569361474567,0.0
2024-02-14,2024-02-13,EGARCH-t,6093,0.5381365081675029,0.0
2024-02-14,2024-02-13,EWMA,6093,0.3169178807403062,
2024-02-15,2024-02-14,GARCH-t,6094,0.46101611028260253,0.0
2024-02-15,2024-02-14,GJR-GARCH-t,6094,0.45974743951259106,0.0
2024-02-15,2024-02-14,EGARCH-t,6094,0.48415283681710014,0.0
2024-02-15,2024-02-14,EWMA,6094,0.3311151496752819,
2024-02-16,2024-02-15,GARCH-t,6095,0.4350344713046021,0.0
2024-02-16,2024-02-15,GJR-GARCH-t,6095,0.4287086823435121,0.0
2024-02-16,2024-02-15,EGARCH-t,6095,0.4396848729569761,0.0
2024-02-16,2024-02-15,EWMA,6095,0.32008442630714923,
2024-02-19,2024-02-16,GARCH-t,6096,0.6411955138622768,0.0
2024-02-19,2024-02-16,GJR-GARCH-t,6096,0.40191565738138213,0.0
2024-02-19,2024-02-16,EGARCH-t,6096,0.38920154686096203,0.0
2024-02-19,2024-02-16,EWMA,6096,0.43443309688031995,
2024-02-20,2024-02-19,GARCH-t,6097,0.5819500656500907,0.0
2024-02-20,2024-02-19,GJR-GARCH-t,6097,0.37743320585350304,0.0
2024-02-20,2024-02-19,EGARCH-t,6097,0.356066807826212,0.0
2024-02-20,2024-02-19,EWMA,6097,0.41120839212409166,
2024-02-21,2024-02-20,GARCH-t,6098,0.5300889500993575,0.0
2024-02-21,2024-02-20,GJR-GARCH-t,6098,0.359005804414221,0.0
2024-02-21,2024-02-20,EGARCH-t,6098,0.34752321908304556,0.0
2024-02-21,2024-02-20,EWMA,6098,0.38740571249890154,
2024-02-22,2024-02-21,GARCH-t,6099,0.5518568198633951,0.0
2024-02-22,2024-02-21,GJR-GARCH-t,6099,0.44398654059958886,0.0
2024-02-22,2024-02-21,EGARCH-t,6099,0.44676764826371695,0.0
2024-02-22,2024-02-21,EWMA,6099,0.39677323214314836,
2024-02-23,2024-02-22,GARCH-t,6100,0.5077506583889791,0.0
2024-02-23,2024-02-22,GJR-GARCH-t,6100,0.4147060146062905,0.0
2024-02-23,2024-02-22,EGARCH-t,6100,0.4071749289477082,0.0
2024-02-23,2024-02-22,EWMA,6100,0.37789869222133965,
2024-02-26,2024-02-23,GARCH-t,6101,0.4691424837276996,0.0
2024-02-26,2024-02-23,GJR-GARCH-t,6101,0.38876185673329994,0.0
2024-02-26,2024-02-23,EGARCH-t,6101,0.37163113063175224,0.0
2024-02-26,2024-02-23,EWMA,6101,0.3600397524840137,
2024-02-27,2024-02-26,GARCH-t,6102,0.441218186032856,0.0
2024-02-27,2024-02-26,GJR-GARCH-t,6102,0.38229287039612564,0.0
2024-02-27,2024-02-26,EGARCH-t,6102,0.3886414731543679,0.0
2024-02-27,2024-02-26,EWMA,6102,0.3433413182536073,
2024-02-28,2024-02-27,GARCH-t,6103,0.40485990663677496,0.0
2024-02-28,2024-02-27,GJR-GARCH-t,6103,0.3601371707893331,0.0
2024-02-28,2024-02-27,EGARCH-t,6103,0.3617036465354171,0.0
2024-02-28,2024-02-27,EWMA,6103,0.3227580092381755,
2024-02-29,2024-02-28,GARCH-t,6104,0.44623577427963945,0.0
2024-02-29,2024-02-28,GJR-GARCH-t,6104,0.450592350792425,0.0
2024-02-29,2024-02-28,EGARCH-t,6104,0.4656499633664076,0.0
2024-02-29,2024-02-28,EWMA,6104,0.3378461184323924,
2024-03-01,2024-02-29,GARCH-t,6105,0.4089063474257155,0.0
2024-03-01,2024-02-29,GJR-GARCH-t,6105,0.42049158140830656,0.0
2024-03-01,2024-02-29,EGARCH-t,6105,0.42648898704899646,0.0
2024-03-01,2024-02-29,EWMA,6105,0.3178331774135144,
2024-03-04,2024-03-01,GARCH-t,6106,0.42378790308692765,0.0
2024-03-04,2024-03-01,GJR-GARCH-t,6106,0.3940695225082723,0.0
2024-03-04,2024-03-01,EGARCH-t,6106,0.3850231958707949,0.0
2024-03-04,2024-03-01,EWMA,6106,0.32697565276053375,
2024-03-05,2024-03-04,GARCH-t,6107,0.4296180039854822,0.0
2024-03-05,2024-03-04,GJR-GARCH-t,6107,0.42933493382864774,0.0
2024-03-05,2024-03-04,EGARCH-t,6107,0.44895202334599604,0.0
2024-03-05,2024-03-04,EWMA,6107,0.3255610833298296,
2024-03-06,2024-03-05,GARCH-t,6108,0.39446817647533183,0.0
2024-03-06,2024-03-05,GJR-GARCH-t,6108,0.4016646601686037,0.0
2024-03-06,2024-03-05,EGARCH-t,6108,0.41134402828551897,0.0
2024-03-06,2024-03-05,EWMA,6108,0.30638498472191994,
2024-03-07,2024-03-06,GARCH-t,6109,0.3810683429652154,0.0
2024-03-07,2024-03-06,GJR-GARCH-t,6109,0.3772476920481088,0.0
2024-03-07,2024-03-06,EGARCH-t,6109,0.3739097470879395,0.0
2024-03-07,2024-03-06,EWMA,6109,0.2991970126301443,
2024-03-08,2024-03-07,GARCH-t,6110,0.3538164603522707,0.0
2024-03-08,2024-03-07,GJR-GARCH-t,6110,0.3554935042603637,0.0
2024-03-08,2024-03-07,EGARCH-t,6110,0.3427177100412104,0.0
2024-03-08,2024-03-07,EWMA,6110,0.28301498591943625,
2024-03-11,2024-03-08,GARCH-t,6111,0.35347246486965184,0.0
2024-03-11,2024-03-08,GJR-GARCH-t,6111,0.3720837198156423,0.0
2024-03-11,2024-03-08,EGARCH-t,6111,0.38426891432167776,0.0
2024-03-11,2024-03-08,EWMA,6111,0.2769891232542575,
2024-03-12,2024-03-11,GARCH-t,6112,0.3285112308403335,0.0
2024-03-12,2024-03-11,GJR-GARCH-t,6112,0.35087994972754655,0.0
2024-03-12,2024-03-11,EGARCH-t,6112,0.35248014962585567,0.0
2024-03-12,2024-03-11,EWMA,6112,0.26129157555222,
2024-03-13,2024-03-12,GARCH-t,6113,0.41584619446881865,0.0
2024-03-13,2024-03-12,GJR-GARCH-t,6113,0.3326532954745458,0.0
2024-03-13,2024-03-12,EGARCH-t,6113,0.3159916062976592,0.0
2024-03-13,2024-03-12,EWMA,6113,0.30799615333859,
2024-03-14,2024-03-13,GARCH-t,6114,0.3907136904832744,0.0
2024-03-14,2024-03-13,GJR-GARCH-t,6114,0.315963410274535,0.0
2024-03-14,2024-03-13,EGARCH-t,6114,0.28913651118104633,0.0
2024-03-14,2024-03-13,EWMA,6114,0.2954486701518574,
2024-03-15,2024-03-14,GARCH-t,6115,0.3802564299889127,0.0
2024-03-15,2024-03-14,GJR-GARCH-t,6115,0.32887329599035015,0.0
2024-03-15,2024-03-14,EGARCH-t,6115,0.3224073302773154,0.0
2024-03-15,2024-03-14,EWMA,6115,0.28610634850045924,
2024-03-18,2024-03-15,GARCH-t,6116,0.35817459531756934,0.0
2024-03-18,2024-03-15,GJR-GARCH-t,6116,0.321266204532342,0.0
2024-03-18,2024-03-15,EGARCH-t,6116,0.3285138659873466,0.0
2024-03-18,2024-03-15,EWMA,6116,0.27144335176754303,
2024-03-19,2024-03-18,GARCH-t,6117,0.33312162260561173,0.0
2024-03-19,2024-03-18,GJR-GARCH-t,6117,0.306777696597259,0.0
2024-03-19,2024-03-18,EGARCH-t,6117,0.3132799863797274,0.0
2024-03-19,2024-03-18,EWMA,6117,0.25538838419548837,
2024-03-20,2024-03-19,GARCH-t,6118,0.3128996158889229,0.0
2024-03-20,2024-03-19,GJR-GARCH-t,6118,0.2928812256491349,0.0
2024-03-20,2024-03-19,EGARCH-t,6118,0.28758812753255153,0.0
2024-03-20,2024-03-19,EWMA,6118,0.24253979562557187,
2024-03-21,2024-03-20,GARCH-t,6119,0.2925361871645682,0.0
2024-03-21,2024-03-20,GJR-GARCH-t,6119,0.2805745182705275,0.0
2024-03-21,2024-03-20,EGARCH-t,6119,0.26871884922711303,0.0
2024-03-21,2024-03-20,EWMA,6119,0.22799552312901533,
2024-03-22,2024-03-21,GARCH-t,6120,0.6527458514060172,0.0
2024-03-22,2024-03-21,GJR-GARCH-t,6120,0.2716182490908509,0.0
2024-03-22,2024-03-21,EGARCH-t,6120,0.23522057014730677,0.0
2024-03-22,2024-03-21,EWMA,6120,0.421715720748175,
2024-03-25,2024-03-22,GARCH-t,6121,0.625837638556824,0.0
2024-03-25,2024-03-22,GJR-GARCH-t,6121,0.2622294211896262,0.0
2024-03-25,2024-03-22,EGARCH-t,6121,0.21398187709571848,0.0
2024-03-25,2024-03-22,EWMA,6121,0.4188024987211664,
2024-03-26,2024-03-25,GARCH-t,6122,0.57051143202529,0.0
2024-03-26,2024-03-25,GJR-GARCH-t,6122,0.259549934625426,0.0
2024-03-26,2024-03-25,EGARCH-t,6122,0.22006012547986223,0.0
2024-03-26,2024-03-25,EWMA,6122,0.3953645003311079,
2024-03-27,2024-03-26,GARCH-t,6123,0.5191839370539549,0.0
2024-03-27,2024-03-26,GJR-GARCH-t,6123,0.2510153042928956,0.0
2024-03-27,2024-03-26,EGARCH-t,6123,0.20329471086544001,0.0
2024-03-27,2024-03-26,EWMA,6123,0.37335829692851363,
2024-03-28,2024-03-27,GARCH-t,6124,0.47282139456229594,0.0
2024-03-28,2024-03-27,GJR-GARCH-t,6124,0.24334728934175587,0.0
2024-03-28,2024-03-27,EGARCH-t,6124,0.18915338836620918,0.0
2024-03-28,2024-03-27,EWMA,6124,0.350966336745523,
2024-04-02,2024-03-28,GARCH-t,6125,0.4375955282736778,0.0
2024-04-02,2024-03-28,GJR-GARCH-t,6125,0.2365862368228226,0.0
2024-04-02,2024-03-28,EGARCH-t,6125,0.1744704467674764,0.0
2024-04-02,2024-03-28,EWMA,6125,0.33394478923821264,
2024-04-03,2024-04-02,GARCH-t,6126,0.4094381626447656,0.0
2024-04-03,2024-04-02,GJR-GARCH-t,6126,0.2407049593748877,0.0
2024-04-03,2024-04-02,EGARCH-t,6126,0.18815161764554006,0.0
2024-04-03,2024-04-02,EWMA,6126,0.316819929216856,
2024-04-04,2024-04-03,GARCH-t,6127,0.376925270257717,0.0
2024-04-04,2024-04-03,GJR-GARCH-t,6127,0.2340350313200956,0.0
2024-04-04,2024-04-03,EGARCH-t,6127,0.17514850251299532,0.0
2024-04-04,2024-04-03,EWMA,6127,0.2978611186057379,
2024-04-05,2024-04-04,GARCH-t,6128,0.37054886614944327,0.0
2024-04-05,2024-04-04,GJR-GARCH-t,6128,0.22854324483126526,0.0
2024-04-05,2024-04-04,EGARCH-t,6128,0.16034091158898836,0.0
2024-04-05,2024-04-04,EWMA,6128,0.2940374323094693,
2024-04-08,2024-04-05,GARCH-t,6129,0.4266676613680923,0.0
2024-04-08,2024-04-05,GJR-GARCH-t,6129,0.3514259071452066,0.0
2024-04-08,2024-04-05,EGARCH-t,6129,0.2576214711910291,0.0
2024-04-08,2024-04-05,EWMA,6129,0.31619961627542337,
2024-04-09,2024-04-08,GARCH-t,6130,0.4070660849206548,0.0
2024-04-09,2024-04-08,GJR-GARCH-t,6130,0.3325274805599482,0.0
2024-04-09,2024-04-08,EGARCH-t,6130,0.23559251826243732,0.0
2024-04-09,2024-04-08,EWMA,6130,0.30718848396377524,
2024-04-10,2024-04-09,GARCH-t,6131,0.3774801295656999,0.0
2024-04-10,2024-04-09,GJR-GARCH-t,6131,0.31840561184463034,0.0
2024-04-10,2024-04-09,EGARCH-t,6131,0.23337496029371443,0.0
2024-04-10,2024-04-09,EWMA,6131,0.28947772030555435,
2024-04-11,2024-04-10,GARCH-t,6132,0.3584441036072183,0.0
2024-04-11,2024-04-10,GJR-GARCH-t,6132,0.30318139387746756,0.0
2024-04-11,2024-04-10,EGARCH-t,6132,0.21419452297395997,0.0
2024-04-11,2024-04-10,EWMA,6132,0.2787290425806868,
2024-04-12,2024-04-11,GARCH-t,6133,0.36238176869529504,0.0
2024-04-12,2024-04-11,GJR-GARCH-t,6133,0.3332031714574906,0.0
2024-04-12,2024-04-11,EGARCH-t,6133,0.2615598653384154,0.0
2024-04-12,2024-04-11,EWMA,6133,0.27530955883656005,
2024-04-15,2024-04-12,GARCH-t,6134,0.41970426169447317,0.0
2024-04-15,2024-04-12,GJR-GARCH-t,6134,0.31704401718209163,0.0
2024-04-15,2024-04-12,EGARCH-t,6134,0.2354746450903814,0.0
2024-04-15,2024-04-12,EWMA,6134,0.3076130541725369,
2024-04-16,2024-04-15,GARCH-t,6135,0.4059534011495825,0.0
2024-04-16,2024-04-15,GJR-GARCH-t,6135,0.33029700010733104,0.0
2024-04-16,2024-04-15,EGARCH-t,6135,0.2695042485469352,0.0
2024-04-16,2024-04-15,EWMA,6135,0.2976916426140546,
2024-04-17,2024-04-16,GARCH-t,6136,0.7765371643329304,0.0
2024-04-17,2024-04-16,GJR-GARCH-t,6136,0.952618033877782,0.0
2024-04-17,2024-04-16,EGARCH-t,6136,0.6368902838281029,0.0
2024-04-17,2024-04-16,EWMA,6136,0.4826135553672297,
2024-04-18,2024-04-17,GARCH-t,6137,0.7079010399212184,0.0
2024-04-18,2024-04-17,GJR-GARCH-t,6137,0.864154540348822,0.0
2024-04-18,2024-04-17,EGARCH-t,6137,0.5758153011511936,0.0
2024-04-18,2024-04-17,EWMA,6137,0.46110378883668496,
2024-04-19,2024-04-18,GARCH-t,6138,0.6496534807354902,0.0
2024-04-19,2024-04-18,GJR-GARCH-t,6138,0.7863701159846097,0.0
2024-04-19,2024-04-18,EGARCH-t,6138,0.5213782227302316,0.0
2024-04-19,2024-04-18,EWMA,6138,0.4416564727185533,
2024-04-22,2024-04-19,GARCH-t,6139,0.5911775187104938,0.0
2024-04-22,2024-04-19,GJR-GARCH-t,6139,0.7177570983801574,0.0
2024-04-22,2024-04-19,EGARCH-t,6139,0.47432047372383584,0.0
2024-04-22,2024-04-19,EWMA,6139,0.418566576711636,
2024-04-23,2024-04-22,GARCH-t,6140,0.8139137486385025,0.0
2024-04-23,2024-04-22,GJR-GARCH-t,6140,0.6587999602512679,0.0
2024-04-23,2024-04-22,EGARCH-t,6140,0.419582000810132,0.0
2024-04-23,2024-04-22,EWMA,6140,0.5486107684477795,
2024-04-24,2024-04-23,GARCH-t,6141,0.7353590435426836,0.0
2024-04-24,2024-04-23,GJR-GARCH-t,6141,0.6049767708349792,0.0
2024-04-24,2024-04-23,EGARCH-t,6141,0.382564077069756,0.0
2024-04-24,2024-04-23,EWMA,6141,0.5197542414632398,
2024-04-25,2024-04-24,GARCH-t,6142,0.6628524784714971,0.0
2024-04-25,2024-04-24,GJR-GARCH-t,6142,0.5582515774275597,0.0
2024-04-25,2024-04-24,EGARCH-t,6142,0.3618084947996124,0.0
2024-04-25,2024-04-24,EWMA,6142,0.4887485613752562,
2024-04-26,2024-04-25,GARCH-t,6143,0.6199379161197889,0.0
2024-04-26,2024-04-25,GJR-GARCH-t,6143,0.5160787286126682,0.0
2024-04-26,2024-04-25,EGARCH-t,6143,0.32886310241629574,0.0
2024-04-26,2024-04-25,EWMA,6143,0.4731148632044331,
2024-04-29,2024-04-26,GARCH-t,6144,0.6176779447176772,0.0
2024-04-29,2024-04-26,GJR-GARCH-t,6144,0.4787744182913067,0.0
2024-04-29,2024-04-26,EGARCH-t,6144,0.2971337307147577,0.0
2024-04-29,2024-04-26,EWMA,6144,0.47856688806624226,
2024-04-30,2024-04-29,GARCH-t,6145,0.5594376948861699,0.0
2024-04-30,2024-04-29,GJR-GARCH-t,6145,0.44559956682485663,0.0
2024-04-30,2024-04-29,EGARCH-t,6145,0.2738040118882738,0.0
2024-04-30,2024-04-29,EWMA,6145,0.45032193471462645,
2024-05-01,2024-04-30,GARCH-t,6146,0.5090521819369772,0.0
2024-05-01,2024-04-30,GJR-GARCH-t,6146,0.41662815806171144,0.0
2024-05-01,2024-04-30,EGARCH-t,6146,0.259489774230997,0.0
2024-05-01,2024-04-30,EWMA,6146,0.42337866477136865,
2024-05-02,2024-05-01,GARCH-t,6147,0.47621706551940235,0.0
2024-05-02,2024-05-01,GJR-GARCH-t,6147,0.4066499197944101,0.0
2024-05-02,2024-05-01,EGARCH-t,6147,0.2796103400536825,0.0
2024-05-02,2024-05-01,EWMA,6147,0.40273318316428725,
2024-05-03,2024-05-02,GARCH-t,6148,0.4738134299450467,0.0
2024-05-03,2024-05-02,GJR-GARCH-t,6148,0.38171748232464997,0.0
2024-05-03,2024-05-02,EGARCH-t,6148,0.2537000599201741,0.0
2024-05-03,2024-05-02,EWMA,6148,0.4020834334868507,
2024-05-07,2024-05-03,GARCH-t,6149,0.457322692439944,0.0
2024-05-07,2024-05-03,GJR-GARCH-t,6149,0.3595578464250397,0.0
2024-05-07,2024-05-03,EGARCH-t,6149,0.2313022480070097,0.0
2024-05-07,2024-05-03,EWMA,6149,0.39320524026915993,
2024-05-08,2024-05-07,GARCH-t,6150,0.5731484732339639,0.0
2024-05-08,2024-05-07,GJR-GARCH-t,6150,0.3404827813195494,0.0
2024-05-08,2024-05-07,EGARCH-t,6150,0.20709165820422326,0.0
2024-05-08,2024-05-07,EWMA,6150,0.45783158339959784,
2024-05-09,2024-05-08,GARCH-t,6151,0.542162941782946,0.0
2024-05-09,2024-05-08,GJR-GARCH-t,6151,0.3230462789939841,0.0
2024-05-09,2024-05-08,EGARCH-t,6151,0.18959003853820464,0.0
2024-05-09,2024-05-08,EWMA,6151,0.44446127969857957,
2024-05-10,2024-05-09,GARCH-t,6152,0.5021666568610956,0.0
2024-05-10,2024-05-09,GJR-GARCH-t,6152,0.3074661739917805,0.0
2024-05-10,2024-05-09,EGARCH-t,6152,0.17438018180447434,0.0
2024-05-10,2024-05-09,EWMA,6152,0.4241804244117523,
2024-05-13,2024-05-10,GARCH-t,6153,0.4959878808216113,0.0
2024-05-13,2024-05-10,GJR-GARCH-t,6153,0.293884611100072,0.0
2024-05-13,2024-05-10,EGARCH-t,6153,0.1597877359413974,0.0
2024-05-13,2024-05-10,EWMA,6153,0.42203533535181315,
2024-05-14,2024-05-13,GARCH-t,6154,0.4609574775472522,0.0
2024-05-14,2024-05-13,GJR-GARCH-t,6154,0.29204132431054475,0.0
2024-05-14,2024-05-13,EGARCH-t,6154,0.1739795887218647,0.0
2024-05-14,2024-05-13,EWMA,6154,0.399701213466634,
2024-05-15,2024-05-14,GARCH-t,6155,0.4235694263896767,0.0
2024-05-15,2024-05-14,GJR-GARCH-t,6155,0.27983272476203364,0.0
2024-05-15,2024-05-14,EGARCH-t,6155,0.16093966743123211,0.0
2024-05-15,2024-05-14,EWMA,6155,0.37717086471475764,
2024-05-16,2024-05-15,GARCH-t,6156,0.39249786838240464,0.0
2024-05-16,2024-05-15,GJR-GARCH-t,6156,0.2689696018615245,0.0
2024-05-16,2024-05-15,EGARCH-t,6156,0.14880142682427058,0.0
2024-05-16,2024-05-15,EWMA,6156,0.357181420458917,
2024-05-17,2024-05-16,GARCH-t,6157,0.36407964154006617,0.0
2024-05-17,2024-05-16,GJR-GARCH-t,6157,0.2610943710854334,0.0
2024-05-17,2024-05-16,EGARCH-t,6157,0.14834455718063572,0.0
2024-05-17,2024-05-16,EWMA,6157,0.3361748652852838,
2024-05-20,2024-05-17,GARCH-t,6158,0.34515200350979525,0.0
2024-05-20,2024-05-17,GJR-GARCH-t,6158,0.262417366951006,0.0
2024-05-20,2024-05-17,EGARCH-t,6158,0.16232058955668516,0.0
2024-05-20,2024-05-17,EWMA,6158,0.31886329368468447,
2024-05-21,2024-05-20,GARCH-t,6159,0.32063890477380036,0.0
2024-05-21,2024-05-20,GJR-GARCH-t,6159,0.2533510896590719,0.0
2024-05-21,2024-05-20,EGARCH-t,6159,0.15117199546795235,0.0
2024-05-21,2024-05-20,EWMA,6159,0.2998601761122989,
2024-05-22,2024-05-21,GARCH-t,6160,0.30123973937761195,0.0
2024-05-22,2024-05-21,GJR-GARCH-t,6160,0.24739480202863542,0.0
2024-05-22,2024-05-21,EGARCH-t,6160,0.15154109758042997,0.0
2024-05-22,2024-05-21,EWMA,6160,0.28237032376486754,
2024-05-23,2024-05-22,GARCH-t,6161,0.32268291717760156,0.0
2024-05-23,2024-05-22,GJR-GARCH-t,6161,0.29973724548172687,0.0
2024-05-23,2024-05-22,EGARCH-t,6161,0.20756593033180934,0.0
2024-05-23,2024-05-22,EWMA,6161,0.28360690533843064,
2024-05-24,2024-05-23,GARCH-t,6162,0.32075485683735533,0.0
2024-05-24,2024-05-23,GJR-GARCH-t,6162,0.3143744002474937,0.0
2024-05-24,2024-05-23,EGARCH-t,6162,0.24094609297300262,0.0
2024-05-24,2024-05-23,EWMA,6162,0.27490420737926674,
2024-05-28,2024-05-24,GARCH-t,6163,0.3097610705531246,0.0
2024-05-28,2024-05-24,GJR-GARCH-t,6163,0.31342355239273495,0.0
2024-05-28,2024-05-24,EGARCH-t,6163,0.25837861167364706,0.0
2024-05-28,2024-05-24,EWMA,6163,0.26244603395669747,
2024-05-29,2024-05-28,GARCH-t,6164,0.3641662809121029,0.0
2024-05-29,2024-05-28,GJR-GARCH-t,6164,0.41173579660344783,0.0
2024-05-29,2024-05-28,EGARCH-t,6164,0.3579617045867849,0.0
2024-05-29,2024-05-28,EWMA,6164,0.28182672087207733,
2024-05-30,2024-05-29,GARCH-t,6165,0.43100949718701653,0.0
2024-05-30,2024-05-29,GJR-GARCH-t,6165,0.5298112692487973,0.0
2024-05-30,2024-05-29,EGARCH-t,6165,0.48520837405806494,0.0
2024-05-30,2024-05-29,EWMA,6165,0.3098222596850676,
2024-05-31,2024-05-30,GARCH-t,6166,0.42911713210019803,0.0
2024-05-31,2024-05-30,GJR-GARCH-t,6166,0.49062607574021977,0.0
2024-05-31,2024-05-30,EGARCH-t,6166,0.438201999458922,0.0
2024-05-31,2024-05-30,EWMA,6166,0.3117562589285998,
2024-06-03,2024-05-31,GARCH-t,6167,0.42176314027347933,0.0
2024-06-03,2024-05-31,GJR-GARCH-t,6167,0.4558832419664226,0.0
2024-06-03,2024-05-31,EGARCH-t,6167,0.3966759337590198,0.0
2024-06-03,2024-05-31,EWMA,6167,0.3103381410513035,
2024-06-04,2024-06-03,GARCH-t,6168,0.3920448648801003,0.0
2024-06-04,2024-06-03,GJR-GARCH-t,6168,0.4300684937733529,0.0
2024-06-04,2024-06-03,EGARCH-t,6168,0.39048417933757973,0.0
2024-06-04,2024-06-03,EWMA,6168,0.2931110620059502,
2024-06-05,2024-06-04,GARCH-t,6169,0.3814239005692212,0.0
2024-06-05,2024-06-04,GJR-GARCH-t,6169,0.4299824657445196,0.0
2024-06-05,2024-06-04,EGARCH-t,6169,0.422197136288691,0.0
2024-06-05,2024-06-04,EWMA,6169,0.2838922519804464,
2024-06-06,2024-06-05,GARCH-t,6170,0.35461846176668477,0.0
2024-06-06,2024-06-05,GJR-GARCH-t,6170,0.4020363908766355,0.0
2024-06-06,2024-06-05,EGARCH-t,6170,0.386034517492017,0.0
2024-06-06,2024-06-05,EWMA,6170,0.2688472475249339,
2024-06-07,2024-06-06,GARCH-t,6171,0.34899113929608155,0.0
2024-06-07,2024-06-06,GJR-GARCH-t,6171,0.377400951712563,0.0
2024-06-07,2024-06-06,EGARCH-t,6171,0.35071597618903894,0.0
2024-06-07,2024-06-06,EWMA,6171,0.2655971098263553,
2024-06-10,2024-06-07,GARCH-t,6172,0.35546460135506275,0.0
2024-06-10,2024-06-07,GJR-GARCH-t,6172,0.4012067973217934,0.0
2024-06-10,2024-06-07,EGARCH-t,6172,0.40235574146495695,0.0
2024-06-10,2024-06-07,EWMA,6172,0.2636430954649902,
2024-06-11,2024-06-10,GARCH-t,6173,0.336682811801225,0.0
2024-06-11,2024-06-10,GJR-GARCH-t,6173,0.3854291538572756,0.0
2024-06-11,2024-06-10,EGARCH-t,6173,0.40465464339282625,0.0
2024-06-11,2024-06-10,EWMA,6173,0.25035038651704183,
2024-06-12,2024-06-11,GARCH-t,6174,0.43322035019015925,0.0
2024-06-12,2024-06-11,GJR-GARCH-t,6174,0.5477765703533937,0.0
2024-06-12,2024-06-11,EGARCH-t,6174,0.5612483834209989,0.0
2024-06-12,2024-06-11,EWMA,6174,0.2936115561478663,
2024-06-13,2024-06-12,GARCH-t,6175,0.467560900934369,0.0
2024-06-13,2024-06-12,GJR-GARCH-t,6175,0.5068895864699716,0.0
2024-06-13,2024-06-12,EGARCH-t,6175,0.5033800983999834,0.0
2024-06-13,2024-06-12,EWMA,6175,0.3170771170227091,
2024-06-14,2024-06-13,GARCH-t,6176,0.47946098117566704,0.0
2024-06-14,2024-06-13,GJR-GARCH-t,6176,0.547722997401152,0.0
2024-06-14,2024-06-13,EGARCH-t,6176,0.5849139156647114,0.0
2024-06-14,2024-06-13,EWMA,6176,0.3220565663651044,
2024-06-17,2024-06-14,GARCH-t,6177,0.4450878444645481,0.0
2024-06-17,2024-06-14,GJR-GARCH-t,6177,0.5152963112572267,0.0
2024-06-17,2024-06-14,EGARCH-t,6177,0.575532051573314,0.0
2024-06-17,2024-06-14,EWMA,6177,0.30527944781389194,
2024-06-18,2024-06-17,GARCH-t,6178,0.4092452845815318,0.0
2024-06-18,2024-06-17,GJR-GARCH-t,6178,0.47862432827801094,0.0
2024-06-18,2024-06-17,EGARCH-t,6178,0.5386892233687998,0.0
2024-06-18,2024-06-17,EWMA,6178,0.28716246400167433,
2024-06-19,2024-06-18,GARCH-t,6179,0.4120918052233284,0.0
2024-06-19,2024-06-18,GJR-GARCH-t,6179,0.4454181455594302,0.0
2024-06-19,2024-06-18,EGARCH-t,6179,0.4859012834422491,0.0
2024-06-19,2024-06-18,EWMA,6179,0.29162031234920177,
2024-06-20,2024-06-19,GARCH-t,6180,0.3810689750273584,0.0
2024-06-20,2024-06-19,GJR-GARCH-t,6180,0.4158103244426166,0.0
2024-06-20,2024-06-19,EGARCH-t,6180,0.44375157708378193,0.0
2024-06-20,2024-06-19,EWMA,6180,0.27582313833734584,
2024-06-21,2024-06-20,GARCH-t,6181,0.4200608403320126,0.0
2024-06-21,2024-06-20,GJR-GARCH-t,6181,0.3898174384411778,0.0
2024-06-21,2024-06-20,EGARCH-t,6181,0.3987921562903629,0.0
2024-06-21,2024-06-20,EWMA,6181,0.2994299882366775,
2024-06-24,2024-06-21,GARCH-t,6182,0.41070463985914674,0.0
2024-06-24,2024-06-21,GJR-GARCH-t,6182,0.4015952937281753,0.0
2024-06-24,2024-06-21,EGARCH-t,6182,0.43894310491242766,0.0
2024-06-24,2024-06-21,EWMA,6182,0.29212674831048674,
2024-06-25,2024-06-24,GARCH-t,6183,0.405023403914321,0.0
2024-06-25,2024-06-24,GJR-GARCH-t,6183,0.37706865406833023,0.0
2024-06-25,2024-06-24,EGARCH-t,6183,0.39754436758580114,0.0
2024-06-25,2024-06-24,EWMA,6183,0.29154827546566386,
2024-06-26,2024-06-25,GARCH-t,6184,0.39624687533888536,0.0
2024-06-26,2024-06-25,GJR-GARCH-t,6184,0.38827069574319684,0.0
2024-06-26,2024-06-25,EGARCH-t,6184,0.4354249552652758,0.0
2024-06-26,2024-06-25,EWMA,6184,0.2840905940350753,
2024-06-27,2024-06-26,GARCH-t,6185,0.3767451311953719,0.0
2024-06-27,2024-06-26,GJR-GARCH-t,6185,0.380343562332816,0.0
2024-06-27,2024-06-26,EGARCH-t,6185,0.44775462106073083,0.0
2024-06-27,2024-06-26,EWMA,6185,0.2715225612188337,
2024-06-28,2024-06-27,GARCH-t,6186,0.3889004094580591,0.0
2024-06-28,2024-06-27,GJR-GARCH-t,6186,0.41808695917636207,0.0
2024-06-28,2024-06-27,EGARCH-t,6186,0.5129694370888851,0.0
2024-06-28,2024-06-27,EWMA,6186,0.2737743465508022,
2024-07-01,2024-06-28,GARCH-t,6187,0.36515918606202064,0.0
2024-07-01,2024-06-28,GJR-GARCH-t,6187,0.39925910575214774,0.0
2024-07-01,2024-06-28,EGARCH-t,6187,0.5058644459902346,0.0
2024-07-01,2024-06-28,EWMA,6187,0.25953443894379785,
2024-07-02,2024-07-01,GARCH-t,6188,0.3382137908571553,0.0
2024-07-02,2024-07-01,GJR-GARCH-t,6188,0.37482866064079795,0.0
2024-07-02,2024-07-01,EGARCH-t,6188,0.4633916354042842,0.0
2024-07-02,2024-07-01,EWMA,6188,0.2440279605925425,
2024-07-03,2024-07-02,GARCH-t,6189,0.3556536947837878,0.0
2024-07-03,2024-07-02,GJR-GARCH-t,6189,0.4139369004490075,0.0
2024-07-03,2024-07-02,EGARCH-t,6189,0.5292257753467318,0.0
2024-07-03,2024-07-02,EWMA,6189,0.24819677839492554,
2024-07-04,2024-07-03,GARCH-t,6190,0.36665243467840813,0.0
2024-07-04,2024-07-03,GJR-GARCH-t,6190,0.3880593812898403,0.0
2024-07-04,2024-07-03,EGARCH-t,6190,0.47743211928424306,0.0
2024-07-04,2024-07-03,EWMA,6190,0.25581875784485686,
2024-07-05,2024-07-04,GARCH-t,6191,0.41415232366232835,0.0
2024-07-05,2024-07-04,GJR-GARCH-t,6191,0.3652747929223944,0.0
2024-07-05,2024-07-04,EGARCH-t,6191,0.42848132354814744,0.0
2024-07-05,2024-07-04,EWMA,6191,0.2843775617699601,
2024-07-08,2024-07-05,GARCH-t,6192,0.40906310974135796,0.0
2024-07-08,2024-07-05,GJR-GARCH-t,6192,0.385281326445353,0.0
2024-07-08,2024-07-05,EGARCH-t,6192,0.47413799695772296,0.0
2024-07-08,2024-07-05,EWMA,6192,0.2797275436658809,
2024-07-09,2024-07-08,GARCH-t,6193,0.3798594888357875,0.0
2024-07-09,2024-07-08,GJR-GARCH-t,6193,0.3660660666769003,0.0
2024-07-09,2024-07-08,EGARCH-t,6193,0.4584318391214566,0.0
2024-07-09,2024-07-08,EWMA,6193,0.2639094096751845,
2024-07-10,2024-07-09,GARCH-t,6194,0.40641995357048555,0.0
2024-07-10,2024-07-09,GJR-GARCH-t,6194,0.42862381148554296,0.0
2024-07-10,2024-07-09,EGARCH-t,6194,0.5443219670647327,0.0
2024-07-10,2024-07-09,EWMA,6194,0.27401772793323836,
2024-07-11,2024-07-10,GARCH-t,6195,0.4170362420242271,0.0
2024-07-11,2024-07-10,GJR-GARCH-t,6195,0.401120406025427,0.0
2024-07-11,2024-07-10,EGARCH-t,6195,0.4903785128303858,0.0
2024-07-11,2024-07-10,EWMA,6195,0.2835195470958082,
2024-07-12,2024-07-11,GARCH-t,6196,0.39517196033943125,0.0
2024-07-12,2024-07-11,GJR-GARCH-t,6196,0.3765539894544896,0.0
2024-07-12,2024-07-11,EGARCH-t,6196,0.4456261312956109,0.0
2024-07-12,2024-07-11,EWMA,6196,0.2744162898901783,
2024-07-15,2024-07-12,GARCH-t,6197,0.3757683459810723,0.0
2024-07-15,2024-07-12,GJR-GARCH-t,6197,0.35475228855154745,0.0
2024-07-15,2024-07-12,EGARCH-t,6197,0.405516062056926,0.0
2024-07-15,2024-07-12,EWMA,6197,0.26569769024915796,
2024-07-16,2024-07-15,GARCH-t,6198,0.43756569148279323,0.0
2024-07-16,2024-07-15,GJR-GARCH-t,6198,0.4733613327416072,0.0
2024-07-16,2024-07-15,EGARCH-t,6198,0.5307055435258764,0.0
2024-07-16,2024-07-15,EWMA,6198,0.2931657185857914,
2024-07-17,2024-07-16,GARCH-t,6199,0.4094095729372669,0.0
2024-07-17,2024-07-16,GJR-GARCH-t,6199,0.4506880962003001,0.0
2024-07-17,2024-07-16,EGARCH-t,6199,0.5281190367285303,0.0
2024-07-17,2024-07-16,EWMA,6199,0.2785178217020741,
2024-07-18,2024-07-17,GARCH-t,6200,0.38312468701893276,0.0
2024-07-18,2024-07-17,GJR-GARCH-t,6200,0.42048199425330424,0.0
2024-07-18,2024-07-17,EGARCH-t,6200,0.4805077461949653,0.0
2024-07-18,2024-07-17,EWMA,6200,0.2663910143686024,
2024-07-19,2024-07-18,GARCH-t,6201,0.35720071970811135,0.0
2024-07-19,2024-07-18,GJR-GARCH-t,6201,0.3936887159980539,0.0
2024-07-19,2024-07-18,EGARCH-t,6201,0.43853950578107936,0.0
2024-07-19,2024-07-18,EWMA,6201,0.25311178867948175,
2024-07-22,2024-07-19,GARCH-t,6202,0.37800604493668494,0.0
2024-07-22,2024-07-19,GJR-GARCH-t,6202,0.43961928827724317,0.0
2024-07-22,2024-07-19,EGARCH-t,6202,0.512540925796673,0.0
2024-07-22,2024-07-19,EWMA,6202,0.25962954355573536,
2024-07-23,2024-07-22,GARCH-t,6203,0.37593860984575905,0.0
2024-07-23,2024-07-22,GJR-GARCH-t,6203,0.4107792217550457,0.0
2024-07-23,2024-07-22,EGARCH-t,6203,0.4635827308698731,0.0
2024-07-23,2024-07-22,EWMA,6203,0.26071984334548365,
2024-07-24,2024-07-23,GARCH-t,6204,0.3681302308504684,0.0
2024-07-24,2024-07-23,GJR-GARCH-t,6204,0.4141391793317306,0.0
2024-07-24,2024-07-23,EGARCH-t,6204,0.49479667887867096,0.0
2024-07-24,2024-07-23,EWMA,6204,0.2539109744376979,
2024-07-25,2024-07-24,GARCH-t,6205,0.3457846867008668,0.0
2024-07-25,2024-07-24,GJR-GARCH-t,6205,0.39407433179295864,0.0
2024-07-25,2024-07-24,EGARCH-t,6205,0.48469541338394284,0.0
2024-07-25,2024-07-24,EWMA,6205,0.24036728303578309,
2024-07-26,2024-07-25,GARCH-t,6206,0.33567606628262003,0.0
2024-07-26,2024-07-25,GJR-GARCH-t,6206,0.37033061485387647,0.0
2024-07-26,2024-07-25,EGARCH-t,6206,0.44011817140151993,0.0
2024-07-26,2024-07-25,EWMA,6206,0.23555673562963997,
2024-07-29,2024-07-26,GARCH-t,6207,0.4646841672988915,0.0
2024-07-29,2024-07-26,GJR-GARCH-t,6207,0.34983814048665834,0.0
2024-07-29,2024-07-26,EGARCH-t,6207,0.3917279261311277,0.0
2024-07-29,2024-07-26,EWMA,6207,0.3086450979491877,
2024-07-30,2024-07-29,GARCH-t,6208,0.42541878677791556,0.0
2024-07-30,2024-07-29,GJR-GARCH-t,6208,0.33098872287737463,0.0
2024-07-30,2024-07-29,EGARCH-t,6208,0.3600477902302516,0.0
2024-07-30,2024-07-29,EWMA,6208,0.2905184196991955,
2024-07-31,2024-07-30,GARCH-t,6209,0.39861146362565464,0.0
2024-07-31,2024-07-30,GJR-GARCH-t,6209,0.3240844880458662,0.0
2024-07-31,2024-07-30,EGARCH-t,6209,0.3665724523250687,0.0
2024-07-31,2024-07-30,EWMA,6209,0.2759205279623783,
2024-08-01,2024-07-31,GARCH-t,6210,0.4990620671314563,0.0
2024-08-01,2024-07-31,GJR-GARCH-t,6210,0.308866971248454,0.0
2024-08-01,2024-07-31,EGARCH-t,6210,0.3270223781044877,0.0
2024-08-01,2024-07-31,EWMA,6210,0.33528185966331536,
2024-08-02,2024-08-01,GARCH-t,6211,0.581835720762145,0.0
2024-08-02,2024-08-01,GJR-GARCH-t,6211,0.4901247035112389,0.0
2024-08-02,2024-08-01,EGARCH-t,6211,0.4818322669269779,0.0
2024-08-02,2024-08-01,EWMA,6211,0.37711674439364284,
2024-08-05,2024-08-02,GARCH-t,6212,0.7380734568974551,0.0
2024-08-05,2024-08-02,GJR-GARCH-t,6212,0.7845117749550367,0.0
2024-08-05,2024-08-02,EGARCH-t,6212,0.728270819198067,0.0
2024-08-05,2024-08-02,EWMA,6212,0.45918453598122055,
2024-08-06,2024-08-05,GARCH-t,6213,1.1675553583051566,0.0
2024-08-06,2024-08-05,GJR-GARCH-t,6213,1.5163150868853636,0.0
2024-08-06,2024-08-05,EGARCH-t,6213,1.2505550638742624,0.0
2024-08-06,2024-08-05,EWMA,6213,0.6857059547069355,
2024-08-07,2024-08-06,GARCH-t,6214,1.0411451510416465,0.0
2024-08-07,2024-08-06,GJR-GARCH-t,6214,1.362358265628873,0.0
2024-08-07,2024-08-06,EGARCH-t,6214,1.1221383782758798,0.0
2024-08-07,2024-08-06,EWMA,6214,0.6477582420287703,
2024-08-08,2024-08-07,GARCH-t,6215,1.2551035644169009,0.0
2024-08-08,2024-08-07,GJR-GARCH-t,6215,1.231053580532895,0.0
2024-08-08,2024-08-07,EGARCH-t,6215,0.9862894649266062,0.0
2024-08-08,2024-08-07,EWMA,6215,0.7887965473471524,
2024-08-09,2024-08-08,GARCH-t,6216,1.1247940740508409,0.0
2024-08-09,2024-08-08,GJR-GARCH-t,6216,1.1257538922714176,0.0
2024-08-09,2024-08-08,EGARCH-t,6216,0.96038985917012,0.0
2024-08-09,2024-08-08,EWMA,6216,0.7457947595812249,
2024-08-12,2024-08-09,GARCH-t,6217,1.0074502546577073,0.0
2024-08-12,2024-08-09,GJR-GARCH-t,6217,1.0182394129736185,0.0
2024-08-12,2024-08-09,EGARCH-t,6217,0.8652905693601781,0.0
2024-08-12,2024-08-09,EWMA,6217,0.7058595264622233,
2024-08-13,2024-08-12,GARCH-t,6218,0.9243223702246555,0.0
2024-08-13,2024-08-12,GJR-GARCH-t,6218,0.92342833420969,0.0
2024-08-13,2024-08-12,EGARCH-t,6218,0.7776068970389892,0.0
2024-08-13,2024-08-12,EWMA,6218,0.6794406444239522,
2024-08-14,2024-08-13,GARCH-t,6219,0.8342889597760134,0.0
2024-08-14,2024-08-13,GJR-GARCH-t,6219,0.8395199415700564,0.0
2024-08-14,2024-08-13,EGARCH-t,6219,0.7029813682237317,0.0
2024-08-14,2024-08-13,EWMA,6219,0.6441763258041142,
2024-08-15,2024-08-14,GARCH-t,6220,0.7778747871659895,0.0
2024-08-15,2024-08-14,GJR-GARCH-t,6220,0.7652936483185229,0.0
2024-08-15,2024-08-14,EGARCH-t,6220,0.633013874094614,0.0
2024-08-15,2024-08-14,EWMA,6220,0.6240611583290122,
2024-08-16,2024-08-15,GARCH-t,6221,0.7631685349929426,0.0
2024-08-16,2024-08-15,GJR-GARCH-t,6221,0.6995645126011807,0.0
2024-08-16,2024-08-15,EGARCH-t,6221,0.5675560180559381,0.0
2024-08-16,2024-08-15,EWMA,6221,0.624772096027042,
2024-08-19,2024-08-16,GARCH-t,6222,0.711584212972185,0.0
2024-08-19,2024-08-16,GJR-GARCH-t,6222,0.6779791426794194,0.0
2024-08-19,2024-08-16,EGARCH-t,6222,0.6051849834452313,0.0
2024-08-19,2024-08-16,EWMA,6222,0.598493821980545,
2024-08-20,2024-08-19,GARCH-t,6223,0.6695323332924573,0.0
2024-08-20,2024-08-19,GJR-GARCH-t,6223,0.6221295850697289,0.0
2024-08-20,2024-08-19,EGARCH-t,6223,0.5460531307027034,0.0
2024-08-20,2024-08-19,EWMA,6223,0.5804677344952448,
2024-08-21,2024-08-20,GARCH-t,6224,0.7284405477839544,0.0
2024-08-21,2024-08-20,GJR-GARCH-t,6224,0.7644394666629127,0.0
2024-08-21,2024-08-20,EGARCH-t,6224,0.7150860395388758,0.0
2024-08-21,2024-08-20,EWMA,6224,0.6062912682487474,
2024-08-22,2024-08-21,GARCH-t,6225,0.6564717581395001,0.0
2024-08-22,2024-08-21,GJR-GARCH-t,6225,0.6987590104256816,0.0
2024-08-22,2024-08-21,EGARCH-t,6225,0.6499661614419513,0.0
2024-08-22,2024-08-21,EWMA,6225,0.5708070090220421,
2024-08-23,2024-08-22,GARCH-t,6226,0.5928733268631649,0.0
2024-08-23,2024-08-22,GJR-GARCH-t,6226,0.6405607811616241,0.0
2024-08-23,2024-08-22,EGARCH-t,6226,0.592750638372929,0.0
2024-08-23,2024-08-22,EWMA,6226,0.5367434875579151,
2024-08-27,2024-08-23,GARCH-t,6227,0.5587116856492831,0.0
2024-08-27,2024-08-23,GJR-GARCH-t,6227,0.5889807814794183,0.0
2024-08-27,2024-08-23,EGARCH-t,6227,0.535874792757885,0.0
2024-08-27,2024-08-23,EWMA,6227,0.5183088257463898,
2024-08-28,2024-08-27,GARCH-t,6228,0.5105295730711849,0.0
2024-08-28,2024-08-27,GJR-GARCH-t,6228,0.5431939765029473,0.0
2024-08-28,2024-08-27,EGARCH-t,6228,0.4883725061877206,0.0
2024-08-28,2024-08-27,EWMA,6228,0.48991503023984234,
2024-08-29,2024-08-28,GARCH-t,6229,0.4655237037080525,0.0
2024-08-29,2024-08-28,GJR-GARCH-t,6229,0.502731972487159,0.0
2024-08-29,2024-08-28,EGARCH-t,6229,0.45325690122807805,0.0
2024-08-29,2024-08-28,EWMA,6229,0.46054217583950596,
2024-08-30,2024-08-29,GARCH-t,6230,0.4424363395344194,0.0
2024-08-30,2024-08-29,GJR-GARCH-t,6230,0.46667048064979894,0.0
2024-08-30,2024-08-29,EGARCH-t,6230,0.4116177794893367,0.0
2024-08-30,2024-08-29,EWMA,6230,0.4438460767624869,
2024-09-02,2024-08-30,GARCH-t,6231,0.4061401697778025,0.0
2024-09-02,2024-08-30,GJR-GARCH-t,6231,0.43502587737249143,0.0
2024-09-02,2024-08-30,EGARCH-t,6231,0.38608810304020685,0.0
2024-09-02,2024-08-30,EWMA,6231,0.4172922433963013,
2024-09-03,2024-09-02,GARCH-t,6232,0.37804883161624653,0.0
2024-09-03,2024-09-02,GJR-GARCH-t,6232,0.4116318200940197,0.0
2024-09-03,2024-09-02,EGARCH-t,6232,0.3809133711861725,0.0
2024-09-03,2024-09-02,EWMA,6232,0.3936578018155558,
2024-09-04,2024-09-03,GARCH-t,6233,0.4275046061472849,0.0
2024-09-04,2024-09-03,GJR-GARCH-t,6233,0.5037511623931975,0.0
2024-09-04,2024-09-03,EGARCH-t,6233,0.49077114960617435,0.0
2024-09-04,2024-09-03,EWMA,6233,0.40689954175502047,
2024-09-05,2024-09-04,GARCH-t,6234,0.4100039950614872,0.0
2024-09-05,2024-09-04,GJR-GARCH-t,6234,0.49186136819884085,0.0
2024-09-05,2024-09-04,EGARCH-t,6234,0.5144978941143529,0.0
2024-09-05,2024-09-04,EWMA,6234,0.389788112780225,
2024-09-06,2024-09-05,GARCH-t,6235,0.3937257062622254,0.0
2024-09-06,2024-09-05,GJR-GARCH-t,6235,0.4798643485470583,0.0
2024-09-06,2024-09-05,EGARCH-t,6235,0.535061541710655,0.0
2024-09-06,2024-09-05,EWMA,6235,0.37325317868482843,
2024-09-09,2024-09-06,GARCH-t,6236,0.43149483496121704,0.0
2024-09-09,2024-09-06,GJR-GARCH-t,6236,0.5494899177499075,0.0
2024-09-09,2024-09-06,EGARCH-t,6236,0.6383920157797282,0.0
2024-09-09,2024-09-06,EWMA,6236,0.3831054365311518,
2024-09-10,2024-09-09,GARCH-t,6237,0.5196819039783546,0.0
2024-09-10,2024-09-09,GJR-GARCH-t,6237,0.5083409336154684,0.0
2024-09-10,2024-09-09,EGARCH-t,6237,0.5687370704230046,0.0
2024-09-10,2024-09-09,EWMA,6237,0.4308269486076688,
2024-09-11,2024-09-10,GARCH-t,6238,0.5511297455899126,0.0
2024-09-11,2024-09-10,GJR-GARCH-t,6238,0.590069811090357,0.0
2024-09-11,2024-09-10,EGARCH-t,6238,0.6850104562469002,0.0
2024-09-11,2024-09-10,EWMA,6238,0.44209813650776114,
2024-09-12,2024-09-11,GARCH-t,6239,0.5046667786978778,0.0
2024-09-12,2024-09-11,GJR-GARCH-t,6239,0.5487972514003404,0.0
2024-09-12,2024-09-11,EGARCH-t,6239,0.656491305079682,0.0
2024-09-12,2024-09-11,EWMA,6239,0.41687863480066345,
2024-09-13,2024-09-12,GARCH-t,6240,0.4920101312866292,0.0
2024-09-13,2024-09-12,GJR-GARCH-t,6240,0.507566130600505,0.0
2024-09-13,2024-09-12,EGARCH-t,6240,0.5914279889668183,0.0
2024-09-13,2024-09-12,EWMA,6240,0.41157716269741884,
2024-09-16,2024-09-13,GARCH-t,6241,0.46259724161720117,0.0
2024-09-16,2024-09-13,GJR-GARCH-t,6241,0.47099290318502274,0.0
2024-09-16,2024-09-13,EGARCH-t,6241,0.5358307283292296,0.0
2024-09-16,2024-09-13,EWMA,6241,0.3959503349839839,
2024-09-17,2024-09-16,GARCH-t,6242,0.4233683149007648,0.0
2024-09-17,2024-09-16,GJR-GARCH-t,6242,0.4385029980412316,0.0
2024-09-17,2024-09-16,EGARCH-t,6242,0.490090906204502,0.0
2024-09-17,2024-09-16,EWMA,6242,0.37243947422526064,
2024-09-18,2024-09-17,GARCH-t,6243,0.40190366703848573,0.0
2024-09-18,2024-09-17,GJR-GARCH-t,6243,0.4097245640063819,0.0
2024-09-18,2024-09-17,EGARCH-t,6243,0.4451806891111006,0.0
2024-09-18,2024-09-17,EWMA,6243,0.35874735883408265,
2024-09-19,2024-09-18,GARCH-t,6244,0.42932040679564065,0.0
2024-09-19,2024-09-18,GJR-GARCH-t,6244,0.4728115797449594,0.0
2024-09-19,2024-09-18,EGARCH-t,6244,0.5351057730157638,0.0
2024-09-19,2024-09-18,EWMA,6244,0.3648525071855005,
2024-09-20,2024-09-19,GARCH-t,6245,0.4784842323166886,0.0
2024-09-20,2024-09-19,GJR-GARCH-t,6245,0.4403178564026928,0.0
2024-09-20,2024-09-19,EGARCH-t,6245,0.4792938711043131,0.0
2024-09-20,2024-09-19,EWMA,6245,0.3920572195808241,
2024-09-23,2024-09-20,GARCH-t,6246,0.6101923242216131,0.0
2024-09-23,2024-09-20,GJR-GARCH-t,6246,0.6802067570378502,0.0
2024-09-23,2024-09-20,EGARCH-t,6246,0.6909252181418735,0.0
2024-09-23,2024-09-20,EWMA,6246,0.4538055149367128,
2024-09-24,2024-09-23,GARCH-t,6247,0.5635102893799566,0.0
2024-09-24,2024-09-23,GJR-GARCH-t,6247,0.6238339728966541,0.0
2024-09-24,2024-09-23,EGARCH-t,6247,0.6250354407403612,0.0
2024-09-24,2024-09-23,EWMA,6247,0.4343630204117668,
2024-09-25,2024-09-24,GARCH-t,6248,0.5177678250544921,0.0
2024-09-25,2024-09-24,GJR-GARCH-t,6248,0.5739722655707729,0.0
2024-09-25,2024-09-24,EGARCH-t,6248,0.5673450192327554,0.0
2024-09-25,2024-09-24,EWMA,6248,0.41298094757578885,
2024-09-26,2024-09-25,GARCH-t,6249,0.47667854720103364,0.0
2024-09-26,2024-09-25,GJR-GARCH-t,6249,0.5360672914251513,0.0
2024-09-26,2024-09-25,EGARCH-t,6249,0.552638296500976,0.0
2024-09-26,2024-09-25,EWMA,6249,0.38994370066943074,
2024-09-27,2024-09-26,GARCH-t,6250,0.438334097111034,0.0
2024-09-27,2024-09-26,GJR-GARCH-t,6250,0.4962846675880026,0.0
2024-09-27,2024-09-26,EGARCH-t,6250,0.5035800528002229,0.0
2024-09-27,2024-09-26,EWMA,6250,0.3688456980719298,
2024-09-30,2024-09-27,GARCH-t,6251,0.4193464318087623,0.0
2024-09-30,2024-09-27,GJR-GARCH-t,6251,0.46103998120082307,0.0
2024-09-30,2024-09-27,EGARCH-t,6251,0.4567100569388947,0.0
2024-09-30,2024-09-27,EWMA,6251,0.35793185829840163,
2024-10-01,2024-09-30,GARCH-t,6252,0.5114783230961313,0.0
2024-10-01,2024-09-30,GJR-GARCH-t,6252,0.623708813237043,0.0
2024-10-01,2024-09-30,EGARCH-t,6252,0.6214858375246065,0.0
2024-10-01,2024-09-30,EWMA,6252,0.39793107116200965,
2024-10-02,2024-10-01,GARCH-t,6253,0.48781572029766057,0.0
2024-10-02,2024-10-01,GJR-GARCH-t,6253,0.5739988108404473,0.0
2024-10-02,2024-10-01,EGARCH-t,6253,0.5615360709563084,0.0
2024-10-02,2024-10-01,EWMA,6253,0.38792625922647633,
2024-10-03,2024-10-02,GARCH-t,6254,0.44731114277347145,0.0
2024-10-03,2024-10-02,GJR-GARCH-t,6254,0.5299142337100337,0.0
2024-10-03,2024-10-02,EGARCH-t,6254,0.5118959158793593,0.0
2024-10-03,2024-10-02,EWMA,6254,0.36641379955698705,
2024-10-04,2024-10-03,GARCH-t,6255,0.41238848726808847,0.0
2024-10-04,2024-10-03,GJR-GARCH-t,6255,0.4932836998095539,0.0
2024-10-04,2024-10-03,EGARCH-t,6255,0.4887803549926075,0.0
2024-10-04,2024-10-03,EWMA,6255,0.34504554817758015,
2024-10-07,2024-10-04,GARCH-t,6256,0.37998117450588226,0.0
2024-10-07,2024-10-04,GJR-GARCH-t,6256,0.45862924798904947,0.0
2024-10-07,2024-10-04,EGARCH-t,6256,0.4540700116337745,0.0
2024-10-07,2024-10-04,EWMA,6256,0.32437440995351574,
2024-10-08,2024-10-07,GARCH-t,6257,0.35736254371480447,0.0
2024-10-08,2024-10-07,GJR-GARCH-t,6257,0.4276396090045144,0.0
2024-10-08,2024-10-07,EGARCH-t,6257,0.41398574994992376,0.0
2024-10-08,2024-10-07,EWMA,6257,0.309528079899556,
2024-10-09,2024-10-08,GARCH-t,6258,0.5568921572174006,0.0
2024-10-09,2024-10-08,GJR-GARCH-t,6258,0.7523720842625147,0.0
2024-10-09,2024-10-08,EGARCH-t,6258,0.6651069457804986,0.0
2024-10-09,2024-10-08,EWMA,6258,0.40360231539434477,
2024-10-10,2024-10-09,GARCH-t,6259,0.5470173105532827,0.0
2024-10-10,2024-10-09,GJR-GARCH-t,6259,0.6881473963598672,0.0
2024-10-10,2024-10-09,EGARCH-t,6259,0.5982524591411981,0.0
2024-10-10,2024-10-09,EWMA,6259,0.40444164148220485,
2024-10-11,2024-10-10,GARCH-t,6260,0.4986864318107513,0.0
2024-10-11,2024-10-10,GJR-GARCH-t,6260,0.6324859882364865,0.0
2024-10-11,2024-10-10,EGARCH-t,6260,0.5625678702140225,0.0
2024-10-11,2024-10-10,EWMA,6260,0.38049321508196315,
2024-10-14,2024-10-11,GARCH-t,6261,0.4576467935117399,0.0
2024-10-14,2024-10-11,GJR-GARCH-t,6261,0.58187862916927,0.0
2024-10-14,2024-10-11,EGARCH-t,6261,0.512567847717487,0.0
2024-10-14,2024-10-11,EWMA,6261,0.3599227271296626,
2024-10-15,2024-10-14,GARCH-t,6262,0.43991568775030326,0.0
2024-10-15,2024-10-14,GJR-GARCH-t,6262,0.5370900946025793,0.0
2024-10-15,2024-10-14,EGARCH-t,6262,0.4643721905641045,0.0
2024-10-15,2024-10-14,EWMA,6262,0.35166058229721225,
2024-10-16,2024-10-15,GARCH-t,6263,0.4399182814346418,0.0
2024-10-16,2024-10-15,GJR-GARCH-t,6263,0.5504458605836918,0.0
2024-10-16,2024-10-15,EGARCH-t,6263,0.5227279453072979,0.0
2024-10-16,2024-10-15,EWMA,6263,0.34708149647743786,
2024-10-17,2024-10-16,GARCH-t,6264,0.49904366458405947,0.0
2024-10-17,2024-10-16,GJR-GARCH-t,6264,0.5093547946430625,0.0
2024-10-17,2024-10-16,EGARCH-t,6264,0.46777058096975555,0.0
2024-10-17,2024-10-16,EWMA,6264,0.38186449581589516,
2024-10-18,2024-10-17,GARCH-t,6265,0.49967478139433025,0.0
2024-10-18,2024-10-17,GJR-GARCH-t,6265,0.47281089405268817,0.0
2024-10-18,2024-10-17,EGARCH-t,6265,0.4220249662668797,0.0
2024-10-18,2024-10-17,EWMA,6265,0.3858939787573977,
2024-10-21,2024-10-18,GARCH-t,6266,0.4707588911491472,0.0
2024-10-21,2024-10-18,GJR-GARCH-t,6266,0.4607366251671335,0.0
2024-10-21,2024-10-18,EGARCH-t,6266,0.4430626397953607,0.0
2024-10-21,2024-10-18,EWMA,6266,0.368889106043853,
2024-10-22,2024-10-21,GARCH-t,6267,0.461522442181071,0.0
2024-10-22,2024-10-21,GJR-GARCH-t,6267,0.47442169422259745,0.0
2024-10-22,2024-10-21,EGARCH-t,6267,0.49313167883702874,0.0
2024-10-22,2024-10-21,EWMA,6267,0.36063236972917007,
2024-10-23,2024-10-22,GARCH-t,6268,0.4263790128847148,0.0
2024-10-23,2024-10-22,GJR-GARCH-t,6268,0.44608093236113916,0.0
2024-10-23,2024-10-22,EGARCH-t,6268,0.47847083707641175,0.0
2024-10-23,2024-10-22,EWMA,6268,0.3401831759961657,
2024-10-24,2024-10-23,GARCH-t,6269,0.4352070986729973,0.0
2024-10-24,2024-10-23,GJR-GARCH-t,6269,0.48077307150831555,0.0
2024-10-24,2024-10-23,EGARCH-t,6269,0.5475107246014811,0.0
2024-10-24,2024-10-23,EWMA,6269,0.33984016589005306,
2024-10-25,2024-10-24,GARCH-t,6270,0.4004702502552516,0.0
2024-10-25,2024-10-24,GJR-GARCH-t,6270,0.4473552541068163,0.0
2024-10-25,2024-10-24,EGARCH-t,6270,0.4998357440304525,0.0
2024-10-25,2024-10-24,EWMA,6270,0.32047465500336814,
2024-10-28,2024-10-25,GARCH-t,6271,0.3787557275265198,0.0
2024-10-28,2024-10-25,GJR-GARCH-t,6271,0.4303398734490584,0.0
2024-10-28,2024-10-25,EGARCH-t,6271,0.5041926577047635,0.0
2024-10-28,2024-10-25,EWMA,6271,0.3049790673804243,
2024-10-29,2024-10-28,GARCH-t,6272,0.36846621013602526,0.0
2024-10-29,2024-10-28,GJR-GARCH-t,6272,0.40264945246813555,0.0
2024-10-29,2024-10-28,EGARCH-t,6272,0.45720186441291105,0.0
2024-10-29,2024-10-28,EWMA,6272,0.2985688176497215,
2024-10-30,2024-10-29,GARCH-t,6273,0.42098974487989477,0.0
2024-10-30,2024-10-29,GJR-GARCH-t,6273,0.4992249760694586,0.0
2024-10-30,2024-10-29,EGARCH-t,6273,0.5727998323834542,0.0
2024-10-30,2024-10-29,EWMA,6273,0.3190309091133703,
2024-10-31,2024-10-30,GARCH-t,6274,0.45459373308119705,0.0
2024-10-31,2024-10-30,GJR-GARCH-t,6274,0.5656638399567305,0.0
2024-10-31,2024-10-30,EGARCH-t,6274,0.675743218406373,0.0
2024-10-31,2024-10-30,EWMA,6274,0.33209419539748314,
2024-11-01,2024-10-31,GARCH-t,6275,0.46402585795288237,0.0
2024-11-01,2024-10-31,GJR-GARCH-t,6275,0.5934177950625097,0.0
2024-11-01,2024-10-31,EGARCH-t,6275,0.7490014280068473,0.0
2024-11-01,2024-10-31,EWMA,6275,0.3343845105528246,
2024-11-04,2024-11-01,GARCH-t,6276,0.4936844208066842,0.0
2024-11-04,2024-11-01,GJR-GARCH-t,6276,0.5475017187898842,0.0
2024-11-04,2024-11-01,EGARCH-t,6276,0.67058081552661,0.0
2024-11-04,2024-11-01,EWMA,6276,0.3550561146698602,
2024-11-05,2024-11-04,GARCH-t,6277,0.4508733469341121,0.0
2024-11-05,2024-11-04,GJR-GARCH-t,6277,0.5065128652330583,0.0
2024-11-05,2024-11-04,EGARCH-t,6277,0.6107592000985473,0.0
2024-11-05,2024-11-04,EWMA,6277,0.3341920530760493,
2024-11-06,2024-11-05,GARCH-t,6278,0.417171438325277,0.0
2024-11-06,2024-11-05,GJR-GARCH-t,6278,0.47470878935012684,0.0
2024-11-06,2024-11-05,EGARCH-t,6278,0.5874866515894392,0.0
2024-11-06,2024-11-05,EWMA,6278,0.3153896692727613,
2024-11-07,2024-11-06,GARCH-t,6279,0.3852094258299051,0.0
2024-11-07,2024-11-06,GJR-GARCH-t,6279,0.44322661196990293,0.0
2024-11-07,2024-11-06,EGARCH-t,6279,0.551922724018619,0.0
2024-11-07,2024-11-06,EWMA,6279,0.2967583410437266,
2024-11-08,2024-11-07,GARCH-t,6280,0.37043779865178805,0.0
2024-11-08,2024-11-07,GJR-GARCH-t,6280,0.43417790211332075,0.0
2024-11-08,2024-11-07,EGARCH-t,6280,0.5664653900742159,0.0
2024-11-08,2024-11-07,EWMA,6280,0.2850536745321496,
2024-11-11,2024-11-08,GARCH-t,6281,0.4307187235436107,0.0
2024-11-11,2024-11-08,GJR-GARCH-t,6281,0.5399974717223749,0.0
2024-11-11,2024-11-08,EGARCH-t,6281,0.6949599039603056,0.0
2024-11-11,2024-11-08,EWMA,6281,0.31054258657822903,
2024-11-12,2024-11-11,GARCH-t,6282,0.43758440380119845,0.0
2024-11-12,2024-11-11,GJR-GARCH-t,6282,0.5000381298738876,0.0
2024-11-12,2024-11-11,EGARCH-t,6282,0.6249971489744799,0.0
2024-11-12,2024-11-11,EWMA,6282,0.31741270059937876,
2024-11-13,2024-11-12,GARCH-t,6283,0.5836315433914473,0.0
2024-11-13,2024-11-12,GJR-GARCH-t,6283,0.7480628072247418,0.0
2024-11-13,2024-11-12,EGARCH-t,6283,0.8572176610809636,0.0
2024-11-13,2024-11-12,EWMA,6283,0.38927540543936767,
2024-11-14,2024-11-13,GARCH-t,6284,0.5291863432978029,0.0
2024-11-14,2024-11-13,GJR-GARCH-t,6284,0.6841543999817004,0.0
2024-11-14,2024-11-13,EGARCH-t,6284,0.7778082461059559,0.0
2024-11-14,2024-11-13,EWMA,6284,0.36610740057186075,
2024-11-15,2024-11-14,GARCH-t,6285,0.5062482671150061,0.0
2024-11-15,2024-11-14,GJR-GARCH-t,6285,0.6278312858014782,0.0
2024-11-15,2024-11-14,EGARCH-t,6285,0.7005797193161097,0.0
2024-11-15,2024-11-14,EWMA,6285,0.35962681725367346,
2024-11-18,2024-11-15,GARCH-t,6286,0.463820523931011,0.0
2024-11-18,2024-11-15,GJR-GARCH-t,6286,0.5799278565003503,0.0
2024-11-18,2024-11-15,EGARCH-t,6286,0.6595279533485126,0.0
2024-11-18,2024-11-15,EWMA,6286,0.338581711713667,
2024-11-19,2024-11-18,GARCH-t,6287,0.4554483039087827,0.0
2024-11-19,2024-11-18,GJR-GARCH-t,6287,0.5354913121702425,0.0
2024-11-19,2024-11-18,EGARCH-t,6287,0.594624190907064,0.0
2024-11-19,2024-11-18,EWMA,6287,0.3374298570415337,
2024-11-20,2024-11-19,GARCH-t,6288,0.4205709089834957,0.0
2024-11-20,2024-11-19,GJR-GARCH-t,6288,0.49956456213130573,0.0
2024-11-20,2024-11-19,EGARCH-t,6288,0.5691396259299986,0.0
2024-11-20,2024-11-19,EWMA,6288,0.3181532232394037,
2024-11-21,2024-11-20,GARCH-t,6289,0.39195890586319815,0.0
2024-11-21,2024-11-20,GJR-GARCH-t,6289,0.470326983173633,0.0
2024-11-21,2024-11-20,EGARCH-t,6289,0.5539948975537609,0.0
2024-11-21,2024-11-20,EWMA,6289,0.3008343745716796,
2024-11-22,2024-11-21,GARCH-t,6290,0.42475850344924526,0.0
2024-11-22,2024-11-21,GJR-GARCH-t,6290,0.43831023479773684,0.0
2024-11-22,2024-11-21,EGARCH-t,6290,0.4981214820926642,0.0
2024-11-22,2024-11-21,EWMA,6290,0.3203169753655934,
2024-11-25,2024-11-22,GARCH-t,6291,0.5895454173690736,0.0
2024-11-25,2024-11-22,GJR-GARCH-t,6291,0.410240321549586,0.0
2024-11-25,2024-11-22,EGARCH-t,6291,0.44217077779846575,0.0
2024-11-25,2024-11-22,EWMA,6291,0.41448159407761404,
2024-11-26,2024-11-25,GARCH-t,6292,0.5456809852432098,0.0
2024-11-26,2024-11-25,GJR-GARCH-t,6292,0.3848726221532877,0.0
2024-11-26,2024-11-25,EGARCH-t,6292,0.402665694281917,0.0
2024-11-26,2024-11-25,EWMA,6292,0.39728662052670133,
2024-11-27,2024-11-26,GARCH-t,6293,0.51819486972314,0.0
2024-11-27,2024-11-26,GJR-GARCH-t,6293,0.3934672141566128,0.0
2024-11-27,2024-11-26,EGARCH-t,6293,0.43811233513183745,0.0
2024-11-27,2024-11-26,EWMA,6293,0.38304944096476695,
2024-11-28,2024-11-27,GARCH-t,6294,0.47497123750349224,0.0
2024-11-28,2024-11-27,GJR-GARCH-t,6294,0.3699220630267029,0.0
2024-11-28,2024-11-27,EGARCH-t,6294,0.40070579361160497,0.0
2024-11-28,2024-11-27,EWMA,6294,0.3623707144759685,
2024-11-29,2024-11-28,GARCH-t,6295,0.434693649076288,0.0
2024-11-29,2024-11-28,GJR-GARCH-t,6295,0.34896100083876436,0.0
2024-11-29,2024-11-28,EGARCH-t,6295,0.36812887888226,0.0
2024-11-29,2024-11-28,EWMA,6295,0.3409871567686491,
2024-12-02,2024-11-29,GARCH-t,6296,0.3994176661325184,0.0
2024-12-02,2024-11-29,GJR-GARCH-t,6296,0.33029970241315054,0.0
2024-12-02,2024-11-29,EGARCH-t,6296,0.33860505155254755,0.0
2024-12-02,2024-11-29,EWMA,6296,0.3208532010575933,
2024-12-03,2024-12-02,GARCH-t,6297,0.37630721923638866,0.0
2024-12-03,2024-12-02,GJR-GARCH-t,6297,0.3137504759350579,0.0
2024-12-03,2024-12-02,EGARCH-t,6297,0.3096606399785722,0.0
2024-12-03,2024-12-02,EWMA,6297,0.30731002378709976,
2024-12-04,2024-12-03,GARCH-t,6298,0.3778524752947251,0.0
2024-12-04,2024-12-03,GJR-GARCH-t,6298,0.2992171719923749,0.0
2024-12-04,2024-12-03,EGARCH-t,6298,0.2815201775016428,0.0
2024-12-04,2024-12-03,EWMA,6298,0.30754073490350375,
2024-12-05,2024-12-04,GARCH-t,6299,0.3613407968379724,0.0
2024-12-05,2024-12-04,GJR-GARCH-t,6299,0.3021682428339515,0.0
2024-12-05,2024-12-04,EGARCH-t,6299,0.3007420660439844,0.0
2024-12-05,2024-12-04,EWMA,6299,0.2938842350908758,
2024-12-06,2024-12-05,GARCH-t,6300,0.3366019845579772,0.0
2024-12-06,2024-12-05,GJR-GARCH-t,6300,0.28866396276085143,0.0
2024-12-06,2024-12-05,EGARCH-t,6300,0.2766368997309526,0.0
2024-12-06,2024-12-05,EWMA,6300,0.27784582529810425,
2024-12-09,2024-12-06,GARCH-t,6301,0.3451244035480028,0.0
2024-12-09,2024-12-06,GJR-GARCH-t,6301,0.32320975004781843,0.0
2024-12-09,2024-12-06,EGARCH-t,6301,0.3279418245070247,0.0
2024-12-09,2024-12-06,EWMA,6301,0.27557314380747927,
2024-12-10,2024-12-09,GARCH-t,6302,0.34659827337492094,0.0
2024-12-10,2024-12-09,GJR-GARCH-t,6302,0.3075441874706464,0.0
2024-12-10,2024-12-09,EGARCH-t,6302,0.298241775911977,0.0
2024-12-10,2024-12-09,EWMA,6302,0.2753995832694678,
2024-12-11,2024-12-10,GARCH-t,6303,0.4137256394043107,0.0
2024-12-11,2024-12-10,GJR-GARCH-t,6303,0.43403342937162337,0.0
2024-12-11,2024-12-10,EGARCH-t,6303,0.41756762094281163,0.0
2024-12-11,2024-12-10,EWMA,6303,0.30347515088796895,
2024-12-12,2024-12-11,GARCH-t,6304,0.38597231817193134,0.0
2024-12-12,2024-12-11,GJR-GARCH-t,6304,0.4057587861503725,0.0
2024-12-12,2024-12-11,EGARCH-t,6304,0.38147112535203825,0.0
2024-12-12,2024-12-11,EWMA,6304,0.2891892741864989,
2024-12-13,2024-12-12,GARCH-t,6305,0.3572970053575108,0.0
2024-12-13,2024-12-12,GJR-GARCH-t,6305,0.3806598058386269,0.0
2024-12-13,2024-12-12,EGARCH-t,6305,0.3502144202424443,0.0
2024-12-13,2024-12-12,EWMA,6305,0.2727426317407578,
2024-12-16,2024-12-13,GARCH-t,6306,0.3350887058443956,0.0
2024-12-16,2024-12-13,GJR-GARCH-t,6306,0.3625934766199661,0.0
2024-12-16,2024-12-13,EGARCH-t,6306,0.34477004669680145,0.0
2024-12-16,2024-12-13,EWMA,6306,0.25752823316978046,
2024-12-17,2024-12-16,GARCH-t,6307,0.34035080863308836,0.0
2024-12-17,2024-12-16,GJR-GARCH-t,6307,0.3835182532266453,0.0
2024-12-17,2024-12-16,EGARCH-t,6307,0.3916559545305525,0.0
2024-12-17,2024-12-16,EWMA,6307,0.25484379149279607,
2024-12-18,2024-12-17,GARCH-t,6308,0.3983383608482992,0.0
2024-12-18,2024-12-17,GJR-GARCH-t,6308,0.485746161607717,0.0
2024-12-18,2024-12-17,EGARCH-t,6308,0.5070376843513469,0.0
2024-12-18,2024-12-17,EWMA,6308,0.2792123222770378,
2024-12-19,2024-12-18,GARCH-t,6309,0.36736716661390467,0.0
2024-12-19,2024-12-18,GJR-GARCH-t,6309,0.45158237535645157,0.0
2024-12-19,2024-12-18,EGARCH-t,6309,0.4641340662415616,0.0
2024-12-19,2024-12-18,EWMA,6309,0.26259535931853917,
2024-12-20,2024-12-19,GARCH-t,6310,0.4990673278028567,0.0
2024-12-20,2024-12-19,GJR-GARCH-t,6310,0.6691392998141497,0.0
2024-12-20,2024-12-19,EGARCH-t,6310,0.6626682373382952,0.0
2024-12-20,2024-12-19,EWMA,6310,0.32627521960925415,
2024-12-23,2024-12-20,GARCH-t,6311,0.46527205224272705,0.0
2024-12-23,2024-12-20,GJR-GARCH-t,6311,0.6272695974230141,0.0
2024-12-23,2024-12-20,EGARCH-t,6311,0.6575886862456317,0.0
2024-12-23,2024-12-20,EWMA,6311,0.31062200884544583,
2024-12-24,2024-12-23,GARCH-t,6312,0.42971706969577755,0.0
2024-12-24,2024-12-23,GJR-GARCH-t,6312,0.5771757060879565,0.0
2024-12-24,2024-12-23,EGARCH-t,6312,0.5969989044879328,0.0
2024-12-24,2024-12-23,EWMA,6312,0.29498540223446634,
2024-12-27,2024-12-24,GARCH-t,6313,0.4111634422662598,0.0
2024-12-27,2024-12-24,GJR-GARCH-t,6313,0.5329398194022164,0.0
2024-12-27,2024-12-24,EGARCH-t,6313,0.5405000354092048,0.0
2024-12-27,2024-12-24,EWMA,6313,0.28799258806302036,
2024-12-30,2024-12-27,GARCH-t,6314,0.38020105119428294,0.0
2024-12-30,2024-12-27,GJR-GARCH-t,6314,0.49367113633910475,0.0
2024-12-30,2024-12-27,EGARCH-t,6314,0.49297826564724395,0.0
2024-12-30,2024-12-27,EWMA,6314,0.27219536855354803,
2024-12-31,2024-12-30,GARCH-t,6315,0.36897063953411413,0.0
2024-12-31,2024-12-30,GJR-GARCH-t,6315,0.48331164680051575,0.0
2024-12-31,2024-12-30,EGARCH-t,6315,0.516767204782532,0.0
2024-12-31,2024-12-30,EWMA,6315,0.26338287750246225,
2025-01-02,2024-12-31,GARCH-t,6316,0.38150183809834376,0.0
2025-01-02,2024-12-31,GJR-GARCH-t,6316,0.44979258984358955,0.0
2025-01-02,2024-12-31,EGARCH-t,6316,0.466526061847555,0.0
2025-01-02,2024-12-31,EWMA,6316,0.272023520927707,
2025-01-03,2025-01-02,GARCH-t,6317,0.46833357831603983,0.0
2025-01-03,2025-01-02,GJR-GARCH-t,6317,0.4202271562817344,0.0
2025-01-03,2025-01-02,EGARCH-t,6317,0.41744872185882204,0.0
2025-01-03,2025-01-02,EWMA,6317,0.32312584584880416,
2025-01-06,2025-01-03,GARCH-t,6318,0.4543650983321037,0.0
2025-01-06,2025-01-03,GJR-GARCH-t,6318,0.43065306316902047,0.0
2025-01-06,2025-01-03,EGARCH-t,6318,0.45932054193707844,0.0
2025-01-06,2025-01-03,EWMA,6318,0.3152486091952454,
2025-01-07,2025-01-06,GARCH-t,6319,0.42466298801245395,0.0
2025-01-07,2025-01-06,GJR-GARCH-t,6319,0.40294209260869984,0.0
2025-01-07,2025-01-06,EGARCH-t,6319,0.41848786309882563,0.0
2025-01-07,2025-01-06,EWMA,6319,0.30217489804369546,
2025-01-08,2025-01-07,GARCH-t,6320,0.3915527432221561,0.0
2025-01-08,2025-01-07,GJR-GARCH-t,6320,0.3790768257268296,0.0
2025-01-08,2025-01-07,EGARCH-t,6320,0.39478148962035997,0.0
2025-01-08,2025-01-07,EWMA,6320,0.2842152046399721,
2025-01-09,2025-01-08,GARCH-t,6321,0.36163631584463013,0.0
2025-01-09,2025-01-08,GJR-GARCH-t,6321,0.357053053406797,0.0
2025-01-09,2025-01-08,EGARCH-t,6321,0.36271749860484237,0.0
2025-01-09,2025-01-08,EWMA,6321,0.2674488537467623,
2025-01-10,2025-01-09,GARCH-t,6322,0.40431547753104985,0.0
2025-01-10,2025-01-09,GJR-GARCH-t,6322,0.33780275879119254,0.0
2025-01-10,2025-01-09,EGARCH-t,6322,0.32698665761294005,0.0
2025-01-10,2025-01-09,EWMA,6322,0.2926544385703974,
2025-01-13,2025-01-10,GARCH-t,6323,0.4631102416113944,0.0
2025-01-13,2025-01-10,GJR-GARCH-t,6323,0.458973252035143,0.0
2025-01-13,2025-01-10,EGARCH-t,6323,0.4474771712949979,0.0
2025-01-13,2025-01-10,EWMA,6323,0.319418084857194,
2025-01-14,2025-01-13,GARCH-t,6324,0.43678725986770944,0.0
2025-01-14,2025-01-13,GJR-GARCH-t,6324,0.44526430057435745,0.0
2025-01-14,2025-01-13,EGARCH-t,6324,0.46246125726217047,0.0
2025-01-14,2025-01-13,EWMA,6324,0.30547561280842905,
2025-01-15,2025-01-14,GARCH-t,6325,0.41239985378855754,0.0
2025-01-15,2025-01-14,GJR-GARCH-t,6325,0.431064667847743,0.0
2025-01-15,2025-01-14,EGARCH-t,6325,0.4733444017150056,0.0
2025-01-15,2025-01-14,EWMA,6325,0.29173085006178656,
2025-01-16,2025-01-15,GARCH-t,6326,0.5308530476517904,0.0
2025-01-16,2025-01-15,GJR-GARCH-t,6326,0.4038186318213768,0.0
2025-01-16,2025-01-15,EGARCH-t,6326,0.4220154050082797,0.0
2025-01-16,2025-01-15,EWMA,6326,0.3616513331326621,
2025-01-17,2025-01-16,GARCH-t,6327,0.6054868839917712,0.0
2025-01-17,2025-01-16,GJR-GARCH-t,6327,0.37954464265958954,0.0
2025-01-17,2025-01-16,EGARCH-t,6327,0.37740312364589784,0.0
2025-01-17,2025-01-16,EWMA,6327,0.41096399930579985,
2025-01-20,2025-01-17,GARCH-t,6328,0.7375459252496929,0.0
2025-01-20,2025-01-17,GJR-GARCH-t,6328,0.35822827336136637,0.0
2025-01-20,2025-01-17,EGARCH-t,6328,0.3357388459454607,0.0
2025-01-20,2025-01-17,EWMA,6328,0.4942152923249932,
2025-01-21,2025-01-20,GARCH-t,6329,0.6658643214567335,0.0
2025-01-21,2025-01-20,GJR-GARCH-t,6329,0.3386567695858828,0.0
2025-01-21,2025-01-20,EGARCH-t,6329,0.30820116916686074,0.0
2025-01-21,2025-01-20,EWMA,6329,0.4665004618627495,
2025-01-22,2025-01-21,GARCH-t,6330,0.6103777089694022,0.0
2025-01-22,2025-01-21,GJR-GARCH-t,6330,0.3212838015335678,0.0
2025-01-22,2025-01-21,EGARCH-t,6330,0.28209573160197654,0.0
2025-01-22,2025-01-21,EWMA,6330,0.44487676976744855,
2025-01-23,2025-01-22,GARCH-t,6331,0.553781184926673,0.0
2025-01-23,2025-01-22,GJR-GARCH-t,6331,0.30622887719376246,0.0
2025-01-23,2025-01-22,EGARCH-t,6331,0.2673312580125286,0.0
2025-01-23,2025-01-22,EWMA,6331,0.41826828514566444,
2025-01-24,2025-01-23,GARCH-t,6332,0.5077615891454823,0.0
2025-01-24,2025-01-23,GJR-GARCH-t,6332,0.2923719553935805,0.0
2025-01-24,2025-01-23,EGARCH-t,6332,0.2458177108351689,0.0
2025-01-24,2025-01-23,EWMA,6332,0.39648436732867154,
2025-01-27,2025-01-24,GARCH-t,6333,0.5306458540883647,0.0
2025-01-27,2025-01-24,GJR-GARCH-t,6333,0.3825664951520611,0.0
2025-01-27,2025-01-24,EGARCH-t,6333,0.3370715956648617,0.0
2025-01-27,2025-01-24,EWMA,6333,0.4051880804688748,
2025-01-28,2025-01-27,GARCH-t,6334,0.4835338455657944,0.0
2025-01-28,2025-01-27,GJR-GARCH-t,6334,0.360169732348574,0.0
2025-01-28,2025-01-27,EGARCH-t,6334,0.31108489157915065,0.0
2025-01-28,2025-01-27,EWMA,6334,0.38089081596164776,
2025-01-29,2025-01-28,GARCH-t,6335,0.4530156112422516,0.0
2025-01-29,2025-01-28,GJR-GARCH-t,6335,0.34034624844938377,0.0
2025-01-29,2025-01-28,EGARCH-t,6335,0.2845145216656923,0.0
2025-01-29,2025-01-28,EWMA,6335,0.3655781212807292,
2025-01-30,2025-01-29,GARCH-t,6336,0.42170286009939795,0.0
2025-01-30,2025-01-29,GJR-GARCH-t,6336,0.32269211688825705,0.0
2025-01-30,2025-01-29,EGARCH-t,6336,0.2610879196936517,0.0
2025-01-30,2025-01-29,EWMA,6336,0.3483360582735397,
2025-01-31,2025-01-30,GARCH-t,6337,0.49749067871860203,0.0
2025-01-31,2025-01-30,GJR-GARCH-t,6337,0.30762254112556414,0.0
2025-01-31,2025-01-30,EGARCH-t,6337,0.23434583143627818,0.0
2025-01-31,2025-01-30,EWMA,6337,0.39180625047275414,
2025-02-03,2025-01-31,GARCH-t,6338,0.4625024594183384,0.0
2025-02-03,2025-01-31,GJR-GARCH-t,6338,0.2936536101630796,0.0
2025-02-03,2025-01-31,EGARCH-t,6338,0.21528381997780635,0.0
2025-02-03,2025-01-31,EWMA,6338,0.3741727295206415,
2025-02-04,2025-02-03,GARCH-t,6339,0.5556301157561319,0.0
2025-02-04,2025-02-03,GJR-GARCH-t,6339,0.48639047282308173,0.0
2025-02-04,2025-02-03,EGARCH-t,6339,0.36202593678888356,0.0
2025-02-04,2025-02-03,EWMA,6339,0.4175789229188927,
2025-02-05,2025-02-04,GARCH-t,6340,0.5093939942413624,0.0
2025-02-05,2025-02-04,GJR-GARCH-t,6340,0.4571245804890637,0.0
2025-02-05,2025-02-04,EGARCH-t,6340,0.3573558751965397,0.0
2025-02-05,2025-02-04,EWMA,6340,0.39386037396191004,
2025-02-06,2025-02-05,GARCH-t,6341,0.50066194183017,0.0
2025-02-06,2025-02-05,GJR-GARCH-t,6341,0.4266423924673996,0.0
2025-02-06,2025-02-05,EGARCH-t,6341,0.3241920561337102,0.0
2025-02-06,2025-02-05,EWMA,6341,0.39260429904280986,
2025-02-07,2025-02-06,GARCH-t,6342,0.6053984249910304,0.0
2025-02-07,2025-02-06,GJR-GARCH-t,6342,0.40008592255868947,0.0
2025-02-07,2025-02-06,EGARCH-t,6342,0.29036334739496017,0.0
2025-02-07,2025-02-06,EWMA,6342,0.4552782318821427,
2025-02-10,2025-02-07,GARCH-t,6343,0.562473761575303,0.0
2025-02-10,2025-02-07,GJR-GARCH-t,6343,0.39462042193122293,0.0
2025-02-10,2025-02-07,EGARCH-t,6343,0.3128614295839185,0.0
2025-02-10,2025-02-07,EWMA,6343,0.43363685411802827,
2025-02-11,2025-02-10,GARCH-t,6344,0.5700313463431366,0.0
2025-02-11,2025-02-10,GJR-GARCH-t,6344,0.3712660178394089,0.0
2025-02-11,2025-02-10,EGARCH-t,6344,0.2833979286904119,0.0
2025-02-11,2025-02-10,EWMA,6344,0.4432425764957575,
2025-02-12,2025-02-11,GARCH-t,6345,0.5184720502749046,0.0
2025-02-12,2025-02-11,GJR-GARCH-t,6345,0.3502213776031307,0.0
2025-02-12,2025-02-11,EGARCH-t,6345,0.2611397846075398,0.0
2025-02-12,2025-02-11,EWMA,6345,0.4173666267681346,
2025-02-13,2025-02-12,GARCH-t,6346,0.48270358787598727,0.0
2025-02-13,2025-02-12,GJR-GARCH-t,6346,0.33157607400716144,0.0
2025-02-13,2025-02-12,EGARCH-t,6346,0.2394069874485187,0.0
2025-02-13,2025-02-12,EWMA,6346,0.39930984272740067,
2025-02-14,2025-02-13,GARCH-t,6347,0.472543286581888,0.0
2025-02-14,2025-02-13,GJR-GARCH-t,6347,0.3604796295244415,0.0
2025-02-14,2025-02-13,EGARCH-t,6347,0.2892084148918363,0.0
2025-02-14,2025-02-13,EWMA,6347,0.3895230619045998,
2025-02-17,2025-02-14,GARCH-t,6348,0.45133304399395113,0.0
2025-02-17,2025-02-14,GJR-GARCH-t,6348,0.3671699505028783,0.0
2025-02-17,2025-02-14,EGARCH-t,6348,0.3210526146872089,0.0
2025-02-17,2025-02-14,EWMA,6348,0.37427983572900225,
2025-02-18,2025-02-17,GARCH-t,6349,0.42864402718382044,0.0
2025-02-18,2025-02-17,GJR-GARCH-t,6349,0.3466485325084598,0.0
2025-02-18,2025-02-17,EGARCH-t,6349,0.2931459077769016,0.0
2025-02-18,2025-02-17,EWMA,6349,0.36169875324204886,
2025-02-19,2025-02-18,GARCH-t,6350,0.39453540648577556,0.0
2025-02-19,2025-02-18,GJR-GARCH-t,6350,0.3284549988837388,0.0
2025-02-19,2025-02-18,EGARCH-t,6350,0.27452754188513323,0.0
2025-02-19,2025-02-18,EWMA,6350,0.34001001579891454,
2025-02-20,2025-02-19,GARCH-t,6351,0.4129692744200085,0.0
2025-02-20,2025-02-19,GJR-GARCH-t,6351,0.38526718072445454,0.0
2025-02-20,2025-02-19,EGARCH-t,6351,0.3472518390475611,0.0
2025-02-20,2025-02-19,EWMA,6351,0.34268605700909194,
2025-02-21,2025-02-20,GARCH-t,6352,0.42192999839118683,0.0
2025-02-21,2025-02-20,GJR-GARCH-t,6352,0.4244954763097395,0.0
2025-02-21,2025-02-20,EGARCH-t,6352,0.41320045573009867,0.0
2025-02-21,2025-02-20,EWMA,6352,0.3416031181232926,
2025-02-24,2025-02-21,GARCH-t,6353,0.3890544964532299,0.0
2025-02-24,2025-02-21,GJR-GARCH-t,6353,0.3979606328761382,0.0
2025-02-24,2025-02-21,EGARCH-t,6353,0.3880745516096481,0.0
2025-02-24,2025-02-21,EWMA,6353,0.3212105658940547,
2025-02-25,2025-02-24,GARCH-t,6354,0.35968022822059026,0.0
2025-02-25,2025-02-24,GJR-GARCH-t,6354,0.3739334137175728,0.0
2025-02-25,2025-02-24,EGARCH-t,6354,0.3596945154549178,0.0
2025-02-25,2025-02-24,EWMA,6354,0.30193921475381763,
2025-02-26,2025-02-25,GARCH-t,6355,0.3341759826569388,0.0
2025-02-26,2025-02-25,GJR-GARCH-t,6355,0.3525416831015983,0.0
2025-02-26,2025-02-25,EGARCH-t,6355,0.3307240324050248,0.0
2025-02-26,2025-02-25,EWMA,6355,0.28457498758779254,
2025-02-27,2025-02-26,GARCH-t,6356,0.36262044443529295,0.0
2025-02-27,2025-02-26,GJR-GARCH-t,6356,0.3338467788628004,0.0
2025-02-27,2025-02-26,EGARCH-t,6356,0.29937140536898005,0.0
2025-02-27,2025-02-26,EWMA,6356,0.29876294546137955,
2025-02-28,2025-02-27,GARCH-t,6357,0.3426094094610537,0.0
2025-02-28,2025-02-27,GJR-GARCH-t,6357,0.31695986487963534,0.0
2025-02-28,2025-02-27,EGARCH-t,6357,0.27464663754012225,0.0
2025-02-28,2025-02-27,EWMA,6357,0.28562509215479026,
2025-03-03,2025-02-28,GARCH-t,6358,0.3543049742872278,0.0
2025-03-03,2025-02-28,GJR-GARCH-t,6358,0.3021546840882439,0.0
2025-03-03,2025-02-28,EGARCH-t,6358,0.24978737617318467,0.0
2025-03-03,2025-02-28,EWMA,6358,0.2907504314932391,
2025-03-04,2025-03-03,GARCH-t,6359,0.37637338659954256,0.0
2025-03-04,2025-03-03,GJR-GARCH-t,6359,0.2891151974278699,0.0
2025-03-04,2025-03-03,EGARCH-t,6359,0.2268341128926212,0.0
2025-03-04,2025-03-03,EWMA,6359,0.3024365149927955,
2025-03-05,2025-03-04,GARCH-t,6360,0.5406619154787612,0.0
2025-03-05,2025-03-04,GJR-GARCH-t,6360,0.5779208403727429,0.0
2025-03-05,2025-03-04,EGARCH-t,6360,0.42358077016261175,0.0
2025-03-05,2025-03-04,EWMA,6360,0.38166849118923785,
2025-03-06,2025-03-05,GARCH-t,6361,0.49274501387581393,0.0
2025-03-06,2025-03-05,GJR-GARCH-t,6361,0.5339893601750169,0.0
2025-03-06,2025-03-05,EGARCH-t,6361,0.3966547057823552,0.0
2025-03-06,2025-03-05,EWMA,6361,0.3588485041023459,
2025-03-07,2025-03-06,GARCH-t,6362,0.5360188223726672,0.0
2025-03-07,2025-03-06,GJR-GARCH-t,6362,0.6259671507674642,0.0
2025-03-07,2025-03-06,EGARCH-t,6362,0.5168560136106557,0.0
2025-03-07,2025-03-06,EWMA,6362,0.37937464540988686,
2025-03-10,2025-03-07,GARCH-t,6363,0.48872194216744325,0.0
2025-03-10,2025-03-07,GJR-GARCH-t,6363,0.5766701884128848,0.0
2025-03-10,2025-03-07,EGARCH-t,6363,0.480927220266665,0.0
2025-03-10,2025-03-07,EWMA,6363,0.35667909304436446,
2025-03-11,2025-03-10,GARCH-t,6364,0.5497475555940441,0.0
2025-03-11,2025-03-10,GJR-GARCH-t,6364,0.6912732409023596,0.0
2025-03-11,2025-03-10,EGARCH-t,6364,0.624255337095146,0.0
2025-03-11,2025-03-10,EWMA,6364,0.3863339775131321,
2025-03-12,2025-03-11,GARCH-t,6365,0.6766328484061672,0.0
2025-03-12,2025-03-11,GJR-GARCH-t,6365,0.910078772825858,0.0
2025-03-12,2025-03-11,EGARCH-t,6365,0.8525752732393376,0.0
2025-03-12,2025-03-11,EWMA,6365,0.4523118477381568,
2025-03-13,2025-03-12,GARCH-t,6366,0.6373090169253688,0.0
2025-03-13,2025-03-12,GJR-GARCH-t,6366,0.8284705100705745,0.0
2025-03-13,2025-03-12,EGARCH-t,6366,0.766742562698633,0.0
2025-03-13,2025-03-12,EWMA,6366,0.4419168603263996,
2025-03-14,2025-03-13,GARCH-t,6367,0.5767647524007383,0.0
2025-03-14,2025-03-13,GJR-GARCH-t,6367,0.7560453270013727,0.0
2025-03-14,2025-03-13,EGARCH-t,6367,0.6969395852783304,0.0
2025-03-14,2025-03-13,EWMA,6367,0.41542289038418495,
2025-03-17,2025-03-14,GARCH-t,6368,0.635225657803276,0.0
2025-03-17,2025-03-14,GJR-GARCH-t,6368,0.6925804161734879,0.0
2025-03-17,2025-03-14,EGARCH-t,6368,0.6231207950197738,0.0
2025-03-17,2025-03-14,EWMA,6368,0.45596377412574274,
2025-03-18,2025-03-17,GARCH-t,6369,0.6040550110788735,0.0
2025-03-18,2025-03-17,GJR-GARCH-t,6369,0.6358353569846495,0.0
2025-03-18,2025-03-17,EGARCH-t,6369,0.5627093685541196,0.0
2025-03-18,2025-03-17,EWMA,6369,0.4470548856953383,
2025-03-19,2025-03-18,GARCH-t,6370,0.5543646086503491,0.0
2025-03-19,2025-03-18,GJR-GARCH-t,6370,0.5854323529624096,0.0
2025-03-19,2025-03-18,EGARCH-t,6370,0.5116587689846567,0.0
2025-03-19,2025-03-18,EWMA,6370,0.42515481869875377,
2025-03-20,2025-03-19,GARCH-t,6371,0.5044201187580549,0.0
2025-03-20,2025-03-19,GJR-GARCH-t,6371,0.540689940033126,0.0
2025-03-20,2025-03-19,EGARCH-t,6371,0.4688185609896884,0.0
2025-03-20,2025-03-19,EWMA,6371,0.399663341114509,
2025-03-21,2025-03-20,GARCH-t,6372,0.4616573770900764,0.0
2025-03-21,2025-03-20,GJR-GARCH-t,6372,0.5017876860625653,0.0
2025-03-21,2025-03-20,EGARCH-t,6372,0.4411144623163546,0.0
2025-03-21,2025-03-20,EWMA,6372,0.3758584892110536,
2025-03-24,2025-03-21,GARCH-t,6373,0.47400272754182915,0.0
2025-03-24,2025-03-21,GJR-GARCH-t,6373,0.5425400899125886,0.0
2025-03-24,2025-03-21,EGARCH-t,6373,0.5208133015299307,0.0
2025-03-24,2025-03-21,EWMA,6373,0.37760419675303436,
2025-03-25,2025-03-24,GARCH-t,6374,0.4362652305562743,0.0
2025-03-25,2025-03-24,GJR-GARCH-t,6374,0.5050042585849241,0.0
2025-03-25,2025-03-24,EGARCH-t,6374,0.49682761302672457,0.0
2025-03-25,2025-03-24,EWMA,6374,0.35556999979020554,
2025-03-26,2025-03-25,GARCH-t,6375,0.4081356840305529,0.0
2025-03-26,2025-03-25,GJR-GARCH-t,6375,0.46926439310194806,0.0
2025-03-26,2025-03-25,EGARCH-t,6375,0.45260928124200767,0.0
2025-03-26,2025-03-25,EWMA,6375,0.3395723691434009,
2025-03-27,2025-03-26,GARCH-t,6376,0.3833937705720014,0.0
2025-03-27,2025-03-26,GJR-GARCH-t,6376,0.437487522235553,0.0
2025-03-27,2025-03-26,EGARCH-t,6376,0.41288152992898686,0.0
2025-03-27,2025-03-26,EWMA,6376,0.32450290733903264,
2025-03-28,2025-03-27,GARCH-t,6377,0.36533213080033433,0.0
2025-03-28,2025-03-27,GJR-GARCH-t,6377,0.42380693155626564,0.0
2025-03-28,2025-03-27,EGARCH-t,6377,0.4251664239183667,0.0
2025-03-28,2025-03-27,EWMA,6377,0.3094328401966982,
2025-03-31,2025-03-28,GARCH-t,6378,0.34032627770725105,0.0
2025-03-31,2025-03-28,GJR-GARCH-t,6378,0.398714311392016,0.0
2025-03-31,2025-03-28,EGARCH-t,6378,0.40573117459938185,0.0
2025-03-31,2025-03-28,EWMA,6378,0.2912812848596893,
2025-04-01,2025-03-31,GARCH-t,6379,0.4115287681972764,0.0
2025-04-01,2025-03-31,GJR-GARCH-t,6379,0.5195979609310964,0.0
2025-04-01,2025-03-31,EGARCH-t,6379,0.5354755697387161,0.0
2025-04-01,2025-03-31,EWMA,6379,0.32055990770735554,
2025-04-02,2025-04-01,GARCH-t,6380,0.4141455552520058,0.0
2025-04-02,2025-04-01,GJR-GARCH-t,6380,0.48226491382158826,0.0
2025-04-02,2025-04-01,EGARCH-t,6380,0.48411209673323863,0.0
2025-04-02,2025-04-01,EWMA,6380,0.3232178052390501,
2025-04-03,2025-04-02,GARCH-t,6381,0.39476868625067385,0.0
2025-04-03,2025-04-02,GJR-GARCH-t,6381,0.467291565207267,0.0
2025-04-03,2025-04-02,EGARCH-t,6381,0.4990533706873025,0.0
2025-04-03,2025-04-02,EWMA,6381,0.3094078471662104,
2025-04-04,2025-04-03,GARCH-t,6382,0.650249085249147,0.0
2025-04-04,2025-04-03,GJR-GARCH-t,6382,0.8857900794429628,0.0
2025-04-04,2025-04-03,EGARCH-t,6382,0.8126094514136067,0.0
2025-04-04,2025-04-03,EWMA,6382,0.4380751355640098,
2025-04-07,2025-04-04,GARCH-t,6383,3.5309095204430787,0.0
2025-04-07,2025-04-04,GJR-GARCH-t,6383,5.568708480382498,0.0
2025-04-07,2025-04-04,EGARCH-t,6383,3.193882520064936,0.0
2025-04-07,2025-04-04,EWMA,6383,1.9597028834110728,
2025-04-08,2025-04-07,GARCH-t,6384,5.469115415709072,0.0
2025-04-08,2025-04-07,GJR-GARCH-t,6384,8.729208525196546,0.0
2025-04-08,2025-04-07,EGARCH-t,6384,5.521360961772446,0.0
2025-04-08,2025-04-07,EWMA,6384,3.046343904045394,
2025-04-09,2025-04-08,GARCH-t,6385,5.587886234203998,0.0
2025-04-09,2025-04-08,GJR-GARCH-t,6385,7.757607141624725,0.0
2025-04-09,2025-04-08,EGARCH-t,6385,4.760610330499494,0.0
2025-04-09,2025-04-08,EWMA,6385,3.291231887593071,
2025-04-10,2025-04-09,GARCH-t,6386,5.9384510145179075,0.0
2025-04-10,2025-04-09,GJR-GARCH-t,6386,8.54262148981413,0.0
2025-04-10,2025-04-09,EGARCH-t,6386,6.004396889201423,0.0
2025-04-10,2025-04-09,EWMA,6386,3.620753033068086,
2025-04-11,2025-04-10,GARCH-t,6387,6.2085429382218384,0.0
2025-04-11,2025-04-10,GJR-GARCH-t,6387,7.59445708990045,0.0
2025-04-11,2025-04-10,EGARCH-t,6387,5.160208495234894,0.0
2025-04-11,2025-04-10,EWMA,6387,3.9431631215024625,
2025-04-14,2025-04-11,GARCH-t,6388,5.462837052960335,0.0
2025-04-14,2025-04-11,GJR-GARCH-t,6388,6.7415095806056184,0.0
2025-04-14,2025-04-11,EGARCH-t,6388,4.493897797686089,0.0
2025-04-14,2025-04-11,EWMA,6388,3.7312389637846723,
2025-04-15,2025-04-14,GARCH-t,6389,5.273060835596227,0.0
2025-04-15,2025-04-14,GJR-GARCH-t,6389,5.994381050882609,0.0
2025-04-15,2025-04-14,EGARCH-t,6389,3.8897241516427328,0.0
2025-04-15,2025-04-14,EWMA,6389,3.77533043023122,
2025-04-16,2025-04-15,GARCH-t,6390,4.825533234295684,0.0
2025-04-16,2025-04-15,GJR-GARCH-t,6390,5.331213404181791,0.0
2025-04-16,2025-04-15,EGARCH-t,6390,3.3877685202041525,0.0
2025-04-16,2025-04-15,EWMA,6390,3.666652499433898,
2025-04-17,2025-04-16,GARCH-t,6391,4.233046172464446,0.0
2025-04-17,2025-04-16,GJR-GARCH-t,6391,4.7436225132205685,0.0
2025-04-17,2025-04-16,EGARCH-t,6391,2.9820205176321033,0.0
2025-04-17,2025-04-16,EWMA,6391,3.452825501395709,
2025-04-22,2025-04-17,GARCH-t,6392,3.7092449570425217,0.0
2025-04-22,2025-04-17,GJR-GARCH-t,6392,4.22372656280966,0.0
2025-04-22,2025-04-17,EGARCH-t,6392,2.6439912935436998,0.0
2025-04-22,2025-04-17,EWMA,6392,3.245656059950297,
2025-04-23,2025-04-22,GARCH-t,6393,3.293257107887491,0.0
2025-04-23,2025-04-22,GJR-GARCH-t,6393,3.763288318909034,0.0
2025-04-23,2025-04-22,EGARCH-t,6393,2.332130373949486,0.0
2025-04-23,2025-04-22,EWMA,6393,3.0752765553989927,
2025-04-24,2025-04-23,GARCH-t,6394,2.9723961886734647,0.0
2025-04-24,2025-04-23,GJR-GARCH-t,6394,3.3552435492698116,0.0
2025-04-24,2025-04-23,EGARCH-t,6394,2.055719134025012,0.0
2025-04-24,2025-04-23,EWMA,6394,2.9384707023731216,
2025-04-25,2025-04-24,GARCH-t,6395,2.609201224626174,0.0
2025-04-25,2025-04-24,GJR-GARCH-t,6395,2.992486027815316,0.0
2025-04-25,2025-04-24,EGARCH-t,6395,1.8328601188690012,0.0
2025-04-25,2025-04-24,EWMA,6395,2.7623122850534343,
2025-04-28,2025-04-25,GARCH-t,6396,2.29163192068959,0.0
2025-04-28,2025-04-25,GJR-GARCH-t,6396,2.6701655899083634,0.0
2025-04-28,2025-04-25,EGARCH-t,6396,1.6367955133413727,0.0
2025-04-28,2025-04-25,EWMA,6396,2.5971027355422267,
2025-04-29,2025-04-28,GARCH-t,6397,2.013119192710887,0.0
2025-04-29,2025-04-28,GJR-GARCH-t,6397,2.38355302202561,0.0
2025-04-29,2025-04-28,EGARCH-t,6397,1.465894364916269,0.0
2025-04-29,2025-04-28,EWMA,6397,2.4413104533950816,
2025-04-30,2025-04-29,GARCH-t,6398,1.7990244589693425,0.0
2025-04-30,2025-04-29,GJR-GARCH-t,6398,2.129314968628401,0.0
2025-04-30,2025-04-29,EGARCH-t,6398,1.305785453633035,0.0
2025-04-30,2025-04-29,EWMA,6398,2.3128087341391486,
2025-05-01,2025-04-30,GARCH-t,6399,1.594090293748132,0.0
2025-05-01,2025-04-30,GJR-GARCH-t,6399,1.902925967497256,0.0
2025-05-01,2025-04-30,EGARCH-t,6399,1.1678192099883122,0.0
2025-05-01,2025-04-30,EWMA,6399,2.182268556487098,
2025-05-02,2025-05-01,GARCH-t,6400,1.4016333901147773,0.0
2025-05-02,2025-05-01,GJR-GARCH-t,6400,1.7010080061078838,0.0
2025-05-02,2025-05-01,EGARCH-t,6400,1.0515026422323805,0.0
2025-05-02,2025-05-01,EWMA,6400,2.0513624331257847,
2025-05-06,2025-05-02,GARCH-t,6401,1.3863474772799076,0.0
2025-05-06,2025-05-02,GJR-GARCH-t,6401,1.5271882477928176,0.0
2025-05-06,2025-05-02,EGARCH-t,6401,0.9326022886428821,0.0
2025-05-06,2025-05-02,EWMA,6401,2.0097695205791712,
2025-05-07,2025-05-06,GARCH-t,6402,1.2212003911768976,0.0
2025-05-07,2025-05-06,GJR-GARCH-t,6402,1.367287269702767,0.0
2025-05-07,2025-05-06,EGARCH-t,6402,0.8429603035522643,0.0
2025-05-07,2025-05-06,EWMA,6402,1.8891914676886463,
2025-05-08,2025-05-07,GARCH-t,6403,1.1057489880421025,0.0
2025-05-08,2025-05-07,GJR-GARCH-t,6403,1.2657082710920369,0.0
2025-05-08,2025-05-07,EGARCH-t,6403,0.8699386772626937,0.0
2025-05-08,2025-05-07,EWMA,6403,1.7876760749548921,
2025-05-09,2025-05-08,GARCH-t,6404,0.9925895461119328,0.0
2025-05-09,2025-05-08,GJR-GARCH-t,6404,1.157382833325038,0.0
2025-05-09,2025-05-08,EGARCH-t,6404,0.865500134506499,0.0
2025-05-09,2025-05-08,EWMA,6404,1.6867199695107404,
2025-05-12,2025-05-09,GARCH-t,6405,0.8836579777251289,0.0
2025-05-12,2025-05-09,GJR-GARCH-t,6405,1.039782200360299,0.0
2025-05-12,2025-05-09,EGARCH-t,6405,0.7794026634418714,0.0
2025-05-12,2025-05-09,EWMA,6405,1.5899415744332102,
2025-05-13,2025-05-12,GARCH-t,6406,0.8193545555924584,0.0
2025-05-13,2025-05-12,GJR-GARCH-t,6406,0.9375214353901792,0.0
2025-05-13,2025-05-12,EGARCH-t,6406,0.6993052521176801,0.0
2025-05-13,2025-05-12,EWMA,6406,1.5150850639039457,
2025-05-14,2025-05-13,GARCH-t,6407,0.7272411692606379,0.0
2025-05-14,2025-05-13,GJR-GARCH-t,6407,0.8448811735911647,0.0
2025-05-14,2025-05-13,EGARCH-t,6407,0.6418361186094657,0.0
2025-05-14,2025-05-13,EWMA,6407,1.4242156900260639,
2025-05-15,2025-05-14,GARCH-t,6408,0.6546920380437464,0.0
2025-05-15,2025-05-14,GJR-GARCH-t,6408,0.77248956712992,0.0
2025-05-15,2025-05-14,EGARCH-t,6408,0.6270882860143341,0.0
2025-05-15,2025-05-14,EWMA,6408,1.3413658490076772,
2025-05-16,2025-05-15,GARCH-t,6409,0.6190912055457726,0.0
2025-05-16,2025-05-15,GJR-GARCH-t,6409,0.7016416177266336,0.0
2025-05-16,2025-05-15,EGARCH-t,6409,0.5642926209200786,0.0
2025-05-16,2025-05-15,EWMA,6409,1.2801610993233,
2025-05-19,2025-05-16,GARCH-t,6410,0.5912930339725289,0.0
2025-05-19,2025-05-16,GJR-GARCH-t,6410,0.6396013585456494,0.0
2025-05-19,2025-05-16,EGARCH-t,6410,0.5083884327478858,0.0
2025-05-19,2025-05-16,EWMA,6410,1.2240015407689597,
2025-05-20,2025-05-19,GARCH-t,6411,0.5320350785263671,0.0
2025-05-20,2025-05-19,GJR-GARCH-t,6411,0.5822837790051969,0.0
2025-05-20,2025-05-19,EGARCH-t,6411,0.461848697705502,0.0
2025-05-20,2025-05-19,EWMA,6411,1.1522776299880184,
2025-05-21,2025-05-20,GARCH-t,6412,0.5792411323327832,0.0
2025-05-21,2025-05-20,GJR-GARCH-t,6412,0.5389439545002209,0.0
2025-05-21,2025-05-20,EGARCH-t,6412,0.4155303177237173,0.0
2025-05-21,2025-05-20,EWMA,6412,1.1356966222013254,
2025-05-22,2025-05-21,GARCH-t,6413,0.5210546272663505,0.0
2025-05-22,2025-05-21,GJR-GARCH-t,6413,0.4939661816284991,0.0
2025-05-22,2025-05-21,EGARCH-t,6413,0.3795978663403667,0.0
2025-05-22,2025-05-21,EWMA,6413,1.0677816215890592,
2025-05-23,2025-05-22,GARCH-t,6414,0.5128223317074304,0.0
2025-05-23,2025-05-22,GJR-GARCH-t,6414,0.5160992170117321,0.0
2025-05-23,2025-05-22,EGARCH-t,6414,0.4424155802363081,0.0
2025-05-23,2025-05-22,EWMA,6414,1.0211225784795575,
2025-05-27,2025-05-23,GARCH-t,6415,0.474126042584706,0.0
2025-05-27,2025-05-23,GJR-GARCH-t,6415,0.4884071864783607,0.0
2025-05-27,2025-05-23,EGARCH-t,6415,0.44836310489809483,0.0
2025-05-27,2025-05-23,EWMA,6415,0.9634280243340665,
2025-05-28,2025-05-27,GARCH-t,6416,0.4814904916488528,0.0
2025-05-28,2025-05-27,GJR-GARCH-t,6416,0.45337945334581065,0.0
2025-05-28,2025-05-27,EGARCH-t,6416,0.4045671489376901,0.0
2025-05-28,2025-05-27,EWMA,6416,0.9339411836320202,
2025-05-29,2025-05-28,GARCH-t,6417,0.4871333402854961,0.0
2025-05-29,2025-05-28,GJR-GARCH-t,6417,0.4937183089516777,0.0
2025-05-29,2025-05-28,EGARCH-t,6417,0.4787317493156742,0.0
2025-05-29,2025-05-28,EWMA,6417,0.8991666673273803,
2025-05-30,2025-05-29,GARCH-t,6418,0.44518588209609267,0.0
2025-05-30,2025-05-29,GJR-GARCH-t,6418,0.45958127262976967,0.0
2025-05-30,2025-05-29,EGARCH-t,6418,0.45840183354273334,0.0
2025-05-30,2025-05-29,EWMA,6418,0.8459286034855952,
2025-06-02,2025-05-30,GARCH-t,6419,0.44926129446041485,0.0
2025-06-02,2025-05-30,GJR-GARCH-t,6419,0.4276861255483661,0.0
2025-06-02,2025-05-30,EGARCH-t,6419,0.41379915576024834,0.0
2025-06-02,2025-05-30,EWMA,6419,0.819692797554654,
2025-06-03,2025-06-02,GARCH-t,6420,0.40974530928340147,0.0
2025-06-03,2025-06-02,GJR-GARCH-t,6420,0.39853038310175415,0.0
2025-06-03,2025-06-02,EGARCH-t,6420,0.3790001644033976,0.0
2025-06-03,2025-06-02,EWMA,6420,0.7705393525708792,
2025-06-04,2025-06-03,GARCH-t,6421,0.3766549081438639,0.0
2025-06-04,2025-06-03,GJR-GARCH-t,6421,0.37293424847479895,0.0
2025-06-04,2025-06-03,EGARCH-t,6421,0.3464761988044417,0.0
2025-06-04,2025-06-03,EWMA,6421,0.7255622086075665,
2025-06-05,2025-06-04,GARCH-t,6422,0.3484570185291058,0.0
2025-06-05,2025-06-04,GJR-GARCH-t,6422,0.35044205441628845,0.0
2025-06-05,2025-06-04,EGARCH-t,6422,0.31694658462387815,0.0
2025-06-05,2025-06-04,EWMA,6422,0.683614917089635,
2025-06-06,2025-06-05,GARCH-t,6423,0.3228300040426424,0.0
2025-06-06,2025-06-05,GJR-GARCH-t,6423,0.3306380920873172,0.0
2025-06-06,2025-06-05,EGARCH-t,6423,0.29060342971776854,0.0
2025-06-06,2025-06-05,EWMA,6423,0.643326036763161,
2025-06-09,2025-06-06,GARCH-t,6424,0.3085143977469992,0.0
2025-06-09,2025-06-06,GJR-GARCH-t,6424,0.31345570177391047,0.0
2025-06-09,2025-06-06,EGARCH-t,6424,0.2655406869152781,0.0
2025-06-09,2025-06-06,EWMA,6424,0.6103021024676261,
2025-06-10,2025-06-09,GARCH-t,6425,0.2891725324822044,0.0
2025-06-10,2025-06-09,GJR-GARCH-t,6425,0.29935371242215897,0.0
2025-06-10,2025-06-09,EGARCH-t,6425,0.25457542194140004,0.0
2025-06-10,2025-06-09,EWMA,6425,0.573925075238037,
2025-06-11,2025-06-10,GARCH-t,6426,0.2755118935366609,0.0
2025-06-11,2025-06-10,GJR-GARCH-t,6426,0.2858872780168535,0.0
2025-06-11,2025-06-10,EGARCH-t,6426,0.23334942763487662,0.0
2025-06-11,2025-06-10,EWMA,6426,0.5428092827436053,
2025-06-12,2025-06-11,GARCH-t,6427,0.26000138774515524,0.0
2025-06-12,2025-06-11,GJR-GARCH-t,6427,0.2739649050936537,0.0
2025-06-12,2025-06-11,EGARCH-t,6427,0.2146399787156831,0.0
2025-06-12,2025-06-11,EWMA,6427,0.5112171159824509,
2025-06-13,2025-06-12,GARCH-t,6428,0.2500540879379743,0.0
2025-06-13,2025-06-12,GJR-GARCH-t,6428,0.2635645741380748,0.0
2025-06-13,2025-06-12,EGARCH-t,6428,0.1971606705121252,0.0
2025-06-13,2025-06-12,EWMA,6428,0.48374561368762886,
2025-06-16,2025-06-13,GARCH-t,6429,0.2604223140281067,0.0
2025-06-16,2025-06-13,GJR-GARCH-t,6429,0.28647035665902804,0.0
2025-06-16,2025-06-13,EGARCH-t,6429,0.23352698388188287,0.0
2025-06-16,2025-06-13,EWMA,6429,0.4636979233729865,
2025-06-17,2025-06-16,GARCH-t,6430,0.2529205622261764,0.0
2025-06-17,2025-06-16,GJR-GARCH-t,6430,0.27468884815986416,0.0
2025-06-17,2025-06-16,EGARCH-t,6430,0.21417930286316855,0.0
2025-06-17,2025-06-16,EWMA,6430,0.4404986980697918,
2025-06-18,2025-06-17,GARCH-t,6431,0.2720117954227589,0.0
2025-06-18,2025-06-17,GJR-GARCH-t,6431,0.3099394380639733,0.0
2025-06-18,2025-06-17,EGARCH-t,6431,0.26269065959829735,0.0
2025-06-18,2025-06-17,EWMA,6431,0.4270589051736367,
2025-06-19,2025-06-18,GARCH-t,6432,0.2566624855763015,0.0
2025-06-19,2025-06-18,GJR-GARCH-t,6432,0.29528995460879515,0.0
2025-06-19,2025-06-18,EGARCH-t,6432,0.2415732897129737,0.0
2025-06-19,2025-06-18,EWMA,6432,0.40212850429096886,
2025-06-20,2025-06-19,GARCH-t,6433,0.2922211328927724,0.0
2025-06-20,2025-06-19,GJR-GARCH-t,6433,0.35380754723371527,0.0
2025-06-20,2025-06-19,EGARCH-t,6433,0.3109277861025324,0.0
2025-06-20,2025-06-19,EWMA,6433,0.3986276199472726,
2025-06-23,2025-06-20,GARCH-t,6434,0.28064804472175914,0.0
2025-06-23,2025-06-20,GJR-GARCH-t,6434,0.3424836238250916,0.0
2025-06-23,2025-06-20,EGARCH-t,6434,0.31615213903000516,0.0
2025-06-23,2025-06-20,EWMA,6434,0.3769840829453142,
2025-06-24,2025-06-23,GARCH-t,6435,0.27036411278884787,0.0
2025-06-24,2025-06-23,GJR-GARCH-t,6435,0.3321688198659947,0.0
2025-06-24,2025-06-23,EGARCH-t,6435,0.3203884999432531,0.0
2025-06-24,2025-06-23,EWMA,6435,0.35654253209396053,
2025-06-25,2025-06-24,GARCH-t,6436,0.2547685701916865,0.0
2025-06-25,2025-06-24,GJR-GARCH-t,6436,0.31479043130086043,0.0
2025-06-25,2025-06-24,EGARCH-t,6436,0.29440455068602844,0.0
2025-06-25,2025-06-24,EWMA,6436,0.335157801699535,
2025-06-26,2025-06-25,GARCH-t,6437,0.2726207024251391,0.0
2025-06-26,2025-06-25,GJR-GARCH-t,6437,0.3439478339455091,0.0
2025-06-26,2025-06-25,EGARCH-t,6437,0.34314119301184887,0.0
2025-06-26,2025-06-25,EWMA,6437,0.3277451716027945,
2025-06-27,2025-06-26,GARCH-t,6438,0.2593376494492072,0.0
2025-06-27,2025-06-26,GJR-GARCH-t,6438,0.32513939223363447,0.0
2025-06-27,2025-06-26,EGARCH-t,6438,0.31351996101670737,0.0
2025-06-27,2025-06-26,EWMA,6438,0.310303823188425,
2025-06-30,2025-06-27,GARCH-t,6439,0.302326425597306,0.0
2025-06-30,2025-06-27,GJR-GARCH-t,6439,0.3089500638530932,0.0
2025-06-30,2025-06-27,EGARCH-t,6439,0.2840444298805081,0.0
2025-06-30,2025-06-27,EWMA,6439,0.3229641272609541,
2025-07-01,2025-06-30,GARCH-t,6440,0.31016877131044057,0.0
2025-07-01,2025-06-30,GJR-GARCH-t,6440,0.33366676388140554,0.0
2025-07-01,2025-06-30,EGARCH-t,6440,0.3279385645803121,0.0
2025-07-01,2025-06-30,EWMA,6440,0.31476664165583895,
2025-07-02,2025-07-01,GARCH-t,6441,0.2957496539607748,0.0
2025-07-02,2025-07-01,GJR-GARCH-t,6441,0.316122627444704,0.0
2025-07-02,2025-07-01,EGARCH-t,6441,0.2994273776185221,0.0
2025-07-02,2025-07-01,EWMA,6441,0.3004836992949488,
2025-07-03,2025-07-02,GARCH-t,6442,0.27983317588718387,0.0
2025-07-03,2025-07-02,GJR-GARCH-t,6442,0.30422595649629597,0.0
2025-07-03,2025-07-02,EGARCH-t,6442,0.2941325497200128,0.0
2025-07-03,2025-07-02,EWMA,6442,0.28332914155905625,
2025-07-04,2025-07-03,GARCH-t,6443,0.2947313620314176,0.0
2025-07-04,2025-07-03,GJR-GARCH-t,6443,0.2904186108978014,0.0
2025-07-04,2025-07-03,EGARCH-t,6443,0.26754122798034186,0.0
2025-07-04,2025-07-03,EWMA,6443,0.2845589119897331,
2025-07-07,2025-07-04,GARCH-t,6444,0.27585887894072497,0.0
2025-07-07,2025-07-04,GJR-GARCH-t,6444,0.2780460289938821,0.0
2025-07-07,2025-07-04,EGARCH-t,6444,0.24858931671949658,0.0
2025-07-07,2025-07-04,EWMA,6444,0.26748607004275143,
2025-07-08,2025-07-07,GARCH-t,6445,0.2657874070629707,0.0
2025-07-08,2025-07-07,GJR-GARCH-t,6445,0.2750351777172727,0.0
2025-07-08,2025-07-07,EGARCH-t,6445,0.2554842446011388,0.0
2025-07-08,2025-07-07,EWMA,6445,0.25351394552273837,
2025-07-09,2025-07-08,GARCH-t,6446,0.28115713889787824,0.0
2025-07-09,2025-07-08,GJR-GARCH-t,6446,0.26473417049241693,0.0
2025-07-09,2025-07-08,EGARCH-t,6446,0.23296757461508646,0.0
2025-07-09,2025-07-08,EWMA,6446,0.25581116096954515,
2025-07-10,2025-07-09,GARCH-t,6447,0.26503606247795786,0.0
2025-07-10,2025-07-09,GJR-GARCH-t,6447,0.2553339163845357,0.0
2025-07-10,2025-07-09,EGARCH-t,6447,0.21445507408275166,0.0
2025-07-10,2025-07-09,EWMA,6447,0.2417145705511126,
2025-07-11,2025-07-10,GARCH-t,6448,0.4202903056666215,0.0
2025-07-11,2025-07-10,GJR-GARCH-t,6448,0.24850016467192515,0.0
2025-07-11,2025-07-10,EGARCH-t,6448,0.19329797949164096,0.0
2025-07-11,2025-07-10,EWMA,6448,0.316287854924653,
2025-07-14,2025-07-11,GARCH-t,6449,0.40672409653562847,0.0
2025-07-14,2025-07-11,GJR-GARCH-t,6449,0.2730567395656945,0.0
2025-07-14,2025-07-11,EGARCH-t,6449,0.22938354052914633,0.0
2025-07-14,2025-07-11,EWMA,6449,0.30626131134652407,
2025-07-15,2025-07-14,GARCH-t,6450,0.4153663586414906,0.0
2025-07-15,2025-07-14,GJR-GARCH-t,6450,0.2632382318857711,0.0
2025-07-15,2025-07-14,EGARCH-t,6450,0.2089514313369027,0.0
2025-07-15,2025-07-14,EWMA,6450,0.3121158757133567,
2025-07-16,2025-07-15,GARCH-t,6451,0.44198417734290113,0.0
2025-07-16,2025-07-15,GJR-GARCH-t,6451,0.34606573030425697,0.0
2025-07-16,2025-07-15,EGARCH-t,6451,0.2897750705941694,0.0
2025-07-16,2025-07-15,EWMA,6451,0.3200663205708453,
2025-07-17,2025-07-16,GARCH-t,6452,0.4064004039386828,0.0
2025-07-17,2025-07-16,GJR-GARCH-t,6452,0.33111763660912263,0.0
2025-07-17,2025-07-16,EGARCH-t,6452,0.28681203936069116,0.0
2025-07-17,2025-07-16,EWMA,6452,0.30189177043083715,
2025-07-18,2025-07-17,GARCH-t,6453,0.39921870714377106,0.0
2025-07-18,2025-07-17,GJR-GARCH-t,6453,0.314069257705265,0.0
2025-07-18,2025-07-17,EGARCH-t,6453,0.26120446828585925,0.0
2025-07-18,2025-07-17,EWMA,6453,0.2996294447915233,
2025-07-21,2025-07-18,GARCH-t,6454,0.36954105438953266,0.0
2025-07-21,2025-07-18,GJR-GARCH-t,6454,0.29886463159582244,0.0
2025-07-21,2025-07-18,EGARCH-t,6454,0.2397956509797208,0.0
2025-07-21,2025-07-18,EWMA,6454,0.2844794274139145,
2025-07-22,2025-07-21,GARCH-t,6455,0.34461391465503094,0.0
2025-07-22,2025-07-21,GJR-GARCH-t,6455,0.28548537093182796,0.0
2025-07-22,2025-07-21,EGARCH-t,6455,0.22035617993092407,0.0
2025-07-22,2025-07-21,EWMA,6455,0.27064458258128715,
2025-07-23,2025-07-22,GARCH-t,6456,0.31944148792128685,0.0
2025-07-23,2025-07-22,GJR-GARCH-t,6456,0.2736463430281693,0.0
2025-07-23,2025-07-22,EGARCH-t,6456,0.2033317359186655,0.0
2025-07-23,2025-07-22,EWMA,6456,0.25526635473283393,
2025-07-24,2025-07-23,GARCH-t,6457,0.31404539732561093,0.0
2025-07-24,2025-07-23,GJR-GARCH-t,6457,0.26340295473817377,0.0
2025-07-24,2025-07-23,EGARCH-t,6457,0.18642980937146172,0.0
2025-07-24,2025-07-23,EWMA,6457,0.25037950810774046,
2025-07-25,2025-07-24,GARCH-t,6458,0.3710663659624856,0.0
2025-07-25,2025-07-24,GJR-GARCH-t,6458,0.2550209526355295,0.0
2025-07-25,2025-07-24,EGARCH-t,6458,0.1694882358959601,0.0
2025-07-25,2025-07-24,EWMA,6458,0.27820522353738575,
2025-07-28,2025-07-25,GARCH-t,6459,0.3488085680459811,0.0
2025-07-28,2025-07-25,GJR-GARCH-t,6459,0.25589703608639186,0.0
2025-07-28,2025-07-25,EGARCH-t,6459,0.18110873373930006,0.0
2025-07-28,2025-07-25,EWMA,6459,0.26387152524592955,
2025-07-29,2025-07-28,GARCH-t,6460,0.3497044889876768,0.0
2025-07-29,2025-07-28,GJR-GARCH-t,6460,0.28636324439395194,0.0
2025-07-29,2025-07-28,EGARCH-t,6460,0.2227578970519689,0.0
2025-07-29,2025-07-28,EWMA,6460,0.25900085442220444,
2025-07-30,2025-07-29,GARCH-t,6461,0.3613707351968307,0.0
2025-07-30,2025-07-29,GJR-GARCH-t,6461,0.2748298114426016,0.0
2025-07-30,2025-07-29,EGARCH-t,6461,0.2032050078082083,0.0
2025-07-30,2025-07-29,EWMA,6461,0.26525606988188716,
2025-07-31,2025-07-30,GARCH-t,6462,0.3333559991782201,0.0
2025-07-31,2025-07-30,GJR-GARCH-t,6462,0.2642568123322699,0.0
2025-07-31,2025-07-30,EGARCH-t,6462,0.18906477735498534,0.0
2025-07-31,2025-07-30,EWMA,6462,0.24934329826998514,
2025-08-01,2025-07-31,GARCH-t,6463,0.30996132091198453,0.0
2025-08-01,2025-07-31,GJR-GARCH-t,6463,0.2556233685676893,0.0
2025-08-01,2025-07-31,EGARCH-t,6463,0.18190612232114384,0.0
2025-08-01,2025-07-31,EWMA,6463,0.23450360425731356,
2025-08-04,2025-08-01,GARCH-t,6464,0.3577849157447375,0.0
2025-08-04,2025-08-01,GJR-GARCH-t,6464,0.3498638254530772,0.0
2025-08-04,2025-08-01,EGARCH-t,6464,0.26689698721077926,0.0
2025-08-04,2025-08-01,EWMA,6464,0.25029257526263976,
2025-08-05,2025-08-04,GARCH-t,6465,0.37601278585957637,0.0
2025-08-05,2025-08-04,GJR-GARCH-t,6465,0.3306098671358999,0.0
2025-08-05,2025-08-04,EGARCH-t,6465,0.2426323268335529,0.0
2025-08-05,2025-08-04,EWMA,6465,0.26110779644595766,
2025-08-06,2025-08-05,GARCH-t,6466,0.3473803901264103,0.0
2025-08-06,2025-08-05,GJR-GARCH-t,6466,0.3132755765847085,0.0
2025-08-06,2025-08-05,EGARCH-t,6466,0.2232670067869644,0.0
2025-08-06,2025-08-05,EWMA,6466,0.2469321834052114,
2025-08-07,2025-08-06,GARCH-t,6467,0.32558325526991305,0.0
2025-08-07,2025-08-06,GJR-GARCH-t,6467,0.29806373079680365,0.0
2025-08-07,2025-08-06,EGARCH-t,6467,0.2053462958576674,0.0
2025-08-07,2025-08-06,EWMA,6467,0.23545719547526264,
2025-08-08,2025-08-07,GARCH-t,6468,0.3693339470869589,0.0
2025-08-08,2025-08-07,GJR-GARCH-t,6468,0.3841178136077525,0.0
2025-08-08,2025-08-07,EGARCH-t,6468,0.290859917198135,0.0
2025-08-08,2025-08-07,EWMA,6468,0.2503377847863649,
2025-08-11,2025-08-08,GARCH-t,6469,0.3412785244104276,0.0
2025-08-11,2025-08-08,GJR-GARCH-t,6469,0.36124705226449827,0.0
2025-08-11,2025-08-08,EGARCH-t,6469,0.2771959430920477,0.0
2025-08-11,2025-08-08,EWMA,6469,0.2355060168345985,
2025-08-12,2025-08-11,GARCH-t,6470,0.32907966823771995,0.0
2025-08-12,2025-08-11,GJR-GARCH-t,6470,0.34030663732158556,0.0
2025-08-12,2025-08-11,EGARCH-t,6470,0.2533077598071557,0.0
2025-08-12,2025-08-11,EWMA,6470,0.22972814511286696,
2025-08-13,2025-08-12,GARCH-t,6471,0.308156714483297,0.0
2025-08-13,2025-08-12,GJR-GARCH-t,6471,0.3218117422419131,0.0
2025-08-13,2025-08-12,EGARCH-t,6471,0.23273795219976187,0.0
2025-08-13,2025-08-12,EWMA,6471,0.21829796801351875,
2025-08-14,2025-08-13,GARCH-t,6472,0.28973780504492286,0.0
2025-08-14,2025-08-13,GJR-GARCH-t,6472,0.305537198667737,0.0
2025-08-14,2025-08-13,EGARCH-t,6472,0.21418397096019484,0.0
2025-08-14,2025-08-13,EWMA,6472,0.2073668484290786,
2025-08-15,2025-08-14,GARCH-t,6473,0.2720780395113447,0.0
2025-08-15,2025-08-14,GJR-GARCH-t,6473,0.29118669645230133,0.0
2025-08-15,2025-08-14,EGARCH-t,6473,0.19768152712907358,0.0
2025-08-15,2025-08-14,EWMA,6473,0.1959520529172515,
2025-08-18,2025-08-15,GARCH-t,6474,0.28223359356324856,0.0
2025-08-18,2025-08-15,GJR-GARCH-t,6474,0.315501973445318,0.0
2025-08-18,2025-08-15,EGARCH-t,6474,0.23835005837121753,0.0
2025-08-18,2025-08-15,EWMA,6474,0.1946888941401473,
2025-08-19,2025-08-18,GARCH-t,6475,0.2678223424466284,0.0
2025-08-19,2025-08-18,GJR-GARCH-t,6475,0.2999432736725277,0.0
2025-08-19,2025-08-18,EGARCH-t,6475,0.2191670637095779,0.0
2025-08-19,2025-08-18,EWMA,6475,0.18554139010221954,
2025-08-20,2025-08-19,GARCH-t,6476,0.263136480040546,0.0
2025-08-20,2025-08-19,GJR-GARCH-t,6476,0.2863124184560955,0.0
2025-08-20,2025-08-19,EGARCH-t,6476,0.2010916250716675,0.0
2025-08-20,2025-08-19,EWMA,6476,0.18148360291837373,
2025-08-21,2025-08-20,GARCH-t,6477,0.37732242267232696,0.0
2025-08-21,2025-08-20,GJR-GARCH-t,6477,0.27519050524790356,0.0
2025-08-21,2025-08-20,EGARCH-t,6477,0.18163604968818128,0.0
2025-08-21,2025-08-20,EWMA,6477,0.23935365178129747,
2025-08-22,2025-08-21,GARCH-t,6478,0.3508309117593621,0.0
2025-08-22,2025-08-21,GJR-GARCH-t,6478,0.26451778768404105,0.0
2025-08-22,2025-08-21,EGARCH-t,6478,0.16759855049959288,0.0
2025-08-22,2025-08-21,EWMA,6478,0.2280820227425886,
2025-08-26,2025-08-22,GARCH-t,6479,0.3248309096242378,0.0
2025-08-26,2025-08-22,GJR-GARCH-t,6479,0.25504199385529913,0.0
2025-08-26,2025-08-22,EGARCH-t,6479,0.15523761576689749,0.0
2025-08-26,2025-08-22,EWMA,6479,0.21542628110314496,
2025-08-27,2025-08-26,GARCH-t,6480,0.3521735259865318,0.0
2025-08-27,2025-08-26,GJR-GARCH-t,6480,0.3208704546230713,0.0
2025-08-27,2025-08-26,EGARCH-t,6480,0.2204630736847753,0.0
2025-08-27,2025-08-26,EWMA,6480,0.22397627010264382,
2025-08-28,2025-08-27,GARCH-t,6481,0.3280863106550048,0.0
2025-08-28,2025-08-27,GJR-GARCH-t,6481,0.3077728635238858,0.0
2025-08-28,2025-08-27,EGARCH-t,6481,0.21918435979615997,0.0
2025-08-28,2025-08-27,EWMA,6481,0.2112799031874369,
2025-08-29,2025-08-28,GARCH-t,6482,0.33059202615681205,0.0
2025-08-29,2025-08-28,GJR-GARCH-t,6482,0.33015452522159994,0.0
2025-08-29,2025-08-28,EGARCH-t,6482,0.2604236858123285,0.0
2025-08-29,2025-08-28,EWMA,6482,0.20913719571087983,
2025-09-01,2025-08-29,GARCH-t,6483,0.32274339373295136,0.0
2025-09-01,2025-08-29,GJR-GARCH-t,6483,0.334906065455167,0.0
2025-09-01,2025-08-29,EGARCH-t,6483,0.2866822331742173,0.0
2025-09-01,2025-08-29,EWMA,6483,0.20275529544983054,
2025-09-02,2025-09-01,GARCH-t,6484,0.3000179891032622,0.0
2025-09-02,2025-09-01,GJR-GARCH-t,6484,0.31693694360208663,0.0
2025-09-02,2025-09-01,EGARCH-t,6484,0.2634764133448726,0.0
2025-09-02,2025-09-01,EWMA,6484,0.19116519937449183,
2025-09-03,2025-09-02,GARCH-t,6485,0.3819292098675187,0.0
2025-09-03,2025-09-02,GJR-GARCH-t,6485,0.454439060467417,0.0
2025-09-03,2025-09-02,EGARCH-t,6485,0.38699140532990817,0.0
2025-09-03,2025-09-02,EWMA,6485,0.22503926292623827,
2025-09-04,2025-09-03,GARCH-t,6486,0.3987444803137473,0.0
2025-09-04,2025-09-03,GJR-GARCH-t,6486,0.4223934163228618,0.0
2025-09-04,2025-09-03,EGARCH-t,6486,0.3499295189987474,0.0
2025-09-04,2025-09-03,EWMA,6486,0.23848214863509526,
2025-09-05,2025-09-04,GARCH-t,6487,0.3828710312041164,0.0
2025-09-05,2025-09-04,GJR-GARCH-t,6487,0.39400292753842936,0.0
2025-09-05,2025-09-04,EGARCH-t,6487,0.3182752635057609,0.0
2025-09-05,2025-09-04,EWMA,6487,0.23490632971933118,
2025-09-08,2025-09-05,GARCH-t,6488,0.35401695002331207,0.0
2025-09-08,2025-09-05,GJR-GARCH-t,6488,0.37130481558849654,0.0
2025-09-08,2025-09-05,EGARCH-t,6488,0.30801493666874824,0.0
2025-09-08,2025-09-05,EWMA,6488,0.22134706795616232,
2025-09-09,2025-09-08,GARCH-t,6489,0.3279443688320534,0.0
2025-09-09,2025-09-08,GJR-GARCH-t,6489,0.3490078963462688,0.0
2025-09-09,2025-09-08,EGARCH-t,6489,0.2824740900474589,0.0
2025-09-09,2025-09-08,EWMA,6489,0.2092974769106058,
2025-09-10,2025-09-09,GARCH-t,6490,0.3083298298384503,0.0
2025-09-10,2025-09-09,GJR-GARCH-t,6490,0.3294135200089822,0.0
2025-09-10,2025-09-09,EGARCH-t,6490,0.2589267614385111,0.0
2025-09-10,2025-09-09,EWMA,6490,0.19987373337296066,
2025-09-11,2025-09-10,GARCH-t,6491,0.29363357735817436,0.0
2025-09-11,2025-09-10,GJR-GARCH-t,6491,0.32000893133638836,0.0
2025-09-11,2025-09-10,EGARCH-t,6491,0.2654664480126041,0.0
2025-09-11,2025-09-10,EWMA,6491,0.18993885190503054,
2025-09-12,2025-09-11,GARCH-t,6492,0.3404237521495654,0.0
2025-09-12,2025-09-11,GJR-GARCH-t,6492,0.30427799615751516,0.0
2025-09-12,2025-09-11,EGARCH-t,6492,0.24054352499648046,0.0
2025-09-12,2025-09-11,EWMA,6492,0.2150059897942001,
2025-09-15,2025-09-12,GARCH-t,6493,0.31976481761512277,0.0
2025-09-15,2025-09-12,GJR-GARCH-t,6493,0.29563659196932657,0.0
2025-09-15,2025-09-12,EGARCH-t,6493,0.24373530064934343,0.0
2025-09-15,2025-09-12,EWMA,6493,0.20352710191754222,
2025-09-16,2025-09-15,GARCH-t,6494,0.29861324539895123,0.0
2025-09-16,2025-09-15,GJR-GARCH-t,6494,0.28373546372721165,0.0
2025-09-16,2025-09-15,EGARCH-t,6494,0.2354615961619598,0.0
2025-09-16,2025-09-15,EWMA,6494,0.19159197601623815,
2025-09-17,2025-09-16,GARCH-t,6495,0.3828958565730342,0.0
2025-09-17,2025-09-16,GJR-GARCH-t,6495,0.4286801488907227,0.0
2025-09-17,2025-09-16,EGARCH-t,6495,0.3578065478232807,0.0
2025-09-17,2025-09-16,EWMA,6495,0.22658383962691167,
2025-09-18,2025-09-17,GARCH-t,6496,0.35274355444406835,0.0
2025-09-18,2025-09-17,GJR-GARCH-t,6496,0.39939609232624684,0.0
2025-09-18,2025-09-17,EGARCH-t,6496,0.32733029748784626,0.0
2025-09-18,2025-09-17,EWMA,6496,0.21413169543404312,
2025-09-19,2025-09-18,GARCH-t,6497,0.32912845030522475,0.0
2025-09-19,2025-09-18,GJR-GARCH-t,6497,0.3737058136514177,0.0
2025-09-19,2025-09-18,EGARCH-t,6497,0.2994434082333769,0.0
2025-09-19,2025-09-18,EWMA,6497,0.20402380670270276,
2025-09-22,2025-09-19,GARCH-t,6498,0.3086138433230494,0.0
2025-09-22,2025-09-19,GJR-GARCH-t,6498,0.35486559386640626,0.0
2025-09-22,2025-09-19,EGARCH-t,6498,0.29485762096391516,0.0
2025-09-22,2025-09-19,EWMA,6498,0.19269908101709934,
2025-09-23,2025-09-22,GARCH-t,6499,0.28791266325752185,0.0
2025-09-23,2025-09-22,GJR-GARCH-t,6499,0.33452093502084335,0.0
2025-09-23,2025-09-22,EGARCH-t,6499,0.27090643252199353,0.0
2025-09-23,2025-09-22,EWMA,6499,0.1818426886605165,
2025-09-24,2025-09-23,GARCH-t,6500,0.27023645884549713,0.0
2025-09-24,2025-09-23,GJR-GARCH-t,6500,0.31712996466118654,0.0
2025-09-24,2025-09-23,EGARCH-t,6500,0.25643118712402135,0.0
2025-09-24,2025-09-23,EWMA,6500,0.17101364958585907,
2025-09-25,2025-09-24,GARCH-t,6501,0.2616803624497524,0.0
2025-09-25,2025-09-24,GJR-GARCH-t,6501,0.30131896033596245,0.0
2025-09-25,2025-09-24,EGARCH-t,6501,0.235058444169543,0.0
2025-09-25,2025-09-24,EWMA,6501,0.16591772497851717,
2025-09-26,2025-09-25,GARCH-t,6502,0.2701614697736478,0.0
2025-09-26,2025-09-25,GJR-GARCH-t,6502,0.3200531945647293,0.0
2025-09-26,2025-09-25,EGARCH-t,6502,0.2724284820696034,0.0
2025-09-26,2025-09-25,EWMA,6502,0.16528992049927493,
2025-09-29,2025-09-26,GARCH-t,6503,0.31751100805362414,0.0
2025-09-29,2025-09-26,GJR-GARCH-t,6503,0.30424338877269674,0.0
2025-09-29,2025-09-26,EGARCH-t,6503,0.2469136718890167,0.0
2025-09-29,2025-09-26,EWMA,6503,0.19052796196895166,
2025-09-30,2025-09-29,GARCH-t,6504,0.29667458919920614,0.0
2025-09-30,2025-09-29,GJR-GARCH-t,6504,0.2899111358663499,0.0
2025-09-30,2025-09-29,EGARCH-t,6504,0.22724043599837912,0.0
2025-09-30,2025-09-29,EWMA,6504,0.18065974697180112,
2025-10-01,2025-09-30,GARCH-t,6505,0.30719706998557966,0.0
2025-10-01,2025-09-30,GJR-GARCH-t,6505,0.2775146749142407,0.0
2025-10-01,2025-09-30,EGARCH-t,6505,0.20740743536714712,0.0
2025-10-01,2025-09-30,EWMA,6505,0.18748694491188672,
2025-10-02,2025-10-01,GARCH-t,6506,0.40215172118469367,0.0
2025-10-02,2025-10-01,GJR-GARCH-t,6506,0.2672280642164866,0.0
2025-10-02,2025-10-01,EGARCH-t,6506,0.1873520335397114,0.0
2025-10-02,2025-10-01,EWMA,6506,0.2388404741286937,
2025-10-03,2025-10-02,GARCH-t,6507,0.3753825572055432,0.0
2025-10-03,2025-10-02,GJR-GARCH-t,6507,0.2662991742177677,0.0
2025-10-03,2025-10-02,EGARCH-t,6507,0.19844453404824458,0.0
2025-10-03,2025-10-02,EWMA,6507,0.22686602395122507,
2025-10-06,2025-10-03,GARCH-t,6508,0.39292241786098187,0.0
2025-10-06,2025-10-03,GJR-GARCH-t,6508,0.2569956696294526,0.0
2025-10-06,2025-10-03,EGARCH-t,6508,0.18096118296349445,0.0
2025-10-06,2025-10-03,EWMA,6508,0.24037639626030044,
2025-10-07,2025-10-06,GARCH-t,6509,0.3639356157048551,0.0
2025-10-07,2025-10-06,GJR-GARCH-t,6509,0.2523981826382718,0.0
2025-10-07,2025-10-06,EGARCH-t,6509,0.18395182009541858,0.0
2025-10-07,2025-10-06,EWMA,6509,0.22694645295684207,
2025-10-08,2025-10-07,GARCH-t,6510,0.33522667248831395,0.0
2025-10-08,2025-10-07,GJR-GARCH-t,6510,0.24418552644726657,0.0
2025-10-08,2025-10-07,EGARCH-t,6510,0.17065042125057212,0.0
2025-10-08,2025-10-07,EWMA,6510,0.21346482197939146,
2025-10-09,2025-10-08,GARCH-t,6511,0.36023346645618404,0.0
2025-10-09,2025-10-08,GJR-GARCH-t,6511,0.23758850764652853,0.0
2025-10-09,2025-10-08,EGARCH-t,6511,0.15585930419728147,0.0
2025-10-09,2025-10-08,EWMA,6511,0.2289096176613694,
2025-10-10,2025-10-09,GARCH-t,6512,0.3577016444642036,0.0
2025-10-10,2025-10-09,GJR-GARCH-t,6512,0.2674722166671065,0.0
2025-10-10,2025-10-09,EGARCH-t,6512,0.194597170130465,0.0
2025-10-10,2025-10-09,EWMA,6512,0.22548455769733686,
2025-10-13,2025-10-10,GARCH-t,6513,0.43022494753161916,0.0
2025-10-13,2025-10-10,GJR-GARCH-t,6513,0.4088273887356263,0.0
2025-10-13,2025-10-10,EGARCH-t,6513,0.3091908230793604,0.0
2025-10-13,2025-10-10,EWMA,6513,0.2568476764864408,
2025-10-14,2025-10-13,GARCH-t,6514,0.3942553658930447,0.0
2025-10-14,2025-10-13,GJR-GARCH-t,6514,0.38190240859070684,0.0
2025-10-14,2025-10-13,EGARCH-t,6514,0.28334128494286653,0.0
2025-10-14,2025-10-13,EWMA,6514,0.24303531603397463,
2025-10-15,2025-10-14,GARCH-t,6515,0.3619461796298542,0.0
2025-10-15,2025-10-14,GJR-GARCH-t,6515,0.35825396970986817,0.0
2025-10-15,2025-10-14,EGARCH-t,6515,0.2604619872472417,0.0
2025-10-15,2025-10-14,EWMA,6515,0.22911192233794989,
2025-10-16,2025-10-15,GARCH-t,6516,0.3476704346963617,0.0
2025-10-16,2025-10-15,GJR-GARCH-t,6516,0.35646036628286526,0.0
2025-10-16,2025-10-15,EGARCH-t,6516,0.2830442544339669,0.0
2025-10-16,2025-10-15,EWMA,6516,0.22064521280595417,
2025-10-17,2025-10-16,GARCH-t,6517,0.3218912358316061,0.0
2025-10-17,2025-10-16,GJR-GARCH-t,6517,0.33590185027894776,0.0
2025-10-17,2025-10-16,EGARCH-t,6517,0.2601754966477814,0.0
2025-10-17,2025-10-16,EWMA,6517,0.20826794675730162,
2025-10-20,2025-10-17,GARCH-t,6518,0.39943321583368957,0.0
2025-10-20,2025-10-17,GJR-GARCH-t,6518,0.46918652630913743,0.0
2025-10-20,2025-10-17,EGARCH-t,6518,0.38217036227408663,0.0
2025-10-20,2025-10-17,EWMA,6518,0.2409206504320884,
2025-10-21,2025-10-20,GARCH-t,6519,0.3936533695501617,0.0
2025-10-21,2025-10-20,GJR-GARCH-t,6519,0.435286218529309,0.0
2025-10-21,2025-10-20,EGARCH-t,6519,0.34666030240322837,0.0
2025-10-21,2025-10-20,EWMA,6519,0.24284198682403765,
2025-10-22,2025-10-21,GARCH-t,6520,0.3660522041545373,0.0
2025-10-22,2025-10-21,GJR-GARCH-t,6520,0.405324565686558,0.0
2025-10-22,2025-10-21,EGARCH-t,6520,0.3166153188008297,0.0
2025-10-22,2025-10-21,EWMA,6520,0.23197767404182043,
2025-10-23,2025-10-22,GARCH-t,6521,0.431610859891033,0.0
2025-10-23,2025-10-22,GJR-GARCH-t,6521,0.3794499267201869,0.0
2025-10-23,2025-10-22,EGARCH-t,6521,0.28569724280962927,0.0
2025-10-23,2025-10-22,EWMA,6521,0.2698591818615371,
2025-10-24,2025-10-23,GARCH-t,6522,0.4404588211811622,0.0
2025-10-24,2025-10-23,GJR-GARCH-t,6522,0.3564509323789098,0.0
2025-10-24,2025-10-23,EGARCH-t,6522,0.2595047891835894,0.0
2025-10-24,2025-10-23,EWMA,6522,0.28029619380384263,
2025-10-27,2025-10-24,GARCH-t,6523,0.4528119471057774,0.0
2025-10-27,2025-10-24,GJR-GARCH-t,6523,0.33623623970276967,0.0
2025-10-27,2025-10-24,EGARCH-t,6523,0.23597732201319985,0.0
2025-10-27,2025-10-24,EWMA,6523,0.2926303880677082,
2025-10-28,2025-10-27,GARCH-t,6524,0.41236644490143415,0.0
2025-10-28,2025-10-27,GJR-GARCH-t,6524,0.31816429633809445,0.0
2025-10-28,2025-10-27,EGARCH-t,6524,0.2175727276381075,0.0
2025-10-28,2025-10-27,EWMA,6524,0.27550584823153196,
2025-10-29,2025-10-28,GARCH-t,6525,0.396323471067822,0.0
2025-10-29,2025-10-28,GJR-GARCH-t,6525,0.30235478570483243,0.0
2025-10-29,2025-10-28,EGARCH-t,6525,0.19925880855128614,0.0
2025-10-29,2025-10-28,EWMA,6525,0.27077193224123186,
2025-10-30,2025-10-29,GARCH-t,6526,0.4018470129079821,0.0
2025-10-30,2025-10-29,GJR-GARCH-t,6526,0.2885655534029222,0.0
2025-10-30,2025-10-29,EGARCH-t,6526,0.18219809064637152,0.0
2025-10-30,2025-10-29,EWMA,6526,0.2769032432015417,
2025-10-31,2025-10-30,GARCH-t,6527,0.3681336740588827,0.0
2025-10-31,2025-10-30,GJR-GARCH-t,6527,0.27612158824820465,0.0
2025-10-31,2025-10-30,EGARCH-t,6527,0.16885107464864793,0.0
2025-10-31,2025-10-30,EWMA,6527,0.2603898672300578,
2025-11-03,2025-10-31,GARCH-t,6528,0.36738796194883205,0.0
2025-11-03,2025-10-31,GJR-GARCH-t,6528,0.30560031543966437,0.0
2025-11-03,2025-10-31,EGARCH-t,6528,0.2117451879457713,0.0
2025-11-03,2025-10-31,EWMA,6528,0.2563551632765502,
2025-11-04,2025-11-03,GARCH-t,6529,0.34360659838546803,0.0
2025-11-04,2025-11-03,GJR-GARCH-t,6529,0.29744030793145887,0.0
2025-11-04,2025-11-03,EGARCH-t,6529,0.21760568359327312,0.0
2025-11-04,2025-11-03,EWMA,6529,0.24258276944691848,
2025-11-05,2025-11-04,GARCH-t,6530,0.31877513756078274,0.0
2025-11-05,2025-11-04,GJR-GARCH-t,6530,0.2839013322287122,0.0
2025-11-05,2025-11-04,EGARCH-t,6530,0.20071801351306545,0.0
2025-11-05,2025-11-04,EWMA,6530,0.22920521082350964,
2025-11-06,2025-11-05,GARCH-t,6531,0.33843533582537394,0.0
2025-11-06,2025-11-05,GJR-GARCH-t,6531,0.272322967726177,0.0
2025-11-06,2025-11-05,EGARCH-t,6531,0.18324874769368282,0.0
2025-11-06,2025-11-05,EWMA,6531,0.23981275172150263,
2025-11-07,2025-11-06,GARCH-t,6532,0.3397852565414443,0.0
2025-11-07,2025-11-06,GJR-GARCH-t,6532,0.2993808073095356,0.0
2025-11-07,2025-11-06,EGARCH-t,6532,0.22428110025450237,0.0
2025-11-07,2025-11-06,EWMA,6532,0.2361753842132445,
2025-11-10,2025-11-07,GARCH-t,6533,0.3568721843262214,0.0
2025-11-10,2025-11-07,GJR-GARCH-t,6533,0.34741925252620437,0.0
2025-11-10,2025-11-07,EGARCH-t,6533,0.28585031722908166,0.0
2025-11-10,2025-11-07,EWMA,6533,0.24001897938945266,
2025-11-11,2025-11-10,GARCH-t,6534,0.45692439857446215,0.0
2025-11-11,2025-11-10,GJR-GARCH-t,6534,0.32871029080146097,0.0
2025-11-11,2025-11-10,EGARCH-t,6534,0.2580887477284422,0.0
2025-11-11,2025-11-10,EWMA,6534,0.2948909786406318,
2025-11-12,2025-11-11,GARCH-t,6535,0.5609591105246673,0.0
2025-11-12,2025-11-11,GJR-GARCH-t,6535,0.31233984586312596,0.0
2025-11-12,2025-11-11,EGARCH-t,6535,0.2339492471344685,0.0
2025-11-12,2025-11-11,EWMA,6535,0.3554320582787127,
2025-11-13,2025-11-12,GARCH-t,6536,0.506137458163904,0.0
2025-11-13,2025-11-12,GJR-GARCH-t,6536,0.2970979242289111,0.0
2025-11-13,2025-11-12,EGARCH-t,6536,0.21513029626223096,0.0
2025-11-13,2025-11-12,EWMA,6536,0.334957704223463,
2025-11-14,2025-11-13,GARCH-t,6537,0.6038189517823365,0.0
2025-11-14,2025-11-13,GJR-GARCH-t,6537,0.5055527388923355,0.0
2025-11-14,2025-11-13,EGARCH-t,6537,0.3734931389747358,0.0
2025-11-14,2025-11-13,EWMA,6537,0.38123518984561544,
2025-11-17,2025-11-14,GARCH-t,6538,0.7073714654503062,0.0
2025-11-17,2025-11-14,GJR-GARCH-t,6538,0.7190116400632496,0.0
2025-11-17,2025-11-14,EGARCH-t,6538,0.5684633177746287,0.0
2025-11-17,2025-11-14,EWMA,6538,0.4337171388310968,
2025-11-18,2025-11-17,GARCH-t,6539,0.6415150418152668,0.0
2025-11-18,2025-11-17,GJR-GARCH-t,6539,0.6668632248431671,0.0
2025-11-18,2025-11-17,EGARCH-t,6539,0.5639947414607088,0.0
2025-11-18,2025-11-17,EWMA,6539,0.4110766093897654,
2025-11-19,2025-11-18,GARCH-t,6540,0.7880121387449786,0.0
2025-11-19,2025-11-18,GJR-GARCH-t,6540,0.9367944471730382,0.0
2025-11-19,2025-11-18,EGARCH-t,6540,0.8205508291178761,0.0
2025-11-19,2025-11-18,EWMA,6540,0.48478790090143836,
2025-11-20,2025-11-19,GARCH-t,6541,0.7337418840762345,0.0
2025-11-20,2025-11-19,GJR-GARCH-t,6541,0.8919131724751636,0.0
2025-11-20,2025-11-19,EGARCH-t,6541,0.8542126521300033,0.0
2025-11-20,2025-11-19,EWMA,6541,0.46901933386281364,
2025-11-21,2025-11-20,GARCH-t,6542,0.6582540158182159,0.0
2025-11-21,2025-11-20,GJR-GARCH-t,6542,0.8064253449600859,0.0
2025-11-21,2025-11-20,EGARCH-t,6542,0.7664583088603387,0.0
2025-11-21,2025-11-20,EWMA,6542,0.44360768538923956,
2025-11-24,2025-11-21,GARCH-t,6543,0.5905962095675987,0.0
2025-11-24,2025-11-21,GJR-GARCH-t,6543,0.7315804367559189,0.0
2025-11-24,2025-11-21,EGARCH-t,6543,0.6901572220109553,0.0
2025-11-24,2025-11-21,EWMA,6543,0.417941809088515,
2025-11-25,2025-11-24,GARCH-t,6544,0.5325102319330557,0.0
2025-11-25,2025-11-24,GJR-GARCH-t,6544,0.6668492484429969,0.0
2025-11-25,2025-11-24,EGARCH-t,6544,0.6371287015408384,0.0
2025-11-25,2025-11-24,EWMA,6544,0.3930172669117635,
2025-11-26,2025-11-25,GARCH-t,6545,0.546163638635735,0.0
2025-11-26,2025-11-25,GJR-GARCH-t,6545,0.6093429413935707,0.0
2025-11-26,2025-11-25,EGARCH-t,6545,0.5720824628828981,0.0
2025-11-26,2025-11-25,EWMA,6545,0.4058784829408684,
2025-11-27,2025-11-26,GARCH-t,6546,0.5711411452006006,0.0
2025-11-27,2025-11-26,GJR-GARCH-t,6546,0.5587658742762464,0.0
2025-11-27,2025-11-26,EGARCH-t,6546,0.5141209542907509,0.0
2025-11-27,2025-11-26,EWMA,6546,0.42495024708581186,
2025-11-28,2025-11-27,GARCH-t,6547,0.514677594936844,0.0
2025-11-28,2025-11-27,GJR-GARCH-t,6547,0.5141581238598953,0.0
2025-11-28,2025-11-27,EGARCH-t,6547,0.46757449985380156,0.0
2025-11-28,2025-11-27,EWMA,6547,0.3994870393585202,
2025-12-01,2025-11-28,GARCH-t,6548,0.47209355755847165,0.0
2025-12-01,2025-11-28,GJR-GARCH-t,6548,0.4749178974816933,0.0
2025-12-01,2025-11-28,EGARCH-t,6548,0.42462143874858566,0.0
2025-12-01,2025-11-28,EWMA,6548,0.3800230197311868,
2025-12-02,2025-12-01,GARCH-t,6549,0.43535638273038996,0.0
2025-12-02,2025-12-01,GJR-GARCH-t,6549,0.44825899065584124,0.0
2025-12-02,2025-12-01,EGARCH-t,6549,0.4213573607960128,0.0
2025-12-02,2025-12-01,EWMA,6549,0.35928285632840556,
2025-12-03,2025-12-02,GARCH-t,6550,0.39745101065676325,0.0
2025-12-03,2025-12-02,GJR-GARCH-t,6550,0.4169946118382149,0.0
2025-12-03,2025-12-02,EGARCH-t,6550,0.3884553218569261,0.0
2025-12-03,2025-12-02,EWMA,6550,0.33772900997508304,
2025-12-04,2025-12-03,GARCH-t,6551,0.3668124987815955,0.0
2025-12-04,2025-12-03,GJR-GARCH-t,6551,0.39196927176700497,0.0
2025-12-04,2025-12-03,EGARCH-t,6551,0.37352422357602766,0.0
2025-12-04,2025-12-03,EWMA,6551,0.31806567118843276,
2025-12-05,2025-12-04,GARCH-t,6552,0.34035229592434085,0.0
2025-12-05,2025-12-04,GJR-GARCH-t,6552,0.36728283244320614,0.0
2025-12-05,2025-12-04,EGARCH-t,6552,0.3410026871669321,0.0
2025-12-05,2025-12-04,EWMA,6552,0.30123506475737427,
2025-12-08,2025-12-05,GARCH-t,6553,0.3449275735663992,0.0
2025-12-08,2025-12-05,GJR-GARCH-t,6553,0.38833348564461195,0.0
2025-12-08,2025-12-05,EGARCH-t,6553,0.38829709452581623,0.0
2025-12-08,2025-12-05,EWMA,6553,0.2954788434166253,
2025-12-09,2025-12-08,GARCH-t,6554,0.32769801517555247,0.0
2025-12-09,2025-12-08,GJR-GARCH-t,6554,0.37555417663269763,0.0
2025-12-09,2025-12-08,EGARCH-t,6554,0.39434566648152947,0.0
2025-12-09,2025-12-08,EWMA,6554,0.28083654223714705,
2025-12-10,2025-12-09,GARCH-t,6555,0.30449049166366177,0.0
2025-12-10,2025-12-09,GJR-GARCH-t,6555,0.3532611879413643,0.0
2025-12-10,2025-12-09,EGARCH-t,6555,0.3678695864873253,0.0
2025-12-10,2025-12-09,EWMA,6555,0.26404833537777966,
2025-12-11,2025-12-10,GARCH-t,6556,0.28471829770686063,0.0
2025-12-11,2025-12-10,GJR-GARCH-t,6556,0.33315719014114187,0.0
2025-12-11,2025-12-10,EGARCH-t,6556,0.33607518518269575,0.0
2025-12-11,2025-12-10,EWMA,6556,0.24937999962148474,
2025-12-12,2025-12-11,GARCH-t,6557,0.29100817164157516,0.0
2025-12-12,2025-12-11,GJR-GARCH-t,6557,0.31557620474529124,0.0
2025-12-12,2025-12-11,EGARCH-t,6557,0.30598023536113783,0.0
2025-12-12,2025-12-11,EWMA,6557,0.2489885877633088,
2025-12-15,2025-12-12,GARCH-t,6558,0.31664701857893385,0.0
2025-12-15,2025-12-12,GJR-GARCH-t,6558,0.36460720668589736,0.0
2025-12-15,2025-12-12,EGARCH-t,6558,0.37232584858337764,0.0
2025-12-15,2025-12-12,EWMA,6558,0.25287511927728873,
2025-12-16,2025-12-15,GARCH-t,6559,0.41796805796981207,0.0
2025-12-16,2025-12-15,GJR-GARCH-t,6559,0.3435870969155278,0.0
2025-12-16,2025-12-15,EGARCH-t,6559,0.335895477329819,0.0
2025-12-16,2025-12-15,EWMA,6559,0.3044373591703264,
2025-12-17,2025-12-16,GARCH-t,6560,0.4464002014723751,0.0
2025-12-17,2025-12-16,GJR-GARCH-t,6560,0.42000003470906905,0.0
2025-12-17,2025-12-16,EGARCH-t,6560,0.42683489633825084,0.0
2025-12-17,2025-12-16,EWMA,6560,0.31426680678210706,
2025-12-18,2025-12-17,GARCH-t,6561,0.4993074896842018,0.0
2025-12-18,2025-12-17,GJR-GARCH-t,6561,0.39223221039992534,0.0
2025-12-18,2025-12-17,EGARCH-t,6561,0.38489376187408675,0.0
2025-12-18,2025-12-17,EWMA,6561,0.34618205993483436,
2025-12-19,2025-12-18,GARCH-t,6562,0.49611332095391647,0.0
2025-12-19,2025-12-18,GJR-GARCH-t,6562,0.3676646787739385,0.0
2025-12-19,2025-12-18,EGARCH-t,6562,0.3488738629649768,0.0
2025-12-19,2025-12-18,EWMA,6562,0.35057130492848526,
2025-12-22,2025-12-19,GARCH-t,6563,0.4871758129302888,0.0
2025-12-22,2025-12-19,GJR-GARCH-t,6563,0.34603814687738665,0.0
2025-12-22,2025-12-19,EGARCH-t,6563,0.3169067863071606,0.0
2025-12-22,2025-12-19,EWMA,6563,0.3514263263843381,
2025-12-23,2025-12-22,GARCH-t,6564,0.45766751755732277,0.0
2025-12-23,2025-12-22,GJR-GARCH-t,6564,0.3486030862261157,0.0
2025-12-23,2025-12-22,EGARCH-t,6564,0.3413907803995149,0.0
2025-12-23,2025-12-22,EWMA,6564,0.3363991578491011,
2025-12-24,2025-12-23,GARCH-t,6565,0.42053397963569766,0.0
2025-12-24,2025-12-23,GJR-GARCH-t,6565,0.32911308616594015,0.0
2025-12-24,2025-12-23,EGARCH-t,6565,0.3119308536868014,0.0
2025-12-24,2025-12-23,EWMA,6565,0.3195252393153465,
2025-12-29,2025-12-24,GARCH-t,6566,0.3907014194120854,0.0
2025-12-29,2025-12-24,GJR-GARCH-t,6566,0.3200144173143447,0.0
2025-12-29,2025-12-24,EGARCH-t,6566,0.31598374772530147,0.0
2025-12-29,2025-12-24,EWMA,6566,0.30245743291691385,
2025-12-30,2025-12-29,GARCH-t,6567,0.35927515541882077,0.0
2025-12-30,2025-12-29,GJR-GARCH-t,6567,0.304564096061623,0.0
2025-12-30,2025-12-29,EGARCH-t,6567,0.2983538584469903,0.0
2025-12-30,2025-12-29,EWMA,6567,0.2844186743254995,
2025-12-31,2025-12-30,GARCH-t,6568,0.3911184673382847,0.0
2025-12-31,2025-12-30,GJR-GARCH-t,6568,0.29065672262087494,0.0
2025-12-31,2025-12-30,EGARCH-t,6568,0.27100909510282956,0.0
2025-12-31,2025-12-30,EWMA,6568,0.30103410732842595,
2026-01-02,2025-12-31,GARCH-t,6569,0.3610384917180028,0.0
2026-01-02,2025-12-31,GJR-GARCH-t,6569,0.2804009689879482,0.0
2026-01-02,2025-12-31,EGARCH-t,6569,0.264106365173316,0.0
2026-01-02,2025-12-31,EWMA,6569,0.28349768031394146,
2026-01-05,2026-01-02,GARCH-t,6570,0.33545353040791254,0.0
2026-01-05,2026-01-02,GJR-GARCH-t,6570,0.268976364808724,0.0
2026-01-05,2026-01-02,EGARCH-t,6570,0.24254329723001347,0.0
2026-01-05,2026-01-02,EWMA,6570,0.26884377752450084,
2026-01-06,2026-01-05,GARCH-t,6571,0.3396430489893305,0.0
2026-01-06,2026-01-05,GJR-GARCH-t,6571,0.2591554832488623,0.0
2026-01-06,2026-01-05,EGARCH-t,6571,0.2217307686118782,0.0
2026-01-06,2026-01-05,EWMA,6571,0.2699630670035298,
2026-01-07,2026-01-06,GARCH-t,6572,0.4681328182862812,0.0
2026-01-07,2026-01-06,GJR-GARCH-t,6572,0.2514217917168708,0.0
2026-01-07,2026-01-06,EGARCH-t,6572,0.20104998166884538,0.0
2026-01-07,2026-01-06,EWMA,6572,0.33639842824299,
2026-01-08,2026-01-07,GARCH-t,6573,0.4998937555877507,0.0
2026-01-08,2026-01-07,GJR-GARCH-t,6573,0.35465814849456034,0.0
2026-01-08,2026-01-07,EGARCH-t,6573,0.2938200004948336,0.0
2026-01-08,2026-01-07,EWMA,6573,0.34895440888990803,
2026-01-09,2026-01-08,GARCH-t,6574,0.4534220695294218,0.0
2026-01-09,2026-01-08,GJR-GARCH-t,6574,0.33495441240577173,0.0
2026-01-09,2026-01-08,EGARCH-t,6574,0.2769563570551542,0.0
2026-01-09,2026-01-08,EWMA,6574,0.32808996626837394,
2026-01-12,2026-01-09,GARCH-t,6575,0.4799303535955949,0.0
2026-01-12,2026-01-09,GJR-GARCH-t,6575,0.31753759619186583,0.0
2026-01-12,2026-01-09,EGARCH-t,6575,0.2520532655663553,0.0
2026-01-12,2026-01-09,EWMA,6575,0.3460681251293679,
2026-01-13,2026-01-12,GARCH-t,6576,0.43697633300163236,0.0
2026-01-13,2026-01-12,GJR-GARCH-t,6576,0.3017922502294396,0.0
2026-01-13,2026-01-12,EGARCH-t,6576,0.23174009795869213,0.0
2026-01-13,2026-01-12,EWMA,6576,0.32681895420915685,
2026-01-14,2026-01-13,GARCH-t,6577,0.3991256040407415,0.0
2026-01-14,2026-01-13,GJR-GARCH-t,6577,0.28838478395689127,0.0
2026-01-14,2026-01-13,EGARCH-t,6577,0.21986494049651922,0.0
2026-01-14,2026-01-13,EWMA,6577,0.3072733695348102,
2026-01-15,2026-01-14,GARCH-t,6578,0.3865732041647587,0.0
2026-01-15,2026-01-14,GJR-GARCH-t,6578,0.27625767550469893,0.0
2026-01-15,2026-01-14,EGARCH-t,6578,0.2016839278842738,0.0
2026-01-15,2026-01-14,EWMA,6578,0.3016745758618905,
2026-01-16,2026-01-15,GARCH-t,6579,0.38345697161411907,0.0
2026-01-16,2026-01-15,GJR-GARCH-t,6579,0.2656556079440164,0.0
2026-01-16,2026-01-15,EGARCH-t,6579,0.18511298042406854,0.0
2026-01-16,2026-01-15,EWMA,6579,0.3006645884250609,
2026-01-19,2026-01-16,GARCH-t,6580,0.3528802074274751,0.0
2026-01-19,2026-01-16,GJR-GARCH-t,6580,0.2565686063352774,0.0
2026-01-19,2026-01-16,EGARCH-t,6580,0.1771933109759118,0.0
2026-01-19,2026-01-16,EWMA,6580,0.2826989370112839,
2026-01-20,2026-01-19,GARCH-t,6581,0.348748434219943,0.0
2026-01-20,2026-01-19,GJR-GARCH-t,6581,0.2804308821937425,0.0
2026-01-20,2026-01-19,EGARCH-t,6581,0.21355421309493902,0.0
2026-01-20,2026-01-19,EWMA,6581,0.27489032573275685,
2026-01-21,2026-01-20,GARCH-t,6582,0.3849797585667899,0.0
2026-01-21,2026-01-20,GJR-GARCH-t,6582,0.36212520150288513,0.0
2026-01-21,2026-01-20,EGARCH-t,6582,0.2960064405552077,0.0
2026-01-21,2026-01-20,EWMA,6582,0.2857451057688451,
2026-01-22,2026-01-21,GARCH-t,6583,0.35390894722916394,0.0
2026-01-22,2026-01-21,GJR-GARCH-t,6583,0.3409039336029894,0.0
2026-01-22,2026-01-21,EGARCH-t,6583,0.2716525590913872,0.0
2026-01-22,2026-01-21,EWMA,6583,0.2693466149828698,
2026-01-23,2026-01-22,GARCH-t,6584,0.3271239559744219,0.0
2026-01-23,2026-01-22,GJR-GARCH-t,6584,0.3222454493942058,0.0
2026-01-23,2026-01-22,EGARCH-t,6584,0.2497101505883667,0.0
2026-01-23,2026-01-22,EWMA,6584,0.2540254459302896,
2026-01-26,2026-01-23,GARCH-t,6585,0.3047936879106425,0.0
2026-01-26,2026-01-23,GJR-GARCH-t,6585,0.307167943540933,0.0
2026-01-26,2026-01-23,EGARCH-t,6585,0.2407396545590978,0.0
2026-01-26,2026-01-23,EWMA,6585,0.23904546372747631,
2026-01-27,2026-01-26,GARCH-t,6586,0.28389342436774734,0.0
2026-01-27,2026-01-26,GJR-GARCH-t,6586,0.29251862300917736,0.0
2026-01-27,2026-01-26,EGARCH-t,6586,0.22208013036251498,0.0
2026-01-27,2026-01-26,EWMA,6586,0.2248790447324283,
2026-01-28,2026-01-27,GARCH-t,6587,0.30025174900268226,0.0
2026-01-28,2026-01-27,GJR-GARCH-t,6587,0.2799093692729508,0.0
2026-01-28,2026-01-27,EGARCH-t,6587,0.20324870820729954,0.0
2026-01-28,2026-01-27,EWMA,6587,0.23147819488792368,
2026-01-29,2026-01-28,GARCH-t,6588,0.31948928195569865,0.0
2026-01-29,2026-01-28,GJR-GARCH-t,6588,0.3254218250219777,0.0
2026-01-29,2026-01-28,EGARCH-t,6588,0.2600649497785811,0.0
2026-01-29,2026-01-28,EWMA,6588,0.23409531200373748,
2026-01-30,2026-01-29,GARCH-t,6589,0.29850060166743686,0.0
2026-01-30,2026-01-29,GJR-GARCH-t,6589,0.308593816813805,0.0
2026-01-30,2026-01-29,EGARCH-t,6589,0.23904500076060886,0.0
2026-01-30,2026-01-29,EWMA,6589,0.22180819828195544,
2026-02-02,2026-01-30,GARCH-t,6590,0.30419450459218417,0.0
2026-02-02,2026-01-30,GJR-GARCH-t,6590,0.2939751361518557,0.0
2026-02-02,2026-01-30,EGARCH-t,6590,0.21878251441458604,0.0
2026-02-02,2026-01-30,EWMA,6590,0.22392158506481252,
2026-02-03,2026-02-02,GARCH-t,6591,0.4305272819547494,0.0
2026-02-03,2026-02-02,GJR-GARCH-t,6591,0.2818661756961826,0.0
2026-02-03,2026-02-02,EGARCH-t,6591,0.19863839228603503,0.0
2026-02-03,2026-02-02,EWMA,6591,0.28963723009877995,
2026-02-04,2026-02-03,GARCH-t,6592,0.40409983988683795,0.0
2026-02-04,2026-02-03,GJR-GARCH-t,6592,0.28541090415791537,0.0
2026-02-04,2026-02-03,EGARCH-t,6592,0.21761819943425723,0.0
2026-02-04,2026-02-03,EWMA,6592,0.27635951160248673,
2026-02-05,2026-02-04,GARCH-t,6593,0.4472878081050046,0.0
2026-02-05,2026-02-04,GJR-GARCH-t,6593,0.27405090064229953,0.0
2026-02-05,2026-02-04,EGARCH-t,6593,0.19880310876382515,0.0
2026-02-05,2026-02-04,EWMA,6593,0.3027878016624363,
2026-02-06,2026-02-05,GARCH-t,6594,0.515504828610298,0.0
2026-02-06,2026-02-05,GJR-GARCH-t,6594,0.42612134407414326,0.0
2026-02-06,2026-02-05,EGARCH-t,6594,0.3216929838205291,0.0
2026-02-06,2026-02-05,EWMA,6594,0.33311472282816085,
2026-02-09,2026-02-06,GARCH-t,6595,0.5013099097640693,0.0
2026-02-09,2026-02-06,GJR-GARCH-t,6595,0.3975304132017653,0.0
2026-02-09,2026-02-06,EGARCH-t,6595,0.2931112525256904,0.0
2026-02-09,2026-02-06,EWMA,6595,0.33373861392894805,
2026-02-10,2026-02-09,GARCH-t,6596,0.45529453556415744,0.0
2026-02-10,2026-02-09,GJR-GARCH-t,6596,0.3721394358405961,0.0
2026-02-10,2026-02-09,EGARCH-t,6596,0.2685787364381362,0.0
2026-02-10,2026-02-09,EWMA,6596,0.3152127133729811,
2026-02-11,2026-02-10,GARCH-t,6597,0.42969317031481863,0.0
2026-02-11,2026-02-10,GJR-GARCH-t,6597,0.370900457064439,0.0
2026-02-11,2026-02-10,EGARCH-t,6597,0.29338530463503487,0.0
2026-02-11,2026-02-10,EWMA,6597,0.30215721642449767,
2026-02-12,2026-02-11,GARCH-t,6598,0.5354285095070463,0.0
2026-02-12,2026-02-11,GJR-GARCH-t,6598,0.3494912858438935,0.0
2026-02-12,2026-02-11,EGARCH-t,6598,0.26659700941387915,0.0
2026-02-12,2026-02-11,EWMA,6598,0.36147059406277965,
2026-02-13,2026-02-12,GARCH-t,6599,0.5450867304020517,0.0
2026-02-13,2026-02-12,GJR-GARCH-t,6599,0.4208196235140554,0.0
2026-02-13,2026-02-12,EGARCH-t,6599,0.35195804367843625,0.0
2026-02-13,2026-02-12,EWMA,6599,0.3665394020246565,
2026-02-16,2026-02-13,GARCH-t,6600,0.5087240765692325,0.0
2026-02-16,2026-02-13,GJR-GARCH-t,6600,0.39277872386613255,0.0
2026-02-16,2026-02-13,EGARCH-t,6600,0.32057361383659955,0.0
2026-02-16,2026-02-13,EWMA,6600,0.35523649688780967,
2026-02-17,2026-02-16,GARCH-t,6601,0.46587434646376646,0.0
2026-02-17,2026-02-16,GJR-GARCH-t,6601,0.36806200458142235,0.0
2026-02-17,2026-02-16,EGARCH-t,6601,0.29286158639407056,0.0
2026-02-17,2026-02-16,EWMA,6601,0.3380092942787827,
2026-02-18,2026-02-17,GARCH-t,6602,0.48898110901908126,0.0
2026-02-18,2026-02-17,GJR-GARCH-t,6602,0.3466291977481018,0.0
2026-02-18,2026-02-17,EGARCH-t,6602,0.2670623773235702,0.0
2026-02-18,2026-02-17,EWMA,6602,0.3546646772454345,
2026-02-19,2026-02-18,GARCH-t,6603,0.610593514554271,0.0
2026-02-19,2026-02-18,GJR-GARCH-t,6603,0.32817864856507545,0.0
2026-02-19,2026-02-18,EGARCH-t,6603,0.24440517521277616,0.0
2026-02-19,2026-02-18,EWMA,6603,0.4232727741880207,
2026-02-20,2026-02-19,GARCH-t,6604,0.5921785017065205,0.0
2026-02-20,2026-02-19,GJR-GARCH-t,6604,0.37491055495721304,0.0
2026-02-20,2026-02-19,EGARCH-t,6604,0.3091270467066534,0.0
2026-02-20,2026-02-19,EWMA,6604,0.4163930580924382,
2026-02-23,2026-02-20,GARCH-t,6605,0.5644355471798517,0.0
2026-02-23,2026-02-20,GJR-GARCH-t,6605,0.3525464189566134,0.0
2026-02-23,2026-02-20,EGARCH-t,6605,0.2822946917818207,0.0
2026-02-23,2026-02-20,EWMA,6605,0.4103654865651507,
2026-02-24,2026-02-23,GARCH-t,6606,0.5090505166589874,0.0
2026-02-24,2026-02-23,GJR-GARCH-t,6606,0.3329897667346571,0.0
2026-02-24,2026-02-23,EGARCH-t,6606,0.2637307196749782,0.0
2026-02-24,2026-02-23,EWMA,6606,0.38576899400382103,
2026-02-25,2026-02-24,GARCH-t,6607,0.4615813468461866,0.0
2026-02-25,2026-02-24,GJR-GARCH-t,6607,0.3160970156724836,0.0
2026-02-25,2026-02-24,EGARCH-t,6607,0.24942066820892556,0.0
2026-02-25,2026-02-24,EWMA,6607,0.36271126104851054,
2026-02-26,2026-02-25,GARCH-t,6608,0.5718193393578453,0.0
2026-02-26,2026-02-25,GJR-GARCH-t,6608,0.3013709711995846,0.0
2026-02-26,2026-02-25,EGARCH-t,6608,0.2288649374794454,0.0
2026-02-26,2026-02-25,EWMA,6608,0.4232175961198849,
2026-02-27,2026-02-26,GARCH-t,6609,0.5276269471139358,0.0
2026-02-27,2026-02-26,GJR-GARCH-t,6609,0.2877756455245384,0.0
2026-02-27,2026-02-26,EGARCH-t,6609,0.2102121070118853,0.0
2026-02-27,2026-02-26,EWMA,6609,0.4061379262542667,
2026-03-02,2026-02-27,GARCH-t,6610,0.5118469752834275,0.0
2026-03-02,2026-02-27,GJR-GARCH-t,6610,0.2759783315371398,0.0
2026-03-02,2026-02-27,EGARCH-t,6610,0.19381230130266686,0.0
2026-03-02,2026-02-27,EWMA,6610,0.40247094492594293,
2026-03-03,2026-03-02,GARCH-t,6611,0.6516134559753071,0.0
2026-03-03,2026-03-02,GJR-GARCH-t,6611,0.5534985552304247,0.0
2026-03-03,2026-03-02,EGARCH-t,6611,0.3864941565176305,0.0
2026-03-03,2026-03-02,EWMA,6611,0.46519785297217725,
2026-03-04,2026-03-03,GARCH-t,6612,1.5567056803830028,0.0
2026-03-04,2026-03-03,GJR-GARCH-t,6612,2.0389628106269493,0.0
2026-03-04,2026-03-03,EGARCH-t,6612,1.229180463439509,0.0
2026-03-04,2026-03-03,EWMA,6612,0.90239279963276,
2026-03-05,2026-03-04,GARCH-t,6613,1.4317609974715417,0.0
2026-03-05,2026-03-04,GJR-GARCH-t,6613,1.8118019723165812,0.0
2026-03-05,2026-03-04,EGARCH-t,6613,1.0911913894359704,0.0
2026-03-05,2026-03-04,EWMA,6613,0.8860983691800548,
2026-03-06,2026-03-05,GARCH-t,6614,1.5364092592029779,0.0
2026-03-06,2026-03-05,GJR-GARCH-t,6614,2.044204199917242,0.0
2026-03-06,2026-03-05,EGARCH-t,6614,1.4443046068601577,0.0
2026-03-06,2026-03-05,EWMA,6614,0.961894281896274,
2026-03-09,2026-03-06,GARCH-t,6615,1.5513318919342214,0.0
2026-03-09,2026-03-06,GJR-GARCH-t,6615,2.1301107778237776,0.0
2026-03-09,2026-03-06,EGARCH-t,6615,1.712586419800735,0.0
2026-03-09,2026-03-06,EWMA,6615,0.99754749146393,
2026-03-10,2026-03-09,GARCH-t,6616,1.3778134087112808,0.0
2026-03-10,2026-03-09,GJR-GARCH-t,6616,1.9176433077274426,0.0
2026-03-10,2026-03-09,EGARCH-t,6616,1.6268412202215143,0.0
2026-03-10,2026-03-09,EWMA,6616,0.9447871021405824,
2026-03-11,2026-03-10,GARCH-t,6617,1.4948345866501784,0.0
2026-03-11,2026-03-10,GJR-GARCH-t,6617,1.7087627720510365,0.0
2026-03-11,2026-03-10,EGARCH-t,6617,1.4403398819970759,0.0
2026-03-11,2026-03-10,EWMA,6617,1.0369239649598594,
2026-03-12,2026-03-11,GARCH-t,6618,1.3561195731657587,0.0
2026-03-12,2026-03-11,GJR-GARCH-t,6618,1.589149662697677,0.0
2026-03-12,2026-03-11,EGARCH-t,6618,1.4558251434718847,0.0
2026-03-12,2026-03-11,EWMA,6618,0.9936904119901503,
2026-03-13,2026-03-12,GARCH-t,6619,1.2241003836784852,0.0
2026-03-13,2026-03-12,GJR-GARCH-t,6619,1.4652771692993534,0.0
2026-03-13,2026-03-12,EGARCH-t,6619,1.4396774290544483,0.0
2026-03-13,2026-03-12,EWMA,6619,0.9473508751534738,
2026-03-16,2026-03-13,GARCH-t,6620,1.1051785829375942,0.0
2026-03-16,2026-03-13,GJR-GARCH-t,6620,1.3488977201130536,0.0
2026-03-16,2026-03-13,EGARCH-t,6620,1.411371731825685,0.0
2026-03-16,2026-03-13,EWMA,6620,0.9014948551640014,
2026-03-17,2026-03-16,GARCH-t,6621,1.0059261956427283,0.0
2026-03-17,2026-03-16,GJR-GARCH-t,6621,1.2083182448103575,0.0
2026-03-17,2026-03-16,EGARCH-t,6621,1.2503212468585938,0.0
2026-03-17,2026-03-16,EWMA,6621,0.8654963061569416,
2026-03-18,2026-03-17,GARCH-t,6622,0.96378126370633,0.0
2026-03-18,2026-03-17,GJR-GARCH-t,6622,1.0849518165442444,0.0
2026-03-18,2026-03-17,EGARCH-t,6622,1.1111117462824807,0.0
2026-03-18,2026-03-17,EWMA,6622,0.8548107037910903,
2026-03-19,2026-03-18,GARCH-t,6623,0.9733749670204044,0.0
2026-03-19,2026-03-18,GJR-GARCH-t,6623,1.1576762319413294,0.0
2026-03-19,2026-03-18,EGARCH-t,6623,1.2739521681703938,0.0
2026-03-19,2026-03-18,EWMA,6623,0.8575986191985131,
2026-03-20,2026-03-19,GARCH-t,6624,1.5715982149188226,0.0
2026-03-20,2026-03-19,GJR-GARCH-t,6624,2.1494500460303727,0.0
2026-03-20,2026-03-19,EGARCH-t,6624,2.03273415535798,0.0
2026-03-20,2026-03-19,EWMA,6624,1.144389004279581,
2026-03-23,2026-03-20,GARCH-t,6625,1.6513542091071298,0.0
2026-03-23,2026-03-20,GJR-GARCH-t,6625,2.331668832839815,0.0
2026-03-23,2026-03-20,EGARCH-t,6625,2.3770098505705852,0.0
2026-03-23,2026-03-20,EWMA,6625,1.2024592502383196,
2026-03-24,2026-03-23,GARCH-t,6626,1.4565801291691196,0.0
2026-03-24,2026-03-23,GJR-GARCH-t,6626,2.083741371209368,0.0
2026-03-24,2026-03-23,EGARCH-t,6626,2.1804363052688482,0.0
2026-03-24,2026-03-23,EWMA,6626,1.1338627152170238,
2026-03-25,2026-03-24,GARCH-t,6627,1.333041830742911,0.0
2026-03-25,2026-03-24,GJR-GARCH-t,6627,1.8537913185486152,0.0
2026-03-25,2026-03-24,EGARCH-t,6627,1.9141248138178297,0.0
2026-03-25,2026-03-24,EWMA,6627,1.0965069980092115,
2026-03-26,2026-03-25,GARCH-t,6628,1.3978590833215017,0.0
2026-03-26,2026-03-25,GJR-GARCH-t,6628,1.6526671661586065,0.0
2026-03-26,2026-03-25,EGARCH-t,6628,1.686620505512878,0.0
2026-03-26,2026-03-25,EWMA,6628,1.150161712967367,
2026-03-27,2026-03-26,GARCH-t,6629,1.4613708826695802,0.0
2026-03-27,2026-03-26,GJR-GARCH-t,6629,1.8326659499203626,0.0
2026-03-27,2026-03-26,EGARCH-t,6629,1.986739734242768,0.0
2026-03-27,2026-03-26,EWMA,6629,1.1890038833080536,
2026-03-30,2026-03-27,GARCH-t,6630,1.284025728695912,0.0
2026-03-30,2026-03-27,GJR-GARCH-t,6630,1.6342151189033232,0.0
2026-03-30,2026-03-27,EGARCH-t,6630,1.7697034863949557,0.0
2026-03-30,2026-03-27,EWMA,6630,1.117802717756041,
2026-03-31,2026-03-30,GARCH-t,6631,1.4217213117687721,0.0
2026-03-31,2026-03-30,GJR-GARCH-t,6631,1.4598966922250245,0.0
2026-03-31,2026-03-30,EGARCH-t,6631,1.5622770553943837,0.0
2026-03-31,2026-03-30,EWMA,6631,1.2040286321818205,
2026-04-01,2026-03-31,GARCH-t,6632,1.271334555335338,0.0
2026-04-01,2026-03-31,GJR-GARCH-t,6632,1.3060409104729862,0.0
2026-04-01,2026-03-31,EGARCH-t,6632,1.3815642025517232,0.0
2026-04-01,2026-03-31,EWMA,6632,1.1454803293042912,
2026-04-02,2026-04-01,GARCH-t,6633,1.5057069555118558,0.0
2026-04-02,2026-04-01,GJR-GARCH-t,6633,1.1718785556634357,0.0
2026-04-02,2026-04-01,EGARCH-t,6633,1.226384005024694,0.0
2026-04-02,2026-04-01,EWMA,6633,1.2784392353145926,
2026-04-07,2026-04-02,GARCH-t,6634,1.3710528754169868,0.0
2026-04-07,2026-04-02,GJR-GARCH-t,6634,1.0530032905348488,0.0
2026-04-07,2026-04-02,EGARCH-t,6634,1.0901642084333785,0.0
2026-04-07,2026-04-02,EWMA,6634,1.2300894813080967,
2026-04-08,2026-04-07,GARCH-t,6635,1.3007716933683955,0.0
2026-04-08,2026-04-07,GJR-GARCH-t,6635,1.0915758149522299,0.0
2026-04-08,2026-04-07,EGARCH-t,6635,1.2184621171354226,0.0
2026-04-08,2026-04-07,EWMA,6635,1.198817332048103,
2026-04-09,2026-04-08,GARCH-t,6636,1.8633279258266096,0.0
2026-04-09,2026-04-08,GJR-GARCH-t,6636,0.9845776969261274,0.0
2026-04-09,2026-04-08,EGARCH-t,6636,1.0860277783291172,0.0
2026-04-09,2026-04-08,EWMA,6636,1.4965898275371117,
2026-04-10,2026-04-09,GARCH-t,6637,1.631070649500582,0.0
2026-04-10,2026-04-09,GJR-GARCH-t,6637,0.8891716826914293,0.0
2026-04-10,2026-04-09,EGARCH-t,6637,0.9845880322300433,0.0
2026-04-10,2026-04-09,EWMA,6637,1.4069499921694926,
2026-04-13,2026-04-10,GARCH-t,6638,1.4305701132751676,0.0
2026-04-13,2026-04-10,GJR-GARCH-t,6638,0.804601399734537,0.0
2026-04-13,2026-04-10,EGARCH-t,6638,0.8898648387153285,0.0
2026-04-13,2026-04-10,EWMA,6638,1.3225810343170799,
2026-04-14,2026-04-13,GARCH-t,6639,1.2622964452693946,0.0
2026-04-14,2026-04-13,GJR-GARCH-t,6639,0.7362325259975825,0.0
2026-04-14,2026-04-13,EGARCH-t,6639,0.8395029202584389,0.0
2026-04-14,2026-04-13,EWMA,6639,1.2448640900574892,
2026-04-15,2026-04-14,GARCH-t,6640,1.1162137281145004,0.0
2026-04-15,2026-04-14,GJR-GARCH-t,6640,0.6694877011859892,0.0
2026-04-15,2026-04-14,EGARCH-t,6640,0.7517906438907223,0.0
2026-04-15,2026-04-14,EWMA,6640,1.1738124989452923,
2026-04-16,2026-04-15,GARCH-t,6641,1.0171040192691305,0.0
2026-04-16,2026-04-15,GJR-GARCH-t,6641,0.6568688484678066,0.0
2026-04-16,2026-04-15,EGARCH-t,6641,0.7874433917502262,0.0
2026-04-16,2026-04-15,EWMA,6641,1.1165068018743038,
2026-04-17,2026-04-16,GARCH-t,6642,0.9061944110392831,0.0
2026-04-17,2026-04-16,GJR-GARCH-t,6642,0.5997710794957621,0.0
2026-04-17,2026-04-16,EGARCH-t,6642,0.706101853371791,0.0
2026-04-17,2026-04-16,EWMA,6642,1.0544750713098856,
2026-04-20,2026-04-17,GARCH-t,6643,0.8599458285849781,0.0
2026-04-20,2026-04-17,GJR-GARCH-t,6643,0.5502324952406823,0.0
2026-04-20,2026-04-17,EGARCH-t,6643,0.6348416280710287,0.0
2026-04-20,2026-04-17,EWMA,6643,1.0231885748077942,
2026-04-21,2026-04-20,GARCH-t,6644,0.8066095920251714,0.0
2026-04-21,2026-04-20,GJR-GARCH-t,6644,0.5691720233786833,0.0
2026-04-21,2026-04-20,EGARCH-t,6644,0.6961085793381968,0.0
2026-04-21,2026-04-20,EWMA,6644,0.9799405758861636,
2026-04-22,2026-04-21,GARCH-t,6645,0.8640400163639521,0.0
2026-04-22,2026-04-21,GJR-GARCH-t,6645,0.7457754886972902,0.0
2026-04-22,2026-04-21,EGARCH-t,6645,0.8918858192566533,0.0
2026-04-22,2026-04-21,EWMA,6645,0.9875190578860717,
2026-04-23,2026-04-22,GARCH-t,6646,0.774798768795652,0.0
2026-04-23,2026-04-22,GJR-GARCH-t,6646,0.6881378669181113,0.0
2026-04-23,2026-04-22,EGARCH-t,6646,0.8516445289768692,0.0
2026-04-23,2026-04-22,EWMA,6646,0.9308130796599339,
2026-04-24,2026-04-23,GARCH-t,6647,0.6963592762225337,0.0
2026-04-24,2026-04-23,GJR-GARCH-t,6647,0.6358196697030329,0.0
2026-04-24,2026-04-23,EGARCH-t,6647,0.8103987250461068,0.0
2026-04-24,2026-04-23,EWMA,6647,0.8770468524805998,
2026-04-27,2026-04-24,GARCH-t,6648,0.6988208723327366,0.0
2026-04-27,2026-04-24,GJR-GARCH-t,6648,0.6955726274801124,0.0
2026-04-27,2026-04-24,EGARCH-t,6648,0.9184700354834177,0.0
2026-04-27,2026-04-24,EWMA,6648,0.8579716609189515,
2026-04-28,2026-04-27,GARCH-t,6649,0.6689572525775006,0.0
2026-04-28,2026-04-27,GJR-GARCH-t,6649,0.6991629869826967,0.0
2026-04-28,2026-04-27,EGARCH-t,6649,0.9696717935133647,0.0
2026-04-28,2026-04-27,EWMA,6649,0.825335077184787,
2026-04-29,2026-04-28,GARCH-t,6650,0.5988835234391027,0.0
2026-04-29,2026-04-28,GJR-GARCH-t,6650,0.6374284362581113,0.0
2026-04-29,2026-04-28,EGARCH-t,6650,0.8657501027297972,0.0
2026-04-29,2026-04-28,EWMA,6650,0.7765851546918856,
2026-04-30,2026-04-29,GARCH-t,6651,0.7162846726526401,0.0
2026-04-30,2026-04-29,GJR-GARCH-t,6651,0.8546685512322927,0.0
2026-04-30,2026-04-29,EGARCH-t,6651,1.1009051503304046,0.0
2026-04-30,2026-04-29,EWMA,6651,0.8114530589801289,
2026-05-01,2026-04-30,GARCH-t,6652,0.9349330141085974,0.0
2026-05-01,2026-04-30,GJR-GARCH-t,6652,0.7745556009690515,0.0
2026-05-01,2026-04-30,EGARCH-t,6652,0.9810354906851229,0.0
2026-05-01,2026-04-30,EWMA,6652,0.9181773976374101,
2026-05-05,2026-05-01,GARCH-t,6653,0.8330555052490916,0.0
2026-05-05,2026-05-01,GJR-GARCH-t,6653,0.7086969154662958,0.0
2026-05-05,2026-05-01,EGARCH-t,6653,0.9160102911427088,0.0
2026-05-05,2026-05-01,EWMA,6653,0.8643250347233353,
2026-05-06,2026-05-05,GARCH-t,6654,0.9955470147719602,0.0
2026-05-06,2026-05-05,GJR-GARCH-t,6654,1.0400300761488739,0.0
2026-05-06,2026-05-05,EGARCH-t,6654,1.2353964612092572,0.0
2026-05-06,2026-05-05,EWMA,6654,0.9312473684234663,
2026-05-07,2026-05-06,GARCH-t,6655,1.4048531921505363,0.0
2026-05-07,2026-05-06,GJR-GARCH-t,6655,0.9381696813143015,0.0
2026-05-07,2026-05-06,EGARCH-t,6655,1.0980704644384331,0.0
2026-05-07,2026-05-06,EWMA,6655,1.1466057102960803,
2026-05-08,2026-05-07,GARCH-t,6656,1.5485091291098108,0.0
2026-05-08,2026-05-07,GJR-GARCH-t,6656,1.3339389893984313,0.0
2026-05-08,2026-05-07,EGARCH-t,6656,1.4836863750459028,0.0
2026-05-08,2026-05-07,EWMA,6656,1.2240441683687684,
2026-05-11,2026-05-08,GARCH-t,6657,1.3847751698832946,0.0
2026-05-11,2026-05-08,GJR-GARCH-t,6657,1.232758778799594,0.0
2026-05-11,2026-05-08,EGARCH-t,6657,1.4523688901582599,0.0
2026-05-11,2026-05-08,EWMA,6657,1.1615969882739838,
2026-05-12,2026-05-11,GARCH-t,6658,1.2281735562287746,0.0
2026-05-12,2026-05-11,GJR-GARCH-t,6658,1.105470382430939,0.0
2026-05-12,2026-05-11,EGARCH-t,6658,1.2858949026723827,0.0
2026-05-12,2026-05-11,EWMA,6658,1.099424851336951,
2026-05-13,2026-05-12,GARCH-t,6659,1.082702414738653,0.0
2026-05-13,2026-05-12,GJR-GARCH-t,6659,0.994594927513709,0.0
2026-05-13,2026-05-12,EGARCH-t,6659,1.1575483939688758,0.0
2026-05-13,2026-05-12,EWMA,6659,1.03355506343397,
2026-05-14,2026-05-13,GARCH-t,6660,0.9911783167437925,0.0
2026-05-14,2026-05-13,GJR-GARCH-t,6660,0.8968153347741968,0.0
2026-05-14,2026-05-13,EGARCH-t,6660,1.0299283605925307,0.0
2026-05-14,2026-05-13,EWMA,6660,0.9919887263457136,
2026-05-15,2026-05-14,GARCH-t,6661,0.8977682532905863,0.0
2026-05-15,2026-05-14,GJR-GARCH-t,6661,0.8109641791632832,0.0
2026-05-15,2026-05-14,EGARCH-t,6661,0.9186331945010693,0.0
2026-05-15,2026-05-14,EWMA,6661,0.9451089232581056,
2026-05-18,2026-05-15,GARCH-t,6662,1.1759554023675531,0.0
2026-05-18,2026-05-15,GJR-GARCH-t,6662,1.3269207650156036,0.0
2026-05-18,2026-05-15,EGARCH-t,6662,1.3573364415096218,0.0
2026-05-18,2026-05-15,EWMA,6662,1.0671468890231965,
2026-05-19,2026-05-18,GARCH-t,6663,1.212458150968356,0.0
2026-05-19,2026-05-18,GJR-GARCH-t,6663,1.1890753683634938,0.0
2026-05-19,2026-05-18,EGARCH-t,6663,1.2037055767244411,0.0
2026-05-19,2026-05-18,EWMA,6663,1.097096423421093,
2026-05-20,2026-05-19,GARCH-t,6664,1.0685047786043738,0.0
2026-05-20,2026-05-19,GJR-GARCH-t,6664,1.067430361658692,0.0
2026-05-20,2026-05-19,EGARCH-t,6664,1.0703261214810333,0.0
2026-05-20,2026-05-19,EWMA,6664,1.0315307611678437,
2026-05-21,2026-05-20,GARCH-t,6665,1.0492599004057117,0.0
2026-05-21,2026-05-20,GJR-GARCH-t,6665,0.9609689531795703,0.0
2026-05-21,2026-05-20,EGARCH-t,6665,0.9538876626829808,0.0
2026-05-21,2026-05-20,EWMA,6665,1.0272207851525095,
2026-05-22,2026-05-21,GARCH-t,6666,0.9280173508535875,0.0
2026-05-22,2026-05-21,GJR-GARCH-t,6666,0.8673241897780758,0.0
2026-05-22,2026-05-21,EGARCH-t,6666,0.8523289949317968,0.0
2026-05-22,2026-05-21,EWMA,6666,0.9662783761264809,
2026-05-26,2026-05-22,GARCH-t,6667,0.8262967224332174,0.0
2026-05-26,2026-05-22,GJR-GARCH-t,6667,0.7850792280987543,0.0
2026-05-26,2026-05-22,EGARCH-t,6667,0.7632711284047217,0.0
2026-05-26,2026-05-22,EWMA,6667,0.9111551486755043,
2026-05-27,2026-05-26,GARCH-t,6668,0.7391964749765476,0.0
2026-05-27,2026-05-26,GJR-GARCH-t,6668,0.7127958223851744,0.0
2026-05-27,2026-05-26,EGARCH-t,6668,0.68497371808363,0.0
2026-05-27,2026-05-26,EWMA,6668,0.8599284838684315,
2026-05-28,2026-05-27,GARCH-t,6669,0.6600806933072142,0.0
2026-05-28,2026-05-27,GJR-GARCH-t,6669,0.6492174750780002,0.0
2026-05-28,2026-05-27,EGARCH-t,6669,0.6159621614018023,0.0
2026-05-28,2026-05-27,EWMA,6669,0.8093396474759877,
2026-05-29,2026-05-28,GARCH-t,6670,0.6689036153542716,0.0
2026-05-29,2026-05-28,GJR-GARCH-t,6670,0.7096535407259914,0.0
2026-05-29,2026-05-28,EGARCH-t,6670,0.7288616024527295,0.0
2026-05-29,2026-05-28,EWMA,6670,0.7949685201607597,
2026-06-01,2026-05-29,GARCH-t,6671,0.6037123793839032,0.0
2026-06-01,2026-05-29,GJR-GARCH-t,6671,0.6527074593324704,0.0
2026-06-01,2026-05-29,EGARCH-t,6671,0.6933085098806286,0.0
2026-06-01,2026-05-29,EWMA,6671,0.7488123047330996,
2026-06-02,2026-06-01,GARCH-t,6672,0.6058656006991435,0.0
2026-06-02,2026-06-01,GJR-GARCH-t,6672,0.6906085848695723,0.0
2026-06-02,2026-06-01,EGARCH-t,6672,0.7851484538773742,0.0
2026-06-02,2026-06-01,EWMA,6672,0.7314358610144375,
2026-06-03,2026-06-02,GARCH-t,6673,0.5540478073568603,0.0
2026-06-03,2026-06-02,GJR-GARCH-t,6673,0.6298212492385721,0.0
2026-06-03,2026-06-02,EGARCH-t,6673,0.7040359695849835,0.0
2026-06-03,2026-06-02,EWMA,6673,0.6942083440935612,
2026-06-04,2026-06-03,GARCH-t,6674,0.5232329899220641,0.0
2026-06-04,2026-06-03,GJR-GARCH-t,6674,0.6100300185796115,0.0
2026-06-04,2026-06-03,EGARCH-t,6674,0.7253953216572279,0.0
2026-06-04,2026-06-03,EWMA,6674,0.6620581036003459,
2026-06-05,2026-06-04,GARCH-t,6675,0.4786709756670037,0.0
2026-06-05,2026-06-04,GJR-GARCH-t,6675,0.55899958190135,0.0
2026-06-05,2026-06-04,EGARCH-t,6675,0.6513718688462373,0.0
2026-06-05,2026-06-04,EWMA,6675,0.626728998559656,
2026-06-08,2026-06-05,GARCH-t,6676,0.4340230943296405,0.0
2026-06-08,2026-06-05,GJR-GARCH-t,6676,0.5141057486556588,0.0
2026-06-08,2026-06-05,EGARCH-t,6676,0.5859920757739893,0.0
2026-06-08,2026-06-05,EWMA,6676,0.5894650772891641,
2026-06-09,2026-06-08,GARCH-t,6677,0.39523491010979955,0.0
2026-06-09,2026-06-08,GJR-GARCH-t,6677,0.47461414752936926,0.0
2026-06-09,2026-06-08,EGARCH-t,6677,0.5280775416549129,0.0
2026-06-09,2026-06-08,EWMA,6677,0.5542423100921499,
2026-06-10,2026-06-09,GARCH-t,6678,0.6224320420629484,0.0
2026-06-10,2026-06-09,GJR-GARCH-t,6678,0.8404166709977071,0.0
2026-06-10,2026-06-09,EGARCH-t,6678,0.8259094347043204,0.0
2026-06-10,2026-06-09,EWMA,6678,0.6413757581224045,
2026-06-11,2026-06-10,GARCH-t,6679,0.5646898530603796,0.0
2026-06-11,2026-06-10,GJR-GARCH-t,6679,0.761315871291575,0.0
2026-06-11,2026-06-10,EGARCH-t,6679,0.7397650282209765,0.0
2026-06-11,2026-06-10,EWMA,6679,0.6072196279126566,
2026-06-12,2026-06-11,GARCH-t,6680,0.5313153439454814,0.0
2026-06-12,2026-06-11,GJR-GARCH-t,6680,0.6919908422474205,0.0
2026-06-12,2026-06-11,EGARCH-t,6680,0.6641769139046545,0.0
2026-06-12,2026-06-11,EWMA,6680,0.5844761819204409,
2026-06-15,2026-06-12,GARCH-t,6681,0.7772445749609854,0.0
2026-06-15,2026-06-12,GJR-GARCH-t,6681,0.6314665991963238,0.0
2026-06-15,2026-06-12,EGARCH-t,6681,0.5984895821279076,0.0
2026-06-15,2026-06-12,EWMA,6681,0.7059766395104591,
2026-06-16,2026-06-15,GARCH-t,6682,0.7157272309733618,0.0
2026-06-16,2026-06-15,GJR-GARCH-t,6682,0.6108004891792705,0.0
2026-06-16,2026-06-15,EGARCH-t,6682,0.6250845172395227,0.0
2026-06-16,2026-06-15,EWMA,6682,0.6728974485463417,
2026-06-17,2026-06-16,GARCH-t,6683,0.6773789417203175,0.0
2026-06-17,2026-06-16,GJR-GARCH-t,6683,0.5598364823044817,0.0
2026-06-17,2026-06-16,EGARCH-t,6683,0.5633284515619588,0.0
2026-06-17,2026-06-16,EWMA,6683,0.6546960435926182,
2026-06-18,2026-06-17,GARCH-t,6684,0.6072816590308331,0.0
2026-06-18,2026-06-17,GJR-GARCH-t,6684,0.5150084161263135,0.0
2026-06-18,2026-06-17,EGARCH-t,6684,0.5087578214726782,0.0
2026-06-18,2026-06-17,EWMA,6684,0.6165423784666427,
2026-06-19,2026-06-18,GARCH-t,6685,0.6883740717043156,0.0
2026-06-19,2026-06-18,GJR-GARCH-t,6685,0.6936949528483469,0.0
2026-06-19,2026-06-18,EGARCH-t,6685,0.6941633206960764,0.0
2026-06-19,2026-06-18,EWMA,6685,0.6446575943429345,
2026-06-22,2026-06-19,GARCH-t,6686,0.6347728908194166,0.0
2026-06-22,2026-06-19,GJR-GARCH-t,6686,0.6589509637016909,0.0
2026-06-22,2026-06-19,EGARCH-t,6686,0.7051772986344019,0.0
2026-06-22,2026-06-19,EWMA,6686,0.6133545310895248,
2026-06-23,2026-06-22,GARCH-t,6687,0.6237388438219674,0.0
2026-06-23,2026-06-22,GJR-GARCH-t,6687,0.6021850119598067,0.0
2026-06-23,2026-06-22,EGARCH-t,6687,0.6339376771253519,0.0
2026-06-23,2026-06-22,EWMA,6687,0.6074222659421775,
2026-06-24,2026-06-23,GARCH-t,6688,0.5621250133290361,0.0
2026-06-24,2026-06-23,GJR-GARCH-t,6688,0.5543718014939286,0.0
2026-06-24,2026-06-23,EGARCH-t,6688,0.592033544982021,0.0
2026-06-24,2026-06-23,EWMA,6688,0.5714233920621912,
2026-06-25,2026-06-24,GARCH-t,6689,0.515306300785281,0.0
2026-06-25,2026-06-24,GJR-GARCH-t,6689,0.5102725037295092,0.0
2026-06-25,2026-06-24,EGARCH-t,6689,0.5341527207209141,0.0
2026-06-25,2026-06-24,EWMA,6689,0.5430181470702334,
2026-06-26,2026-06-25,GARCH-t,6690,0.5102214411391945,0.0
2026-06-26,2026-06-25,GJR-GARCH-t,6690,0.4715774437897702,0.0
2026-06-26,2026-06-25,EGARCH-t,6690,0.4830047100598675,0.0
2026-06-26,2026-06-25,EWMA,6690,0.5358455392864679,
2026-06-29,2026-06-26,GARCH-t,6691,0.46966862073080273,0.0
2026-06-29,2026-06-26,GJR-GARCH-t,6691,0.4474214334326561,0.0
2026-06-29,2026-06-26,EGARCH-t,6691,0.4785702503530477,0.0
2026-06-29,2026-06-26,EWMA,6691,0.5062956280829711,
2026-06-30,2026-06-29,GARCH-t,6692,0.43575105725379115,0.0
2026-06-30,2026-06-29,GJR-GARCH-t,6692,0.4278729515736117,0.0
2026-06-30,2026-06-29,EGARCH-t,6692,0.47795093763629776,0.0
2026-06-30,2026-06-29,EWMA,6692,0.4790028002755671,
2026-07-01,2026-06-30,GARCH-t,6693,0.3980633678034744,0.0
2026-07-01,2026-06-30,GJR-GARCH-t,6693,0.39902905306277137,0.0
2026-07-01,2026-06-30,EGARCH-t,6693,0.43297546013773086,0.0
2026-07-01,2026-06-30,EWMA,6693,0.45116979778787736,
2026-07-02,2026-07-01,GARCH-t,6694,0.3708798402400525,0.0
2026-07-02,2026-07-01,GJR-GARCH-t,6694,0.3812268377851081,0.0
2026-07-02,2026-07-01,EGARCH-t,6694,0.42672798344097795,0.0
2026-07-02,2026-07-01,EWMA,6694,0.4260275683711684,
2026-07-03,2026-07-02,GARCH-t,6695,0.6522808606741592,0.0
2026-07-03,2026-07-02,GJR-GARCH-t,6695,0.35905662380543973,0.0
2026-07-03,2026-07-02,EGARCH-t,6695,0.3886480711805876,0.0
2026-07-03,2026-07-02,EWMA,6695,0.5643263380390173,
2026-07-06,2026-07-03,GARCH-t,6696,0.589391467012011,0.0
2026-07-06,2026-07-03,GJR-GARCH-t,6696,0.3386207513736836,0.0
2026-07-06,2026-07-03,EGARCH-t,6696,0.35370636875831746,0.0
2026-07-06,2026-07-03,EWMA,6696,0.5340594547939806,
2026-07-07,2026-07-06,GARCH-t,6697,0.5413954551401627,0.0
2026-07-07,2026-07-06,GJR-GARCH-t,6697,0.3351527841623068,0.0
2026-07-07,2026-07-06,EGARCH-t,6697,0.3660228512897715,0.0
2026-07-07,2026-07-06,EWMA,6697,0.5059183746233055,
2026-07-08,2026-07-07,GARCH-t,6698,0.48988293483206885,0.0
2026-07-08,2026-07-07,GJR-GARCH-t,6698,0.3175481687282612,0.0
2026-07-08,2026-07-07,EGARCH-t,6698,0.33348114123850725,0.0
2026-07-08,2026-07-07,EWMA,6698,0.4766133100769758,
2026-07-09,2026-07-08,GARCH-t,6699,0.7990217215423211,0.0
2026-07-09,2026-07-08,GJR-GARCH-t,6699,0.8563352071847328,0.0
2026-07-09,2026-07-08,EGARCH-t,6699,0.6834163904122865,0.0
2026-07-09,2026-07-08,EWMA,6699,0.6158455482805656,
2026-07-10,2026-07-09,GARCH-t,6700,0.7165089410301454,0.0
2026-07-10,2026-07-09,GJR-GARCH-t,6700,0.7810874293171854,0.0
2026-07-10,2026-07-09,EGARCH-t,6700,0.6518229922943836,0.0
2026-07-10,2026-07-09,EWMA,6700,0.5803818962805336,
2026-07-13,2026-07-10,GARCH-t,6701,0.6448316522551598,0.0
2026-07-13,2026-07-10,GJR-GARCH-t,6701,0.709372454765016,0.0
2026-07-13,2026-07-10,EGARCH-t,6701,0.5871440321281848,0.0
2026-07-13,2026-07-10,EWMA,6701,0.5489157371522893,
2026-07-14,2026-07-13,GARCH-t,6702,0.578815513495731,0.0
2026-07-14,2026-07-13,GJR-GARCH-t,6702,0.6465692654851085,0.0
2026-07-14,2026-07-13,EGARCH-t,6702,0.5316368268675211,0.0
2026-07-14,2026-07-13,EWMA,6702,0.5159862373814816,
2026-07-15,2026-07-14,GARCH-t,6703,0.5290406740184057,0.0
2026-07-15,2026-07-14,GJR-GARCH-t,6703,0.5915204850165876,0.0
2026-07-15,2026-07-14,EGARCH-t,6703,0.48094138759028027,0.0
2026-07-15,2026-07-14,EWMA,6703,0.49027713762131103,
2026-07-16,2026-07-15,GARCH-t,6704,0.48217306486388967,0.0
2026-07-16,2026-07-15,GJR-GARCH-t,6704,0.5473285407629174,0.0
2026-07-16,2026-07-15,EGARCH-t,6704,0.46193429199669706,0.0
2026-07-16,2026-07-15,EWMA,6704,0.46184808103538716,
2026-07-17,2026-07-16,GARCH-t,6705,0.4663633563017661,0.0
2026-07-17,2026-07-16,GJR-GARCH-t,6705,0.504398462832894,0.0
2026-07-17,2026-07-16,EGARCH-t,6705,0.41906706603486876,0.0
2026-07-17,2026-07-16,EWMA,6705,0.4512433413292665,
2026-07-20,2026-07-17,GARCH-t,6706,0.430014402099069,0.0
2026-07-20,2026-07-17,GJR-GARCH-t,6706,0.46662831797979115,0.0
2026-07-20,2026-07-17,EGARCH-t,6706,0.3809436564084706,0.0
2026-07-20,2026-07-17,EWMA,6706,0.4284263675251929,
2026-07-21,2026-07-20,GARCH-t,6707,0.46229864885623523,0.0
2026-07-21,2026-07-20,GJR-GARCH-t,6707,0.5371113972645375,0.0
2026-07-21,2026-07-20,EGARCH-t,6707,0.481216820767228,0.0
2026-07-21,2026-07-20,EWMA,6707,0.4334579361558867,
2026-07-22,2026-07-21,GARCH-t,6708,0.45464112333946266,0.0
2026-07-22,2026-07-21,GJR-GARCH-t,6708,0.4954319856874584,0.0
2026-07-22,2026-07-21,EGARCH-t,6708,0.4361931522122786,0.0
2026-07-22,2026-07-21,EWMA,6708,0.42755523145700486,
2026-07-23,2026-07-22,GARCH-t,6709,0.5817333549832121,0.0
2026-07-23,2026-07-22,GJR-GARCH-t,6709,0.4589950720797882,0.0
2026-07-23,2026-07-22,EGARCH-t,6709,0.39619629033693077,0.0
2026-07-23,2026-07-22,EWMA,6709,0.49279849463973546,
2026-07-24,2026-07-23,GARCH-t,6710,0.5959346273233944,0.0
2026-07-24,2026-07-23,GJR-GARCH-t,6710,0.5340909449240677,0.0
2026-07-24,2026-07-23,EGARCH-t,6710,0.49969247521805643,0.0
2026-07-24,2026-07-23,EWMA,6710,0.4950816626156381,
2026-07-27,2026-07-24,GARCH-t,6711,0.6250071460713739,0.0
2026-07-27,2026-07-24,GJR-GARCH-t,6711,0.4928880600659311,0.0
2026-07-27,2026-07-24,EGARCH-t,6711,0.4525868363140578,0.0
2026-07-27,2026-07-24,EWMA,6711,0.5148001101736696,
2026-07-28,2026-07-27,GARCH-t,6712,0.5784580820804094,0.0
2026-07-28,2026-07-27,GJR-GARCH-t,6712,0.4565391023986991,0.0
2026-07-28,2026-07-27,EGARCH-t,6712,0.4107595272855966,0.0
2026-07-28,2026-07-27,EWMA,6712,0.49468992490458336,
2026-07-29,2026-07-28,GARCH-t,6713,0.5933855894996161,0.0
2026-07-29,2026-07-28,GJR-GARCH-t,6713,0.4246773759899297,0.0
2026-07-29,2026-07-28,EGARCH-t,6713,0.37361133058848855,0.0
2026-07-29,2026-07-28,EWMA,6713,0.5057390203484683,
2026-07-30,2026-07-29,GARCH-t,6714,0.5446377325515218,0.0
2026-07-30,2026-07-29,GJR-GARCH-t,6714,0.3965426862417991,0.0
2026-07-30,2026-07-29,EGARCH-t,6714,0.34036836169056506,0.0
2026-07-30,2026-07-29,EWMA,6714,0.482472059443474,
2026-07-31,2026-07-30,GARCH-t,6715,0.4946798628308147,0.0
2026-07-31,2026-07-30,GJR-GARCH-t,6715,0.3745564493549218,0.0
2026-07-31,2026-07-30,EGARCH-t,6715,0.3287386471997194,0.0
2026-07-31,2026-07-30,EWMA,6715,0.4541456967291737,
2026-08-03,2026-07-31,GARCH-t,6716,0.4606855506835615,0.0
2026-08-03,2026-07-31,GJR-GARCH-t,6716,0.368281195526333,0.0
2026-08-03,2026-07-31,EGARCH-t,6716,0.34455943811471923,0.0
2026-08-03,2026-07-31,EWMA,6716,0.43121661918369303,
2026-08-04,2026-08-03,GARCH-t,6717,0.4217919045086081,0.0
2026-08-04,2026-08-03,GJR-GARCH-t,6717,0.34937698621193947,0.0
2026-08-04,2026-08-03,EGARCH-t,6717,0.331724862834344,0.0
2026-08-04,2026-08-03,EWMA,6717,0.40589351416011943,
2026-08-05,2026-08-04,GARCH-t,6718,0.38841481414103385,0.0
2026-08-05,2026-08-04,GJR-GARCH-t,6718,0.3302063596128916,0.0
2026-08-05,2026-08-04,EGARCH-t,6718,0.30301828631399574,0.0
2026-08-05,2026-08-04,EWMA,6718,0.3839317623724303,
2026-08-06,2026-08-05,GARCH-t,6719,0.3568117102844516,0.0
2026-08-06,2026-08-05,GJR-GARCH-t,6719,0.3132863604393985,0.0
2026-08-06,2026-08-05,EGARCH-t,6719,0.27732746538492503,0.0
2026-08-06,2026-08-05,EWMA,6719,0.3612970086864005,
2026-08-07,2026-08-06,GARCH-t,6720,0.3358811754881102,0.0
2026-08-07,2026-08-06,GJR-GARCH-t,6720,0.306616236227602,0.0
2026-08-07,2026-08-06,EGARCH-t,6720,0.2830619290014128,0.0
2026-08-07,2026-08-06,EWMA,6720,0.3417291800739576,
2026-08-10,2026-08-07,GARCH-t,6721,0.3190951567431597,0.0
2026-08-10,2026-08-07,GJR-GARCH-t,6721,0.2925415505801139,0.0
2026-08-10,2026-08-07,EGARCH-t,6721,0.2593156254662153,0.0
2026-08-10,2026-08-07,EWMA,6721,0.32680744022140384,
2026-08-11,2026-08-10,GARCH-t,6722,0.31604336988278736,0.0
2026-08-11,2026-08-10,GJR-GARCH-t,6722,0.3071230342266735,0.0
2026-08-11,2026-08-10,EGARCH-t,6722,0.29121014868450534,0.0
2026-08-11,2026-08-10,EWMA,6722,0.31474846473251106,
2026-08-12,2026-08-11,GARCH-t,6723,0.2994862205264399,0.0
2026-08-12,2026-08-11,GJR-GARCH-t,6723,0.29971088518272604,0.0
2026-08-12,2026-08-11,EGARCH-t,6723,0.29328375225406905,0.0
2026-08-12,2026-08-11,EWMA,6723,0.2975693121928798,
2026-08-13,2026-08-12,GARCH-t,6724,0.28214505709984117,0.0
2026-08-13,2026-08-12,GJR-GARCH-t,6724,0.2891566779898079,0.0
2026-08-13,2026-08-12,EGARCH-t,6724,0.28527692674297445,0.0
2026-08-13,2026-08-12,EWMA,6724,0.28033314465718007,
2026-08-14,2026-08-13,GARCH-t,6725,0.3090500854667692,0.0
2026-08-14,2026-08-13,GJR-GARCH-t,6725,0.34195679433570664,0.0
2026-08-14,2026-08-13,EGARCH-t,6725,0.35215933183283055,0.0
2026-08-14,2026-08-13,EWMA,6725,0.2823314184697768,
2026-08-17,2026-08-14,GARCH-t,6726,0.29573603483494354,0.0
2026-08-17,2026-08-14,GJR-GARCH-t,6726,0.33361063502333044,0.0
2026-08-17,2026-08-14,EGARCH-t,6726,0.35694769140826427,0.0
2026-08-17,2026-08-14,EWMA,6726,0.26803792079867195,
2026-08-18,2026-08-17,GARCH-t,6727,0.2889134479312557,0.0
2026-08-18,2026-08-17,GJR-GARCH-t,6727,0.3331062463403779,0.0
2026-08-18,2026-08-17,EGARCH-t,6727,0.37284322455539237,0.0
2026-08-18,2026-08-17,EWMA,6727,0.25657901274815353,
2026-08-19,2026-08-18,GARCH-t,6728,0.27036177097684194,0.0
2026-08-19,2026-08-18,GJR-GARCH-t,6728,0.31570210570262125,0.0
2026-08-19,2026-08-18,EGARCH-t,6728,0.3395915182020776,0.0
2026-08-19,2026-08-18,EWMA,6728,0.24149360695224656,
2026-08-20,2026-08-19,GARCH-t,6729,0.2553038213629815,0.0
2026-08-20,2026-08-19,GJR-GARCH-t,6729,0.3003846485836552,0.0
2026-08-20,2026-08-19,EGARCH-t,6729,0.3098291893825815,0.0
2026-08-20,2026-08-19,EWMA,6729,0.22823866970959863,
2026-08-21,2026-08-20,GARCH-t,6730,0.24102837276266323,0.0
2026-08-21,2026-08-20,GJR-GARCH-t,6730,0.2868575401128714,0.0
2026-08-21,2026-08-20,EGARCH-t,6730,0.2831326844328252,0.0
2026-08-21,2026-08-20,EWMA,6730,0.21466405689050216,
2026-08-24,2026-08-21,GARCH-t,6731,0.2708559024831842,0.0
2026-08-24,2026-08-21,GJR-GARCH-t,6731,0.27528959686014537,0.0
2026-08-24,2026-08-21,EGARCH-t,6731,0.2595991878134097,0.0
2026-08-24,2026-08-21,EWMA,6731,0.22592926051285397,
2026-08-25,2026-08-24,GARCH-t,6732,0.265571524104338,0.0
2026-08-25,2026-08-24,GJR-GARCH-t,6732,0.2648643610192536,0.0
2026-08-25,2026-08-24,EGARCH-t,6732,0.23818739646146586,0.0
2026-08-25,2026-08-24,EWMA,6732,0.21963699659810554,
2026-08-26,2026-08-25,GARCH-t,6733,0.25731603851874313,0.0
2026-08-26,2026-08-25,GJR-GARCH-t,6733,0.2556290385782869,0.0
2026-08-26,2026-08-25,EGARCH-t,6733,0.2188851121974133,0.0
2026-08-26,2026-08-25,EWMA,6733,0.2116260903061393,
2026-08-27,2026-08-26,GARCH-t,6734,0.2444966504128129,0.0
2026-08-27,2026-08-26,GJR-GARCH-t,6734,0.24906763775838697,0.0
2026-08-27,2026-08-26,EGARCH-t,6734,0.21260320008318417,0.0
2026-08-27,2026-08-26,EWMA,6734,0.19926099663813274,
2026-08-28,2026-08-27,GARCH-t,6735,0.3167556150861694,0.0
2026-08-28,2026-08-27,GJR-GARCH-t,6735,0.36852258048957837,0.0
2026-08-28,2026-08-27,EGARCH-t,6735,0.3179841857134007,0.0
2026-08-28,2026-08-27,EWMA,6735,0.22475237460415273,
