Date,EGARCH-Normal,GARCH-Normal,GJR-GARCH-Normal
2018-01-02,0.23391482911148123,0.41324676084971995,0.2719033874496941
2018-01-03,0.28325880184556895,0.4133408712679016,0.30820067025498465
2018-01-04,0.26222989860459095,0.3874250083954418,0.2950476474259317
2018-01-05,0.24297961854939895,0.36595894896351555,0.283236035437723
2018-01-08,0.22529381191071884,0.3500202643765425,0.2726429539917145
2018-01-09,0.2524881768371068,0.34122881590063364,0.28493184086977535
2018-01-10,0.23375157017450834,0.3347304563410097,0.2741991426617713
2018-01-11,0.21720665415390952,0.31445253029349435,0.26438642840743526
2018-01-12,0.20215456779862573,0.2950532524027812,0.25552023686297487
2018-01-15,0.18830477291012454,0.27847375889498577,0.24752385538827001
2018-01-16,0.18810930270892207,0.2636556860847528,0.2427391434443394
2018-01-17,0.19312767276704296,0.25248018013250406,0.24078226086666107
2018-01-18,0.22464330650894027,0.25839975321191483,0.26069385768470305
2018-01-19,0.2462178629748226,0.25681837612089087,0.26899340243641784
2018-01-22,0.22809314698840868,0.2551431545831507,0.2596233842725335
2018-01-23,0.23489858857794224,0.2462753853327777,0.2576655531928824
2018-01-24,0.21823448002699244,0.2356614650243412,0.24926714840035386
2018-01-25,0.37432916198320004,0.37867954963530004,0.4698592558916771
2018-01-26,0.3991967985383419,0.3662943770217712,0.4615718169274127
2018-01-29,0.36605603909427076,0.37965461588497923,0.43254952414918685
2018-01-30,0.3382082702066524,0.35009700919288284,0.406136589616053
2018-01-31,0.4983268893819777,0.46404692818715815,0.5880761563265386
2018-02-01,0.5883711255568717,0.48657279000899606,0.6339244539851507
2018-02-02,0.6476285315428983,0.4846508796283901,0.6427733105780036
2018-02-05,0.7174320379106456,0.49052567855822204,0.6619225905669861
2018-02-06,1.0067142488659286,0.6957417617430748,0.9823785439157368
2018-02-07,1.7888391213225907,1.4567289129600263,2.155348134451286
2018-02-08,1.5919726304103796,1.6945666538319137,1.9511231872689239
2018-02-09,1.9296180498102313,1.7692076082543262,2.160442523220034
2018-02-12,2.103565032645555,1.7100567687766934,2.1605238106070077
2018-02-13,1.8692014748321233,1.6635033978082288,1.951691262973349
2018-02-14,1.7106640173527037,1.4756502642739129,1.766709415020281
2018-02-15,1.5301886618545784,1.3502066913299842,1.5996463208899698
2018-02-16,1.374702258674254,1.2068259186312429,1.4504089500361215
2018-02-19,1.23343118851323,1.1441191572853695,1.31736410573194
2018-02-20,1.2868956662599165,1.0715387612831002,1.2700364052107391
2018-02-21,1.1634579985971867,0.9561665958449574,1.1558682408439849
2018-02-22,1.0495917266532528,0.8768141564524962,1.05375464707116
2018-02-23,1.047416437929654,0.8065912626259324,0.9897315409749451
2018-02-26,0.9736445900833334,0.7258755523002348,0.9068052551820821
2018-02-27,0.8800343946383455,0.6913430685644723,0.8307205667427159
2018-02-28,0.819572183346639,0.6242785175721772,0.7638106940986166
2018-03-01,0.9023607939350193,0.6241090423134835,0.7862669143776511
2018-03-02,1.0049479168227595,0.6386500759517351,0.8280416557333257
2018-03-05,1.3171560715755515,0.8354218560427757,1.1422497925117843
2018-03-06,1.1842026396869636,0.7914085784951679,1.0414465613154777
2018-03-07,1.0681995689141874,0.7281298674582941,0.9512370640517769
2018-03-08,0.9671519375308725,0.6566033236046314,0.870476622362985
2018-03-09,0.874196911505469,0.6322658097722523,0.7982820196776726
2018-03-12,0.7933947849741231,0.5785111590512759,0.7335200944677379
2018-03-13,0.7484285665268444,0.5269649927950664,0.678363812363782
2018-03-14,0.9246303427223793,0.6130356474060495,0.8201263643315613
2018-03-15,0.8565358986315683,0.555779344912967,0.7542158373562144
2018-03-16,0.7783421369312815,0.5043939121057401,0.6940784249583534
2018-03-19,0.7071396386624292,0.4692670782581858,0.6402414802584054
2018-03-20,1.0711556430507239,0.766906141827257,1.0965765491712165
2018-03-21,0.9689323189515926,0.6950307113002675,1.0004754734101793
2018-03-22,0.9504481718642507,0.6400707915810845,0.9314425311388743
2018-03-23,1.1814618671064483,0.7573288563188544,1.1159163781196566
2018-03-26,1.1797945973455386,0.7062009466478095,1.0510827448145499
2018-03-27,1.1884614048461848,0.665622671590769,0.9992080560633781
2018-03-28,1.0654957685846813,0.8751594418791411,0.9143932004131229
2018-03-29,0.9617670594491523,0.8244180588773653,0.8378268337421604
2018-04-03,0.8723339572268536,0.7419000923858,0.7691926877232232
2018-04-04,0.8735142104617721,0.6858599445525442,0.730863395724364
2018-04-05,0.7940083398207313,0.6185912084640196,0.6733673233164983
2018-04-06,0.713496472059078,1.14155022364545,0.6238994061497654
2018-04-09,0.6938526517864075,1.0250963874596788,0.5857826388475206
2018-04-10,0.6334425112695486,0.9177868506120949,0.5434923322606949
2018-04-11,0.5749062366482749,0.9243249183656509,0.5061976203916722
2018-04-12,0.5492296314310267,0.8312079472205558,0.4750033457393304
2018-04-13,0.5040397691477053,0.7465137747262325,0.4441086718916675
2018-04-16,0.4627737525978415,0.6724532678380151,0.41638766875057204
2018-04-17,0.5948302406248791,0.7074624469686257,0.5370863970147889
2018-04-18,0.5431910834881337,0.65155206952318,0.4999901895891967
2018-04-19,0.49305194945103764,0.752693141349398,0.4672383827709979
2018-04-20,0.4527980205874859,0.6792965700653968,0.4373747461664733
2018-04-23,0.41472062600251197,0.6406615312599795,0.4107093176529683
2018-04-24,0.3808349121013653,0.5951668298982021,0.38674336279797417
2018-04-25,0.350364548182419,0.5506604097931678,0.3652184098372283
2018-04-26,0.4200102171317644,0.548123425508546,0.4125392618972059
2018-04-27,0.38500390690141945,0.5293155866994684,0.3884572108901344
2018-04-30,0.3516220562177966,0.6024404093315212,0.36731488030241877
2018-05-01,0.32495682176135654,0.5460556179891815,0.3478044709438203
2018-05-02,0.3004879516681662,0.49751246642204294,0.3302992385622312
2018-05-03,0.2775925313200994,0.4612906905439035,0.3146171041133555
2018-05-04,0.33170649586879086,0.4582453437879237,0.3503943965501792
2018-05-08,0.30414438954511275,0.49303837174995935,0.3330032453422488
2018-05-09,0.2832901042146087,0.44989139446669263,0.31705188662776657
2018-05-10,0.2598524170746456,0.5797250627441113,0.30388885719018327
2018-05-11,0.240218076519665,0.5494684781645781,0.2911755277968145
2018-05-14,0.22268207843467738,0.5071283988485837,0.2796334195133636
2018-05-15,0.22692265841815276,0.46704417484987104,0.2744617481582026
2018-05-16,0.21098792895110494,0.4283271046002175,0.2645215633501397
2018-05-17,0.19642919282227142,0.3940112480321417,0.2555804808898615
2018-05-18,0.18208745991881975,0.4101130358654767,0.24809739426319835
2018-05-21,0.18174937707811148,0.3794144038638569,0.24317172337242624
2018-05-22,0.16926125026693553,0.4582685504686189,0.23788842790412193
2018-05-23,0.15780935831862183,0.4232169483826228,0.23177985324884914
2018-05-24,0.3041063586896003,0.5408916492756431,0.45100801542689434
2018-05-25,0.42674176374396267,0.5937726197821245,0.5705557844989781
2018-05-29,0.3924682061893447,0.5401134825207198,0.5296023356505665
2018-05-30,0.5993162810413621,0.6799935909436159,0.7733163887948948
2018-05-31,0.546873188436601,0.6688952652609232,0.7113777849348659
2018-06-01,0.5251649747200848,0.6076535026239283,0.6592501674525273
2018-06-04,0.4810105069382841,0.5583371338942063,0.609229179892218
2018-06-05,0.4409882452587411,0.53186839863928,0.5646840569446073
2018-06-06,0.5270480756998851,0.5445951127529498,0.6102982819775583
2018-06-07,0.4827855346935765,0.5046424775304684,0.5656271454991458
2018-06-08,0.45930565162830334,0.4621060934771266,0.5274193474565677
2018-06-11,0.4707679257608981,0.43523311710766255,0.5069955022267514
2018-06-12,0.4314123818706651,0.45191509159467613,0.47339194919187894
2018-06-13,0.46686141873829756,0.4381012106013043,0.4753113991455674
2018-06-14,0.4297217737335167,0.40160710667652877,0.44484591376689636
2018-06-15,0.3942271897467623,0.4340313587192473,0.41776416352620893
2018-06-18,0.7134116082937956,0.7347102614539472,0.8968211985402144
2018-06-19,0.655853583192567,0.6621826056654978,0.8220067391237967
2018-06-20,0.6673958401051726,0.6154324887408206,0.7770526179387071
2018-06-21,0.6091453292764551,0.5655067114870815,0.7151860323961149
2018-06-22,0.7479053473536326,0.6168261843433226,0.8088170470612417
2018-06-25,0.6785034005916417,0.8460011032141554,0.745030938485623
2018-06-26,1.2325734749181476,1.352109622832208,1.57706718519987
2018-06-27,1.110077571446448,1.2140430677717284,1.429597831435295
2018-06-28,1.0010826423778032,1.2085651148831562,1.2994582122466642
2018-06-29,0.9230642420618446,1.0781030534847285,1.183259072404518
2018-07-02,0.8370043281481642,0.9692753299453558,1.0786672519279683
2018-07-03,1.0447352490171333,1.028679031746802,1.2206379560029024
2018-07-04,0.9442950700715737,0.954678220717952,1.1123866418630646
2018-07-05,0.9153891595712519,0.86488594737783,1.0274141813999749
2018-07-06,0.8302666265871482,0.790443134764815,0.9395944563145229
2018-07-09,0.7551615165229448,0.7134102410146699,0.8609696587968071
2018-07-10,0.6860307165003884,0.7289275717574272,0.7907207363873131
2018-07-11,0.6266841170125207,0.6567864305884118,0.7275833591004168
2018-07-12,0.8613301369590877,0.792605482581291,0.9633770949012765
2018-07-13,0.7810864891020086,0.7733441618224396,0.8824349412416607
2018-07-16,0.7115042314361186,0.6970233530528573,0.8098246113762394
2018-07-17,0.8205103548083028,0.7065702964676475,0.8548200392464289
2018-07-18,0.7460982570134225,0.647357203111905,0.7851234706811273
2018-07-19,0.6787024900916742,0.6271914807393235,0.7227483465621508
2018-07-20,0.6200430870756444,0.567964632205971,0.6667391686011435
2018-07-23,0.5783745329956087,0.5166212046991671,0.6172134233334835
2018-07-24,0.5828358900898947,0.4827521874229793,0.5871812177301822
2018-07-25,0.5323587011297694,0.4883479840356798,0.5453370232268454
2018-07-26,0.6097395700050173,0.49922119204806753,0.5819799476613184
2018-07-27,0.5581034289867869,0.455131528266006,0.5405100923905147
2018-07-30,0.5105555228521538,0.43967257117352837,0.5034098640010755
2018-07-31,0.4688696949992606,0.4028598380111679,0.47001184087014214
2018-08-01,0.43004348749080284,0.408119751206773,0.44027438685325976
2018-08-02,0.6324320497195982,0.5566073247396512,0.6785385453233412
2018-08-03,0.7903445118678959,0.6262792999356493,0.801229313877156
2018-08-06,0.7171152828830488,0.6898683464186235,0.7373375314518263
2018-08-07,0.6545388170546754,0.6223614128004149,0.6797210478346405
2018-08-08,0.5966705155893502,0.6134536905727324,0.6282860612854922
2018-08-09,0.5446187278392818,0.6117217626635424,0.5822214600501368
2018-08-10,0.5794813694990909,0.5798979320187863,0.5750123650113234
2018-08-13,0.7258933856353774,0.6375970485229095,0.6947565189686351
2018-08-14,0.7251888038469061,0.590516278707899,0.6587886060421183
2018-08-15,0.7425899899979763,0.5566795619908478,0.6370429091425758
2018-08-16,1.040666243331979,0.7667439564419176,0.9762957665142845
2018-08-17,0.9406265131114478,0.7505339031210086,0.8938546749737893
2018-08-20,0.8543022676832963,0.6756744712822151,0.8198444241721591
2018-08-21,0.7760753291018051,0.6274058350477995,0.7537863122913454
2018-08-22,0.7758693894224274,0.5830939997953879,0.713699902049537
2018-08-23,0.7070360523558337,0.5295905369610012,0.658756481023678
2018-08-24,0.6720898735199375,0.4855146481977442,0.6129561140300099
2018-08-28,0.6137097305665852,0.44578414289252927,0.5684988931907607
2018-08-29,0.5605545219224733,0.4343866576254116,0.5286900487981051
2018-08-30,0.6479841164869008,0.45962990301638545,0.5784781451287567
2018-08-31,0.7159371340698895,0.4684779523341359,0.6036602500716497
2018-09-03,0.9034007607250958,0.5743258562374002,0.7722958776582026
2018-09-04,0.818470762076888,0.6167076037961229,0.7114986601709606
2018-09-05,0.88137360930157,0.6060301859426969,0.7224228657549354
2018-09-06,1.0412773205777603,0.6678041954398997,0.8378142415151613
2018-09-07,1.1633914040797813,0.6939754236382178,0.8993467818680171
2018-09-10,1.1948579670095572,0.6656005247243135,0.8787484512077391
2018-09-11,1.0799735118895102,0.6012443030066654,0.8065169765926186
2018-09-12,0.9944401984384877,0.5462473860284964,0.7428976938468752
2018-09-13,0.9005348612661507,0.5254953723381773,0.6851058111228853
2018-09-14,0.9138823833947406,0.5025360643986205,0.6648850475966351
2018-09-17,0.829249189311936,0.46639683990152014,0.6151515959675417
2018-09-18,0.7576275833638532,0.42681257373547865,0.5706019556194526
2018-09-19,0.6931585516064446,0.39198498316146707,0.5306409842641849
2018-09-20,0.6316198548364158,0.3775904744581518,0.4947825030473217
2018-09-21,0.5765378500846194,0.3714742083783451,0.46263620030373087
2018-09-24,0.5288589953152513,0.630935232008905,0.4351220371681023
2018-09-25,0.5587591635358694,0.594190902463317,0.43931957225587626
2018-09-26,0.511328943606043,0.5811929882021255,0.41312222292667705
2018-09-27,0.46933690174462417,0.5274913930442177,0.3893644623859499
2018-09-28,0.4309345602517608,0.49913936990254426,0.36815232124300157
2018-10-01,0.47144024431038345,0.4830292501210088,0.3856641895486219
2018-10-02,0.4629829747159431,0.44698292167295456,0.370830135135922
2018-10-03,0.4698769567323092,0.4205573237735962,0.3645668358334602
2018-10-04,0.4313856414052827,0.40763633495608315,0.34591592303390906
2018-10-05,0.6299140329848355,0.5502060610633575,0.5861599522988155
2018-10-08,0.8752729195499219,0.7109421213386865,0.8554463018968547
2018-10-09,1.0808706459824775,0.800389985296903,1.018324889509983
2018-10-10,0.978393248901849,0.7196106176363862,0.9309986852874338
2018-10-11,1.2178378010013626,0.837269673882385,1.1303711740212699
2018-10-12,1.7044706541256458,1.1913413038292433,1.6901398092114661
2018-10-15,1.5723182320453424,1.0654511089454557,1.5353718712818727
2018-10-16,1.411856648419449,0.9732369861302169,1.393925254795249
2018-10-17,1.2707041669281638,0.888416412151502,1.267773958748248
2018-10-18,1.161781366658694,0.7981878723739394,1.155735378595077
2018-10-19,1.1461819131380282,0.7377460223695402,1.0804363560118657
2018-10-22,1.0358237047116412,0.6742100090953923,0.9876730468816901
2018-10-23,0.9588424757629047,0.6110863949658049,0.906103082266133
2018-10-24,1.1893135612919534,0.7339326227510395,1.0953332107207794
2018-10-25,1.0743101125867658,0.662374755051194,1.0010600771119391
2018-10-26,0.9715616398586858,0.6325473090287255,0.9167545853275811
2018-10-29,1.1075437298912365,0.6727471474979144,0.9846240262627779
2018-10-30,1.0009158445146613,0.7673729250443192,0.9023367237843521
2018-10-31,0.9071644504219482,0.6922398321603704,0.8281876009509066
2018-11-01,0.8228678513383559,0.8005933427288672,0.7621238640984622
2018-11-02,0.7859377524728647,0.725613287555264,0.7081247600166065
2018-11-05,0.7735185242655382,0.665887181432064,0.6677416624972333
2018-11-06,0.7042045499527345,0.6031955657570882,0.6177093351331326
2018-11-07,0.8325900789644993,0.6402683851919421,0.7065811022776415
2018-11-08,0.7565931418924434,0.6992973983562123,0.6529380853395863
2018-11-09,0.6890721085906629,0.6408440305514439,0.6045336615203676
2018-11-12,0.7267092163135759,0.6107074798302494,0.6021778898292265
2018-11-13,0.8176833619224523,0.6182393949310788,0.6500573281204884
2018-11-14,0.7437341975039731,0.5602653019095835,0.6019272087006489
2018-11-15,0.7326912844569667,0.5201826541728481,0.571932768329653
2018-11-16,0.6673498055369287,0.47403832271035934,0.5318290331906157
2018-11-19,0.6732237041439417,0.4487837147602862,0.5152253259396065
2018-11-20,0.6470845322133173,0.416312532559001,0.4864423070416922
2018-11-21,0.7439049841827807,0.45129300362319763,0.5520575805475731
2018-11-22,0.6789019237978985,0.6359595085014911,0.5146411985631084
2018-11-23,0.9078134779492847,0.7646714975575912,0.7582440093333238
2018-11-26,0.8447840861172178,0.6906874056850775,0.7005181269646892
2018-11-27,0.7677267596086321,0.7692318676951986,0.6475620269242981
2018-11-28,0.7525910546074347,0.7028132174122604,0.6117561616147685
2018-11-29,0.7187828725758951,0.6392986053606751,0.5726089436355757
2018-11-30,0.6550924625292422,0.6015886097234819,0.5326059413211802
2018-12-03,0.7702803190996715,0.6282559457556992,0.6146180842537826
2018-12-04,0.7013441828321444,0.7097530775840601,0.5705378384923318
2018-12-05,0.752731865912489,0.6791867375678844,0.5833502754423249
2018-12-06,1.03256829392934,0.8526682803652793,0.896312707564522
2018-12-07,2.037375330447602,1.921234983991409,2.5853759071140243
2018-12-10,1.8185739367026457,1.8260018906994988,2.3310686248422967
2018-12-11,1.8955295808061345,1.7011303664801285,2.223360347989912
2018-12-12,1.6949381402958397,1.6759818776862878,2.0094829599718835
2018-12-13,1.5188880038042716,1.6057701113178402,1.81808948081301
2018-12-14,1.373064264834027,1.4258440608090435,1.6466604187399532
2018-12-17,1.362836145959394,1.2959312393450424,1.5306977267278228
2018-12-18,1.532383412770253,1.2849521217019584,1.5798732280597767
2018-12-19,1.69932387290236,1.2765532205500447,1.6257629210238977
2018-12-20,1.5232333333273445,1.2308078471754096,1.4754477470497969
2018-12-21,1.6041407132462295,1.1736117035402844,1.4491572781079558
2018-12-24,1.4406112870544376,1.0482581045337156,1.3171798202858542
2018-12-27,1.4411857457886186,0.9711608908082968,1.2452096438845577
2018-12-28,1.7716463197386643,1.1364736686739134,1.5307945327958834
2018-12-31,1.5863203897993452,1.5512836232614737,1.391980483616161
2019-01-02,1.4470178310099626,1.379755636882655,1.2670508883540124
2019-01-03,1.3023114662384065,1.2284398220324553,1.1540685508970987
2019-01-04,1.3392760972137332,1.1418736446291184,1.1171451357096416
2019-01-07,1.2051348630877035,1.5060998668680357,1.02145428933962
2019-01-08,1.1850945263353037,1.3584740968456788,0.9592073326049271
2019-01-09,1.0697876410239113,1.2646823129342157,0.8785631623109625
2019-01-10,0.9676000092137513,1.1695665866747282,0.8062168443053132
2019-01-11,0.876881188031349,1.0702877258976302,0.7412426515849192
2019-01-14,0.8727372755407411,0.9733316485320256,0.703933325647903
2019-01-15,1.0080118112557341,0.9706844649685323,0.7927932593093904
2019-01-16,0.9127076815425896,0.9021792740340963,0.729343931267995
2019-01-17,0.9329795837340462,0.8366947159071079,0.7093267510034879
2019-01-18,0.9366376539497697,0.7725365233819818,0.6819236443919341
2019-01-21,0.8485402778874005,1.0908714053001412,0.6321365841909069
2019-01-22,0.7714745907182328,0.9751833392405813,0.5853398619440523
2019-01-23,0.9276082682809801,0.9896387058665858,0.7126766820119201
2019-01-24,1.044560950790072,0.9716666835154277,0.7803217193120795
2019-01-25,1.0269218532364068,0.886545895223745,0.7386353451067391
2019-01-28,0.9610888904613993,0.79916289758296,0.684268811380342
2019-01-29,1.0950929498674358,0.8173009409221109,0.7743337660979736
2019-01-30,0.9892636718467173,0.9042223889519124,0.7134201658503339
2019-01-31,0.8949871530322748,1.0668572659597209,0.6590691106999541
2019-02-01,0.8124535744277736,0.9681998343831741,0.6098098184023668
2019-02-04,0.7384219943009923,0.9209620359118085,0.5657978705228673
2019-02-05,0.6728737642066475,0.829033444940329,0.5261508599620653
2019-02-06,0.6136890066107245,1.173773503191444,0.4927181787891138
2019-02-07,0.5702305714684084,1.0491004567630924,0.46129495627596284
2019-02-08,0.749515338074979,1.082361114921508,0.6429221039187012
2019-02-11,0.7454961120080019,0.9813902539004138,0.6121264571478274
2019-02-12,0.6787274196304584,0.9458668858514853,0.5681857119235407
2019-02-13,0.6198865942390118,0.8482910522914182,0.528632379523212
2019-02-14,0.5662166681281023,0.8271995348968411,0.49334064965797375
2019-02-15,0.5187664012285313,0.7441937818271441,0.46149353324966597
2019-02-18,0.4755432139746953,0.6998389114867127,0.4330245571676382
2019-02-19,0.47429927515613857,0.6398984793812278,0.4166592949320596
2019-02-20,0.531018194927813,0.6176173010045182,0.4453081130825219
2019-02-21,0.48639748034586994,0.6058698688688839,0.41857218236802535
2019-02-22,0.6017846043658313,0.6346421919340537,0.5164267915273021
2019-02-25,0.5507416920233028,0.5762019380236334,0.48218654931553145
2019-02-26,0.5049676378453563,0.5232741520915953,0.451490803826437
2019-02-27,0.5412495362265309,0.5027185752833716,0.45848900516271646
2019-02-28,0.6082765178453292,0.504717561694805,0.49383082522875815
2019-03-01,0.6415151500324365,0.4867687043632922,0.4969062350077783
2019-03-04,0.5858787577005982,0.4636436290852141,0.46474452918292475
2019-03-05,0.5360244489126169,0.4380161119034151,0.4358978172164605
2019-03-06,0.4908776000279954,0.4481102091604519,0.41014388375444927
2019-03-07,0.4507898686388828,0.41270479351709954,0.38687399250847193
2019-03-08,0.5031920872872463,0.41498508391143196,0.41391947100509785
2019-03-11,0.5973438319473715,0.44840177979082085,0.48419645707044107
2019-03-12,0.5463001284361929,0.4232143203789927,0.4532825709875382
2019-03-13,0.5005228767720652,0.39580644544532473,0.42556005380236794
2019-03-14,0.4594661267391786,0.3652265633109924,0.4006730365707305
2019-03-15,0.42214621549665987,0.34974825997335185,0.3783955023588765
2019-03-18,0.3883327087425521,0.3587305022550153,0.3585028337357735
2019-03-19,0.357718051765584,0.42952831086477883,0.34098073863633116
2019-03-20,0.3301487157931246,0.4043375736270619,0.32484355174018187
2019-03-21,0.369530845615558,0.3980362739117482,0.34442133099189304
2019-03-22,0.3406069552685786,0.4446260588362912,0.32829557627780775
2019-03-25,0.7400009508999756,0.8765161694218018,1.0098876516092825
2019-03-26,0.7575714786694823,0.8078795280271274,0.9525165956985163
2019-03-27,0.6900353238866314,0.7313910069347294,0.8726717775304059
2019-03-28,0.6336762603270023,0.6594139493627124,0.8015515876237753
2019-03-29,0.5791595540315091,0.6259543611312449,0.7381566842363598
2019-04-01,0.530201446654558,0.6042319501306203,0.681462264607999
2019-04-02,0.4862514955303036,0.5739468512065622,0.6306449441580768
2019-04-03,0.44640738794073287,0.6236661084437966,0.5852686259394171
2019-04-04,0.41073360198465053,0.5768945875667001,0.5443776191092053
2019-04-05,0.4107460822999052,0.5309062452884884,0.515623429168496
2019-04-08,0.3783422328760169,0.5191160827051955,0.48194840190433436
2019-04-09,0.3493633551511667,0.47315133982965385,0.45164710584148887
2019-04-10,0.3727916030924257,0.4491356514689572,0.4450029986257514
2019-04-11,0.35018731186797386,0.41231890215916533,0.41881575091806483
2019-04-12,0.32987013512836083,0.37998049584605786,0.3953271656133054
2019-04-15,0.30524896452980343,0.35613165627851323,0.37383651409231805
2019-04-16,0.2830310379814927,0.3298259070221027,0.3544898084898512
2019-04-17,0.2624789323335072,0.3249075246848302,0.3371970084493652
2019-04-18,0.24393842439517416,0.30219680835345447,0.3215370581149379
2019-04-23,0.24381848997715935,0.28606991898288825,0.3112185647163201
2019-04-24,0.22690769381415093,0.3405469417208757,0.2987655822950776
2019-04-25,0.2996310549619335,0.3730347422896199,0.36545566821713965
2019-04-26,0.3471600358196581,0.3766727815014803,0.38950896543912156
2019-04-29,0.3307231003935096,0.3491346302773086,0.36950856383032515
2019-04-30,0.30607661987468104,0.32548871481613284,0.3506019731715737
2019-05-01,0.32315820734909084,0.3152459585289974,0.3486840879857947
2019-05-02,0.3609859318462608,0.3189507318755059,0.36460587791380766
2019-05-03,0.40110956313250373,0.3239672916603659,0.3814137219182147
2019-05-07,0.3696952646549799,0.31597071053433057,0.3613164228939175
2019-05-08,0.6604171747185316,0.6034900695030626,0.7958239208114786
2019-05-09,0.6032717415602982,0.5477951563084605,0.7322693046022685
2019-05-10,0.7266430287233336,0.5892433079265221,0.8047180718988928
2019-05-13,0.6719176898542523,0.5350343671179144,0.7409775770531857
2019-05-14,0.721591612630702,0.5241393485936119,0.7339217241028636
2019-05-15,0.6574615189016739,0.5980038798136679,0.6781102611476981
2019-05-16,0.6001501934385011,0.6003170248670722,0.6277059659197052
2019-05-17,0.54874700077454,0.6037750688181418,0.5825133966978352
2019-05-20,0.5131453119703683,0.5482454186007206,0.5424701306564208
2019-05-21,0.5599960541157796,0.5313502340101582,0.549569423833585
2019-05-22,0.5133576485647214,0.4886784835941484,0.512314845954764
2019-05-23,0.471633898681482,0.44648523591624173,0.478881550991382
2019-05-24,0.7162626621111122,0.6389464438446845,0.7838043259149371
2019-05-28,0.6529295035618176,0.618908594507972,0.7224259916556031
2019-05-29,0.6174675562009044,0.56317363483333,0.6694999090982626
2019-05-30,0.8079603109323816,0.6664885086738059,0.8431079904187826
2019-05-31,0.7352310440876781,0.6220031148016514,0.7755556934818973
2019-06-03,0.8368427826967859,0.6364256434486546,0.8172409897100394
2019-06-04,0.7613553889624394,0.585226282601716,0.7524564104090198
2019-06-05,0.6938250319938678,0.5467070777003988,0.6944811659396363
2019-06-06,0.6340168008270443,0.4976992649328906,0.6424816873725627
2019-06-07,0.5795618956107705,0.4833036089165294,0.5959159137540174
2019-06-10,0.5300648143868181,0.5406987406762217,0.5542539120792749
2019-06-11,0.4860539298751735,0.5261826141207141,0.5167295829041149
2019-06-12,0.4467798356179687,0.48778436914378176,0.4829667935488245
2019-06-13,0.4778353889808,0.46792084154426944,0.4812657531313918
2019-06-14,0.43980329435785614,0.42826341592011347,0.45107368826697275
2019-06-17,0.45259856278633626,0.406192018941384,0.4395385937912341
2019-06-18,0.416683065842452,0.3755675611364457,0.4135736946468578
2019-06-19,0.38323904217103005,0.48479955026285443,0.3908631184134859
2019-06-20,0.43495883804874563,0.47788198946809185,0.4164853943537847
2019-06-21,0.40063459848571215,0.44368706774126354,0.3929413606696936
2019-06-24,0.40234141986705446,0.4143989313377437,0.38010215123402274
2019-06-25,0.37127484188094734,0.38209276896513494,0.36019503141605763
2019-06-26,0.34307233865074743,0.3529725750597738,0.3422781930040401
2019-06-27,0.32711458675519073,0.32855710028843393,0.32713589127143355
2019-06-28,0.3272094287981464,0.31109220055962145,0.31833749749346335
2019-07-01,0.30268280076221754,0.29882182365802523,0.3046725815610431
2019-07-02,0.2804857287619707,0.37400700548040344,0.29310582246620437
2019-07-03,0.26009374516033257,0.4127862195950165,0.28258175162245314
2019-07-04,0.24152008714355186,0.4223263373834575,0.2729624646661758
2019-07-05,0.23253725962404084,0.38934416469283933,0.2647348232161812
2019-07-08,0.30226608544718175,0.41264593978758757,0.3303348077656021
2019-07-09,0.2857685749365472,0.38033903065608154,0.3158232446340549
2019-07-10,0.2856237179679967,0.35571043908291405,0.30703025163075603
2019-07-11,0.27368035248570366,0.33086117990271957,0.2953857042127477
2019-07-12,0.28824161352665584,0.3182553669445387,0.2966029962722427
2019-07-15,0.2727228325291014,0.2972966752778875,0.2854333117761264
2019-07-16,0.2531544901075428,0.2883823098601351,0.2751047966162728
2019-07-17,0.2353056951396919,0.30544876174035107,0.2660551113041975
2019-07-18,0.28800240628101026,0.3227626310417981,0.3080559198630951
2019-07-19,0.34399103063879616,0.3394913103258586,0.34797629028020083
2019-07-22,0.31812304530522595,0.3184217901541616,0.3311725497997366
2019-07-23,0.2947098716911336,0.29682651413091676,0.31604812175351255
2019-07-24,0.27311709622154684,0.30746968947908865,0.3027086738592077
2019-07-25,0.35616059102919273,0.3516533722337615,0.3802506639753692
2019-07-26,0.3510335861899131,0.33007177093240836,0.36443499790758793
2019-07-29,0.3242516543037017,0.3705127301097111,0.3463949277803364
2019-07-30,0.30043050079427247,0.6864973140251518,0.332186360012691
2019-07-31,0.34986088434088247,0.6528697915907002,0.3618681901125897
2019-08-01,0.44660520896460393,0.6641302924753802,0.4472262830048656
2019-08-02,0.41370602588855393,0.6002330811258985,0.4202741556559407
2019-08-05,0.9471819012502022,1.1842871944185636,1.351458387345013
2019-08-06,1.6399939832669912,1.781129866894373,2.311455829996144
2019-08-07,1.6860126056120561,1.6383854980683141,2.173499555822705
2019-08-08,1.5072308709953284,1.4630191550445675,1.9618402049321986
2019-08-09,1.3536393462500644,1.4507036721975406,1.7754832665233173
2019-08-12,1.3339027795279357,1.3120847310729427,1.6403348959754644
2019-08-13,1.2980348120242875,1.1849123019126766,1.5110756909959981
2019-08-14,1.1685118115010587,1.0653485037216437,1.3723638499577115
2019-08-15,1.4613686465686475,1.188249641373525,1.5948809129999855
2019-08-16,1.6550528382491816,1.2104154778991119,1.666423906639815
2019-08-19,1.483225535025836,1.1281193601052224,1.5117109788469734
2019-08-20,1.3327109540865272,1.11211484701307,1.373682079212867
2019-08-21,1.453475698584042,1.0890287024074492,1.3873339355588012
2019-08-22,1.3067161086814534,1.098102052874749,1.2624833936205881
2019-08-23,1.4767581196248347,1.1113171612666621,1.3387802626314034
2019-08-27,1.4564729010243374,1.0187593092905423,1.2549622129975302
2019-08-28,1.3275023017680265,0.9113753226814357,1.1445438704724848
2019-08-29,1.1955730525949542,0.8272893197055398,1.0448432007938038
2019-08-30,1.0791962716629555,0.8401339428704275,0.9558049302392699
2019-09-02,0.9759449877309986,0.76247655229686,0.8757000190882916
2019-09-03,0.8845246336095284,0.7956846451640945,0.8044027372533292
2019-09-04,0.8417266571819882,0.7200474787862365,0.7456531099889837
2019-09-05,0.764865600798319,0.6826689518225328,0.6874502711457907
2019-09-06,0.8110343567295737,0.6533380356037398,0.6857936025614483
2019-09-09,0.7372557252361306,0.5912767957671521,0.633556082918361
2019-09-10,0.8051924560283579,0.5859664409959597,0.6558838617885154
2019-09-11,0.7320799752511957,0.5493948291117071,0.6069464344018713
2019-09-12,0.6673466341214663,0.5938166555115566,0.5636793142811901
2019-09-13,0.6087182196969163,0.5380045942512633,0.5241781189362026
2019-09-16,0.5562085407045952,0.4971354484953955,0.4888398797169953
2019-09-17,0.6252217618871772,0.5017683554572583,0.5238191547832725
2019-09-18,0.5717597621338333,0.4572047128287232,0.48858639504981344
2019-09-19,0.5361414568469208,0.4194596646137036,0.45812863450067726
2019-09-20,0.4913146119469504,0.4177096592974008,0.42997409318608315
2019-09-23,0.4744654921180863,0.38730898054832347,0.40845998031728836
2019-09-24,0.4756366974518375,0.36604519379833206,0.39615715792835543
2019-09-25,0.5159217103364067,0.36705675270812294,0.4123873209558925
2019-09-26,0.47376630060914665,0.3391495846568792,0.3888345264035188
2019-09-27,0.43620095421949445,0.3865253209833838,0.3682448269347327
2019-09-30,0.40280120027187505,0.46394741835258757,0.35017471155605506
2019-10-01,0.4061811566941816,0.4323821136549689,0.34299615379621823
2019-10-02,0.47988883119199693,0.44834237774201013,0.3983001692248129
2019-10-03,1.4112744701681688,1.6478674832077935,2.2053184749379673
2019-10-04,1.4444164415066754,1.5054586238715042,2.057459458473556
2019-10-07,1.298659688546678,1.4594311749802247,1.8610946202015894
2019-10-08,1.170242252589815,1.3278673066710889,1.6850314110367044
2019-10-09,1.2545765998410363,1.2495507879818686,1.6254175441993381
2019-10-10,1.1321324685732748,1.1200987949964538,1.4751592670495528
2019-10-11,1.0240568021493974,1.0044432724795016,1.3411343203703137
2019-10-14,0.9273751206834252,0.9695304521688577,1.221661038735697
2019-10-15,0.9459326388662235,0.8939725681934827,1.1502078151590691
2019-10-16,0.863470667489331,0.8007414097249623,1.0507361314577206
2019-10-17,0.9190715420527363,0.7642915717111755,1.0224276312481742
2019-10-18,0.8351024539157139,0.6899386131414731,0.9362261394176458
2019-10-21,0.8535926125033858,0.6469376967633813,0.8911614450035664
2019-10-22,0.7766179903326504,0.5865169841387753,0.8185527925899836
2019-10-23,0.7072696247521613,0.578002931467416,0.7535976072279469
2019-10-24,0.6452725111454765,0.5684999020223733,0.6953651483842125
2019-10-25,0.5895440544022837,0.6046264618783929,0.643448810782417
2019-10-28,0.5480388958940495,0.5479271209184563,0.5967102204731821
2019-10-29,0.5027839347066654,0.497814095087556,0.5543536510791801
2019-10-30,0.5181488093860117,0.469350390655451,0.5356387366698367
2019-10-31,0.47554461189251646,0.438775405005519,0.4996817316609381
2019-11-01,0.6508145917851945,0.5539136575903043,0.6819348354117034
2019-11-04,0.5946470997349753,0.558920090755649,0.6311733246957507
2019-11-05,0.5441176973057996,0.5943575014211893,0.5857892331960182
2019-11-06,0.49922187006546437,0.5433862451822448,0.5449096776229967
2019-11-07,0.4588395266653643,0.49440261888569703,0.5082253232232712
2019-11-08,0.4222965461550384,0.4518232340769849,0.4753132334087566
2019-11-11,0.4929973016221918,0.46377548672816754,0.5134528425458322
2019-11-12,0.5231088972570992,0.4470519478113679,0.509370066711908
2019-11-13,0.48000452262344523,0.4339037281658621,0.4764793249541411
2019-11-14,0.47123958431774293,0.4035767916408335,0.4529496934096749
2019-11-15,0.5739967879581643,0.4485590589204397,0.5322006864745833
2019-11-18,0.525997151470179,0.41191663067954554,0.4968664699541211
2019-11-19,0.482770486408232,0.378720149564835,0.4652086618744882
2019-11-20,0.44363411451061313,0.35342841002017583,0.4368502721760769
2019-11-21,0.5544123248013052,0.41290925569328607,0.5295606305753616
2019-11-22,0.5648210569299331,0.3941392428065997,0.5123238492139462
2019-11-25,0.517646048407788,0.5182667935137527,0.47942490558482204
2019-11-26,0.47496403514380975,0.5642811037235029,0.4498398915911353
2019-11-27,0.4368700911041094,0.512087613358239,0.4230972550035459
2019-11-28,0.4022793663656198,0.47807447276866266,0.3991684448298218
2019-11-29,0.39673905753721206,0.44163356480343385,0.3829575590239893
2019-12-02,0.5269171729723112,0.5118887446655291,0.5134536226932359
2019-12-03,0.6372515525569059,0.5488251679944149,0.5947258229077488
2019-12-04,0.9969045027360062,0.8585715614589255,1.07600466239082
2019-12-05,0.9032169173734084,0.7845113173596676,0.9823504457233976
2019-12-06,0.9816956837214378,0.7650651497599988,0.9825493212269594
2019-12-09,0.8897680067640142,0.9018560665694814,0.9007363586990382
2019-12-10,0.8238797470296582,0.8076216369377307,0.8271543076075397
2019-12-11,0.8064581111752789,0.7350797932859086,0.7732695617450585
2019-12-12,0.7344668066890108,0.6610813219823374,0.7124929486878896
2019-12-13,0.6694705817941532,0.6603205024958656,0.6583305408499537
2019-12-16,0.6110734708230865,0.7209617679504438,0.6099642718135553
2019-12-17,0.5585801437595637,1.1886878689205387,0.567413234942088
2019-12-18,0.5120080179985524,1.0564804498245792,0.528383589364317
2019-12-19,0.47011251455460873,0.9447238349042099,0.4934193786095394
2019-12-20,0.43216825213982824,0.8622648419444643,0.462129774720739
2019-12-23,0.398155671232466,0.7730040118151166,0.4340183025082797
2019-12-24,0.36705936211766416,0.7229143201270058,0.40894587815801847
2019-12-27,0.33915857782851005,0.6512435227954972,0.3863285465866128
2019-12-30,0.31376771156278854,0.5897989555855502,0.366045861782653
2019-12-31,0.40395037225924113,0.6044075793651649,0.44496927606275366
2020-01-02,0.46649106651587063,0.590521654298014,0.4771691445620065
2020-01-03,0.4285306157505035,0.6032640701807694,0.4476541523710429
2020-01-06,0.3947776656348064,0.5505732185327218,0.4210709198551288
2020-01-07,0.46244516065272323,0.5476224196486866,0.4616981929284452
2020-01-08,0.4275978478966851,0.4975900700630976,0.43365148069962145
2020-01-09,0.39430350181990004,0.45351907861497476,0.40850337916047547
2020-01-10,0.3637611235195859,0.4231415565716711,0.3860062428764453
2020-01-13,0.35422734989354254,0.39143438765271443,0.3687289260304202
2020-01-14,0.32731594315464,0.37478307956971385,0.3503864869353099
2020-01-15,0.3031633458226225,0.3459538098122235,0.3338666930384671
2020-01-16,0.2809480337658794,0.32674199298784445,0.31907644026178494
2020-01-17,0.31761746507585403,0.3285767066260609,0.33719736397368094
2020-01-20,0.2938358028906224,0.38037595798738705,0.3224310793532289
2020-01-21,0.3116984379560598,0.3636846832194532,0.32409724742618806
2020-01-22,0.36389595844894357,0.3725929801103503,0.35810693752859957
2020-01-23,0.41261348816503257,0.37752629709399455,0.3845609369380519
2020-01-24,0.5246792384362476,0.4365772891670796,0.4866488423032237
2020-01-27,0.48075684716129086,0.5134791574764968,0.45633872246063906
2020-01-28,1.0052671767672694,1.097539441732953,1.3510979817687612
2020-01-29,0.9096802807850376,1.0648098808511857,1.2271714373897156
2020-01-30,0.8250692984391341,0.9462685238833712,1.1158244538114779
2020-01-31,1.0854254036304531,1.0672239562109178,1.3371188412592085
2020-02-03,1.3362203076402714,1.1545280134680702,1.5080956827094683
2020-02-04,1.2022413628732502,1.055316788362248,1.3671561236147172
2020-02-05,1.0847434454697114,1.1966268309550268,1.24353205468173
2020-02-06,0.9801950679372755,1.0945510928958537,1.131633196655535
2020-02-07,0.8879378633347526,0.9808809663219101,1.0318448623777958
2020-02-10,0.9191913999080811,0.9075775618124606,0.9865490651614724
2020-02-11,0.8915549658566254,0.8205480433228888,0.9141965488276251
2020-02-12,0.8090615468383442,0.7852682935149373,0.8379935620674962
2020-02-13,0.7359063988489185,0.7249478643637707,0.7698430441862505
2020-02-14,0.9170292081690989,0.7967611839659957,0.9140406029628181
2020-02-17,0.9635379688436456,0.7561128812706684,0.8939267045855834
2020-02-18,0.8737540229977044,0.6881543114439178,0.819836644063432
2020-02-19,0.9504462654272853,0.6788487167710483,0.8345379864326146
2020-02-20,0.8611653017571783,0.7193011435542676,0.76698827663061
2020-02-21,0.8402785885454092,0.6570700620637914,0.7188286796527954
2020-02-24,0.8583023855693432,0.6175413060771401,0.6958750752459226
2020-02-25,1.9156085164612024,1.8768067086193152,2.5989395685466485
2020-02-26,2.4285181214045437,2.1069588740987557,2.9985176138367424
2020-02-27,2.1605822948537634,1.8669675844883515,2.698177177958028
2020-02-28,3.516382397556469,3.121945610871378,4.607535153719093
2020-03-02,4.770369445984422,3.9671311586447406,5.93398025627311
2020-03-03,4.179998492194442,3.605910563710773,5.315193620799743
2020-03-04,3.674545430577511,3.253093923400946,4.765560584692147
2020-03-05,3.238677938821811,3.0784281211649605,4.278245961682694
2020-03-06,3.583229260163501,3.016630636828876,4.296024356937196
2020-03-09,5.13509862896189,4.237444972798233,6.1944574548075595
2020-03-10,11.028418254701936,11.373752696845155,16.80313653529488
2020-03-11,9.545375194424379,9.870598863804053,14.980051016561186
2020-03-12,9.242812686832341,8.825465787109573,13.7156374250158
2020-03-13,21.24351902372953,23.939493164859268,35.93388513755514
2020-03-16,17.985357024349288,21.392395540372597,31.977966519766174
2020-03-17,19.592227586883293,20.582907011017504,31.44951093691155
2020-03-18,16.629294380248623,18.716282264977654,28.02246110153129
2020-03-19,18.37317075637593,18.314589322765052,27.998205292511543
2020-03-20,15.621936539449699,16.08790003797914,24.96013420585402
2020-03-23,13.33149381624833,14.007435427412172,22.261134288385698
2020-03-24,14.966230438352591,13.98053448638643,22.492694404669262
2020-03-25,12.810647313931339,21.141046197295154,20.111552383478042
2020-03-26,10.97908276405503,20.574281089781447,17.953965399803963
2020-03-27,9.431986431018098,18.40333977831495,16.022927611522448
2020-03-30,12.790650639266973,19.514168820778348,19.438131179507145
2020-03-31,10.95990575176311,17.016860960330646,17.344477050028505
2020-04-01,9.418452031061797,15.184816603363318,15.479677292631491
2020-04-02,11.263164804759567,15.041988345838712,16.507658426024456
2020-04-03,9.677069702168708,13.063421715353098,14.731467456008014
2020-04-06,9.188650977320288,11.504440272941718,13.392594067141493
2020-04-07,7.925802900994975,11.063945559561825,11.95817037482143
2020-04-08,6.853494388288575,10.139432102158807,10.67368463638784
2020-04-09,6.2148841522286125,8.815935088960261,9.55798719462053
2020-04-14,5.4056862922087605,8.615594463531496,8.537585567902479
2020-04-15,5.181907932314747,7.565182574574438,7.747110619718472
2020-04-16,6.64552579826616,7.998119028133549,8.970363230383564
2020-04-17,5.766074808749064,6.962128398438313,8.002239511239932
2020-04-20,5.021962759547227,6.955054989040411,7.150948047071081
2020-04-21,4.378362726894381,6.046392400850806,6.3756603010993
2020-04-22,5.545532334409701,6.3697008431748845,7.2953436031733965
2020-04-23,4.831242423630126,6.133797945030113,6.516693093771674
2020-04-24,4.217424128435179,5.423389263340149,5.815404297497093
2020-04-27,4.33131847108077,4.913976299292689,5.481173882573766
2020-04-28,3.7894768045417715,4.572910005832626,4.894911998997336
2020-04-29,3.3257468373615557,4.389717924652401,4.3751448948908775
2020-04-30,2.934357708293845,4.616138698171348,3.9255242563361845
2020-05-01,4.437261952324314,5.588871959999299,5.787790413571148
2020-05-04,5.178183484081162,5.552193856608464,6.163887599141607
2020-05-05,4.601873860131563,4.824541406413901,5.514469486221102
2020-05-06,4.027680204229099,4.506352252244558,4.932826788700365
2020-05-07,3.5349021950718345,3.913332769492737,4.4107811439277205
2020-05-11,3.1089392577638244,3.6252761211447995,3.947215487005164
2020-05-12,2.740569514708221,3.1487073578377482,3.5299060232304393
2020-05-13,2.4205950166118755,2.8325166247837137,3.158775059857605
2020-05-14,2.754189194760676,2.762019553259637,3.2412281506617022
2020-05-15,3.748556382801999,3.3859501055548895,4.291886100834912
2020-05-18,3.2940266089500576,3.06149027431245,3.841747915835551
2020-05-19,2.9100718548630624,4.7754827765835675,3.4566352218624847
2020-05-20,2.881694719081314,4.229773866011741,3.2013785885806363
2020-05-21,2.545827000773999,3.811142245879937,2.8708233469754
2020-05-22,2.584147271495821,3.4134858412804,2.704328919937401
2020-05-26,2.4224063347795934,2.9917988757121647,2.448749800156553
2020-05-27,2.146795371318935,2.7817717261833064,2.200246550762542
2020-05-28,1.9070248835184564,2.605001070815344,1.9791789225661538
2020-05-29,1.697939661026789,2.4380951289163164,1.7822672559430024
2020-06-01,2.3894536405890086,2.7968574873628387,2.5619022469663637
2020-06-02,2.119183268256256,2.6875001157036054,2.3035856695991064
2020-06-03,1.8839567672035535,2.4282654914886868,2.072135899150298
2020-06-04,1.6825935053837984,2.90207538423504,1.8736694264265898
2020-06-05,1.7029137984555829,2.5865379832728337,1.7610971687131478
2020-06-08,1.5244511632135112,2.839196411850981,1.5964677584720286
2020-06-09,1.413161851930468,2.482292246591164,1.4467462591613294
2020-06-10,2.0049521304260427,2.737151834570404,2.1167742007394086
2020-06-11,1.8174603011904784,2.3909591293950467,1.9096134768742112
2020-06-12,3.4967930900479245,4.117440027067695,4.623181885610832
2020-06-15,3.082972710862541,3.6075746020042754,4.1430244332956265
2020-06-16,2.9965368539843227,3.203102047126405,3.792641752521766
2020-06-17,2.651937790964,3.777195117795365,3.4090277256012973
2020-06-18,2.351381423117353,3.293619849087471,3.062407905979182
2020-06-19,2.254829687338535,2.9031817101006974,2.7909629408083028
2020-06-22,2.0054326900162667,2.6695877801361863,2.511708882524537
2020-06-23,2.047363998058414,2.408701167362905,2.3630941637612497
2020-06-24,1.8241832543869594,2.269536629968719,2.1298646153920253
2020-06-25,2.944006167172062,3.207117291662773,3.656190691694249
2020-06-26,2.606183579443961,2.8137839443758055,3.283888173840253
2020-06-29,2.3131518259133443,2.461719402828009,2.9521485320516287
2020-06-30,2.056997930181126,2.282495767906464,2.6566779647767698
2020-07-01,2.147745790001547,2.1029516623183397,2.533485864436378
2020-07-02,1.9740341052960302,1.8473814783589955,2.2883576606714646
2020-07-03,1.7606180964537583,1.8212799016552712,2.064259649235549
2020-07-06,2.0291558385348045,1.8239439279164398,2.1738444218168995
2020-07-07,1.8088746888132703,2.0955273474366294,1.9634086555851704
2020-07-08,2.1556358649786223,2.1315636120346206,2.183016655720315
2020-07-09,2.106278731996086,1.9072645619443906,2.0205585650209708
2020-07-10,2.540594722616073,2.051597917488346,2.352231683072324
2020-07-13,2.255536579672536,1.860007242904268,2.121061339123655
2020-07-14,2.006613295542366,1.8286337383095788,1.915121248049171
2020-07-15,1.7902853468810098,1.604541706863645,1.7303326479906223
2020-07-16,1.5998852058541828,1.7879132268941782,1.567349033213911
2020-07-17,1.6355495653159746,1.6285053238983296,1.496532690838795
2020-07-20,1.4642454362120179,1.47373850693049,1.356484073575221
2020-07-21,1.4433638958041541,1.3256697930734513,1.2668532647902202
2020-07-22,1.2953586706104245,1.1690266978003545,1.1506325759530485
2020-07-23,1.4533160019689713,1.1614544184878985,1.2215594197148383
2020-07-24,1.3040195388733846,1.0255596907812443,1.110348086748706
2020-07-27,1.6039164111854314,1.1623208121947708,1.3618307020101454
2020-07-28,1.525198712478447,1.0407715305154412,1.2522669132300794
2020-07-29,1.366804836931497,0.9371920862819499,1.1383054647833801
2020-07-30,1.2272767592886649,0.831123025932709,1.0363335668980487
2020-07-31,1.8833459347973547,1.410795462206251,1.891649633049381
2020-08-03,2.2345604464129116,1.5413678453699047,2.1252292416012035
2020-08-04,1.9869461195029399,1.9494648382180213,1.920130482412033
2020-08-05,1.7735373457066972,1.7102180091325103,1.7346019839219222
2020-08-06,1.584770507607616,1.6465906562298978,1.5696521827030532
2020-08-07,1.834037702306669,1.653697455701034,1.7060549135021015
2020-08-10,1.6394846726302181,1.454723610597092,1.5438120139800167
2020-08-11,1.4681708287551143,1.2906124800938024,1.3991109158887371
2020-08-12,1.3164720047996818,1.4687168641677688,1.2708424861889032
2020-08-13,1.182876855848682,1.7638957233016965,1.1570947792772386
2020-08-14,1.5131361390003715,1.835172074093808,1.450887952340923
2020-08-17,1.8652987196671185,1.912422768723467,1.7350370650736227
2020-08-18,1.66638270596346,1.7184861970546876,1.570183538482917
2020-08-19,1.7530483836420852,1.5996041157954723,1.5418066478397696
2020-08-20,1.5680915737117944,1.4431982147658344,1.397820219843208
2020-08-21,1.9479971528583018,1.599153448749999,1.726001567768074
2020-08-24,1.797568520474431,1.4132091250641547,1.568029327344407
2020-08-25,1.6055384049990633,1.5746621570311004,1.422073200302338
2020-08-26,1.7933052816322947,1.542387822386566,1.5045147641885046
2020-08-27,1.6043038065843735,1.3595808285464426,1.3645115089993993
2020-08-28,1.6688471044560387,1.2734632348863364,1.33747049617937
2020-09-01,1.6801395334168576,1.1734543525449301,1.2783926753152073
2020-09-02,2.0971302463991126,1.4006191255722535,1.6701167704521416
2020-09-03,1.8680781313775296,1.4366309918419446,1.512942792461033
2020-09-04,2.20909460278015,1.554968891151863,1.7740695640830153
2020-09-07,2.2844448907365043,1.4697951979820212,1.7404512719897414
2020-09-08,2.0303534257221405,1.9354379058020934,1.5770866550821627
2020-09-09,1.8478181187698166,1.7018142941981842,1.4314519824343066
2020-09-10,1.6498634258708968,1.7120235272732414,1.2997840043625952
2020-09-11,1.5222144213299118,1.5099426758133525,1.1856467600522504
2020-09-14,1.3652733267325132,1.3537907694604066,1.0796762250388217
2020-09-15,1.2508206852781256,1.1966992491484263,0.9862491755578487
2020-09-16,1.1253070583804274,1.2499249155100374,0.9024082160105412
2020-09-17,1.1256390295175802,1.131415143109566,0.8597823791386967
2020-09-18,1.133568336190384,1.0317303240144313,0.8261508643784765
2020-09-21,1.2073207985963001,0.9803889007356507,0.8447895069138678
2020-09-22,2.387148060809148,2.2831591213346183,2.8024479898497154
2020-09-23,2.123982078508857,2.0224498455473126,2.523805867262797
2020-09-24,1.8920132155733087,1.9348370104246908,2.2771341925674395
2020-09-25,2.143273142615414,1.9112992102594037,2.346631635295325
2020-09-28,1.9116674482237592,1.6927605542631616,2.118512793725301
2020-09-29,1.7056224347231337,1.7256330394961106,1.9159950167521813
2020-09-30,1.684379747232718,1.5552900751836958,1.7785335681370156
2020-10-01,1.6710859887699439,1.4097096973508025,1.659202459676915
2020-10-02,1.497955303592833,1.2500204131605244,1.504754330945029
2020-10-05,1.3449646674759752,1.1208285105746896,1.3666161940505583
2020-10-06,1.209233682035947,1.0442404294017944,1.2430907248658907
2020-10-07,1.0903838279101237,0.9278609443915881,1.1322715719043281
2020-10-08,0.9971493394467005,0.8265028238097762,1.033474960536042
2020-10-09,0.9012695827848949,0.7664732340185118,0.9446141704210457
2020-10-12,0.8160761803075622,0.729188517293404,0.8651552675423604
2020-10-13,0.7930062172622085,0.6621934530487428,0.8042747688053848
2020-10-14,0.834256777069216,0.6317132437730519,0.7865285843639888
2020-10-15,0.886322797175415,0.6125096257923685,0.7805558132238782
2020-10-16,1.2801666213258345,0.9232674405171167,1.2379183376500351
2020-10-19,1.1507923831541076,1.067954918284225,1.128238288550884
2020-10-20,1.190434119908765,0.993628005651691,1.0884440318469526
2020-10-21,1.0736740798676623,0.8838726165495431,0.9940529574629653
2020-10-22,1.5479520785014647,1.238498500553493,1.5455713312419213
2020-10-23,1.3891156575109185,1.0983949513076658,1.4025486134415739
2020-10-26,1.2469656037914634,1.1568071607040251,1.2754826119914486
2020-10-27,1.45996344631903,1.1948904490813859,1.3943714013619333
2020-10-28,1.6434668918994098,1.2065682016532069,1.4702669597483453
2020-10-29,2.442701050110808,1.8710751978712008,2.4785702858291208
2020-10-30,2.1753738565128202,1.6455788229744621,2.2350083899917865
2020-11-02,1.9630490897572321,1.4516262962976259,2.0192795634457723
2020-11-03,1.750546482794191,1.495418532530309,1.8270700681236913
2020-11-04,1.5624674146263224,1.924406119386661,1.656455860268051
2020-11-05,1.3985244306405908,2.0009069341493544,1.502718443704079
2020-11-06,1.2571020211659392,1.7735134751657513,1.3645008902550975
2020-11-09,1.1331470302772035,1.561673678969752,1.2408456855448922
2020-11-10,1.0201124391627348,3.8003881863783713,1.138259651865694
2020-11-11,0.924792971474942,3.6782331399983534,1.040602448727323
2020-11-12,0.839981583012464,3.4177145321810887,0.9527717138620502
2020-11-13,0.9150649098236314,3.049182987010899,0.9508081709402593
2020-11-16,0.9071730390889413,2.6880307923509825,0.8923312351788422
2020-11-17,0.8252125700880332,2.6625808150839188,0.82086892298579
2020-11-18,0.9519947643479812,2.4316750342540567,0.8847186183133867
2020-11-19,0.8612707346363985,2.143269005434318,0.8124114993103172
2020-11-20,0.9673923745453441,1.9643006887497902,0.8552337343207866
2020-11-23,0.8756527748634281,1.733860300736614,0.786004001279866
2020-11-24,0.8540916303809906,1.5378703701907352,0.7367382532553138
2020-11-25,0.7752985873752594,1.6238014714212654,0.6812615433361213
2020-11-26,0.8438742933060424,1.4842554185514398,0.699280054107588
2020-11-27,0.8623737112929871,1.3357727654044855,0.6790060500240458
2020-11-30,0.7831092407706413,1.1798125387400247,0.6281709637379592
2020-12-01,1.1194065743961104,1.3614539445562264,1.0194716929975831
2020-12-02,1.0102471905398027,1.6006308994571017,0.9342819556153265
2020-12-03,0.9139009526280191,1.5778020797429817,0.8573427195193497
2020-12-04,0.8280116349798509,1.4086216441262496,0.788168065400094
2020-12-07,0.7517199175484707,1.3361091224195047,0.7263564112357199
2020-12-08,0.6837870191352867,1.1812893439018781,0.6707894010164366
2020-12-09,0.6233820053871678,1.0461254929506332,0.6209751711491194
2020-12-10,0.5694025917715309,0.9284909828974327,0.5763019160497168
2020-12-11,0.5204532622813194,0.855891452083267,0.5363685792712551
2020-12-14,0.6296263749464498,0.8461816250604604,0.6104534829801224
2020-12-15,0.6168580722718362,0.7623179796314066,0.575566440496526
2020-12-16,0.6156312443496512,0.6929909797785802,0.5489673572141135
2020-12-17,0.561506774639271,0.7062494342950578,0.512104503793877
2020-12-18,0.5671873886453032,0.645856915714685,0.4939104142114186
2020-12-21,0.5789155706910871,0.5960861392907498,0.48115455287880926
2020-12-22,0.9376339655128704,0.9109799964787884,0.9673603041352661
2020-12-23,0.8494379685000949,0.8457683829382808,0.8865102724250346
2020-12-24,0.7707936151255957,0.8007543423482661,0.8143230553500979
2020-12-29,0.7019125226180305,0.7162074204212194,0.7496450229938975
2020-12-30,0.6375850093185689,0.9065857577770525,0.6922743975420408
2020-12-31,0.7263222910921733,0.8730269160320906,0.7257523214864907
2021-01-04,1.0149860669567816,1.0411062190105997,1.0332851837996926
2021-01-05,0.9168031768648504,1.2544554985914993,0.9468929007485315
2021-01-06,0.8305370031130102,1.1492954850497048,0.8681980462449991
2021-01-07,0.7637483305723118,2.370075330643865,0.8006496203538163
2021-01-08,0.6924963148470292,2.0799959119350517,0.7369087746639552
2021-01-11,0.6294651707622547,1.8304785817342533,0.6799209738103721
2021-01-12,0.8127567141979243,1.7598282221215693,0.833651982620207
2021-01-13,0.8839709776990595,1.604534566376106,0.8394234132891624
2021-01-14,0.8267578621974266,1.417097606758276,0.7742129488569801
2021-01-15,0.7505725738804594,1.3265847397510426,0.7134744915514039
2021-01-18,0.9058941980348187,1.2932011778753354,0.8226547611822009
2021-01-19,0.8687007428106489,1.1513357188069278,0.764858009993434
2021-01-20,0.8109327757475402,1.0227640261102233,0.7070748308832924
2021-01-21,0.7366106218794891,0.9246905139574115,0.6533481815129353
2021-01-22,0.7458361111645221,0.8421692816909918,0.6283898847817363
2021-01-25,0.7395384384150133,0.7642710376152343,0.5981617840221292
2021-01-26,0.8592283966050722,0.7741471577394102,0.6766639917414464
2021-01-27,0.7799083669533865,0.696274694946035,0.6261037133136325
2021-01-28,1.0273731349336754,0.8376730437816104,0.8737596035611668
2021-01-29,1.0839672496645247,0.799096895454788,0.8693499910994005
2021-02-01,1.5238603295594646,1.124189674361819,1.3764752113474181
2021-02-02,1.3669972294790258,1.0882048688537946,1.251848765594549
2021-02-03,1.22905486858948,1.0301802959820703,1.1404624914610972
2021-02-04,1.1406170501370434,0.9185395557953092,1.0437335070624818
2021-02-05,1.0431352582407305,0.8192225863329962,0.9550223891434432
2021-02-08,0.9941640251856853,0.7393284908959794,0.8832581584936732
2021-02-09,0.8996730069768322,0.6907427323320595,0.8111160004677166
2021-02-10,0.81597185974156,0.6208507102114869,0.7465108316202239
2021-02-11,0.7624422530670032,0.561387190915552,0.6905683418021534
2021-02-12,0.6933693495111842,0.5072750952168543,0.6385622276852512
2021-02-15,0.6318561186965077,0.555762336446996,0.5922623564482891
2021-02-16,0.5773820996715062,1.208944190941269,0.5531685887448234
2021-02-17,0.5460236527185465,1.0733635781205106,0.5175258101257857
2021-02-18,0.6039096344174261,0.9951871516799191,0.5374152615941535
2021-02-19,0.8656154722693262,1.1266379197206877,0.8365517857471723
2021-02-22,0.786671980566067,1.0005236329562517,0.7697298266143286
2021-02-23,0.7513058248665221,0.8956437165470709,0.7150796661327063
2021-02-24,0.6844178471244629,0.8027668960378189,0.6610553814149074
2021-02-25,0.624030953183651,0.7434878466712632,0.6126990220840994
2021-02-26,0.588260959230523,0.668963752536407,0.5710272758675915
2021-03-01,1.2359208321086537,1.3825511460160707,1.6458858712857998
2021-03-02,1.1121277757826349,1.5112654411199595,1.4967811503268589
2021-03-03,1.0054795079177739,1.34966213972766,1.360810663316356
2021-03-04,0.909323456677689,1.2878640040823854,1.2399237692977556
2021-03-05,0.9077056653269934,1.1602164857804922,1.1538892530128453
2021-03-08,0.891787417127269,1.043874577348385,1.0699765282382299
2021-03-09,0.8071032550648416,1.122036526952906,0.9798676019365209
2021-03-10,0.7349372209624624,0.9994028342032003,0.8987100396254826
2021-03-11,0.6829067939747021,0.8917167465453449,0.826698261020854
2021-03-12,0.6238717577076837,0.7986961895427813,0.761412781460065
2021-03-15,0.5703108025620259,0.7278810998845041,0.7028624114629543
2021-03-16,0.5523788667977502,0.6584809845721215,0.6551761332787479
2021-03-17,0.5049748836253088,0.6600776670581939,0.6077236524903521
2021-03-18,0.5711385350110213,0.6411809219548079,0.6255663283148306
2021-03-19,0.5231888080450865,0.5833682184476487,0.5809750959140848
2021-03-22,0.6874559082390465,0.6638992456942194,0.7269842940684133
2021-03-23,0.6276368058365355,0.6037810554961967,0.6720029867897358
2021-03-24,0.6495809468496264,0.567129761591503,0.6491911745896396
2021-03-25,0.5937795918107626,0.5168149074274742,0.6022447613406933
2021-03-26,0.6515998485718878,0.5114694257795563,0.6139872453483053
2021-03-29,0.593567145870182,0.5688821675511025,0.570891843913772
2021-03-30,0.5539898367543874,0.516162307321485,0.5326259097405383
2021-03-31,0.5070502225623008,0.4977577430155631,0.49776595911454985
2021-04-01,0.628457697364408,0.5467502103545318,0.5924723907256809
2021-04-06,0.5744124246298125,0.5075558320190625,0.551415270676318
2021-04-07,0.523720753385095,0.6389392420535183,0.5149482142749825
2021-04-08,0.4790040528648972,0.6627398950028288,0.48210701703148756
2021-04-09,0.43895821103753957,0.6686833198339747,0.4526502942534133
2021-04-12,0.4649952727095068,0.6218477842925584,0.4500228650939002
2021-04-13,0.49117357282244684,0.5816312638205331,0.44840331501685454
2021-04-14,0.4517265776691503,0.5262479402969458,0.4221852654368855
2021-04-15,0.41450960298392825,0.530665633912596,0.39887068949777127
2021-04-16,0.38106080365289513,0.5228167074541359,0.3779265824195635
2021-04-19,0.35100820038496955,0.501489402219836,0.35907320068634097
2021-04-20,0.3634356087374713,0.46749012594787204,0.35463703934237795
2021-04-21,0.7699944244216849,0.9133007776779214,1.0243723818467825
2021-04-22,0.7006887628735002,0.8418364264836488,0.9384464977034274
2021-04-23,0.6385917467244493,0.7927339166034221,0.8618197834979969
2021-04-26,0.5843826286059359,0.7105775256090378,0.7930930762322502
2021-04-27,0.5349670148091273,0.6506883222043607,0.7316993625811975
2021-04-28,0.5349628553258272,0.5966967373030856,0.687660128164712
2021-04-29,0.49078985618547866,0.5461216606053206,0.6372835722296472
2021-04-30,0.45539865376054556,0.4961045218029907,0.5922382312529595
2021-05-04,0.4193890810835022,0.45277973072354344,0.5517019717160179
2021-05-05,0.49799364373611943,0.47096356232111575,0.5893984718909883
2021-05-06,0.4545116934604365,0.7338378315070031,0.5496524211024179
2021-05-07,0.41759912230000457,0.6867094944987787,0.5135230903036581
2021-05-10,0.3838318201232104,0.677440672054781,0.4811521623580582
2021-05-11,0.3657062625309005,0.6118910407469744,0.45304488788495473
2021-05-12,0.9377686900222505,1.285808655582523,1.4599845301064343
2021-05-13,0.8502374303914618,1.2094723833881484,1.330247613554984
2021-05-14,0.9038258754747581,1.1183386477517943,1.2709591050971125
2021-05-17,0.8203378501307131,1.1365953341788992,1.1617888221828017
2021-05-18,0.7762972459216864,1.0145230572496116,1.0667248407872565
2021-05-19,0.7075684602931319,0.9044960884657537,0.9780432619066776
2021-05-20,0.9171620993318801,0.9820740861525641,1.1354578305184944
2021-05-21,0.8320107226584406,0.9820631382047545,1.0401711063813661
2021-05-24,0.7607488308196229,0.8766380807272495,0.9544230227469181
2021-05-25,0.6931746114734101,0.8067297743240263,0.8775095169096062
2021-05-26,0.6925624868300444,0.736720953896722,0.8237965649160526
2021-05-27,0.639388525698055,0.662859897694637,0.7604230716268849
2021-05-28,0.6027044648254731,0.5997749566690261,0.7048407574735982
2021-06-01,0.5525014160405618,0.5425273390258837,0.6532862182956595
2021-06-02,0.5059794435162446,0.5635790493273972,0.6071231287245797
2021-06-03,0.46475521610139964,0.5253004284362128,0.5654612679309641
2021-06-04,0.5327178052187423,0.5256427688480182,0.589654378281642
2021-06-07,0.4894124365411081,0.4779466712903716,0.5497311585729455
2021-06-08,0.45020233918576275,0.43690551796396104,0.5138165790678285
2021-06-09,0.41450598192678717,0.4057590853666798,0.4815236855880813
2021-06-10,0.41138052565781863,0.37920212098169,0.4587291494238634
2021-06-11,0.37946974216443263,0.35030193121440717,0.4319391405017056
2021-06-14,0.3500482521423559,0.367918429285096,0.408121401349112
2021-06-15,0.32371141318501273,0.34232619829004407,0.3864376019552552
2021-06-16,0.29959834907362115,0.3299453262785664,0.3670090030364774
2021-06-17,0.2777496936502865,0.3090384149378843,0.3494505463369395
2021-06-18,0.3159973388405829,0.3146928642224818,0.36555856296935046
2021-06-21,0.676300265942664,0.7297426285187605,0.9539649667862373
2021-06-22,0.61739990310835,0.6975043473637954,0.8767961634389566
2021-06-23,0.5650601130390508,0.6425881714923236,0.8075533477593435
2021-06-24,0.5567422675737411,0.5876934667224095,0.7534649276900152
2021-06-25,0.5103357707102213,0.557886787243294,0.6971271608033736
2021-06-28,0.4688618216404275,0.5190889720426196,0.6465498470712656
2021-06-29,0.5914903019945137,0.5686909217397327,0.7292838406946412
2021-06-30,0.5423199261661713,0.5193212941170877,0.6754279046644781
2021-07-01,0.6288974370784652,0.5351252161255302,0.7085373350428303
2021-07-02,0.573784542899263,0.6515689407388393,0.6571894708858853
2021-07-05,0.5300546871682318,0.5885508314076885,0.61078217134541
2021-07-06,0.48619215193115084,0.5674694104863033,0.5690753700343089
2021-07-07,0.6113175508768415,0.6127800081799846,0.6622302953096787
2021-07-08,0.55904654847645,0.6053207529299034,0.6153393984331423
2021-07-09,0.8926600280749972,0.8871704295979942,1.043105791167937
2021-07-12,0.8098596312753649,0.9734283832580453,0.9580267201820791
2021-07-13,0.738287640313577,0.8684775192613639,0.8806533408424733
2021-07-14,0.6748411633532186,0.7775007479017343,0.8113625720505838
2021-07-15,0.708877286078518,0.7268584084960907,0.7849346522402869
2021-07-16,0.8960464443994409,0.8051303723773149,0.9306139102128633
2021-07-19,0.8257815820135477,0.723117518643696,0.8567172720810691
2021-07-20,1.4226136661451054,1.302050604551842,1.70587589737406
2021-07-21,1.281212042005115,1.1837210945794745,1.5514782397435953
2021-07-22,1.1536649052626475,1.3650562349993667,1.415485817942083
2021-07-23,1.1502037701814545,1.234234715435387,1.321017106461893
2021-07-26,1.0393450748623732,1.1718706197773452,1.2070931779156184
2021-07-27,0.9488431638348781,1.0426198909041724,1.104771953293549
2021-07-28,0.9565038517682198,0.9525166951696763,1.0408559804716757
2021-07-29,0.8692041039246631,0.8587083497660866,0.9555292696707676
2021-07-30,0.7893816367793242,0.8498746976440854,0.8790125799349924
2021-08-02,0.8604429672065674,0.8146204340138516,0.8790224922104714
2021-08-03,0.7821420158137423,0.7811118234596649,0.8102071938297869
2021-08-04,0.7133056177494179,0.7119669725705101,0.7482508190937129
2021-08-05,0.6518764286939979,0.6465871345687645,0.6925024524840036
2021-08-06,0.6047758396330511,0.584516679380086,0.6426346272619841
2021-08-09,0.5548917578064405,0.5294562215678815,0.5974198980032148
2021-08-10,0.5095661242088799,0.4823649152968453,0.5567220309702609
2021-08-11,0.46796272360734764,0.45567067849664955,0.520186973930758
2021-08-12,0.4296591350864858,0.48815554142920703,0.4877563125260101
2021-08-13,0.4544307523255457,0.46418547775206426,0.48054178169407924
2021-08-16,0.41827150838825666,0.43615266091605853,0.45170337790650333
2021-08-17,0.5414818848313545,0.4994993374304926,0.5582658037841117
2021-08-18,0.49686530277718005,0.46895973107863026,0.5217179252536637
2021-08-19,0.48288914064764427,0.43311435917454166,0.4930260388886634
2021-08-20,0.7658859363718963,0.6827468355757359,0.8566423966525565
2021-08-23,0.6984327302980801,0.6315780643635497,0.7896930662903884
2021-08-24,0.6383551877114032,0.5787940223724602,0.7296589098912643
2021-08-25,0.5845374808553769,0.5295256603381925,0.6758018601986001
2021-08-26,0.5358417207051898,0.49258107526749423,0.6274647356268556
2021-08-27,0.5524569874530041,0.46624411328986903,0.6037402350512672
2021-08-31,0.5069507476705404,0.4360835072688717,0.5627253622403383
2021-09-01,0.5329923247379712,0.4210419127349851,0.5509996307315715
2021-09-02,0.48913999304359435,0.40427312948478183,0.5153312251571612
2021-09-03,0.4499948973863886,0.3754387044070451,0.4832205136863333
2021-09-06,0.4710715253678033,0.3643412293341486,0.4746309759275473
2021-09-07,0.4327710881899085,0.38539544109960433,0.44674830021216455
2021-09-08,0.4842799337299608,0.39146215289632347,0.4663466910889628
2021-09-09,0.5800494819244355,0.4318442290393362,0.5318855156318242
2021-09-10,0.7342204859634254,0.5196253596386451,0.6636717543198354
2021-09-13,0.6708123527031468,0.4731312208589039,0.6164021670154547
2021-09-14,0.6127485579943701,0.4636942494219045,0.5740982179534079
2021-09-15,0.652115788580057,0.4546411148816867,0.5739575165922804
2021-09-16,0.6424241614126899,0.4253240025048772,0.5457478111530867
2021-09-17,0.5881156638257627,0.39251825254663186,0.5105759411393247
2021-09-20,0.7198379927196354,0.46327880998320636,0.6139493837002776
2021-09-21,0.8408563986761742,0.5140287941919572,0.6916760947579594
2021-09-22,0.7640118739564378,0.6005502885358349,0.6420664957912605
2021-09-23,0.6945787124211681,0.7748786843785552,0.597669366648726
2021-09-24,0.6470557627722642,0.6963354318508488,0.5578529284816623
2021-09-27,0.6635513709339744,0.6462991264747734,0.5445289287429846
2021-09-28,0.6072444799497453,0.5856113525807644,0.5094441083146918
2021-09-29,0.6496901567270273,0.5627712404217836,0.5181968419275047
2021-09-30,0.5928070754604611,0.6482670150604647,0.48611215059387636
2021-10-01,0.5978838314885824,0.5982781006986713,0.4718979717860675
2021-10-04,0.7131053344346044,0.6278291130476632,0.5585451175075318
2021-10-05,0.6949063112789615,0.5751859760944099,0.5302237429395594
2021-10-06,0.6337204686362377,0.6146903643284737,0.49684063177463383
2021-10-07,0.8250268429836967,0.7152662441524387,0.6830273729560916
2021-10-08,0.7496061138430051,0.7899439023529363,0.6343169893752847
2021-10-11,0.6842428565472501,0.714042210499649,0.5900358678083729
2021-10-12,0.6245681483010279,0.6963760098052045,0.5504372869541306
2021-10-13,0.6137728537523991,0.6353138558001858,0.5233256719972292
2021-10-14,0.5625742960052859,0.5760272941820652,0.49039123327049616
2021-10-15,0.5148546168724599,0.6112204962806059,0.4610059046755059
2021-10-18,0.47296063583322623,0.5655267162098896,0.434410897661769
2021-10-19,0.5039968251652479,0.5361673869900625,0.4385139157475484
2021-10-20,0.46352144626031005,0.4903737280180728,0.4141463791715326
2021-10-21,0.42713898537494616,0.44777486232446195,0.39220887391614384
2021-10-22,0.4658613120008107,0.43725404369627136,0.40577751688639674
2021-10-25,0.428967116485732,0.4042546732165552,0.3846801958909871
2021-10-26,0.3954149770515222,0.37774144078284666,0.36570252903075556
2021-10-27,0.36429085091202895,0.40859670245429563,0.3488796748342283
2021-10-28,0.3847692382552611,0.39136946530724975,0.3513682166782472
2021-10-29,0.3620017061447203,0.3618133226151251,0.3360668732318228
2021-11-01,0.3569244341120623,0.33954696475678037,0.32610365788697754
2021-11-02,0.32953762476477255,0.36679517294012226,0.31326306577968654
2021-11-03,0.3300049673841806,0.34511533242198456,0.30702313694132105
2021-11-04,0.35480593128879967,0.3377989261402257,0.3161890471556204
2021-11-05,0.3278769805260303,0.3318467225517275,0.3041149474121228
2021-11-08,0.3035030143073914,0.3190157484455123,0.2931838693353621
2021-11-09,0.2868628640171519,0.29842430648939283,0.2835711437894896
2021-11-10,0.3133393871299561,0.2974872169853286,0.29572707613791166
2021-11-11,0.2899839291530157,0.3660379735978838,0.28621786387833087
2021-11-12,0.2688352635476868,0.37504877423822,0.2773044288366433
2021-11-15,0.3145046725405848,0.3781131207538946,0.3084204633460768
2021-11-16,0.2916693431497922,0.3492877736635203,0.2969270319029681
2021-11-17,0.31483795892388144,0.3398618514388266,0.30510227974681864
2021-11-18,0.3603911872490959,0.3469481503951508,0.3327869656339292
2021-11-19,0.40488774426647134,0.3523818453105898,0.3566730542588314
2021-11-22,0.44264723103362347,0.3529375708061941,0.37254296628024486
2021-11-23,0.40738403298972636,0.3462397582679068,0.3546502090368646
2021-11-24,0.37585920150902125,0.3230486911647808,0.3384312589653518
2021-11-25,0.34711993096329524,0.30748513631672214,0.3238864960018182
2021-11-26,0.3209593230263791,0.2975678325210083,0.31082071361759545
2021-11-29,1.4604095553487877,1.868842659585526,2.5861333614196593
2021-11-30,1.311743504928504,1.7386568497097117,2.3358043423765884
2021-12-01,1.3764575250191233,1.596537764095432,2.1949229476539625
2021-12-02,1.237718844893822,1.6676022582907222,1.989886317278099
2021-12-03,1.2613392100293275,1.511583890497086,1.8533432320355
2021-12-06,1.1637843552819058,1.3399598761782052,1.683523494849172
2021-12-07,1.0486630898028166,1.4423889300921873,1.5319485751303796
2021-12-08,0.9468400266494494,1.5131445411061748,1.395776989405556
2021-12-09,0.867617319100864,1.3403237093599327,1.2731414201704832
2021-12-10,0.8364409477942862,1.1967144164470542,1.1707618986366228
2021-12-13,0.848287384443759,1.0858270537156105,1.0975743838015848
2021-12-14,0.9617005970327549,1.0512914496989936,1.1181465516025035
2021-12-15,0.9137797482437572,0.9427758952989528,1.0291393980104457
2021-12-16,0.9838129679568457,0.8973533031991336,1.0158427556187617
2021-12-17,0.8890544434816106,0.9685301121485883,0.9329028063086895
2021-12-20,0.8113045466124822,0.8668529265436619,0.8581116533325996
2021-12-21,0.9659202878167832,0.894630203450152,0.9517565086085572
2021-12-22,0.8722967256026264,1.0023234079580345,0.8755039718018329
2021-12-23,0.7933028412231272,0.9321499819862449,0.8067553434312874
2021-12-24,0.723676337074231,0.851863915590039,0.7449944181307331
2021-12-29,0.6652895613219237,0.7643528025631076,0.6894767471103183
2021-12-30,0.6075424609494834,0.7315335941918807,0.6398263283660695
2021-12-31,0.6003396783441849,0.6672434092157782,0.6040251709508023
2022-01-04,0.5957283193592877,0.6118107196331338,0.5727852059755167
2022-01-05,0.5399604204817552,0.837744563569896,0.5369127396627029
2022-01-06,0.49727600486302914,0.7537214568641603,0.5027668963876373
2022-01-07,0.6201166478927871,0.7732012833896883,0.6009427878556285
2022-01-10,0.5679484988910379,0.7169205452534333,0.5605261367848088
2022-01-11,0.6192361459004706,0.6825576954076074,0.570527471366245
2022-01-12,0.5663138553588297,0.6549364929189015,0.5332906842478073
2022-01-13,0.5176690983970866,0.6587087179021835,0.49998820512901304
2022-01-14,0.4771063726715616,0.5977179333172612,0.4698417697264315
2022-01-17,0.4843600000173286,0.5532448177013648,0.4549527668252644
2022-01-18,0.4432406120160603,0.5880362369854788,0.4298418921541221
2022-01-19,0.5131311498282375,0.5827571409654018,0.47080651062425755
2022-01-20,0.47204377638699874,0.5404991407179444,0.4437478710221667
2022-01-21,0.44496371156417497,0.49368029758159543,0.4199394371991602
2022-01-24,0.633977651517096,0.6229510819985464,0.6353930728552493
2022-01-25,1.3038708611203382,1.3759428257140118,1.761865885377695
2022-01-26,1.1740999023973493,1.3283783258994377,1.5996141364981689
2022-01-27,1.057531800701038,1.3668772067831882,1.455601038623264
2022-01-28,0.9550876361007994,1.3466462431097115,1.3261882344064282
2022-01-31,1.1623884340739565,1.35797978823927,1.4365255948526874
2022-02-01,1.0587601238683422,1.2052580024285677,1.3084534453772976
2022-02-02,0.9571256681549338,1.1669358986738572,1.1944710335838118
2022-02-03,0.8685936120923909,1.078168288756533,1.092268841035173
2022-02-04,0.9533968640159002,1.0241624282304584,1.084468354703826
2022-02-07,0.903897336528603,0.9188956140336213,0.9979627940219195
2022-02-08,0.820456363813538,0.8814787900591635,0.9163962376963174
2022-02-09,0.7662208997724554,0.7916633438852615,0.8442339859666503
2022-02-10,0.6958173118856854,0.8171540622191749,0.7787011514346512
2022-02-11,0.6364941862833973,0.747470045430077,0.7197346941121012
2022-02-14,0.6107397256278682,0.6768381367945132,0.6701988225122255
2022-02-15,0.9471452897796503,0.9472924931976425,1.0978056993068341
2022-02-16,0.8573389519317239,0.9567803772630048,1.0061196320292694
2022-02-17,0.7960434624517394,0.8571804546813607,0.9243566846490582
2022-02-18,0.9211916270585983,0.8609490798518012,0.9755307826527839
2022-02-21,0.908695938177017,0.7859799013196649,0.9122736031014639
2022-02-22,0.914099269330325,0.7269296512584311,0.8641172967491227
2022-02-23,0.8342220520568164,0.6567547034704748,0.796536458758934
2022-02-24,0.7631915124964901,0.5943596888454218,0.7359120151157768
2022-02-25,2.0751966963605586,2.2720964677952593,3.2414936711751
2022-02-28,1.8385034845536905,3.6255590474791237,2.95006861116877
2022-03-01,1.7794114077946102,3.20701597555384,2.6918192508839427
2022-03-02,2.196255375984527,3.1660340808175396,2.927412048222854
2022-03-03,1.9550688851252531,2.978154765167579,2.6464478478273503
2022-03-04,2.7668548198313765,3.3875589025173936,3.5089945362369104
2022-03-07,4.168837668388845,4.39575387961057,5.249157863548961
2022-03-08,3.8610874129307517,3.878481882489913,4.745508361437335
2022-03-09,3.4211643001979555,3.4090285861785885,4.271767582393631
2022-03-10,3.003057884492021,4.111587079383665,3.857104994864653
2022-03-11,3.20226621174239,3.803099408882095,3.7480853576627995
2022-03-14,2.8391568135001135,3.4080293505584076,3.3808278597177095
2022-03-15,2.526637057836964,3.026671198091029,3.052040036138594
2022-03-16,2.3445852877570026,2.674844255977139,2.7671845384437934
2022-03-17,2.081731652786276,2.6311005752382752,2.503185093889528
2022-03-18,1.8552249897160802,2.4909632659936154,2.266128462182172
2022-03-21,1.6671113791129355,2.20355574848908,2.0525498492161343
2022-03-22,1.498490385331105,1.9710040420362844,1.8609172277562995
2022-03-23,1.3498666267235935,1.7623879168093315,1.6887175144159712
2022-03-24,1.2765363239431353,1.5658287290109951,1.541076434878007
2022-03-25,1.1563313925575058,1.3869722013912655,1.4010180969641925
2022-03-28,1.048062864501394,1.233369597220069,1.2750730220497242
2022-03-29,0.9828319135603028,1.0980963188493649,1.1646141370564558
2022-03-30,0.8885600005435991,1.0538757375972065,1.0642869323239668
2022-03-31,0.8064893524990148,0.968607075759541,0.9732614226075397
2022-04-01,0.9238400136972785,0.9497860225331095,1.0078909012492445
2022-04-04,0.8398722818852776,0.8555728731896667,0.9226641449179032
2022-04-05,0.7647614192689877,0.7722045955028484,0.8461422524846574
2022-04-06,0.6948699987747157,0.7473773930160933,0.7787164046001755
2022-04-07,0.7021073931106196,0.6871969068469993,0.736318352717816
2022-04-08,0.7370716562522142,0.6482207324853522,0.716681625042653
2022-04-11,0.6664425482660874,0.8480025399945942,0.6677158669812213
2022-04-12,0.7460461003192241,0.8161510057988948,0.6935940869027691
2022-04-13,0.7958643462842304,0.7705844542639025,0.6916318116644445
2022-04-14,0.7273009003740618,0.6931686758704309,0.6402810931528115
2022-04-19,0.6629643288706368,0.6470386701777786,0.5946088127544351
2022-04-20,0.6438080087833086,0.5912105045010663,0.5596947429879107
2022-04-21,0.5885548147385864,0.5491842540561823,0.5223567619946092
2022-04-22,0.5419754965360986,0.5000798051225425,0.48872359650731284
2022-04-25,0.796860869381769,0.6902543349141917,0.7904761292579295
2022-04-26,1.224059765901539,1.0384255537423732,1.3298697415261762
2022-04-27,1.1095358833275166,0.9270723770591778,1.2113227004911917
2022-04-28,1.0037624356165296,0.8580949868484155,1.105777182208284
2022-04-29,0.9050759360954566,0.9022695510368343,1.0118041894645455
2022-05-03,0.8222659494852306,0.8300017888310908,0.9275379016198115
2022-05-04,0.7501002909303557,0.7495722352037408,0.8521761345573537
2022-05-05,0.8840319016072418,0.7723139708889347,0.9191254329624295
2022-05-06,0.8060290928648601,0.6963970016751598,0.8446563981234588
2022-05-09,1.1225656976830751,0.90767768007366,1.177883166331186
2022-05-10,1.7525109427433867,1.4453539376283266,1.9987970640979595
2022-05-11,1.5737550596927392,1.2934727699404025,1.8084113480884694
2022-05-12,1.4057967290292228,1.3692558873187264,1.6403406479961873
2022-05-13,1.7559219428802515,1.502062064970736,1.9008865152339882
2022-05-16,1.5557224269804566,2.0317456940106013,1.7255454450330487
2022-05-17,1.397323172505278,1.8300372613299736,1.5649204912230483
2022-05-18,1.2567711428623187,1.668061705661325,1.4216516644570554
2022-05-19,1.438265742822077,1.6119269445464655,1.4858951426306606
2022-05-20,1.891150788006086,1.8182303175251597,1.917084702771785
2022-05-23,1.6866884260956165,1.7560819545206958,1.7366341476900433
2022-05-24,1.502688979939368,1.8483841570920136,1.5759234684268029
2022-05-25,1.4634093780999675,1.6513413684382725,1.455846810535432
2022-05-26,1.3172299586642808,1.4863655446035757,1.3241839009881475
2022-05-27,1.1875326441895853,1.3479661544873167,1.2065007861037982
2022-05-30,1.0753005236444708,1.2027200301297996,1.1011763221164879
2022-05-31,0.9762107902769513,1.0724408908033007,1.0068878377759711
2022-06-01,0.8886935088611221,0.9563337976465001,0.9224465651187982
2022-06-06,1.0463567488142997,0.9715050891748115,1.0096015452060354
2022-06-07,0.9433251287350035,0.9721802200188919,0.9253413348903785
2022-06-08,0.8850851468453976,0.8712101984845934,0.8518592939216336
2022-06-09,0.8225749496922581,0.7817454219494355,0.7846321059641593
2022-06-10,1.141374720184275,0.9846983743371557,1.1269573859794892
2022-06-13,1.6937173217495889,1.4106384460374441,1.8032257823959983
2022-06-14,2.0368359966627745,1.5270303537174095,2.031378820822905
2022-06-15,1.907222595918901,1.3612422639165112,1.8477429582915426
2022-06-16,1.7006246227460853,1.3581986887788298,1.6745732765832364
2022-06-17,2.7933071533117597,2.3729596339881542,3.240880062661999
2022-06-20,2.641424939455613,2.1088486556194623,2.94318063713708
2022-06-21,2.3382828629440233,2.099173778168621,2.6531114189618052
2022-06-22,2.0880654529334413,1.8675750566762925,2.393000515536823
2022-06-23,2.173820752145502,1.7426199697041467,2.291193369962349
2022-06-24,2.288729156243269,1.6532945622492297,2.2285112916325795
2022-06-27,2.0164773783437853,2.2311446985090897,2.0170639806844575
2022-06-28,1.8026415812500614,2.013342578046643,1.8256083489797919
2022-06-29,1.6121916029227228,1.859455168814648,1.6546202032603163
2022-06-30,1.4953088338363048,1.6459338084138562,1.5050504976797674
2022-07-01,2.0046139583445233,1.907101911234669,2.023028524726664
2022-07-04,1.8014809871155049,1.6839977237092698,1.8309240444529091
2022-07-05,1.6113005287081654,1.5719756174304929,1.6595593037810605
2022-07-06,2.5456076960549914,2.3581961892926664,2.9270097227104532
2022-07-07,2.2595988922404455,2.221186046141338,2.639166603487795
2022-07-08,2.0101188979314135,2.0950479241910256,2.382288008831167
2022-07-11,1.8052836710474116,1.848688920368276,2.1524390465605028
2022-07-12,1.6260012409841136,1.6336175284003795,1.9471601880851506
2022-07-13,1.465251260360902,1.4485809521707385,1.7636558859418756
2022-07-14,1.5372926327566847,1.351702231379523,1.691308583667169
2022-07-15,1.9178092172744832,1.5134117704834253,1.9856803808728443
2022-07-18,1.7038563027101559,1.64502713448667,1.7989802082211361
2022-07-19,1.5254473209396016,1.5391657257040963,1.631394797826174
2022-07-20,1.3668797719538541,1.4702552106301283,1.4815714378697884
2022-07-21,1.3543052559395554,1.3283795852419475,1.3787027851361362
2022-07-22,1.2256278933066942,1.1801292225899733,1.2548745175041078
2022-07-25,1.111131014307233,1.050537119711484,1.1439286841366652
2022-07-26,1.0057828262035036,0.9531450821816247,1.0446594436414884
2022-07-27,0.9155314220909457,0.8519107825837717,0.9554993286796281
2022-07-28,0.8298993164801829,0.796474691741396,0.8760392539439712
2022-07-29,0.7639115700108411,0.7154725076918728,0.8045966625136362
2022-08-01,0.6917614594413563,0.764254423813793,0.7424321672300815
2022-08-02,0.6577002612581102,0.6903188122546281,0.6877081493632663
2022-08-03,0.6118878520345862,0.6235152646549094,0.6363428872992161
2022-08-04,0.5585753939993813,0.5885837514216993,0.5904774987369698
2022-08-05,0.513127432135839,0.5338582934625169,0.5489347420464608
2022-08-08,0.48927110300392207,0.48850267102028305,0.513793803415756
2022-08-09,0.4479877336589539,0.4802650854898213,0.4812848340722943
2022-08-10,0.41265782989273836,0.43979177004924597,0.4515024049154157
2022-08-11,0.3798116774201613,0.4098789239581575,0.4250939474369519
2022-08-12,0.4378423032591841,0.4174966717983718,0.45318381299476135
2022-08-15,0.40207650758520125,0.4069958815783257,0.42716791122928116
2022-08-16,0.37097308303291227,0.3767158019241305,0.4036578558753623
2022-08-17,0.34185780312061614,0.36187844451867096,0.3828635089360651
2022-08-18,0.35420636028109875,0.3472819642346715,0.37633506225399516
2022-08-19,0.32674224803655466,0.33551907183219276,0.3585417144168245
2022-08-22,0.30245647423870875,0.31457410153422033,0.3425381392627454
2022-08-23,0.30922818899228766,0.30298339328150686,0.33633817989582043
2022-08-24,0.37714334852632214,0.33316492030611,0.3863577349879554
2022-08-25,0.38060335402737167,0.3192774877382304,0.37567519705923014
2022-08-26,0.3514506618028517,0.3004470915667657,0.3579985759718922
2022-08-30,0.43772857830261963,0.3458877335378952,0.42705160937026565
2022-08-31,0.5647815376393829,0.42055274264689335,0.5394891573109146
2022-09-01,0.7367137695318698,0.5243247992252654,0.6964282430350908
2022-09-02,1.1663073046958616,0.9027754317035304,1.259949860481475
2022-09-05,1.0433146028312112,1.18951050326434,1.1475411892796004
2022-09-06,0.9450812555917043,1.0524261354974669,1.0438285917237713
2022-09-07,0.8574358409096393,0.9367839659682748,0.9520515670050982
2022-09-08,0.9841318567313124,0.9272918496483432,0.9988830138806932
2022-09-09,0.8911481703784692,0.8372718556615633,0.9124068706229754
2022-09-12,0.8031975670838667,0.9124075006574142,0.8360563620826427
2022-09-13,0.722723005873573,1.1167568044127063,0.7682982256198143
2022-09-14,0.932367628995781,1.1593989568987664,0.945996765581791
2022-09-15,1.245140671373436,1.2944010862564954,1.2478245568227169
2022-09-16,1.123770118470098,1.1439855734049773,1.1333986609870026
2022-09-20,1.1774677592895693,1.0642219506983335,1.0992175843022762
2022-09-21,1.2239307465280327,0.9928904346706932,1.0655269143513861
2022-09-22,1.101473409899792,0.9241001961423058,0.9719577608656763
2022-09-23,1.2912319646305153,0.9685495592655744,1.09235794020871
2022-09-26,1.8084281171311085,1.3362996317618927,1.6850716210030685
2022-09-27,1.6200696931856238,1.180475294466156,1.5220142108284176
2022-09-28,1.60956662081935,1.0810796436081498,1.4237436465646995
2022-09-29,1.443675366636423,0.9682248669227267,1.2905032253369366
2022-09-30,1.8857478702536914,1.2439733013339345,1.7249529376611192
2022-10-03,1.687004451746164,1.1035074622715986,1.5581604495900236
2022-10-04,1.5124598169075079,0.983585304958542,1.4102199099679948
2022-10-05,1.3417347678729699,1.6061335809640915,1.2806644829229812
2022-10-06,1.3405178631734351,1.4448556644312276,1.20254310026167
2022-10-07,1.4318871802700164,1.352918721781898,1.2005749845733658
2022-10-10,1.311640326375472,1.1975148557368696,1.0933380129721604
2022-10-11,1.3055584723943745,1.0887231693491133,1.0320370628701627
2022-10-12,1.4882382075385097,1.1072752509492303,1.1401980968984609
2022-10-13,1.5962575064032647,1.0749518826019993,1.1659748585295866
2022-10-14,1.4316686923913091,0.9671115224591291,1.061430910170399
2022-10-17,1.2885342390640278,0.8625882153009177,0.9683819839013018
2022-10-18,1.156709525277066,0.8566966971383718,0.8857753847550993
2022-10-19,1.0446186213278634,0.7707601151104546,0.8119899464849043
2022-10-20,0.9842478199761815,0.69576225271979,0.7508006363951829
2022-10-21,0.8910600880124545,0.6327951179351657,0.6917213265086232
2022-10-24,0.8075840438283868,0.5847795781842754,0.639110702038019
2022-10-25,0.7321863757208239,0.5720575051270187,0.5924421476052404
2022-10-26,0.6676037550515933,0.518791288369851,0.5505464601889589
2022-10-27,0.6074464390952168,0.5110404828381974,0.5135775188481797
2022-10-28,0.5546472061364964,0.47126458239081986,0.48035878410353416
2022-10-31,0.5741693760672787,0.4499623304416769,0.47386293772500604
2022-11-01,0.5238757924474251,0.459452724329896,0.44543348727085613
2022-11-02,0.4784039487441969,0.6045296835518912,0.4214779315811596
2022-11-03,0.5438904610851159,0.5916704005723912,0.45807114115761466
2022-11-04,0.4969926106402436,0.5763096320226139,0.4314772778406341
2022-11-07,0.45217259959270734,0.9797142581231666,0.41039816665567835
2022-11-08,0.4962976287169873,0.9015716500889756,0.42751055708310554
2022-11-09,0.4565662500563961,0.8045007014899971,0.40433099568647496
2022-11-10,0.4409752256799936,0.7235532299506486,0.38652308939678715
2022-11-11,0.4032428099869485,0.7770094622643243,0.36853044507229804
2022-11-14,0.5057611527661223,0.7730981878969153,0.45617205771402947
2022-11-15,0.46184724148732953,0.7835095078575308,0.430223678871772
2022-11-16,0.4593145409387355,0.7092666088340474,0.41442317866348294
2022-11-17,0.4626214155142204,0.6470210341110504,0.40292494370795184
2022-11-18,0.4353333756174102,0.585117210914205,0.3830946923838548
2022-11-21,0.39986701361880284,0.5590823733981932,0.3649473273660721
2022-11-22,0.3858979022128966,0.5103499273806881,0.35076560006451984
2022-11-23,0.3536768737488484,0.5797077413781098,0.33659400031860304
2022-11-24,0.3272934477799333,0.5277752239316081,0.32337342892830406
2022-11-25,0.3038373963112317,0.4806840921855709,0.3115385588991046
2022-11-28,0.2815997384841716,0.44628628316418223,0.3010047465321976
2022-11-29,0.2829535724512054,0.4147124164641891,0.29627061444777764
2022-11-30,0.26191804751080766,0.40879046876790903,0.2875087768261488
2022-12-01,0.2421896117055738,0.4478387116649406,0.2800956127690383
2022-12-02,0.2485080662669053,0.4172533097015869,0.2790894648029956
2022-12-05,0.23454670952161844,0.38523490338428135,0.2720808682860085
2022-12-06,0.21870323860472507,0.3585464103942036,0.2656764143716787
2022-12-07,0.2832964230011004,0.3823086829997832,0.32429495074726444
2022-12-08,0.3217672761662564,0.379319564848958,0.34361439022845675
2022-12-09,0.3292559550668936,0.3597111227364875,0.33800592995784867
2022-12-12,0.3055018948096923,0.33489250489778605,0.3243863646831154
2022-12-13,0.3409398060499129,0.3361567320901104,0.34084885075084675
2022-12-14,0.3136729732138204,0.37655025959967053,0.32734805807250716
2022-12-15,0.3027591341376675,0.35122559494880856,0.3162293676040981
2022-12-16,0.4300653600801733,0.4365656584228437,0.4556114814110246
2022-12-19,0.646171772427408,0.601103671561133,0.7111967545240214
2022-12-20,0.5894590172041467,0.5592710479826533,0.6563362987096463
2022-12-21,0.5400951206407542,0.5086064063122336,0.6076034195133266
2022-12-22,0.48923687403460925,0.7910290635994949,0.5661530643395113
2022-12-23,0.5137805558117282,0.7271017565180914,0.5512783749235411
2022-12-28,0.472451017073379,0.6527616042111771,0.5142773086100818
2022-12-29,0.43398116227983125,0.598468003670127,0.48144266755969173
2022-12-30,0.3998319036910752,0.5452300738205829,0.45221487007854916
2023-01-03,0.5098302930052786,0.5792302364500378,0.5406702984827382
2023-01-04,0.46314879408694365,0.7318589736864334,0.5055885087268931
2023-01-05,0.42510302131746597,0.6736982199357149,0.4737161834433391
2023-01-06,0.38992320453433116,0.6489796227427534,0.44544092513804584
2023-01-09,0.35748969535130387,0.6651893258405388,0.4203696894636993
2023-01-10,0.32989932383985904,0.6096770809430796,0.39785283981511954
2023-01-11,0.36272085568510964,0.5727204922220018,0.40432075390441674
2023-01-12,0.3344275171677925,0.5347436467226765,0.3835625397206339
2023-01-13,0.3073788922976125,0.5717189706046446,0.3653369431001796
2023-01-16,0.2836195055300596,0.5614333989607708,0.3489669882091395
2023-01-17,0.26309804341518783,0.5130381830697968,0.33419906822792145
2023-01-18,0.2585405366145015,0.47036529854708864,0.32319846055429435
2023-01-19,0.2730740014973823,0.44074281711346625,0.32256579889918535
2023-01-20,0.42586070553221106,0.5469410575468878,0.5096300751844615
2023-01-23,0.39183196502155554,0.5054701442501646,0.4771796418301382
2023-01-24,0.36162037025201116,0.46381184323457186,0.44831780924206466
2023-01-25,0.3868421450779234,0.4423296468179749,0.4436412644208588
2023-01-26,0.3808814862482579,0.4109110106332943,0.4227764546949609
2023-01-27,0.35174148462046306,0.3828577767431276,0.39992950337541255
2023-01-30,0.3260381059642322,0.35494056860669443,0.37954791577293845
2023-01-31,0.3018280139860391,0.33630424266969794,0.3614226509697026
2023-02-01,0.30237432054464436,0.31925955121304456,0.3499952115241023
2023-02-02,0.2983182292709191,0.3029910563210106,0.3380664625893694
2023-02-03,0.27477298998240035,0.34720088549602457,0.32470613323351255
2023-02-06,0.25264413320436063,0.44175569378354357,0.3131832982760565
2023-02-07,0.35564500252846115,0.4923316157905655,0.42037210188329655
2023-02-08,0.32822622227741727,0.46177968779451983,0.39780037006212954
2023-02-09,0.3037359980715395,0.429179876053925,0.3776812743957897
2023-02-10,0.28122340436586946,0.40514081507729677,0.3597721362751569
2023-02-13,0.310066639958554,0.3925197412228455,0.3662430688108934
2023-02-14,0.2852936357344988,0.4356818527744045,0.3498817083471223
2023-02-15,0.26534651101049356,0.4008223032932498,0.33493503998154256
2023-02-16,0.24553399979180407,0.4014250706749951,0.3217724717953619
2023-02-17,0.22863350243243774,0.3734866472823517,0.3098560999858223
2023-02-20,0.2246982170602824,0.3487991089477002,0.30085747200512825
2023-02-21,0.20981395501058564,0.3261565157979552,0.29113297380670244
2023-02-22,0.25156551451725323,0.3336846801925789,0.31820966359767305
2023-02-23,0.31501654996484424,0.3580049374165648,0.3671256934143777
2023-02-24,0.332097298645671,0.3453130307154181,0.3643226055726503
2023-02-27,0.36062892901798344,0.34087431745125407,0.3706249209681218
2023-02-28,0.33122437268810323,0.3722206452750574,0.3536131307605977
2023-03-01,0.424041936906261,0.41588674302299977,0.43330760147185976
2023-03-02,0.38939057678698996,0.4074628558263153,0.40924648948613207
2023-03-03,0.358653343442379,0.3889426057642352,0.387763104076384
2023-03-06,0.3323746249478881,0.35995441168493025,0.36853986491767077
2023-03-07,0.33823081136120287,0.3421768029498444,0.3593734842387471
2023-03-08,0.33103926439262205,0.3224821365677811,0.3459921789778015
2023-03-09,0.3068969630922989,0.30336730767907016,0.33129277486835085
2023-03-10,0.3783738678466546,0.33717819297037793,0.3864442851450211
2023-03-13,0.6954881173877755,0.6590568537874557,0.8586571543285428
2023-03-14,1.4112689800769127,1.4266605460820587,1.9921703526378958
2023-03-15,1.2602439519848603,1.4074108345302552,1.794253059118951
2023-03-16,2.8154188601648786,3.1335707725654465,4.362067393385157
2023-03-17,2.477107550550259,2.805571451607948,3.8899861742184516
2023-03-20,2.5883052719405657,2.5694869301197847,3.655024572639368
2023-03-21,2.2831469169300624,2.3323847108538582,3.2669964963611258
2023-03-22,2.013897832945625,2.3974129990184876,2.9258162760626716
2023-03-23,1.7904818016772348,2.1047303017881975,2.6212429811251847
2023-03-24,1.8966702913551203,1.93996905992507,2.491708092548488
2023-03-27,2.1407157732146014,1.897357916543375,2.5183244877486284
2023-03-28,1.8975196822694618,1.7471321771302122,2.2607589712605733
2023-03-29,1.6929271968246027,1.5313589510284682,2.0319647410474366
2023-03-30,1.5064771674780755,1.4709566656167705,1.8291622428679786
2023-03-31,1.3462017587383812,1.3511301822015613,1.6487957006242941
2023-04-03,1.2104865051325675,1.1894457355719723,1.4882419538173177
2023-04-04,1.0878568197294542,1.079264650581815,1.3455558864963906
2023-04-05,1.1108752125597978,0.9881081865774393,1.2627132329992392
2023-04-06,1.0012435002372575,0.8883889588329047,1.1448181827329276
2023-04-11,0.8998278233302854,0.9071991816312575,1.04084144455204
2023-04-12,0.8131175843943914,0.839582604733244,0.9476950794312823
2023-04-13,0.7365411475487482,0.7731485002869922,0.8647508489891659
2023-04-14,0.6699332172323904,0.694385975836178,0.7906822229606305
2023-04-17,0.6096488535891275,0.6345785861202541,0.7249303617984498
2023-04-18,0.5571942417564694,0.5703022255789711,0.6662348506533128
2023-04-19,0.5086837606488012,0.5289936507670414,0.6143639443234494
2023-04-20,0.4887546510446056,0.48238888987735234,0.5710766887103843
2023-04-21,0.4486661716295185,0.4387657726057363,0.5295933480828874
2023-04-24,0.41200139504918637,0.40271637834590285,0.4928481843478902
2023-04-25,0.3819967863422747,0.37063403499704367,0.46031737667678585
2023-04-26,0.39282862907527116,0.3540707721649822,0.44417951336467587
2023-04-27,0.44223256137903344,0.36280315669951135,0.4605514150349263
2023-04-28,0.4501716696651052,0.34756844316579977,0.4448287752928381
2023-05-02,0.41208524037822863,0.3497760642286177,0.4185416407450372
2023-05-03,0.6280377852527026,0.5282193131773592,0.677158731660493
2023-05-04,0.5728777423222271,0.4820054421811901,0.6245900101709144
2023-05-05,0.7642275077371866,0.5988681437571018,0.7986376816225638
2023-05-09,0.6901025621012545,0.6491358777786113,0.7323370866909451
2023-05-10,0.6648973528481963,0.5882180874500696,0.6792871776117256
2023-05-11,0.6645234478775196,0.5433830582757819,0.6416834991749868
2023-05-12,0.6320837321709669,0.49538733479925084,0.5964285743771696
2023-05-15,0.5759265281102983,0.45993234734735433,0.5531126994282
2023-05-16,0.5257734869981422,0.4286352966190703,0.5147194313903484
2023-05-17,0.543273343904934,0.41056286960695404,0.5013950950733884
2023-05-18,0.5633623312362788,0.3967154263340592,0.49184439888905407
2023-05-19,0.51460757053426,0.3713350667419948,0.4603993276211421
2023-05-22,0.4711001472919572,0.34683734192497245,0.43250452330481604
2023-05-23,0.43199194880616276,0.3254901121622515,0.4077599534215107
2023-05-24,0.41251540605374565,0.30670048601377176,0.38756250273263143
2023-05-25,0.7752065740557502,0.6849507499874258,0.9297214915278467
2023-05-26,0.8739607305016196,0.686222511018215,0.9457030193574034
2023-05-30,0.7886659960646016,0.675808632218263,0.8625573686185828
2023-05-31,1.0715516759797965,0.8521473467670693,1.1347595508742927
2023-06-01,1.244602377279932,0.8911924497183216,1.2144748196306996
2023-06-02,1.116254417748841,0.8285834593236977,1.1002942969227736
2023-06-05,0.9975110616186632,1.0184595964332803,1.0003741707704004
2023-06-06,0.923391807686163,0.9014662092554853,0.912341096258154
2023-06-07,0.8348086188316374,0.8131804735245455,0.8330561009113934
2023-06-08,0.7675232981615282,0.7246186020628874,0.7632278170255805
2023-06-09,0.766455424618806,0.6632442135344849,0.7192930218450321
2023-06-12,0.8043732496877513,0.6286236301984203,0.7048792876162904
2023-06-13,0.7307403600105787,0.5660954853048659,0.6493384860053201
2023-06-14,0.6639998298955341,0.5215182671749591,0.6001299517363611
2023-06-15,0.6055434978294844,0.47389039115513776,0.556472723237524
2023-06-16,0.5521183205874157,0.44352386348677353,0.5177824374593062
2023-06-19,0.5049041289717348,0.40911362162991977,0.48343373736044803
2023-06-20,0.5986121440292741,0.44447371661846397,0.5433282526854571
2023-06-21,0.5939505856599395,0.41702341002466725,0.5172474419545016
2023-06-22,0.566246869527119,0.3867805220973935,0.48596418435308564
2023-06-23,0.6710660689540646,0.43417773855086833,0.5581747352760871
2023-06-26,0.722720884013332,0.43759144571141445,0.5701392332456117
2023-06-27,0.6786181165108495,0.4035990759203675,0.5318768589428571
2023-06-28,0.6179392739117937,0.3725396786783851,0.4959688894570204
2023-06-29,0.562336475263736,0.3744894205800298,0.4642218869567926
2023-06-30,0.5856702328228487,0.3680868961534261,0.4620073302785192
2023-07-03,0.5329527028559471,0.4130041691036847,0.4342365816883629
2023-07-04,0.49626656001098335,0.38086902825703506,0.4098708315791453
2023-07-05,0.47064690591971614,0.3544662575791465,0.3894498862870665
2023-07-06,0.6383308328634388,0.46954395892075135,0.5624520902726834
2023-07-07,1.1861977960311132,1.0388817951423694,1.3947745876655167
2023-07-10,1.151361467892455,0.9312086240524643,1.276734876343049
2023-07-11,1.0363477582116498,0.828905452637239,1.1544785525559507
2023-07-12,0.9356997334046933,0.7375988454063779,1.0467413141563628
2023-07-13,0.8386662610509766,1.0499892801127308,0.9530693786976357
2023-07-14,0.7598864036540356,0.9363773825809993,0.8687677588734977
2023-07-17,0.7052838588025494,0.8303087788851671,0.7951117601040837
2023-07-18,0.7204836537319883,0.758875715388395,0.7544342010768346
2023-07-19,0.6533649569041076,0.7215619432150483,0.6931485580491883
2023-07-20,0.5886427237035274,1.0218625445600504,0.6393209084059305
2023-07-21,0.5353480018432166,0.9670570962814942,0.5912583589812801
2023-07-24,0.4900248061171918,0.8601782354569754,0.5485593328245664
2023-07-25,0.4494966689055228,0.7670727487526738,0.5106942970316486
2023-07-26,0.4131174648229538,0.6864035660748972,0.4771094079887727
2023-07-27,0.41047359584791876,0.6210807834295713,0.45378975666936133
2023-07-28,0.37776815650221146,0.5623771920809681,0.42664932897831576
2023-07-31,0.3489147424065193,0.5082418247021802,0.402556654271395
2023-08-01,0.3225534737244483,0.46179380632107253,0.38118410088326066
2023-08-02,0.3624328121222309,0.4481763661012669,0.3953140278419012
2023-08-03,0.6033960310226705,0.6525924001670584,0.7157754677616576
2023-08-04,0.6347944761132405,0.611826066985868,0.6911563302107905
2023-08-07,0.5777721153246902,0.5738950519753983,0.6369216934781246
2023-08-08,0.5514906629879883,0.5215956815923661,0.5917616171689499
2023-08-09,0.5709363796130386,0.4921011989754026,0.5716193391023483
2023-08-10,0.5193016572431722,0.5186024241564192,0.5312755714964514
2023-08-11,0.4748189339324216,0.48839920415090243,0.49545590731825506
2023-08-14,0.6942412582876841,0.644201319868154,0.7425063122414524
2023-08-15,0.6772093794839098,0.586793821002015,0.691131840432678
2023-08-16,1.0115632102699015,0.8454483522518854,1.085522969229005
2023-08-17,1.0225950828383719,0.778678121043554,1.0202521341831268
2023-08-18,1.0851322237567353,0.7484133705200188,1.0001128874588283
2023-08-21,1.1500303811964043,0.7256126698333436,0.9867874580108981
2023-08-22,1.0508336492624875,0.6497368717065337,0.8992690106515724
2023-08-23,0.9486464145584209,0.5862556940993631,0.8213877048008212
2023-08-24,0.855373734129993,0.5804407642089486,0.7526144354432999
2023-08-25,0.7756798747266169,0.5267488342348253,0.6916368877828748
2023-08-29,0.7053974847230453,0.4781270172125823,0.63762569068306
2023-08-30,0.6353415121577335,0.7770634869713021,0.590324814633072
2023-08-31,0.5803123880209529,0.6938953648869932,0.5478754885050561
2023-09-01,0.6197344149280994,0.6515303117706241,0.548084348539686
2023-09-04,0.5651175920886993,0.596960704622583,0.5104485583981193
2023-09-05,0.5446632261127918,0.5428482200217216,0.48115127239145405
2023-09-06,0.5337435537212711,0.49853791907215217,0.4578597421235037
2023-09-07,0.515942062467682,0.45830759734726534,0.4346040678352371
2023-09-08,0.4725077717693141,0.4231160601419173,0.40976894331663233
2023-09-11,0.43249633288509326,0.4143643816922917,0.38784210346007114
2023-09-12,0.39731606156347454,0.38718929991898,0.36829442947399443
2023-09-13,0.3651264721332739,0.3751430452934478,0.3510167585967489
2023-09-14,0.3388291686880704,0.34799080839376384,0.3356156117280127
2023-09-15,0.31033765064043034,0.7621070470006084,0.32492955807084367
2023-09-18,0.2863667160885329,0.7066139571951893,0.31290170927171085
2023-09-19,0.38197109709116706,0.7089542182352984,0.4049242232077096
2023-09-20,0.3530016276392709,0.6356037467579911,0.3837755744749582
2023-09-21,0.32327967136244024,0.6686260080120304,0.36532975425227493
2023-09-22,0.4074463245636988,0.6631200816546523,0.4325660361343081
2023-09-25,0.3761938479702631,0.596030077684754,0.40827714547970323
2023-09-26,0.4804283013910674,0.6178696233948362,0.49499692288608166
2023-09-27,0.4423173946322554,0.5570317044636158,0.4635793793886507
2023-09-28,0.4790059260491278,0.5299862315037837,0.46758339055857207
2023-09-29,0.44054065406013215,0.4822465096100084,0.43931446786700407
2023-10-02,0.40601762871751285,0.44061344711965755,0.41425800984275113
2023-10-03,0.6262640731390945,0.6133928185870292,0.6865572586672003
2023-10-04,0.6804315672459866,0.5924093544058926,0.6844457032131399
2023-10-05,0.7879381567814024,0.6130560853457357,0.7373974445399476
2023-10-06,0.7143591001238138,0.582068692107148,0.678513981219607
2023-10-09,0.6486182615607042,0.5618601480327873,0.6264464684760289
2023-10-10,0.5979272387751503,0.5094481293556964,0.5803485182685162
2023-10-11,0.5380162077651326,0.8369794181389968,0.5402067363998918
2023-10-12,0.5116807092562586,0.7478340488177297,0.505661640599062
2023-10-13,0.4688982223634935,0.6792614988600415,0.4732013526989701
2023-10-16,0.5369097613077224,0.6567534713591039,0.5060515003320535
2023-10-17,0.49107388141076597,0.6075413883820753,0.4735555298120799
2023-10-18,0.44893826484735677,0.5845343905767063,0.4447800148001878
2023-10-19,0.6369941354485346,0.6930889882545161,0.6501337855677478
2023-10-20,0.8455416260540566,0.7951949162187033,0.8450216682516006
2023-10-23,1.1027314238780015,0.9239601775861915,1.0775355936304054
2023-10-24,1.0882271377770303,0.8396399036771044,1.003018710837934
2023-10-25,0.9829662317741169,0.7515785898237415,0.9136568088637589
2023-10-26,0.8889616087667743,0.6832392461476637,0.8347618757812064
2023-10-27,1.0023787486574947,0.6976069802633205,0.8798157720036713
2023-10-30,1.1291363380497026,0.7214866508932053,0.9362952915690813
2023-10-31,1.0170282509290378,0.6720686926040642,0.8550167914544143
2023-11-01,0.9379978519346043,0.6054838975079705,0.7839070682280054
2023-11-02,0.8496815058822174,0.554231413804408,0.7200488123637432
2023-11-03,0.7635532182061816,0.7279201725025131,0.6637709520933776
2023-11-06,0.7774528649215784,0.6730965260339188,0.6394200787436198
2023-11-07,0.7090257264073774,0.6051643701899223,0.5919055353126539
2023-11-08,0.6668125639545852,0.548780659312354,0.5514945981811981
2023-11-09,0.6297191088853034,0.5004104957945101,0.515872505313399
2023-11-10,0.5724350338517319,0.5137409450509292,0.48242530956678
2023-11-13,0.8057763175439211,0.6732851722692916,0.7432158316453824
2023-11-14,0.728157447358104,0.6911040346040908,0.6841451684135854
2023-11-15,0.6636951191957795,0.6238513726683471,0.6316113786905204
2023-11-16,0.6033940925613245,0.6039854462065831,0.5851003417526958
2023-11-17,0.7691996637231157,0.6765255343382566,0.726142103814437
2023-11-20,0.6932352907246617,0.7846150170451219,0.669194524320663
2023-11-21,0.6526772819038112,0.7032579008364459,0.620096013667431
2023-11-22,0.6328453218911932,0.637055119872859,0.5809882657617895
2023-11-23,0.609643872275754,0.5788147442569762,0.5447493011725768
2023-11-24,0.5577076379878233,0.5268633932695674,0.5079784110735774
2023-11-27,0.5118043223036719,0.47925201290635416,0.47532663884595444
2023-11-28,0.534596080084776,0.4570420062416121,0.4696473621081083
2023-11-29,0.5023140987431942,0.42022094966508056,0.44210257498877126
2023-11-30,0.5364755772475248,0.41205603962145304,0.44824857694316195
2023-12-01,0.4906433863717128,0.3969080610733141,0.42233807666609574
2023-12-04,0.44692565370138937,0.48073949946953587,0.3996583761595801
2023-12-05,0.44621707742806854,0.4467729462511135,0.3871844054402936
2023-12-06,0.4612275291684411,0.4238954363282009,0.3844818093652707
2023-12-07,0.4233733895593383,0.40171427017587996,0.3657221821760383
2023-12-08,0.3928084113853153,0.371541079588193,0.3490413828886979
2023-12-11,0.3608922415389048,0.37607047020125217,0.33433143148334715
2023-12-12,0.35123764356475945,0.35205874687947925,0.32372991746273544
2023-12-13,0.32787849477320474,0.32873081892983,0.31174203531109507
2023-12-14,0.3036678917833821,0.30834263914553706,0.3009840115559565
2023-12-15,0.27923767930982885,0.48958703565206413,0.2928747637762999
2023-12-18,0.40973073903495766,0.5625214568232564,0.4447189100535327
2023-12-19,0.37637989594114885,0.5358378587219863,0.4192614590860904
2023-12-20,0.34716034462752576,0.49577160066656945,0.3966177798581425
2023-12-21,0.31780467535800316,0.5662006649590089,0.3769388103293186
2023-12-22,0.332559628455857,0.52394593205732,0.3717656158682962
2023-12-27,0.3086376040812155,0.4765761205705268,0.3544459985687646
2023-12-28,0.2855073996196147,0.4482231939526951,0.3391162572600351
2023-12-29,0.268668779450399,0.41181967367012623,0.32553756972687026
2024-01-02,0.24997643507192213,0.3812148705236875,0.31335055076753
2024-01-03,0.25098636315312745,0.3575644702231129,0.3063147259711244
2024-01-04,0.30196205893279365,0.36796265637850595,0.34144516474604425
2024-01-05,0.27874306569819096,0.37142534950913714,0.3275790534153712
2024-01-08,0.3187072784411231,0.37098583910606836,0.347938672468336
2024-01-09,0.2958415910465101,0.3447535992017355,0.33314809839620885
2024-01-10,0.2916587698290762,0.32524084723695906,0.32288980682578294
2024-01-11,0.3292362918777829,0.32946903609970873,0.3414634694634898
2024-01-12,0.4713880566572914,0.4323766240470058,0.49904934096257464
2024-01-15,0.43113282421381965,0.44079437364043356,0.4673763461756966
2024-01-16,0.4617825512082505,0.4263224237931572,0.46590057436447807
2024-01-17,0.5079698601483867,0.4237400199118864,0.4782480285430426
2024-01-18,0.7936031195297035,0.6662363312371689,0.8429594692637243
2024-01-19,0.7216236443195683,0.6010793771412916,0.7716314697790851
2024-01-22,0.6585188438052666,0.5428690690566256,0.708699959206804
2024-01-23,0.6002764096166926,0.5045144672925967,0.6531831353212635
2024-01-24,0.553454107852639,0.46026028074045994,0.6040881043929865
2024-01-25,0.505151809825915,0.45469471940709144,0.5606417256623046
2024-01-26,0.46467794619753144,0.4169420673609645,0.5220383899411755
2024-01-29,0.4216565961971695,0.6024222395854408,0.48821392807974145
2024-01-30,0.3930850469862562,0.5447043656322194,0.4579041231363428
2024-01-31,0.3615611402798901,0.5141281610125829,0.43091222330920365
2024-02-01,0.40635603480171345,0.4976093540385911,0.44457207595159703
2024-02-02,0.3911406641382547,0.4564163273696195,0.4209584154399709
2024-02-05,0.3736524988915611,0.4202075165702879,0.39924466273413206
2024-02-06,0.3496345665464923,0.387771255832216,0.3788878254254724
2024-02-07,0.32061351977383074,0.446180051004908,0.3609715901553582
2024-02-08,0.4024285981512992,0.46976575649548513,0.42583324653599586
2024-02-09,0.4414179084110105,0.45595499181849564,0.4353666199226104
2024-02-12,0.45539638409018174,0.4312053102239561,0.4263389362574172
2024-02-13,0.4198989737148577,0.3967698813533903,0.4027937018186871
2024-02-14,0.5311792428095369,0.45124808729153154,0.49747852802709613
2024-02-15,0.48425851286619903,0.4738227251711103,0.46612748280276745
2024-02-16,0.44400878440656805,0.44807645938108015,0.43815431615820005
2024-02-19,0.40265889442255837,0.6625295634091812,0.41402931853336544
2024-02-20,0.3712720621801045,0.6000716210170354,0.3919046911932653
2024-02-21,0.3603036228591823,0.5451046648013455,0.37458121909935066
2024-02-22,0.4539774851909117,0.5646562418007166,0.4517233329198829
2024-02-23,0.4172482086580476,0.5195262226860053,0.4253408079432838
2024-02-26,0.38414506525158026,0.48042617988716774,0.4019272490652499
2024-02-27,0.3981726908779462,0.45118150588342737,0.3950266945882341
2024-02-28,0.3695749556639482,0.4143352734456935,0.3749916295476032
2024-02-29,0.46745646408319164,0.45551847357158054,0.457318322451509
2024-03-01,0.43061277876814974,0.41792345343643783,0.43023920333768895
2024-03-04,0.3941861265019431,0.43553967899261314,0.40640137325302317
2024-03-05,0.4535649926153938,0.44041686466423485,0.43762593651362125
2024-03-06,0.41801963341207754,0.4049761024080116,0.4127671131093909
2024-03-07,0.3840839408838256,0.39292452336081785,0.39077436244136954
2024-03-08,0.3547084802516168,0.3659986424024304,0.37117367830337755
2024-03-11,0.3927195188688353,0.3652427092935525,0.38517838110843355
2024-03-12,0.36272657804621916,0.340749201641087,0.366173732628476
2024-03-13,0.33164548014444706,0.43336548815958037,0.3497668228837066
2024-03-14,0.30650834385012354,0.4079131690818321,0.33476629212873266
2024-03-15,0.3367357923847626,0.39600447882469786,0.3453997264004352
2024-03-18,0.3403181863871868,0.3729006011512603,0.33780268938771674
2024-03-19,0.32319169585857227,0.34740756812910567,0.32460456470800564
2024-03-20,0.29928488106795936,0.3277437843363384,0.31230799570434814
2024-03-21,0.27877899564665426,0.3075123350193168,0.30133220334021554
2024-03-22,0.25362849019667977,0.6814679040416485,0.29425645416917706
2024-03-25,0.23440609302249035,0.651783554330213,0.28583362751230157
2024-03-26,0.23839181328697356,0.5919388409878994,0.2827613228362473
2024-03-27,0.22226527557807188,0.5379230298242498,0.2752997498831208
2024-03-28,0.20817469207975764,0.48929246777518454,0.2686061850029154
2024-04-02,0.19420285237196655,0.4532374672793406,0.2626744588005697
2024-04-03,0.20599524806722394,0.4236306218346452,0.26557776322190846
2024-04-04,0.1931441454083421,0.390561882488292,0.25985402923319595
2024-04-05,0.1795970079314133,0.3855832295576175,0.2549865176504141
2024-04-08,0.27329219955966083,0.4413176213147669,0.366741498667292
2024-04-09,0.2530435466914135,0.42213108700361135,0.3498369549297535
2024-04-10,0.2488322312449513,0.3916105682739179,0.3366610851728452
2024-04-11,0.23108079550823565,0.3732521357781287,0.32307968844568685
2024-04-12,0.2756489030743975,0.3765355577223429,0.3493316119190609
2024-04-15,0.2531659572629671,0.43767517242336285,0.3348525241243458
2024-04-16,0.28453413778993675,0.4222194760859735,0.3459450671997004
2024-04-17,0.6339982929992733,0.7974663844872905,0.9277918057893424
2024-04-18,0.5779060247274843,0.724811946619087,0.8468516676157727
2024-04-19,0.5277964990943778,0.6637635542922453,0.7754890957144397
2024-04-22,0.4837524251086122,0.6029110296565287,0.7124099767327051
2024-04-23,0.43846868225420743,0.8340833777385822,0.6579442416772102
2024-04-24,0.4030516312193889,0.7508170572531522,0.608300938205473
2024-04-25,0.3797117097151342,0.6740868050854613,0.5647759956188507
2024-04-26,0.3491615036181881,0.6299713934907685,0.5258006535034505
2024-04-29,0.32047011743705145,0.6286665634789088,0.4912863859148852
2024-04-30,0.29727291112141413,0.5682282152337076,0.4605538998445567
2024-05-01,0.28042901294020434,0.516233039874263,0.43344046980411893
2024-05-02,0.29796554106981016,0.4822330180967187,0.4227512267585801
2024-05-03,0.2745456573827857,0.4820209838785691,0.3997743485266508
2024-05-07,0.25379391531687434,0.46678452754703403,0.3793304213431166
2024-05-08,0.2334515633698513,0.5889929684454833,0.36167218307266163
2024-05-09,0.21661303360872725,0.5570967474891169,0.3455363850355281
2024-05-10,0.20158240957546,0.5159077173565301,0.33113162907743776
2024-05-13,0.18750359270204564,0.5105918499003843,0.31847928627072625
2024-05-14,0.19970607939910115,0.4735337138010445,0.31557715729422975
2024-05-15,0.18654914474293371,0.435505755129279,0.3044338734896572
2024-05-16,0.17434359211328856,0.4044608945267259,0.2945121532933699
2024-05-17,0.17184355662282969,0.3756618764808128,0.28681374273290355
2024-05-20,0.18403971058930305,0.3565251912981466,0.2869900952461724
2024-05-21,0.17273540115138272,0.33252113100269,0.2789080564215775
2024-05-22,0.17125016932548373,0.3135513483833388,0.27308267826178284
2024-05-23,0.22503383568722468,0.33522153401022836,0.319604952086425
2024-05-24,0.2560410834268157,0.3332885525286271,0.3319271856375556
2024-05-28,0.2712658781962084,0.32237830074788804,0.33035308503457905
2024-05-29,0.36571747730111054,0.37729854826594034,0.419976468131414
2024-05-30,0.4855379013708903,0.4443617893791833,0.5282055444793069
2024-05-31,0.4436537155511618,0.4437762144181274,0.4930914489582305
2024-06-03,0.4062958134440339,0.4373317655441457,0.46193840595247165
2024-06-04,0.39808256592195285,0.4063086494894878,0.4380688149132308
2024-06-05,0.4265193429258885,0.3947245592620295,0.43712663262651824
2024-06-06,0.3930251885321035,0.36805726895314445,0.41220372943872813
2024-06-07,0.3611584344533141,0.36391007491625216,0.39017123598166276
2024-06-10,0.40891032939888,0.36978251531087997,0.41095045142287856
2024-06-11,0.4090435593147509,0.3504827932753546,0.3960904719383275
2024-06-12,0.5564462079839113,0.4478001156029592,0.5456396186806665
2024-06-13,0.5057607582670409,0.48469820313430256,0.5088224400579948
2024-06-14,0.5812586019851766,0.4946188726307878,0.5454546805168236
2024-06-17,0.5700350060236109,0.45836125633697417,0.5154822242834574
2024-06-18,0.5327607215222059,0.4214185431528426,0.4822624763509683
2024-06-19,0.48604796289164315,0.42602276677894213,0.4524499224975922
2024-06-20,0.44705788401020613,0.3946679726907579,0.425862420929075
2024-06-21,0.407773558369895,0.4368489190617538,0.40246709249936874
2024-06-24,0.44423700920797776,0.425867085994053,0.41214204199276344
2024-06-25,0.4070098737215467,0.4211555419100795,0.39015266086666417
2024-06-26,0.44127787557906994,0.4109857039811406,0.3993668589710597
2024-06-27,0.45094607360201705,0.3903978925985083,0.39142278345490294
2024-06-28,0.5112226582967081,0.40188013322450966,0.4251658852808039
2024-07-01,0.5023350991723804,0.3774291307346207,0.4076991212801901
2024-07-02,0.46273484904995726,0.350476590550398,0.386061776181246
2024-07-03,0.5235834977789398,0.36781478567939385,0.4210935080526083
2024-07-04,0.47786289584839164,0.38111445939642635,0.3981159714082129
2024-07-05,0.4352988280017812,0.432021792093818,0.37785285373304706
2024-07-08,0.47691785281953303,0.42520653008853043,0.39525483298842395
2024-07-09,0.4596172451400122,0.3947174273915739,0.37762937142887093
2024-07-10,0.5395566532379374,0.4205343894343888,0.43433900156696703
2024-07-11,0.49191387718602264,0.4329058344609273,0.4098917083437061
2024-07-12,0.45111496252211597,0.4110256306821824,0.388040856683993
2024-07-15,0.4143842909364496,0.391819322191637,0.36862336861932354
2024-07-16,0.5322347006557682,0.4531548717727151,0.4772117109933546
2024-07-17,0.527323564494136,0.4233872876066604,0.4560062638188664
2024-07-18,0.4835919848604121,0.39707919543851034,0.42896537218495867
2024-07-19,0.4446508514597807,0.37116604564657724,0.40494314676261856
2024-07-22,0.5133766930122832,0.3914595555462804,0.4461167649025697
2024-07-23,0.46934302670424805,0.39080287101565103,0.4202707488108351
2024-07-24,0.4969654576360753,0.3820050286062558,0.422421176383962
2024-07-25,0.4849848968251627,0.35899536481840333,0.4037801143234489
2024-07-26,0.4446538320528253,0.35005618358954377,0.3826096473291034
2024-07-29,0.40355446322481686,0.48563809593901225,0.3643350738521592
2024-07-30,0.37319530184948607,0.4442587932398148,0.3475008977860409
2024-07-31,0.37721739096810214,0.41549061174657914,0.3404914093807403
2024-08-01,0.34337600911955246,0.5207956858108518,0.3269439331450196
2024-08-02,0.4905601858361554,0.6016312444976539,0.4939294418543298
2024-08-05,0.7233142135118408,0.756574509085512,0.7673296019443909
2024-08-06,1.2139576273273158,1.1889031982335923,1.4533725570735638
2024-08-07,1.0944572811071576,1.0544916202615366,1.31221816868536
2024-08-08,0.9769546788244339,1.2726557588041119,1.190782614601821
2024-08-09,0.9479152172487672,1.1330024616980443,1.0925717070202259
2024-08-12,0.8588929869404424,1.0097790401299314,0.9935085320209226
2024-08-13,0.7779528212211366,0.9235039087018173,0.9059420216358033
2024-08-14,0.7077503953974621,0.8305641993006685,0.8283190140846695
2024-08-15,0.6431028355546192,0.7736112317248042,0.7595493689723029
2024-08-16,0.5835082955406093,0.7604586545237264,0.6985764565785575
2024-08-19,0.6163343078153778,0.7064809621050564,0.6766219223625952
2024-08-20,0.5614685541411089,0.6652024836668925,0.6249172073867143
2024-08-21,0.7207706745472089,0.7241703141379064,0.7553616121940446
2024-08-22,0.6583036836546098,0.6509511313231244,0.6947768693904298
2024-08-23,0.6029775058543012,0.5868030213898011,0.6410168074106252
2024-08-27,0.5500295347266261,0.5543524816535195,0.5933190893558804
2024-08-28,0.5045334560878889,0.5069052603942041,0.5509206096411619
2024-08-29,0.4671593987106671,0.4624288007728952,0.5132757690108232
2024-08-30,0.428394333820091,0.4416869594816396,0.4798210305149664
2024-09-02,0.400642567694245,0.4062228308336732,0.45021126367850467
2024-09-03,0.39305418438043277,0.3790313651863706,0.427623872451329
2024-09-04,0.4965785275986166,0.429658573857733,0.510915519635634
2024-09-05,0.5168701277888218,0.4123564147053916,0.4986160615975775
2024-09-06,0.5341582029903967,0.39642526129671857,0.4863755806402424
2024-09-09,0.6303810289975272,0.43504746611218403,0.5494567472114291
2024-09-10,0.5701864794045287,0.5293266947196631,0.5121418416127728
2024-09-11,0.6785964558718175,0.5596588562539556,0.5865993192917578
2024-09-12,0.6485778304862758,0.5113883007016553,0.5484376281105207
2024-09-13,0.590142071306777,0.5000089966103629,0.5110694302337444
2024-09-16,0.5391952115109366,0.47091536469112943,0.4778593684138826
2024-09-17,0.4957326850580173,0.43115260529445815,0.44833041794281964
2024-09-18,0.4544035775100885,0.41068701748309494,0.42213573453230135
2024-09-19,0.5384124839445817,0.43795642930979256,0.4789608098638095
2024-09-20,0.48929196546027726,0.4910479574966588,0.44948827646160744
2024-09-23,0.6893550621331658,0.6232555801172622,0.6717520986206994
2024-09-24,0.6282353170107696,0.5749308867845131,0.6203444798708235
2024-09-25,0.5741763046826829,0.5278902163163544,0.5747891385192773
2024-09-26,0.5569612548297364,0.48504990515022356,0.5392344941180335
2024-09-27,0.5108011538854182,0.44636310717661287,0.5028602010305142
2024-09-30,0.4676342112300735,0.4284062657292288,0.4706025853141299
2024-10-01,0.6233038239980295,0.5212794091085111,0.6204368702712549
2024-10-02,0.5682655386828712,0.497909763695423,0.5749633799398596
2024-10-03,0.5211517131293352,0.45662961755153475,0.5345815227076611
2024-10-04,0.4958893228958137,0.4208221882592916,0.5004004845860159
2024-10-07,0.4597173861639813,0.38813564322325533,0.4684628636047992
2024-10-08,0.422581442769099,0.3664599017923464,0.44004580768356505
2024-10-09,0.6603407274531591,0.5692605168489724,0.7420293456441499
2024-10-10,0.6001861623144785,0.5597914667734504,0.682969768777696
2024-10-11,0.5630007556671064,0.5091925271221639,0.631282773135538
2024-10-14,0.5162939094499653,0.4672979013485035,0.5846684127268229
2024-10-15,0.4723801976381182,0.4503821930612836,0.543348561231984
2024-10-16,0.526028387171447,0.4493576423794141,0.5539713026386271
2024-10-17,0.4779422819739855,0.5127213358270261,0.5162310114144152
2024-10-18,0.43661989570323106,0.5143209042298323,0.48261586920887295
2024-10-21,0.45430081206107503,0.4831004415190903,0.4701262854823239
2024-10-22,0.5000410890415622,0.4722260173751833,0.4813006550095417
2024-10-23,0.4832251502937693,0.4358104650798895,0.4547418007569015
2024-10-24,0.5470901578883486,0.4439619902280019,0.4854941707117807
2024-10-25,0.5023984105924184,0.4090205843639651,0.4552115333428778
2024-10-28,0.5041822952946436,0.3868362882118279,0.43878017616730075
2024-10-29,0.461666147039174,0.37819438416731943,0.4137486421786821
2024-10-30,0.5701203991390602,0.4310483115602323,0.5020631774032402
2024-10-31,0.6658524357848827,0.46425339232620416,0.562575347314477
2024-11-01,0.7329693769037462,0.4727392977769756,0.5873456641989623
2024-11-04,0.6638479493622401,0.5053439149405983,0.5458599629793863
2024-11-05,0.6075774332238133,0.46123396509520714,0.5087977874727285
2024-11-06,0.5826507497733168,0.42638675588072134,0.47929189396501753
2024-11-07,0.5462418399678057,0.39386656980807777,0.45042421051338893
2024-11-08,0.5579846723586005,0.37872085468173367,0.4412518354210897
2024-11-11,0.6778959047172216,0.4396563456095292,0.5384545576525874
2024-11-12,0.6160461171980792,0.4486163497389157,0.502362460311074
2024-11-13,0.8338697371315569,0.5960194537650697,0.7329888393638443
2024-11-14,0.7597635202463765,0.5392468918491431,0.6748191331707821
2024-11-15,0.6901524238495709,0.5164826359256101,0.623416392034594
2024-11-18,0.6483488298271627,0.47242295745087065,0.5791122222722879
2024-11-19,0.5902842030361335,0.4653763425397247,0.5384961668294485
2024-11-20,0.5634243269740324,0.4293446533893507,0.5049438341895196
2024-11-21,0.5467343800369954,0.4000294035418005,0.47737695501988814
2024-11-22,0.49803432687065713,0.43637622186991526,0.44817966930062914
2024-11-25,0.4512299917280789,0.6092448086947734,0.42256330319010404
2024-11-26,0.41463294991251776,0.562947802908346,0.39936529177380753
2024-11-27,0.44647699617788733,0.5323158923830721,0.4059401155068117
2024-11-28,0.41125474770470055,0.48746737231598564,0.38454128100202606
2024-11-29,0.3800268610077699,0.4458513686407196,0.36548011059845864
2024-12-02,0.35167310003157076,0.4098052843438995,0.3485041493641487
2024-12-03,0.32470244694577377,0.3871619981288119,0.3334213055275215
2024-12-04,0.2991336047455343,0.3905426511662886,0.32010699055432695
2024-12-05,0.3157533258313888,0.3731265995048701,0.32165264875979366
2024-12-06,0.29274374819297205,0.34854387460333097,0.30946692081944627
2024-12-09,0.3406650288010098,0.35674139650190556,0.3398571516047062
2024-12-10,0.3137555374781179,0.36004180089468074,0.32576637428786287
2024-12-11,0.4272954085495011,0.4274416722575108,0.4417723542742947
2024-12-12,0.39346061953843214,0.3993334142537243,0.4162265974790454
2024-12-13,0.36354686104291717,0.3701910764197,0.3935203486356051
2024-12-16,0.35586712186739633,0.34735817804965535,0.37646752567782416
2024-12-17,0.3991131444878903,0.352245055849259,0.39456739152878034
2024-12-18,0.5078222849998131,0.4106282725686255,0.4882809780851269
2024-12-19,0.46721567071069925,0.37899672873067014,0.4574939531288174
2024-12-20,0.6545364721216053,0.5124615985703135,0.659413705106466
2024-12-23,0.647063476110491,0.47647277125352666,0.620341205809392
2024-12-24,0.5912121895193843,0.44023854528561734,0.574842498836338
2024-12-27,0.5399545249085095,0.42225961890330427,0.5345681301587482
2024-12-30,0.4955147453623439,0.3909501926724414,0.4987667857838245
2024-12-31,0.5159670206535778,0.37902881829529883,0.4881265647265147
2025-01-02,0.4712852232314239,0.39400407887867905,0.45763608215908147
2025-01-03,0.4290624508576528,0.4861369447128618,0.4307135844547333
2025-01-06,0.46702478182010687,0.4696812737774023,0.4390969480639629
2025-01-07,0.4290343316514478,0.43917873710746197,0.41396074244109227
2025-01-08,0.4034217533268902,0.4046021857082234,0.3919774309701856
2025-01-09,0.37278410052581434,0.3740070660806978,0.37200233368371205
2025-01-10,0.3415683404918303,0.4202324040525111,0.3544781154404923
2025-01-13,0.45607846435429356,0.4784412580560893,0.46568029443432174
2025-01-14,0.4679787792494278,0.44996461861961967,0.4521570165882588
2025-01-15,0.4760025257332564,0.4239629998621113,0.43831223295110544
2025-01-16,0.43258133174146746,0.5489611885137985,0.41370667231401814
2025-01-17,0.39412753329944517,0.6267409081951753,0.39174846928450596
2025-01-20,0.358777539261659,0.7631674629163812,0.3724801063294968
2025-01-21,0.3316613209102196,0.6862021529650802,0.3547422012641735
2025-01-22,0.3064501975860187,0.6272676745120247,0.3389767432895791
2025-01-23,0.2890101933822271,0.5671108490567824,0.32508434556903865
2025-01-24,0.2680847967243808,0.5192489720603626,0.312524994273081
2025-01-27,0.355439598180658,0.5407261151984473,0.39462527932125213
2025-01-28,0.32956729034488186,0.4917933188878219,0.37434533636823447
2025-01-29,0.30446840667177005,0.4612602851574508,0.35635783638799545
2025-01-30,0.28198968784204176,0.4299260631816801,0.3403277061447061
2025-01-31,0.25872401675416185,0.5109419693819053,0.3265599888279286
2025-02-03,0.24013895217461292,0.4749214665733049,0.31384534717689977
2025-02-04,0.3820993860901673,0.5683003317361567,0.4920842703979461
2025-02-05,0.3746557133775901,0.5193929753290265,0.46460166720246215
2025-02-06,0.3442608766775806,0.5115119253498239,0.4367316568713518
2025-02-07,0.31510366288644404,0.6219300818654168,0.4123998545850601
2025-02-10,0.33464286169190394,0.5752605162484599,0.40625231624742375
2025-02-11,0.30774292474737125,0.5838442263917911,0.38495918382345234
2025-02-12,0.2854423770338572,0.5297838559521343,0.3658004182559055
2025-02-13,0.2643712820089995,0.4931767311974977,0.3487908623805431
2025-02-14,0.3112353388328617,0.4814052853576349,0.3740827979993422
2025-02-17,0.34007047211232766,0.4588037847301037,0.3791813137595525
2025-02-18,0.31375840615995176,0.4367286565705139,0.36069335489104065
2025-02-19,0.292799396357233,0.40198018230808463,0.34419012036464963
2025-02-20,0.3616835711918349,0.42033720084797416,0.395505287174104
2025-02-21,0.4234020495521677,0.42895063037136566,0.43072767839368165
2025-02-24,0.39655720285732005,0.39559115555598623,0.406657445941363
2025-02-25,0.3670134276266422,0.3661934885291879,0.3850237051320136
2025-02-26,0.3396608093519282,0.34124881282349334,0.36579188319407396
2025-02-27,0.31207242508503724,0.3733129379301889,0.3489080330964859
2025-02-28,0.2889521543644528,0.3538202877509376,0.33368255940481895
2025-03-03,0.2665801398568277,0.3677803044583254,0.32026970982424124
2025-03-04,0.2459762126420628,0.39226442743176265,0.30840860597419684
2025-03-05,0.4352004443576802,0.5587085683398412,0.5774714858539991
2025-03-06,0.40641025806365083,0.5076676170575162,0.5369806515627306
2025-03-07,0.5199182895775276,0.5495306759726476,0.62119397329417
2025-03-10,0.4828058149255033,0.49976005462861117,0.5758827296457838
2025-03-11,0.6176411131290245,0.5603279720646167,0.6814743522463349
2025-03-12,0.831929128414502,0.6877303026472741,0.8851883943020968
2025-03-13,0.7542453172295824,0.6469722076354154,0.8104131980725718
2025-03-14,0.6883761946292595,0.5836364393723715,0.7439754443597704
2025-03-17,0.6236782873737173,0.6459964147037595,0.6855406518281582
2025-03-18,0.5684986015196641,0.6139902382113145,0.6332851866655298
2025-03-19,0.5205506025891444,0.5625675726021082,0.586801504162785
2025-03-20,0.47901959318680487,0.5107577847720154,0.5454739564179999
2025-03-21,0.44937541410553744,0.4667209408549305,0.5091593739731999
2025-03-24,0.5237974671710715,0.47866987146230483,0.545337135665891
2025-03-25,0.4981464891634991,0.44010582916375535,0.5102514248409017
2025-03-26,0.45734184244104353,0.41269863232828324,0.4774001604922034
2025-03-27,0.42055905091071166,0.3888656714109964,0.448157214061511
2025-03-28,0.43015163771551723,0.37065763822712783,0.4343862668756235
2025-03-31,0.40918183236294214,0.34586824363997487,0.4109142160747192
2025-04-01,0.5315356122362289,0.4185641136069514,0.522032168385916
2025-04-02,0.485757754570601,0.423283248654427,0.4879097862448837
2025-04-03,0.49785936174959344,0.40295354641831227,0.47308000346771045
2025-04-04,0.7939276462667367,0.6638820268112879,0.8649921871374757
2025-04-07,3.089892809717592,3.7622907458242563,5.443043513075933
2025-04-08,5.3173484827055875,5.777315298114573,8.50492617752471
2025-04-09,4.598053835452027,5.8277989061491065,7.547315344561946
2025-04-10,5.7535134635014495,6.121788629527573,8.291679344668497
2025-04-11,4.962964599083553,6.350468465560008,7.362146474508607
2025-04-14,4.315372528445193,5.503795005356419,6.531699369252812
2025-04-15,3.7487801762115645,5.268842195665234,5.803140768260772
2025-04-16,3.2724963913479375,4.7663429865628215,5.158079670244535
2025-04-17,2.877602768421868,4.117478812289815,4.58745335558536
2025-04-22,2.542617447452749,3.552256010270382,4.08309357565654
2025-04-23,2.245814534980908,3.1124299149710764,3.637043126768872
2025-04-24,1.9860325368749054,2.7808042708603584,3.242307794812836
2025-04-25,1.7696690999003168,2.405651178584757,2.8922058932501487
2025-04-28,1.5804463543533265,2.0836962930955467,2.5817971115996463
2025-04-29,1.415509187304189,1.806449400689693,2.3064451159134536
2025-04-30,1.2657260557470211,1.601078193185393,2.0625457071057656
2025-05-01,1.1356255632761763,1.4058792686524573,1.845960985617679
2025-05-02,1.0237872056827368,1.2239473849410674,1.6535357697326298
2025-05-06,0.9171091701691786,1.2311139713338177,1.4862491028489135
2025-05-07,0.8304479173444088,1.0752304163194608,1.3346823027509676
2025-05-08,0.8530963797696574,0.9705191912907706,1.236212761650874
2025-05-09,0.8454898256465098,0.8683596715312106,1.1322935005270771
2025-05-12,0.7648123841536383,0.7719085266475066,1.0216004726961199
2025-05-13,0.6913715861270843,0.7215185383331993,0.9247617436778965
2025-05-14,0.6328006887661747,0.6400295892920391,0.8379714201689927
2025-05-15,0.6161610827364921,0.5776906935930003,0.7690968634816083
2025-05-16,0.5593962102280386,0.5540404630921542,0.7020403137891937
2025-05-19,0.5087299469803336,0.5369465845995844,0.643182365300916
2025-05-20,0.46496971518194014,0.4855141390931554,0.5899462458186145
2025-05-21,0.42400492427127634,0.5444562684257019,0.5472826347013657
2025-05-22,0.3894700077465874,0.4904020143035757,0.5057506983998965
2025-05-23,0.4486614141497436,0.48634877496296897,0.5239866769540319
2025-05-27,0.45214946789560106,0.45088465463467986,0.4970227573509426
2025-05-28,0.41278109446929306,0.4652992958434075,0.4637933967856466
2025-05-29,0.4831009753262894,0.4738045186424015,0.49975866366342225
2025-05-30,0.4606771376822115,0.4331606009463828,0.4675692005254582
2025-06-02,0.4205620397885637,0.44262959717023764,0.43780768763391265
2025-06-03,0.3868702852855442,0.4040556885267489,0.41101062182805315
2025-06-04,0.3559352343918622,0.37272252395405386,0.3874758385022504
2025-06-05,0.32790555529795706,0.3465730105229133,0.3667955340463722
2025-06-06,0.302664799630848,0.32292151470119795,0.34860239954772865
2025-06-09,0.2793132394312092,0.31141620910867474,0.33272843242946326
2025-06-10,0.266443940625889,0.2934723159762555,0.31935379646487294
2025-06-11,0.24659488362592766,0.2821127367786602,0.30698484601723425
2025-06-12,0.22875583013687223,0.2683464161488291,0.2960695211275862
2025-06-13,0.2123617650882834,0.26045642399187524,0.28651294154758383
2025-06-16,0.24665136626473522,0.2717986209420302,0.30622077744606185
2025-06-17,0.2286206581485756,0.26602262520660747,0.2955095592407466
2025-06-18,0.2748493092855521,0.28583033102703914,0.3268274759760172
2025-06-19,0.254573038602521,0.27097875726189985,0.31359736480129136
2025-06-20,0.32120899705518813,0.3074866798886751,0.3668239209262258
2025-06-23,0.324273317348973,0.2954213942181804,0.3556995336611388
2025-06-24,0.3264746750916114,0.2848829997171155,0.34560447213567586
2025-06-25,0.30145401430923613,0.2694383128488384,0.3300530147975106
2025-06-26,0.3474761116692947,0.28775063949597895,0.3561070219816033
2025-06-27,0.3199281730319794,0.2750111934166319,0.3392717084586818
2025-06-30,0.29432732972906545,0.32215447882295856,0.3247165506245754
2025-07-01,0.33567585788231846,0.32898064695029966,0.3466285409481986
2025-07-02,0.3092012879065854,0.3143869572957642,0.33093870521702845
2025-07-03,0.30195860394729107,0.2974426359701046,0.3197070564672785
2025-07-04,0.27835886618331374,0.31443568224137436,0.3073822023521185
2025-07-07,0.25792613718493573,0.29454092544478366,0.2963490982622937
2025-07-08,0.2630302025775026,0.2836732426532485,0.29299122899372587
2025-07-09,0.24324212806498527,0.3011807504469403,0.2838576878335034
2025-07-10,0.22577152271014905,0.2845702909315179,0.27560952065385086
2025-07-11,0.20922640664178221,0.44983504425581833,0.2696280471079902
2025-07-14,0.24353847512532065,0.43215863540966826,0.2912513904849248
2025-07-15,0.22540973740008888,0.44078682339201997,0.28249995689754737
2025-07-16,0.3040521154074594,0.4650533942350854,0.35864619912095375
2025-07-17,0.29883772974271594,0.42588161119657064,0.34452423189097797
2025-07-18,0.2756082549028746,0.4186205829373868,0.32917179431612875
2025-07-21,0.2551495624042786,0.38724606431867065,0.31553503199076904
2025-07-22,0.23657155504098615,0.36131493293099176,0.3035350292038035
2025-07-23,0.2199054436339383,0.3351893353371808,0.29293548669600894
2025-07-24,0.20422506192951742,0.3307272538078186,0.28370450540233166
2025-07-25,0.1895884218779879,0.3923763969128055,0.2760339604804363
2025-07-28,0.19941325996670275,0.3676401783864512,0.2760554831917586
2025-07-29,0.2394149315116364,0.36706895115943206,0.3031656030794247
2025-07-30,0.22173384559432002,0.3803862024285669,0.29283455725598573
2025-07-31,0.20655906895411427,0.35053565477540755,0.28346486762023415
2025-08-01,0.19733254865021685,0.3258616585816075,0.27554151279309647
2025-08-04,0.2802869480553546,0.374390701272126,0.3624168179093082
2025-08-05,0.25861573551336614,0.3947289504802948,0.3448730381397942
2025-08-06,0.23978481758823905,0.36451562245132785,0.32918674336291986
2025-08-07,0.22255597107835542,0.34205648078049455,0.315409281188095
2025-08-08,0.3058632005865768,0.38616212610625056,0.3946134948755564
2025-08-11,0.2899255776885274,0.3563661996819772,0.3733991153875976
2025-08-12,0.2677398934350807,0.3445802152911774,0.35430872084833875
2025-08-13,0.24800803574846908,0.32330494366063656,0.33747069575386673
2025-08-14,0.23013035655791408,0.30484147405673245,0.3226535933913522
2025-08-15,0.21400076953878935,0.2871866672947081,0.3095942531320892
2025-08-18,0.2528401187943885,0.2973496368219539,0.3309214034058161
2025-08-19,0.23447156903564342,0.28330590621008306,0.31684972006152035
2025-08-20,0.2175134600227708,0.27977222664097834,0.30449990716866615
2025-08-21,0.2013736909222412,0.4021198495252417,0.2943416074553126
2025-08-22,0.18757845567425852,0.3733869709050416,0.2846955275068482
2025-08-26,0.17514383363742053,0.34545923295458747,0.2761539882682478
2025-08-27,0.23910462428037252,0.3719979383670586,0.3361733511706219
2025-08-28,0.2356276636267025,0.34589067265585705,0.3236735161702748
2025-08-29,0.27482817062484816,0.3473145874521043,0.3433691826513005
2025-09-01,0.2988510545264066,0.33829453440080154,0.3469297504442171
2025-09-02,0.27639164100541375,0.31492735866533395,0.3308489140385194
2025-09-03,0.3961255980913307,0.399060178913491,0.4591392647547611
2025-09-04,0.36265824496524235,0.41766362742467505,0.429746777759158
2025-09-05,0.3331194388499054,0.40116502662820336,0.4037624004838449
2025-09-08,0.32050476805020706,0.3700997980045966,0.38245108439387443
2025-09-09,0.2958810673098959,0.34301130825501597,0.3621188863473747
2025-09-10,0.27343131078590005,0.32320268123965173,0.3442430490818758
2025-09-11,0.27784716449346314,0.30774548832541837,0.3348147970690922
2025-09-12,0.2560163302037184,0.35904075123430496,0.3204870746744701
2025-09-15,0.25712763973753805,0.3366281603265261,0.31193384133654234
2025-09-16,0.2468985629495101,0.31431286441014755,0.3008370409921765
2025-09-17,0.3655720400467394,0.4008295232088773,0.43604802021974526
2025-09-18,0.33654587422886,0.368970378553325,0.4091910967909039
2025-09-19,0.31020885226284983,0.3445709839302949,0.3856097385244207
2025-09-22,0.30360206635427844,0.3229223740289385,0.36763309066898836
2025-09-23,0.2807522963214205,0.3019328221072299,0.3490375432104013
2025-09-24,0.2645273722613089,0.28397871017999515,0.332882332495605
2025-09-25,0.24490695650477803,0.276482557770277,0.31845387908813827
2025-09-26,0.28014019230750126,0.28508106177251935,0.3346900420762207
2025-09-29,0.25817083689225295,0.336947052091672,0.3202881302173015
2025-09-30,0.23944341306026287,0.31510580033840097,0.3073134743188874
2025-10-01,0.22167285721571714,0.3272202459681814,0.2960258526703284
2025-10-02,0.20497914387621796,0.42863233063616135,0.2866105443584817
2025-10-03,0.21422235986379157,0.39810703462551095,0.28496077210140197
2025-10-06,0.19866841392026682,0.41670270482527083,0.2765169957875802
2025-10-07,0.1997615408455338,0.3844728263126654,0.2718095328626984
2025-10-08,0.18648296406527343,0.3536154507501168,0.2645672707583373
2025-10-09,0.17345226370727723,0.3809885327447223,0.25857769220668914
2025-10-10,0.21073651760137102,0.37643782522914365,0.28516902300002245
2025-10-13,0.32273690794962034,0.44987007315922706,0.41705864409394083
2025-10-14,0.29775149467455053,0.41136093431707677,0.3923988415344624
2025-10-15,0.27537550822606854,0.3771389325698261,0.37072662794633315
2025-10-16,0.29574193932024667,0.36138110491409386,0.3680464121002355
2025-10-17,0.2735797043487386,0.33483233351905023,0.34931219061417246
2025-10-20,0.39196866706164607,0.4147025460010853,0.47377227553747486
2025-10-21,0.35927341457398754,0.40944618527534177,0.44247299384702377
2025-10-22,0.3305706232364406,0.3806558501029647,0.41484792674555815
2025-10-23,0.3033515658893205,0.4515101809935104,0.39090548646178136
2025-10-24,0.27930564599598545,0.4610434907626049,0.36964808294567447
2025-10-27,0.25761749042693993,0.47417058754802266,0.35095410775443553
2025-10-28,0.23893070121941,0.4303431442124088,0.3342970957826664
2025-10-29,0.22134948953527817,0.4136813808011506,0.3196914484267727
2025-10-30,0.2052661322380032,0.4202209461642225,0.30691169902359533
2025-10-31,0.19134296482245985,0.38409323069866785,0.29545852217445173
2025-11-03,0.23265461287212702,0.3819794937629322,0.3215396296629028
2025-11-04,0.23634278627053265,0.35656182468969894,0.31330576799020304
2025-11-05,0.21956990448571728,0.3311470948266841,0.3010490515238927
2025-11-06,0.20347165263284342,0.3537607423321378,0.2904709348905181
2025-11-07,0.24273958720370045,0.35415695985080525,0.31447691877199285
2025-11-10,0.30199000396417097,0.37092136903540585,0.35826996123464583
2025-11-11,0.27773502862793975,0.4784234822430194,0.34125668470751613
2025-11-12,0.25679099176018566,0.5884254049168269,0.3263895776472055
2025-11-13,0.23776501452091567,0.5280638680959577,0.3126068511260443
2025-11-14,0.3927741281723881,0.6260492607587633,0.5084883963676614
2025-11-17,0.5811046720088798,0.7292144440747209,0.709268807540865
2025-11-18,0.5734444574087573,0.6565426575235037,0.6596842729476643
2025-11-19,0.8191608426155437,0.8051654576644638,0.9146101769123078
2025-11-20,0.8480913530973475,0.744327875498087,0.8712641276939693
2025-11-21,0.764464583774791,0.6640870877504353,0.7917416850827369
2025-11-24,0.6912100715502539,0.5929161490026115,0.7220200072893285
2025-11-25,0.6364528174431037,0.5322452783384963,0.6612909223369987
2025-11-26,0.5770901055739126,0.5494285338454272,0.6076420454309472
2025-11-27,0.5243041529039612,0.5780677394552401,0.5604497719444623
2025-11-28,0.47870295801845353,0.5186813711534347,0.5187959203289639
2025-12-01,0.437577680145265,0.47518274774247027,0.4821452488708492
2025-12-02,0.431660104738487,0.4371590396498061,0.4562462732261753
2025-12-03,0.3967680424399713,0.39873276389736306,0.4270520375262114
2025-12-04,0.3798863007065613,0.36803818129298455,0.4031677506242008
2025-12-05,0.3491824672013435,0.3426078854505754,0.38027609638111926
2025-12-08,0.3935607978262163,0.3481803995970025,0.3984978680179021
2025-12-09,0.39748129470732557,0.3312866087215493,0.38572589779453076
2025-12-10,0.36973557581884625,0.3086651866608812,0.36506815394269965
2025-12-11,0.34001885613719574,0.29010182316560307,0.34668003905892547
2025-12-12,0.31289813298999974,0.29947802598551054,0.3305614382777353
2025-12-15,0.37606383325102444,0.3261942954705141,0.3750830523013339
2025-12-16,0.34482742046937803,0.4356534903838488,0.35586081987128826
2025-12-17,0.4319047945796362,0.46297022869295185,0.42635653698935166
2025-12-18,0.3948435626845427,0.519498737092918,0.4008976911936832
2025-12-19,0.36196479689161337,0.515787349645253,0.378361365364073
2025-12-22,0.33250107302155274,0.5060801362325055,0.35850977134199413
2025-12-23,0.3543941661107446,0.4729239086409256,0.35983628798675255
2025-12-24,0.3261439221238012,0.4337465892674741,0.3420804429957524
2025-12-29,0.32789285232921506,0.4017758596992398,0.33297530121336644
2025-12-30,0.30830289329363575,0.36895878240427493,0.31870736942756367
2025-12-31,0.2840194697779326,0.4045677287114207,0.30607935012581045
2026-01-02,0.27514689417090804,0.3726803539739,0.2963117045219233
2026-01-05,0.2546709326377696,0.3466195914365727,0.2860576613201756
2026-01-06,0.23575274669900015,0.3527065601197464,0.2771676012550236
2026-01-07,0.2185523870823278,0.49018635082776285,0.2702008858984171
2026-01-08,0.3087943816453049,0.519857368994917,0.36577122866024614
2026-01-09,0.2897978127593518,0.4693495328409492,0.34750476861022783
2026-01-12,0.26757853610844684,0.49797040244719887,0.3315179026764575
2026-01-13,0.24777773695659236,0.45197018972044495,0.3171384761685303
2026-01-14,0.2338652665527211,0.41156563198335233,0.304654214955849
2026-01-15,0.21703838174394238,0.3993790820791145,0.29355258279936947
2026-01-16,0.2017209143702243,0.397254918025916,0.28381480177468366
2026-01-19,0.19189958806392943,0.3649539231149256,0.2752895854362109
2026-01-20,0.22651873781321297,0.35997870556729117,0.29626908904473614
2026-01-21,0.30621069595359574,0.39682636975675323,0.37167439955723097
2026-01-22,0.28282528306386484,0.3646027908682052,0.3523720791096377
2026-01-23,0.26171362752128297,0.33724563366618354,0.33538619726618035
2026-01-26,0.25096311637159663,0.3144063242571273,0.32124628255185184
2026-01-27,0.2329552040902534,0.2935695923022681,0.307951366388008
2026-01-28,0.2160562504946563,0.3129550909270977,0.2964212394833706
2026-01-29,0.270687321901488,0.33235307856783675,0.3377135504846173
2026-01-30,0.250664153105483,0.3110757112510372,0.32243920536397264
2026-02-02,0.23214984740699035,0.3186215518684907,0.3091069140958191
2026-02-03,0.2153058336766904,0.45376492169645183,0.2980484320369983
2026-02-04,0.23245125787666882,0.4236085868637465,0.3004250565929657
2026-02-05,0.21579277779889905,0.4695267587686309,0.2900862114717607
2026-02-06,0.3356662937997586,0.5370825069647226,0.43230981061505575
2026-02-09,0.30904486003652254,0.5213564398006977,0.40592765655672997
2026-02-10,0.28508063486291707,0.4717347944474683,0.3825516301568363
2026-02-11,0.3075875585951558,0.4432054820277996,0.3803395508784393
2026-02-12,0.2843050371742833,0.5560106991475554,0.3606585737375001
2026-02-13,0.36645313124751516,0.5625267590407567,0.42644447579557476
2026-02-16,0.3366331630887569,0.5237029017123679,0.4007112660949711
2026-02-17,0.3098488755422125,0.4782960738651345,0.3780248997017365
2026-02-18,0.28601640709561077,0.5037324658563436,0.35828611837293434
2026-02-19,0.2663836942550615,0.6327781873742028,0.34130439654163186
2026-02-20,0.3283119246565339,0.6095138700533392,0.3837955156078672
2026-02-23,0.30260245657284257,0.5797824866251443,0.363276371144998
2026-02-24,0.28170118335550043,0.5202749938490595,0.34517367340934735
2026-02-25,0.2652811372140611,0.4699031203218043,0.3294306538193811
2026-02-26,0.2476211075638215,0.5880771807017698,0.3159279566734169
2026-02-27,0.22950125080524478,0.5409614318221584,0.3034711876528467
2026-03-02,0.21369001908820162,0.5247504351239557,0.29260437612662277
2026-03-03,0.40245788675033156,0.6677095235461948,0.554509304759087
2026-03-04,1.2378222990628889,1.6105114643029865,1.988351761057354
2026-03-05,1.1041552805917323,1.4685171453573393,1.7704337780982762
2026-03-06,1.4423491844673064,1.5645567491803214,1.9893543459584917
2026-03-09,1.6947114483035481,1.5679732601653553,2.0681599883635524
2026-03-10,1.601557982813126,1.3785058724867,1.8636204371500893
2026-03-11,1.4297129834042561,1.5005208709478846,1.6638465399061486
2026-03-12,1.4366922168492287,1.3488149579523692,1.5472763281223911
2026-03-13,1.4134257735038815,1.2069741841344197,1.4271085526398544
2026-03-16,1.3790660476431837,1.0810613926111219,1.3144682117435802
2026-03-17,1.2258159059098948,0.9796035424321585,1.1809685597444908
2026-03-18,1.095780876811731,0.9395652746995911,1.0638155228098842
2026-03-19,1.2493885585539106,0.9496964741498158,1.1311396178326756
2026-03-20,1.981878888566113,1.573538818339764,2.085413300653568
2026-03-23,2.3055651016767875,1.648336424243137,2.2577032450568053
2026-03-24,2.1045525393238442,1.4391763923342555,2.019969891603588
2026-03-25,1.8517995477728144,1.3098130620932813,1.800710090926582
2026-03-26,1.6431524183425932,1.3809136360572583,1.6088252289592033
2026-03-27,1.926893095177915,1.4430192161400066,1.7790736273334724
2026-03-30,1.708187278273833,1.255755841188923,1.5896741089542865
2026-03-31,1.5214259057973634,1.404643492702782,1.423590387482255
2026-04-01,1.3486193301935339,1.2468061872859197,1.2770555941507242
2026-04-02,1.2121252548558397,1.4970113021144575,1.149180387093879
2026-04-07,1.0826853628070299,1.3544281629389248,1.0359549665737449
2026-04-08,1.2023868597550433,1.2776829706948831,1.070258211116493
2026-04-09,1.0913993024062363,1.8726031770401659,0.9686817727767368
2026-04-10,0.9847120875672644,1.6216326278921325,0.8777721435162467
2026-04-13,0.8859609143928321,1.4078253049601268,0.7973759198598108
2026-04-14,0.8318808472912202,1.2304885784739195,0.731660261716844
2026-04-15,0.7474194351967173,1.0796066579446622,0.6686090314897547
2026-04-16,0.7785631416906431,0.977841577041929,0.6547540360445864
2026-04-17,0.7009538194648572,0.8664605612032211,0.6010140861791227
2026-04-20,0.6357813924228791,0.8244499044241713,0.554161002229759
2026-04-21,0.6924970095828902,0.7717321694842402,0.5702047188254543
2026-04-22,0.8806846671497606,0.8340113976929052,0.7367979724073771
2026-04-23,0.8371483086983478,0.7436450165460758,0.6815033813058546
2026-04-24,0.7932541854817191,0.6653693434755377,0.6314316055674212
2026-04-27,0.8952698688358794,0.6708515653140383,0.6867845687843055
2026-04-28,0.9416296740198594,0.6425069573915329,0.6889943347626264
2026-04-29,0.8422949036299192,0.5735928171872998,0.6313976585242537
2026-04-30,1.0676893664181883,0.6982825703672402,0.8377749201237739
2026-05-01,0.9644313273712253,0.9341613470471677,0.762599104741418
2026-05-05,0.8965608650169429,0.825714131167558,0.6999708617597116
2026-05-06,1.203815650336561,0.9937560995802543,1.0160459895757854
2026-05-07,1.0876787533444434,1.4271996402701115,0.9199280507487663
2026-05-08,1.4585781513481297,1.566871971154103,1.2979377314599334
2026-05-11,1.4204761220302764,1.3868781675444986,1.200354484565217
2026-05-12,1.2598506615693246,1.219317363493592,1.0800244786482247
2026-05-13,1.128941015539995,1.0649639602259953,0.9748587306672721
2026-05-14,1.0092417675536345,0.9707284955980069,0.8823896128697626
2026-05-15,0.9040201250487948,0.8751362170982289,0.8011965193874453
2026-05-18,1.327801879058119,1.16587968763311,1.2949793642073562
2026-05-19,1.1877138541335588,1.2059120871370594,1.16382584807418
2026-05-20,1.0562555167610175,1.0531035905471657,1.048202118548913
2026-05-21,0.9490728683238273,1.0354141640538856,0.9469844849321453
2026-05-22,0.8490497443342206,0.9085003348872975,0.8579445448232893
2026-05-26,0.7623807296049409,0.8038645545442135,0.7797519476125788
2026-05-27,0.6864605192677261,0.7156737315921683,0.7110470098739518
2026-05-28,0.6189980221587306,0.6363301406093914,0.6506457452937917
2026-05-29,0.7264942429378469,0.6476309077734982,0.7058334415481827
2026-06-01,0.6877742564163306,0.5823019890308518,0.6510136521191432
2026-06-02,0.774300869483777,0.5867822563003343,0.6851504647327161
2026-06-03,0.6974259980431251,0.5366134877487365,0.6279462194486835
2026-06-04,0.7150033853170645,0.5068842647784437,0.6077917955462337
2026-06-05,0.6448269699530178,0.4643054655971645,0.5599641874349386
2026-06-08,0.5817200671723787,0.42123300775474326,0.5179043326507639
2026-06-09,0.5257931306671553,0.3843278120460573,0.48092481605864595
2026-06-10,0.8145099543761398,0.6224690971989725,0.829194775641708
2026-06-11,0.7322194810167316,0.5629796921521304,0.7544051621582465
2026-06-12,0.6614554672268071,0.5301270711576462,0.6888394221140033
2026-06-15,0.6070047882048468,0.7929251582785879,0.6316035243269583
2026-06-16,0.6294445877989295,0.7247978560570579,0.6103625235422218
2026-06-17,0.5718490291460865,0.684550787263693,0.5623670004792598
2026-06-18,0.5181347476676018,0.6104241330430902,0.5201456161357654
2026-06-19,0.6978683140323506,0.6933183751468162,0.6887252558637283
2026-06-22,0.704615836815818,0.6356903041852494,0.6544703628153415
2026-06-23,0.6388643627121102,0.6260170099012834,0.6011517378111374
2026-06-24,0.593704844626589,0.5613113030304688,0.5556775651733219
2026-06-25,0.5385034449347995,0.5138349124295657,0.5143146549907323
2026-06-26,0.4916096436033738,0.5112759743286931,0.47802642068654944
2026-06-29,0.48409054136011515,0.4692209150203277,0.45432123085840026
2026-06-30,0.48060957666462545,0.43454980767751505,0.43500969622093566
2026-07-01,0.4371891094994412,0.3970395132482842,0.4082250434332124
2026-07-02,0.4285389953077858,0.37006549926811494,0.39080946005872724
2026-07-03,0.3999126111632035,0.6705627017888626,0.37044342595902435
2026-07-06,0.3662056520152883,0.6028208494986099,0.3515735791919039
2026-07-07,0.3758450274869268,0.5506347381485462,0.3473699823136773
2026-07-08,0.3441640747768373,0.4965039344490391,0.3312461055811328
2026-07-09,0.6859668979094228,0.817043425242496,0.8448998398698062
2026-07-10,0.6510653922560987,0.7271000386518689,0.7729845129880689
2026-07-13,0.588998944577888,0.6508678215819869,0.7053527272080626
2026-07-14,0.5330759917106755,0.5811055865372527,0.6460584425413989
2026-07-15,0.4850621528806566,0.5299184692032478,0.5940592952325481
2026-07-16,0.46360071649704143,0.4813205078363755,0.5515115948440465
2026-07-17,0.42452326724671596,0.467310556845615,0.5110382806714833
2026-07-20,0.3884100475336739,0.4309932901791476,0.47542229782216217
2026-07-21,0.48497154345908877,0.46466532627824575,0.5402550013706457
2026-07-22,0.4437811614816467,0.458945670653663,0.5011509800674081
2026-07-23,0.4104016232220646,0.5958567908319516,0.46696402082765925
2026-07-24,0.510191466202669,0.6077463215019501,0.5363458321629805
2026-07-27,0.4679712454543004,0.6391167185231765,0.4978124073867613
2026-07-28,0.4278632314613998,0.5896114193641265,0.46381572863512416
2026-07-29,0.39411993562315084,0.6061798734407312,0.4340113137823536
2026-07-30,0.3615883451065827,0.5545652228149465,0.40769026937680214
2026-07-31,0.34669166599244244,0.5013608889780348,0.38650117096038694
2026-08-03,0.35967682848823607,0.4652948735210229,0.37948507824886807
2026-08-04,0.3440645808635573,0.42497838738019267,0.3614303100560368
2026-08-05,0.3162406654974079,0.3915592339272904,0.34376848972691965
2026-08-06,0.29081797337963405,0.35996225081953803,0.3281906745366105
2026-08-07,0.29425369879000596,0.3391319914886725,0.32117753794697307
2026-08-10,0.2718919793636976,0.32386593590724977,0.3083170004340599
2026-08-11,0.30158930241620496,0.32133570384745064,0.3208069802546753
2026-08-12,0.30149265053062413,0.3050744133277729,0.3133631786066853
2026-08-13,0.291523585840765,0.2882246987008037,0.3033474594987833
2026-08-14,0.35568302534228147,0.3165608310306175,0.35181531700705565
2026-08-17,0.3584144852879032,0.30330409963100624,0.3435434890835147
2026-08-18,0.37216049842536386,0.2967564377190937,0.342471280154633
2026-08-19,0.34063328606427307,0.27874933504108507,0.3269217111052387
2026-08-20,0.3127207975458216,0.26460127868663175,0.31323473903774324
2026-08-21,0.2872443789578055,0.2510583857723673,0.3011602860029461
2026-08-24,0.2670611983644922,0.28467580295724454,0.29075430562758603
2026-08-25,0.24750724330785318,0.28034665308148854,0.2814233464232018
2026-08-26,0.22961988545296014,0.27270996931512853,0.27316619098836736
2026-08-27,0.2215240362213463,0.25950078830193074,0.2669050828035968
2026-08-28,0.32420556744321727,0.3335338805968122,0.37828466794587556
