forecast_date,forecast_origin,Model,training_observations,variance_forecast,convergence_flag
2018-01-02,2017-12-29,GARCH-Normal,4548,0.41324676084971995,0
2018-01-02,2017-12-29,GJR-GARCH-Normal,4548,0.2719033874496941,0
2018-01-02,2017-12-29,EGARCH-Normal,4548,0.23391482911148123,0
2018-01-03,2018-01-02,GARCH-Normal,4549,0.4133408712679016,0
2018-01-03,2018-01-02,GJR-GARCH-Normal,4549,0.30820067025498465,0
2018-01-03,2018-01-02,EGARCH-Normal,4549,0.28325880184556895,0
2018-01-04,2018-01-03,GARCH-Normal,4550,0.3874250083954418,0
2018-01-04,2018-01-03,GJR-GARCH-Normal,4550,0.2950476474259317,0
2018-01-04,2018-01-03,EGARCH-Normal,4550,0.26222989860459095,0
2018-01-05,2018-01-04,GARCH-Normal,4551,0.36595894896351555,0
2018-01-05,2018-01-04,GJR-GARCH-Normal,4551,0.283236035437723,0
2018-01-05,2018-01-04,EGARCH-Normal,4551,0.24297961854939895,0
2018-01-08,2018-01-05,GARCH-Normal,4552,0.3500202643765425,0
2018-01-08,2018-01-05,GJR-GARCH-Normal,4552,0.2726429539917145,0
2018-01-08,2018-01-05,EGARCH-Normal,4552,0.22529381191071884,0
2018-01-09,2018-01-08,GARCH-Normal,4553,0.34122881590063364,0
2018-01-09,2018-01-08,GJR-GARCH-Normal,4553,0.28493184086977535,0
2018-01-09,2018-01-08,EGARCH-Normal,4553,0.2524881768371068,0
2018-01-10,2018-01-09,GARCH-Normal,4554,0.3347304563410097,0
2018-01-10,2018-01-09,GJR-GARCH-Normal,4554,0.2741991426617713,0
2018-01-10,2018-01-09,EGARCH-Normal,4554,0.23375157017450834,0
2018-01-11,2018-01-10,GARCH-Normal,4555,0.31445253029349435,0
2018-01-11,2018-01-10,GJR-GARCH-Normal,4555,0.26438642840743526,0
2018-01-11,2018-01-10,EGARCH-Normal,4555,0.21720665415390952,0
2018-01-12,2018-01-11,GARCH-Normal,4556,0.2950532524027812,0
2018-01-12,2018-01-11,GJR-GARCH-Normal,4556,0.25552023686297487,0
2018-01-12,2018-01-11,EGARCH-Normal,4556,0.20215456779862573,0
2018-01-15,2018-01-12,GARCH-Normal,4557,0.27847375889498577,0
2018-01-15,2018-01-12,GJR-GARCH-Normal,4557,0.24752385538827001,0
2018-01-15,2018-01-12,EGARCH-Normal,4557,0.18830477291012454,0
2018-01-16,2018-01-15,GARCH-Normal,4558,0.2636556860847528,0
2018-01-16,2018-01-15,GJR-GARCH-Normal,4558,0.2427391434443394,0
2018-01-16,2018-01-15,EGARCH-Normal,4558,0.18810930270892207,0
2018-01-17,2018-01-16,GARCH-Normal,4559,0.25248018013250406,0
2018-01-17,2018-01-16,GJR-GARCH-Normal,4559,0.24078226086666107,0
2018-01-17,2018-01-16,EGARCH-Normal,4559,0.19312767276704296,0
2018-01-18,2018-01-17,GARCH-Normal,4560,0.25839975321191483,0
2018-01-18,2018-01-17,GJR-GARCH-Normal,4560,0.26069385768470305,0
2018-01-18,2018-01-17,EGARCH-Normal,4560,0.22464330650894027,0
2018-01-19,2018-01-18,GARCH-Normal,4561,0.25681837612089087,0
2018-01-19,2018-01-18,GJR-GARCH-Normal,4561,0.26899340243641784,0
2018-01-19,2018-01-18,EGARCH-Normal,4561,0.2462178629748226,0
2018-01-22,2018-01-19,GARCH-Normal,4562,0.2551431545831507,0
2018-01-22,2018-01-19,GJR-GARCH-Normal,4562,0.2596233842725335,0
2018-01-22,2018-01-19,EGARCH-Normal,4562,0.22809314698840868,0
2018-01-23,2018-01-22,GARCH-Normal,4563,0.2462753853327777,0
2018-01-23,2018-01-22,GJR-GARCH-Normal,4563,0.2576655531928824,0
2018-01-23,2018-01-22,EGARCH-Normal,4563,0.23489858857794224,0
2018-01-24,2018-01-23,GARCH-Normal,4564,0.2356614650243412,0
2018-01-24,2018-01-23,GJR-GARCH-Normal,4564,0.24926714840035386,0
2018-01-24,2018-01-23,EGARCH-Normal,4564,0.21823448002699244,0
2018-01-25,2018-01-24,GARCH-Normal,4565,0.37867954963530004,0
2018-01-25,2018-01-24,GJR-GARCH-Normal,4565,0.4698592558916771,0
2018-01-25,2018-01-24,EGARCH-Normal,4565,0.37432916198320004,0
2018-01-26,2018-01-25,GARCH-Normal,4566,0.3662943770217712,0
2018-01-26,2018-01-25,GJR-GARCH-Normal,4566,0.4615718169274127,0
2018-01-26,2018-01-25,EGARCH-Normal,4566,0.3991967985383419,0
2018-01-29,2018-01-26,GARCH-Normal,4567,0.37965461588497923,0
2018-01-29,2018-01-26,GJR-GARCH-Normal,4567,0.43254952414918685,0
2018-01-29,2018-01-26,EGARCH-Normal,4567,0.36605603909427076,0
2018-01-30,2018-01-29,GARCH-Normal,4568,0.35009700919288284,0
2018-01-30,2018-01-29,GJR-GARCH-Normal,4568,0.406136589616053,0
2018-01-30,2018-01-29,EGARCH-Normal,4568,0.3382082702066524,0
2018-01-31,2018-01-30,GARCH-Normal,4569,0.46404692818715815,0
2018-01-31,2018-01-30,GJR-GARCH-Normal,4569,0.5880761563265386,0
2018-01-31,2018-01-30,EGARCH-Normal,4569,0.4983268893819777,0
2018-02-01,2018-01-31,GARCH-Normal,4570,0.48657279000899606,0
2018-02-01,2018-01-31,GJR-GARCH-Normal,4570,0.6339244539851507,0
2018-02-01,2018-01-31,EGARCH-Normal,4570,0.5883711255568717,0
2018-02-02,2018-02-01,GARCH-Normal,4571,0.4846508796283901,0
2018-02-02,2018-02-01,GJR-GARCH-Normal,4571,0.6427733105780036,0
2018-02-02,2018-02-01,EGARCH-Normal,4571,0.6476285315428983,0
2018-02-05,2018-02-02,GARCH-Normal,4572,0.49052567855822204,0
2018-02-05,2018-02-02,GJR-GARCH-Normal,4572,0.6619225905669861,0
2018-02-05,2018-02-02,EGARCH-Normal,4572,0.7174320379106456,0
2018-02-06,2018-02-05,GARCH-Normal,4573,0.6957417617430748,0
2018-02-06,2018-02-05,GJR-GARCH-Normal,4573,0.9823785439157368,0
2018-02-06,2018-02-05,EGARCH-Normal,4573,1.0067142488659286,0
2018-02-07,2018-02-06,GARCH-Normal,4574,1.4567289129600263,0
2018-02-07,2018-02-06,GJR-GARCH-Normal,4574,2.155348134451286,0
2018-02-07,2018-02-06,EGARCH-Normal,4574,1.7888391213225907,0
2018-02-08,2018-02-07,GARCH-Normal,4575,1.6945666538319137,0
2018-02-08,2018-02-07,GJR-GARCH-Normal,4575,1.9511231872689239,0
2018-02-08,2018-02-07,EGARCH-Normal,4575,1.5919726304103796,0
2018-02-09,2018-02-08,GARCH-Normal,4576,1.7692076082543262,0
2018-02-09,2018-02-08,GJR-GARCH-Normal,4576,2.160442523220034,0
2018-02-09,2018-02-08,EGARCH-Normal,4576,1.9296180498102313,0
2018-02-12,2018-02-09,GARCH-Normal,4577,1.7100567687766934,0
2018-02-12,2018-02-09,GJR-GARCH-Normal,4577,2.1605238106070077,0
2018-02-12,2018-02-09,EGARCH-Normal,4577,2.103565032645555,0
2018-02-13,2018-02-12,GARCH-Normal,4578,1.6635033978082288,0
2018-02-13,2018-02-12,GJR-GARCH-Normal,4578,1.951691262973349,0
2018-02-13,2018-02-12,EGARCH-Normal,4578,1.8692014748321233,0
2018-02-14,2018-02-13,GARCH-Normal,4579,1.4756502642739129,0
2018-02-14,2018-02-13,GJR-GARCH-Normal,4579,1.766709415020281,0
2018-02-14,2018-02-13,EGARCH-Normal,4579,1.7106640173527037,0
2018-02-15,2018-02-14,GARCH-Normal,4580,1.3502066913299842,0
2018-02-15,2018-02-14,GJR-GARCH-Normal,4580,1.5996463208899698,0
2018-02-15,2018-02-14,EGARCH-Normal,4580,1.5301886618545784,0
2018-02-16,2018-02-15,GARCH-Normal,4581,1.2068259186312429,0
2018-02-16,2018-02-15,GJR-GARCH-Normal,4581,1.4504089500361215,0
2018-02-16,2018-02-15,EGARCH-Normal,4581,1.374702258674254,0
2018-02-19,2018-02-16,GARCH-Normal,4582,1.1441191572853695,0
2018-02-19,2018-02-16,GJR-GARCH-Normal,4582,1.31736410573194,0
2018-02-19,2018-02-16,EGARCH-Normal,4582,1.23343118851323,0
2018-02-20,2018-02-19,GARCH-Normal,4583,1.0715387612831002,0
2018-02-20,2018-02-19,GJR-GARCH-Normal,4583,1.2700364052107391,0
2018-02-20,2018-02-19,EGARCH-Normal,4583,1.2868956662599165,0
2018-02-21,2018-02-20,GARCH-Normal,4584,0.9561665958449574,0
2018-02-21,2018-02-20,GJR-GARCH-Normal,4584,1.1558682408439849,0
2018-02-21,2018-02-20,EGARCH-Normal,4584,1.1634579985971867,0
2018-02-22,2018-02-21,GARCH-Normal,4585,0.8768141564524962,0
2018-02-22,2018-02-21,GJR-GARCH-Normal,4585,1.05375464707116,0
2018-02-22,2018-02-21,EGARCH-Normal,4585,1.0495917266532528,0
2018-02-23,2018-02-22,GARCH-Normal,4586,0.8065912626259324,0
2018-02-23,2018-02-22,GJR-GARCH-Normal,4586,0.9897315409749451,0
2018-02-23,2018-02-22,EGARCH-Normal,4586,1.047416437929654,0
2018-02-26,2018-02-23,GARCH-Normal,4587,0.7258755523002348,0
2018-02-26,2018-02-23,GJR-GARCH-Normal,4587,0.9068052551820821,0
2018-02-26,2018-02-23,EGARCH-Normal,4587,0.9736445900833334,0
2018-02-27,2018-02-26,GARCH-Normal,4588,0.6913430685644723,0
2018-02-27,2018-02-26,GJR-GARCH-Normal,4588,0.8307205667427159,0
2018-02-27,2018-02-26,EGARCH-Normal,4588,0.8800343946383455,0
2018-02-28,2018-02-27,GARCH-Normal,4589,0.6242785175721772,0
2018-02-28,2018-02-27,GJR-GARCH-Normal,4589,0.7638106940986166,0
2018-02-28,2018-02-27,EGARCH-Normal,4589,0.819572183346639,0
2018-03-01,2018-02-28,GARCH-Normal,4590,0.6241090423134835,0
2018-03-01,2018-02-28,GJR-GARCH-Normal,4590,0.7862669143776511,0
2018-03-01,2018-02-28,EGARCH-Normal,4590,0.9023607939350193,0
2018-03-02,2018-03-01,GARCH-Normal,4591,0.6386500759517351,0
2018-03-02,2018-03-01,GJR-GARCH-Normal,4591,0.8280416557333257,0
2018-03-02,2018-03-01,EGARCH-Normal,4591,1.0049479168227595,0
2018-03-05,2018-03-02,GARCH-Normal,4592,0.8354218560427757,0
2018-03-05,2018-03-02,GJR-GARCH-Normal,4592,1.1422497925117843,0
2018-03-05,2018-03-02,EGARCH-Normal,4592,1.3171560715755515,0
2018-03-06,2018-03-05,GARCH-Normal,4593,0.7914085784951679,0
2018-03-06,2018-03-05,GJR-GARCH-Normal,4593,1.0414465613154777,0
2018-03-06,2018-03-05,EGARCH-Normal,4593,1.1842026396869636,0
2018-03-07,2018-03-06,GARCH-Normal,4594,0.7281298674582941,0
2018-03-07,2018-03-06,GJR-GARCH-Normal,4594,0.9512370640517769,0
2018-03-07,2018-03-06,EGARCH-Normal,4594,1.0681995689141874,0
2018-03-08,2018-03-07,GARCH-Normal,4595,0.6566033236046314,0
2018-03-08,2018-03-07,GJR-GARCH-Normal,4595,0.870476622362985,0
2018-03-08,2018-03-07,EGARCH-Normal,4595,0.9671519375308725,0
2018-03-09,2018-03-08,GARCH-Normal,4596,0.6322658097722523,0
2018-03-09,2018-03-08,GJR-GARCH-Normal,4596,0.7982820196776726,0
2018-03-09,2018-03-08,EGARCH-Normal,4596,0.874196911505469,0
2018-03-12,2018-03-09,GARCH-Normal,4597,0.5785111590512759,0
2018-03-12,2018-03-09,GJR-GARCH-Normal,4597,0.7335200944677379,0
2018-03-12,2018-03-09,EGARCH-Normal,4597,0.7933947849741231,0
2018-03-13,2018-03-12,GARCH-Normal,4598,0.5269649927950664,0
2018-03-13,2018-03-12,GJR-GARCH-Normal,4598,0.678363812363782,0
2018-03-13,2018-03-12,EGARCH-Normal,4598,0.7484285665268444,0
2018-03-14,2018-03-13,GARCH-Normal,4599,0.6130356474060495,0
2018-03-14,2018-03-13,GJR-GARCH-Normal,4599,0.8201263643315613,0
2018-03-14,2018-03-13,EGARCH-Normal,4599,0.9246303427223793,0
2018-03-15,2018-03-14,GARCH-Normal,4600,0.555779344912967,0
2018-03-15,2018-03-14,GJR-GARCH-Normal,4600,0.7542158373562144,0
2018-03-15,2018-03-14,EGARCH-Normal,4600,0.8565358986315683,0
2018-03-16,2018-03-15,GARCH-Normal,4601,0.5043939121057401,0
2018-03-16,2018-03-15,GJR-GARCH-Normal,4601,0.6940784249583534,0
2018-03-16,2018-03-15,EGARCH-Normal,4601,0.7783421369312815,0
2018-03-19,2018-03-16,GARCH-Normal,4602,0.4692670782581858,0
2018-03-19,2018-03-16,GJR-GARCH-Normal,4602,0.6402414802584054,0
2018-03-19,2018-03-16,EGARCH-Normal,4602,0.7071396386624292,0
2018-03-20,2018-03-19,GARCH-Normal,4603,0.766906141827257,0
2018-03-20,2018-03-19,GJR-GARCH-Normal,4603,1.0965765491712165,0
2018-03-20,2018-03-19,EGARCH-Normal,4603,1.0711556430507239,0
2018-03-21,2018-03-20,GARCH-Normal,4604,0.6950307113002675,0
2018-03-21,2018-03-20,GJR-GARCH-Normal,4604,1.0004754734101793,0
2018-03-21,2018-03-20,EGARCH-Normal,4604,0.9689323189515926,0
2018-03-22,2018-03-21,GARCH-Normal,4605,0.6400707915810845,0
2018-03-22,2018-03-21,GJR-GARCH-Normal,4605,0.9314425311388743,0
2018-03-22,2018-03-21,EGARCH-Normal,4605,0.9504481718642507,0
2018-03-23,2018-03-22,GARCH-Normal,4606,0.7573288563188544,0
2018-03-23,2018-03-22,GJR-GARCH-Normal,4606,1.1159163781196566,0
2018-03-23,2018-03-22,EGARCH-Normal,4606,1.1814618671064483,0
2018-03-26,2018-03-23,GARCH-Normal,4607,0.7062009466478095,0
2018-03-26,2018-03-23,GJR-GARCH-Normal,4607,1.0510827448145499,0
2018-03-26,2018-03-23,EGARCH-Normal,4607,1.1797945973455386,0
2018-03-27,2018-03-26,GARCH-Normal,4608,0.665622671590769,0
2018-03-27,2018-03-26,GJR-GARCH-Normal,4608,0.9992080560633781,0
2018-03-27,2018-03-26,EGARCH-Normal,4608,1.1884614048461848,0
2018-03-28,2018-03-27,GARCH-Normal,4609,0.8751594418791411,0
2018-03-28,2018-03-27,GJR-GARCH-Normal,4609,0.9143932004131229,0
2018-03-28,2018-03-27,EGARCH-Normal,4609,1.0654957685846813,0
2018-03-29,2018-03-28,GARCH-Normal,4610,0.8244180588773653,0
2018-03-29,2018-03-28,GJR-GARCH-Normal,4610,0.8378268337421604,0
2018-03-29,2018-03-28,EGARCH-Normal,4610,0.9617670594491523,0
2018-04-03,2018-03-29,GARCH-Normal,4611,0.7419000923858,0
2018-04-03,2018-03-29,GJR-GARCH-Normal,4611,0.7691926877232232,0
2018-04-03,2018-03-29,EGARCH-Normal,4611,0.8723339572268536,0
2018-04-04,2018-04-03,GARCH-Normal,4612,0.6858599445525442,0
2018-04-04,2018-04-03,GJR-GARCH-Normal,4612,0.730863395724364,0
2018-04-04,2018-04-03,EGARCH-Normal,4612,0.8735142104617721,0
2018-04-05,2018-04-04,GARCH-Normal,4613,0.6185912084640196,0
2018-04-05,2018-04-04,GJR-GARCH-Normal,4613,0.6733673233164983,0
2018-04-05,2018-04-04,EGARCH-Normal,4613,0.7940083398207313,0
2018-04-06,2018-04-05,GARCH-Normal,4614,1.14155022364545,0
2018-04-06,2018-04-05,GJR-GARCH-Normal,4614,0.6238994061497654,0
2018-04-06,2018-04-05,EGARCH-Normal,4614,0.713496472059078,0
2018-04-09,2018-04-06,GARCH-Normal,4615,1.0250963874596788,0
2018-04-09,2018-04-06,GJR-GARCH-Normal,4615,0.5857826388475206,0
2018-04-09,2018-04-06,EGARCH-Normal,4615,0.6938526517864075,0
2018-04-10,2018-04-09,GARCH-Normal,4616,0.9177868506120949,0
2018-04-10,2018-04-09,GJR-GARCH-Normal,4616,0.5434923322606949,0
2018-04-10,2018-04-09,EGARCH-Normal,4616,0.6334425112695486,0
2018-04-11,2018-04-10,GARCH-Normal,4617,0.9243249183656509,0
2018-04-11,2018-04-10,GJR-GARCH-Normal,4617,0.5061976203916722,0
2018-04-11,2018-04-10,EGARCH-Normal,4617,0.5749062366482749,0
2018-04-12,2018-04-11,GARCH-Normal,4618,0.8312079472205558,0
2018-04-12,2018-04-11,GJR-GARCH-Normal,4618,0.4750033457393304,0
2018-04-12,2018-04-11,EGARCH-Normal,4618,0.5492296314310267,0
2018-04-13,2018-04-12,GARCH-Normal,4619,0.7465137747262325,0
2018-04-13,2018-04-12,GJR-GARCH-Normal,4619,0.4441086718916675,0
2018-04-13,2018-04-12,EGARCH-Normal,4619,0.5040397691477053,0
2018-04-16,2018-04-13,GARCH-Normal,4620,0.6724532678380151,0
2018-04-16,2018-04-13,GJR-GARCH-Normal,4620,0.41638766875057204,0
2018-04-16,2018-04-13,EGARCH-Normal,4620,0.4627737525978415,0
2018-04-17,2018-04-16,GARCH-Normal,4621,0.7074624469686257,0
2018-04-17,2018-04-16,GJR-GARCH-Normal,4621,0.5370863970147889,0
2018-04-17,2018-04-16,EGARCH-Normal,4621,0.5948302406248791,0
2018-04-18,2018-04-17,GARCH-Normal,4622,0.65155206952318,0
2018-04-18,2018-04-17,GJR-GARCH-Normal,4622,0.4999901895891967,0
2018-04-18,2018-04-17,EGARCH-Normal,4622,0.5431910834881337,0
2018-04-19,2018-04-18,GARCH-Normal,4623,0.752693141349398,0
2018-04-19,2018-04-18,GJR-GARCH-Normal,4623,0.4672383827709979,0
2018-04-19,2018-04-18,EGARCH-Normal,4623,0.49305194945103764,0
2018-04-20,2018-04-19,GARCH-Normal,4624,0.6792965700653968,0
2018-04-20,2018-04-19,GJR-GARCH-Normal,4624,0.4373747461664733,0
2018-04-20,2018-04-19,EGARCH-Normal,4624,0.4527980205874859,0
2018-04-23,2018-04-20,GARCH-Normal,4625,0.6406615312599795,0
2018-04-23,2018-04-20,GJR-GARCH-Normal,4625,0.4107093176529683,0
2018-04-23,2018-04-20,EGARCH-Normal,4625,0.41472062600251197,0
2018-04-24,2018-04-23,GARCH-Normal,4626,0.5951668298982021,0
2018-04-24,2018-04-23,GJR-GARCH-Normal,4626,0.38674336279797417,0
2018-04-24,2018-04-23,EGARCH-Normal,4626,0.3808349121013653,0
2018-04-25,2018-04-24,GARCH-Normal,4627,0.5506604097931678,0
2018-04-25,2018-04-24,GJR-GARCH-Normal,4627,0.3652184098372283,0
2018-04-25,2018-04-24,EGARCH-Normal,4627,0.350364548182419,0
2018-04-26,2018-04-25,GARCH-Normal,4628,0.548123425508546,0
2018-04-26,2018-04-25,GJR-GARCH-Normal,4628,0.4125392618972059,0
2018-04-26,2018-04-25,EGARCH-Normal,4628,0.4200102171317644,0
2018-04-27,2018-04-26,GARCH-Normal,4629,0.5293155866994684,0
2018-04-27,2018-04-26,GJR-GARCH-Normal,4629,0.3884572108901344,0
2018-04-27,2018-04-26,EGARCH-Normal,4629,0.38500390690141945,0
2018-04-30,2018-04-27,GARCH-Normal,4630,0.6024404093315212,0
2018-04-30,2018-04-27,GJR-GARCH-Normal,4630,0.36731488030241877,0
2018-04-30,2018-04-27,EGARCH-Normal,4630,0.3516220562177966,0
2018-05-01,2018-04-30,GARCH-Normal,4631,0.5460556179891815,0
2018-05-01,2018-04-30,GJR-GARCH-Normal,4631,0.3478044709438203,0
2018-05-01,2018-04-30,EGARCH-Normal,4631,0.32495682176135654,0
2018-05-02,2018-05-01,GARCH-Normal,4632,0.49751246642204294,0
2018-05-02,2018-05-01,GJR-GARCH-Normal,4632,0.3302992385622312,0
2018-05-02,2018-05-01,EGARCH-Normal,4632,0.3004879516681662,0
2018-05-03,2018-05-02,GARCH-Normal,4633,0.4612906905439035,0
2018-05-03,2018-05-02,GJR-GARCH-Normal,4633,0.3146171041133555,0
2018-05-03,2018-05-02,EGARCH-Normal,4633,0.2775925313200994,0
2018-05-04,2018-05-03,GARCH-Normal,4634,0.4582453437879237,0
2018-05-04,2018-05-03,GJR-GARCH-Normal,4634,0.3503943965501792,0
2018-05-04,2018-05-03,EGARCH-Normal,4634,0.33170649586879086,0
2018-05-08,2018-05-04,GARCH-Normal,4635,0.49303837174995935,0
2018-05-08,2018-05-04,GJR-GARCH-Normal,4635,0.3330032453422488,0
2018-05-08,2018-05-04,EGARCH-Normal,4635,0.30414438954511275,0
2018-05-09,2018-05-08,GARCH-Normal,4636,0.44989139446669263,0
2018-05-09,2018-05-08,GJR-GARCH-Normal,4636,0.31705188662776657,0
2018-05-09,2018-05-08,EGARCH-Normal,4636,0.2832901042146087,0
2018-05-10,2018-05-09,GARCH-Normal,4637,0.5797250627441113,0
2018-05-10,2018-05-09,GJR-GARCH-Normal,4637,0.30388885719018327,0
2018-05-10,2018-05-09,EGARCH-Normal,4637,0.2598524170746456,0
2018-05-11,2018-05-10,GARCH-Normal,4638,0.5494684781645781,0
2018-05-11,2018-05-10,GJR-GARCH-Normal,4638,0.2911755277968145,0
2018-05-11,2018-05-10,EGARCH-Normal,4638,0.240218076519665,0
2018-05-14,2018-05-11,GARCH-Normal,4639,0.5071283988485837,0
2018-05-14,2018-05-11,GJR-GARCH-Normal,4639,0.2796334195133636,0
2018-05-14,2018-05-11,EGARCH-Normal,4639,0.22268207843467738,0
2018-05-15,2018-05-14,GARCH-Normal,4640,0.46704417484987104,0
2018-05-15,2018-05-14,GJR-GARCH-Normal,4640,0.2744617481582026,0
2018-05-15,2018-05-14,EGARCH-Normal,4640,0.22692265841815276,0
2018-05-16,2018-05-15,GARCH-Normal,4641,0.4283271046002175,0
2018-05-16,2018-05-15,GJR-GARCH-Normal,4641,0.2645215633501397,0
2018-05-16,2018-05-15,EGARCH-Normal,4641,0.21098792895110494,0
2018-05-17,2018-05-16,GARCH-Normal,4642,0.3940112480321417,0
2018-05-17,2018-05-16,GJR-GARCH-Normal,4642,0.2555804808898615,0
2018-05-17,2018-05-16,EGARCH-Normal,4642,0.19642919282227142,0
2018-05-18,2018-05-17,GARCH-Normal,4643,0.4101130358654767,0
2018-05-18,2018-05-17,GJR-GARCH-Normal,4643,0.24809739426319835,0
2018-05-18,2018-05-17,EGARCH-Normal,4643,0.18208745991881975,0
2018-05-21,2018-05-18,GARCH-Normal,4644,0.3794144038638569,0
2018-05-21,2018-05-18,GJR-GARCH-Normal,4644,0.24317172337242624,0
2018-05-21,2018-05-18,EGARCH-Normal,4644,0.18174937707811148,0
2018-05-22,2018-05-21,GARCH-Normal,4645,0.4582685504686189,0
2018-05-22,2018-05-21,GJR-GARCH-Normal,4645,0.23788842790412193,0
2018-05-22,2018-05-21,EGARCH-Normal,4645,0.16926125026693553,0
2018-05-23,2018-05-22,GARCH-Normal,4646,0.4232169483826228,0
2018-05-23,2018-05-22,GJR-GARCH-Normal,4646,0.23177985324884914,0
2018-05-23,2018-05-22,EGARCH-Normal,4646,0.15780935831862183,0
2018-05-24,2018-05-23,GARCH-Normal,4647,0.5408916492756431,0
2018-05-24,2018-05-23,GJR-GARCH-Normal,4647,0.45100801542689434,0
2018-05-24,2018-05-23,EGARCH-Normal,4647,0.3041063586896003,0
2018-05-25,2018-05-24,GARCH-Normal,4648,0.5937726197821245,0
2018-05-25,2018-05-24,GJR-GARCH-Normal,4648,0.5705557844989781,0
2018-05-25,2018-05-24,EGARCH-Normal,4648,0.42674176374396267,0
2018-05-29,2018-05-25,GARCH-Normal,4649,0.5401134825207198,0
2018-05-29,2018-05-25,GJR-GARCH-Normal,4649,0.5296023356505665,0
2018-05-29,2018-05-25,EGARCH-Normal,4649,0.3924682061893447,0
2018-05-30,2018-05-29,GARCH-Normal,4650,0.6799935909436159,0
2018-05-30,2018-05-29,GJR-GARCH-Normal,4650,0.7733163887948948,0
2018-05-30,2018-05-29,EGARCH-Normal,4650,0.5993162810413621,0
2018-05-31,2018-05-30,GARCH-Normal,4651,0.6688952652609232,0
2018-05-31,2018-05-30,GJR-GARCH-Normal,4651,0.7113777849348659,0
2018-05-31,2018-05-30,EGARCH-Normal,4651,0.546873188436601,0
2018-06-01,2018-05-31,GARCH-Normal,4652,0.6076535026239283,0
2018-06-01,2018-05-31,GJR-GARCH-Normal,4652,0.6592501674525273,0
2018-06-01,2018-05-31,EGARCH-Normal,4652,0.5251649747200848,0
2018-06-04,2018-06-01,GARCH-Normal,4653,0.5583371338942063,0
2018-06-04,2018-06-01,GJR-GARCH-Normal,4653,0.609229179892218,0
2018-06-04,2018-06-01,EGARCH-Normal,4653,0.4810105069382841,0
2018-06-05,2018-06-04,GARCH-Normal,4654,0.53186839863928,0
2018-06-05,2018-06-04,GJR-GARCH-Normal,4654,0.5646840569446073,0
2018-06-05,2018-06-04,EGARCH-Normal,4654,0.4409882452587411,0
2018-06-06,2018-06-05,GARCH-Normal,4655,0.5445951127529498,0
2018-06-06,2018-06-05,GJR-GARCH-Normal,4655,0.6102982819775583,0
2018-06-06,2018-06-05,EGARCH-Normal,4655,0.5270480756998851,0
2018-06-07,2018-06-06,GARCH-Normal,4656,0.5046424775304684,0
2018-06-07,2018-06-06,GJR-GARCH-Normal,4656,0.5656271454991458,0
2018-06-07,2018-06-06,EGARCH-Normal,4656,0.4827855346935765,0
2018-06-08,2018-06-07,GARCH-Normal,4657,0.4621060934771266,0
2018-06-08,2018-06-07,GJR-GARCH-Normal,4657,0.5274193474565677,0
2018-06-08,2018-06-07,EGARCH-Normal,4657,0.45930565162830334,0
2018-06-11,2018-06-08,GARCH-Normal,4658,0.43523311710766255,0
2018-06-11,2018-06-08,GJR-GARCH-Normal,4658,0.5069955022267514,0
2018-06-11,2018-06-08,EGARCH-Normal,4658,0.4707679257608981,0
2018-06-12,2018-06-11,GARCH-Normal,4659,0.45191509159467613,0
2018-06-12,2018-06-11,GJR-GARCH-Normal,4659,0.47339194919187894,0
2018-06-12,2018-06-11,EGARCH-Normal,4659,0.4314123818706651,0
2018-06-13,2018-06-12,GARCH-Normal,4660,0.4381012106013043,0
2018-06-13,2018-06-12,GJR-GARCH-Normal,4660,0.4753113991455674,0
2018-06-13,2018-06-12,EGARCH-Normal,4660,0.46686141873829756,0
2018-06-14,2018-06-13,GARCH-Normal,4661,0.40160710667652877,0
2018-06-14,2018-06-13,GJR-GARCH-Normal,4661,0.44484591376689636,0
2018-06-14,2018-06-13,EGARCH-Normal,4661,0.4297217737335167,0
2018-06-15,2018-06-14,GARCH-Normal,4662,0.4340313587192473,0
2018-06-15,2018-06-14,GJR-GARCH-Normal,4662,0.41776416352620893,0
2018-06-15,2018-06-14,EGARCH-Normal,4662,0.3942271897467623,0
2018-06-18,2018-06-15,GARCH-Normal,4663,0.7347102614539472,0
2018-06-18,2018-06-15,GJR-GARCH-Normal,4663,0.8968211985402144,0
2018-06-18,2018-06-15,EGARCH-Normal,4663,0.7134116082937956,0
2018-06-19,2018-06-18,GARCH-Normal,4664,0.6621826056654978,0
2018-06-19,2018-06-18,GJR-GARCH-Normal,4664,0.8220067391237967,0
2018-06-19,2018-06-18,EGARCH-Normal,4664,0.655853583192567,0
2018-06-20,2018-06-19,GARCH-Normal,4665,0.6154324887408206,0
2018-06-20,2018-06-19,GJR-GARCH-Normal,4665,0.7770526179387071,0
2018-06-20,2018-06-19,EGARCH-Normal,4665,0.6673958401051726,0
2018-06-21,2018-06-20,GARCH-Normal,4666,0.5655067114870815,0
2018-06-21,2018-06-20,GJR-GARCH-Normal,4666,0.7151860323961149,0
2018-06-21,2018-06-20,EGARCH-Normal,4666,0.6091453292764551,0
2018-06-22,2018-06-21,GARCH-Normal,4667,0.6168261843433226,0
2018-06-22,2018-06-21,GJR-GARCH-Normal,4667,0.8088170470612417,0
2018-06-22,2018-06-21,EGARCH-Normal,4667,0.7479053473536326,0
2018-06-25,2018-06-22,GARCH-Normal,4668,0.8460011032141554,0
2018-06-25,2018-06-22,GJR-GARCH-Normal,4668,0.745030938485623,0
2018-06-25,2018-06-22,EGARCH-Normal,4668,0.6785034005916417,0
2018-06-26,2018-06-25,GARCH-Normal,4669,1.352109622832208,0
2018-06-26,2018-06-25,GJR-GARCH-Normal,4669,1.57706718519987,0
2018-06-26,2018-06-25,EGARCH-Normal,4669,1.2325734749181476,0
2018-06-27,2018-06-26,GARCH-Normal,4670,1.2140430677717284,0
2018-06-27,2018-06-26,GJR-GARCH-Normal,4670,1.429597831435295,0
2018-06-27,2018-06-26,EGARCH-Normal,4670,1.110077571446448,0
2018-06-28,2018-06-27,GARCH-Normal,4671,1.2085651148831562,0
2018-06-28,2018-06-27,GJR-GARCH-Normal,4671,1.2994582122466642,0
2018-06-28,2018-06-27,EGARCH-Normal,4671,1.0010826423778032,0
2018-06-29,2018-06-28,GARCH-Normal,4672,1.0781030534847285,0
2018-06-29,2018-06-28,GJR-GARCH-Normal,4672,1.183259072404518,0
2018-06-29,2018-06-28,EGARCH-Normal,4672,0.9230642420618446,0
2018-07-02,2018-06-29,GARCH-Normal,4673,0.9692753299453558,0
2018-07-02,2018-06-29,GJR-GARCH-Normal,4673,1.0786672519279683,0
2018-07-02,2018-06-29,EGARCH-Normal,4673,0.8370043281481642,0
2018-07-03,2018-07-02,GARCH-Normal,4674,1.028679031746802,0
2018-07-03,2018-07-02,GJR-GARCH-Normal,4674,1.2206379560029024,0
2018-07-03,2018-07-02,EGARCH-Normal,4674,1.0447352490171333,0
2018-07-04,2018-07-03,GARCH-Normal,4675,0.954678220717952,0
2018-07-04,2018-07-03,GJR-GARCH-Normal,4675,1.1123866418630646,0
2018-07-04,2018-07-03,EGARCH-Normal,4675,0.9442950700715737,0
2018-07-05,2018-07-04,GARCH-Normal,4676,0.86488594737783,0
2018-07-05,2018-07-04,GJR-GARCH-Normal,4676,1.0274141813999749,0
2018-07-05,2018-07-04,EGARCH-Normal,4676,0.9153891595712519,0
2018-07-06,2018-07-05,GARCH-Normal,4677,0.790443134764815,0
2018-07-06,2018-07-05,GJR-GARCH-Normal,4677,0.9395944563145229,0
2018-07-06,2018-07-05,EGARCH-Normal,4677,0.8302666265871482,0
2018-07-09,2018-07-06,GARCH-Normal,4678,0.7134102410146699,0
2018-07-09,2018-07-06,GJR-GARCH-Normal,4678,0.8609696587968071,0
2018-07-09,2018-07-06,EGARCH-Normal,4678,0.7551615165229448,0
2018-07-10,2018-07-09,GARCH-Normal,4679,0.7289275717574272,0
2018-07-10,2018-07-09,GJR-GARCH-Normal,4679,0.7907207363873131,0
2018-07-10,2018-07-09,EGARCH-Normal,4679,0.6860307165003884,0
2018-07-11,2018-07-10,GARCH-Normal,4680,0.6567864305884118,0
2018-07-11,2018-07-10,GJR-GARCH-Normal,4680,0.7275833591004168,0
2018-07-11,2018-07-10,EGARCH-Normal,4680,0.6266841170125207,0
2018-07-12,2018-07-11,GARCH-Normal,4681,0.792605482581291,0
2018-07-12,2018-07-11,GJR-GARCH-Normal,4681,0.9633770949012765,0
2018-07-12,2018-07-11,EGARCH-Normal,4681,0.8613301369590877,0
2018-07-13,2018-07-12,GARCH-Normal,4682,0.7733441618224396,0
2018-07-13,2018-07-12,GJR-GARCH-Normal,4682,0.8824349412416607,0
2018-07-13,2018-07-12,EGARCH-Normal,4682,0.7810864891020086,0
2018-07-16,2018-07-13,GARCH-Normal,4683,0.6970233530528573,0
2018-07-16,2018-07-13,GJR-GARCH-Normal,4683,0.8098246113762394,0
2018-07-16,2018-07-13,EGARCH-Normal,4683,0.7115042314361186,0
2018-07-17,2018-07-16,GARCH-Normal,4684,0.7065702964676475,0
2018-07-17,2018-07-16,GJR-GARCH-Normal,4684,0.8548200392464289,0
2018-07-17,2018-07-16,EGARCH-Normal,4684,0.8205103548083028,0
2018-07-18,2018-07-17,GARCH-Normal,4685,0.647357203111905,0
2018-07-18,2018-07-17,GJR-GARCH-Normal,4685,0.7851234706811273,0
2018-07-18,2018-07-17,EGARCH-Normal,4685,0.7460982570134225,0
2018-07-19,2018-07-18,GARCH-Normal,4686,0.6271914807393235,0
2018-07-19,2018-07-18,GJR-GARCH-Normal,4686,0.7227483465621508,0
2018-07-19,2018-07-18,EGARCH-Normal,4686,0.6787024900916742,0
2018-07-20,2018-07-19,GARCH-Normal,4687,0.567964632205971,0
2018-07-20,2018-07-19,GJR-GARCH-Normal,4687,0.6667391686011435,0
2018-07-20,2018-07-19,EGARCH-Normal,4687,0.6200430870756444,0
2018-07-23,2018-07-20,GARCH-Normal,4688,0.5166212046991671,0
2018-07-23,2018-07-20,GJR-GARCH-Normal,4688,0.6172134233334835,0
2018-07-23,2018-07-20,EGARCH-Normal,4688,0.5783745329956087,0
2018-07-24,2018-07-23,GARCH-Normal,4689,0.4827521874229793,0
2018-07-24,2018-07-23,GJR-GARCH-Normal,4689,0.5871812177301822,0
2018-07-24,2018-07-23,EGARCH-Normal,4689,0.5828358900898947,0
2018-07-25,2018-07-24,GARCH-Normal,4690,0.4883479840356798,0
2018-07-25,2018-07-24,GJR-GARCH-Normal,4690,0.5453370232268454,0
2018-07-25,2018-07-24,EGARCH-Normal,4690,0.5323587011297694,0
2018-07-26,2018-07-25,GARCH-Normal,4691,0.49922119204806753,0
2018-07-26,2018-07-25,GJR-GARCH-Normal,4691,0.5819799476613184,0
2018-07-26,2018-07-25,EGARCH-Normal,4691,0.6097395700050173,0
2018-07-27,2018-07-26,GARCH-Normal,4692,0.455131528266006,0
2018-07-27,2018-07-26,GJR-GARCH-Normal,4692,0.5405100923905147,0
2018-07-27,2018-07-26,EGARCH-Normal,4692,0.5581034289867869,0
2018-07-30,2018-07-27,GARCH-Normal,4693,0.43967257117352837,0
2018-07-30,2018-07-27,GJR-GARCH-Normal,4693,0.5034098640010755,0
2018-07-30,2018-07-27,EGARCH-Normal,4693,0.5105555228521538,0
2018-07-31,2018-07-30,GARCH-Normal,4694,0.4028598380111679,0
2018-07-31,2018-07-30,GJR-GARCH-Normal,4694,0.47001184087014214,0
2018-07-31,2018-07-30,EGARCH-Normal,4694,0.4688696949992606,0
2018-08-01,2018-07-31,GARCH-Normal,4695,0.408119751206773,0
2018-08-01,2018-07-31,GJR-GARCH-Normal,4695,0.44027438685325976,0
2018-08-01,2018-07-31,EGARCH-Normal,4695,0.43004348749080284,0
2018-08-02,2018-08-01,GARCH-Normal,4696,0.5566073247396512,0
2018-08-02,2018-08-01,GJR-GARCH-Normal,4696,0.6785385453233412,0
2018-08-02,2018-08-01,EGARCH-Normal,4696,0.6324320497195982,0
2018-08-03,2018-08-02,GARCH-Normal,4697,0.6262792999356493,0
2018-08-03,2018-08-02,GJR-GARCH-Normal,4697,0.801229313877156,0
2018-08-03,2018-08-02,EGARCH-Normal,4697,0.7903445118678959,0
2018-08-06,2018-08-03,GARCH-Normal,4698,0.6898683464186235,0
2018-08-06,2018-08-03,GJR-GARCH-Normal,4698,0.7373375314518263,0
2018-08-06,2018-08-03,EGARCH-Normal,4698,0.7171152828830488,0
2018-08-07,2018-08-06,GARCH-Normal,4699,0.6223614128004149,0
2018-08-07,2018-08-06,GJR-GARCH-Normal,4699,0.6797210478346405,0
2018-08-07,2018-08-06,EGARCH-Normal,4699,0.6545388170546754,0
2018-08-08,2018-08-07,GARCH-Normal,4700,0.6134536905727324,0
2018-08-08,2018-08-07,GJR-GARCH-Normal,4700,0.6282860612854922,0
2018-08-08,2018-08-07,EGARCH-Normal,4700,0.5966705155893502,0
2018-08-09,2018-08-08,GARCH-Normal,4701,0.6117217626635424,0
2018-08-09,2018-08-08,GJR-GARCH-Normal,4701,0.5822214600501368,0
2018-08-09,2018-08-08,EGARCH-Normal,4701,0.5446187278392818,0
2018-08-10,2018-08-09,GARCH-Normal,4702,0.5798979320187863,0
2018-08-10,2018-08-09,GJR-GARCH-Normal,4702,0.5750123650113234,0
2018-08-10,2018-08-09,EGARCH-Normal,4702,0.5794813694990909,0
2018-08-13,2018-08-10,GARCH-Normal,4703,0.6375970485229095,0
2018-08-13,2018-08-10,GJR-GARCH-Normal,4703,0.6947565189686351,0
2018-08-13,2018-08-10,EGARCH-Normal,4703,0.7258933856353774,0
2018-08-14,2018-08-13,GARCH-Normal,4704,0.590516278707899,0
2018-08-14,2018-08-13,GJR-GARCH-Normal,4704,0.6587886060421183,0
2018-08-14,2018-08-13,EGARCH-Normal,4704,0.7251888038469061,0
2018-08-15,2018-08-14,GARCH-Normal,4705,0.5566795619908478,0
2018-08-15,2018-08-14,GJR-GARCH-Normal,4705,0.6370429091425758,0
2018-08-15,2018-08-14,EGARCH-Normal,4705,0.7425899899979763,0
2018-08-16,2018-08-15,GARCH-Normal,4706,0.7667439564419176,0
2018-08-16,2018-08-15,GJR-GARCH-Normal,4706,0.9762957665142845,0
2018-08-16,2018-08-15,EGARCH-Normal,4706,1.040666243331979,0
2018-08-17,2018-08-16,GARCH-Normal,4707,0.7505339031210086,0
2018-08-17,2018-08-16,GJR-GARCH-Normal,4707,0.8938546749737893,0
2018-08-17,2018-08-16,EGARCH-Normal,4707,0.9406265131114478,0
2018-08-20,2018-08-17,GARCH-Normal,4708,0.6756744712822151,0
2018-08-20,2018-08-17,GJR-GARCH-Normal,4708,0.8198444241721591,0
2018-08-20,2018-08-17,EGARCH-Normal,4708,0.8543022676832963,0
2018-08-21,2018-08-20,GARCH-Normal,4709,0.6274058350477995,0
2018-08-21,2018-08-20,GJR-GARCH-Normal,4709,0.7537863122913454,0
2018-08-21,2018-08-20,EGARCH-Normal,4709,0.7760753291018051,0
2018-08-22,2018-08-21,GARCH-Normal,4710,0.5830939997953879,0
2018-08-22,2018-08-21,GJR-GARCH-Normal,4710,0.713699902049537,0
2018-08-22,2018-08-21,EGARCH-Normal,4710,0.7758693894224274,0
2018-08-23,2018-08-22,GARCH-Normal,4711,0.5295905369610012,0
2018-08-23,2018-08-22,GJR-GARCH-Normal,4711,0.658756481023678,0
2018-08-23,2018-08-22,EGARCH-Normal,4711,0.7070360523558337,0
2018-08-24,2018-08-23,GARCH-Normal,4712,0.4855146481977442,0
2018-08-24,2018-08-23,GJR-GARCH-Normal,4712,0.6129561140300099,0
2018-08-24,2018-08-23,EGARCH-Normal,4712,0.6720898735199375,0
2018-08-28,2018-08-24,GARCH-Normal,4713,0.44578414289252927,0
2018-08-28,2018-08-24,GJR-GARCH-Normal,4713,0.5684988931907607,0
2018-08-28,2018-08-24,EGARCH-Normal,4713,0.6137097305665852,0
2018-08-29,2018-08-28,GARCH-Normal,4714,0.4343866576254116,0
2018-08-29,2018-08-28,GJR-GARCH-Normal,4714,0.5286900487981051,0
2018-08-29,2018-08-28,EGARCH-Normal,4714,0.5605545219224733,0
2018-08-30,2018-08-29,GARCH-Normal,4715,0.45962990301638545,0
2018-08-30,2018-08-29,GJR-GARCH-Normal,4715,0.5784781451287567,0
2018-08-30,2018-08-29,EGARCH-Normal,4715,0.6479841164869008,0
2018-08-31,2018-08-30,GARCH-Normal,4716,0.4684779523341359,0
2018-08-31,2018-08-30,GJR-GARCH-Normal,4716,0.6036602500716497,0
2018-08-31,2018-08-30,EGARCH-Normal,4716,0.7159371340698895,0
2018-09-03,2018-08-31,GARCH-Normal,4717,0.5743258562374002,0
2018-09-03,2018-08-31,GJR-GARCH-Normal,4717,0.7722958776582026,0
2018-09-03,2018-08-31,EGARCH-Normal,4717,0.9034007607250958,0
2018-09-04,2018-09-03,GARCH-Normal,4718,0.6167076037961229,0
2018-09-04,2018-09-03,GJR-GARCH-Normal,4718,0.7114986601709606,0
2018-09-04,2018-09-03,EGARCH-Normal,4718,0.818470762076888,0
2018-09-05,2018-09-04,GARCH-Normal,4719,0.6060301859426969,0
2018-09-05,2018-09-04,GJR-GARCH-Normal,4719,0.7224228657549354,0
2018-09-05,2018-09-04,EGARCH-Normal,4719,0.88137360930157,0
2018-09-06,2018-09-05,GARCH-Normal,4720,0.6678041954398997,0
2018-09-06,2018-09-05,GJR-GARCH-Normal,4720,0.8378142415151613,0
2018-09-06,2018-09-05,EGARCH-Normal,4720,1.0412773205777603,0
2018-09-07,2018-09-06,GARCH-Normal,4721,0.6939754236382178,0
2018-09-07,2018-09-06,GJR-GARCH-Normal,4721,0.8993467818680171,0
2018-09-07,2018-09-06,EGARCH-Normal,4721,1.1633914040797813,0
2018-09-10,2018-09-07,GARCH-Normal,4722,0.6656005247243135,0
2018-09-10,2018-09-07,GJR-GARCH-Normal,4722,0.8787484512077391,0
2018-09-10,2018-09-07,EGARCH-Normal,4722,1.1948579670095572,0
2018-09-11,2018-09-10,GARCH-Normal,4723,0.6012443030066654,0
2018-09-11,2018-09-10,GJR-GARCH-Normal,4723,0.8065169765926186,0
2018-09-11,2018-09-10,EGARCH-Normal,4723,1.0799735118895102,0
2018-09-12,2018-09-11,GARCH-Normal,4724,0.5462473860284964,0
2018-09-12,2018-09-11,GJR-GARCH-Normal,4724,0.7428976938468752,0
2018-09-12,2018-09-11,EGARCH-Normal,4724,0.9944401984384877,0
2018-09-13,2018-09-12,GARCH-Normal,4725,0.5254953723381773,0
2018-09-13,2018-09-12,GJR-GARCH-Normal,4725,0.6851058111228853,0
2018-09-13,2018-09-12,EGARCH-Normal,4725,0.9005348612661507,0
2018-09-14,2018-09-13,GARCH-Normal,4726,0.5025360643986205,0
2018-09-14,2018-09-13,GJR-GARCH-Normal,4726,0.6648850475966351,0
2018-09-14,2018-09-13,EGARCH-Normal,4726,0.9138823833947406,0
2018-09-17,2018-09-14,GARCH-Normal,4727,0.46639683990152014,0
2018-09-17,2018-09-14,GJR-GARCH-Normal,4727,0.6151515959675417,0
2018-09-17,2018-09-14,EGARCH-Normal,4727,0.829249189311936,0
2018-09-18,2018-09-17,GARCH-Normal,4728,0.42681257373547865,0
2018-09-18,2018-09-17,GJR-GARCH-Normal,4728,0.5706019556194526,0
2018-09-18,2018-09-17,EGARCH-Normal,4728,0.7576275833638532,0
2018-09-19,2018-09-18,GARCH-Normal,4729,0.39198498316146707,0
2018-09-19,2018-09-18,GJR-GARCH-Normal,4729,0.5306409842641849,0
2018-09-19,2018-09-18,EGARCH-Normal,4729,0.6931585516064446,0
2018-09-20,2018-09-19,GARCH-Normal,4730,0.3775904744581518,0
2018-09-20,2018-09-19,GJR-GARCH-Normal,4730,0.4947825030473217,0
2018-09-20,2018-09-19,EGARCH-Normal,4730,0.6316198548364158,0
2018-09-21,2018-09-20,GARCH-Normal,4731,0.3714742083783451,0
2018-09-21,2018-09-20,GJR-GARCH-Normal,4731,0.46263620030373087,0
2018-09-21,2018-09-20,EGARCH-Normal,4731,0.5765378500846194,0
2018-09-24,2018-09-21,GARCH-Normal,4732,0.630935232008905,0
2018-09-24,2018-09-21,GJR-GARCH-Normal,4732,0.4351220371681023,0
2018-09-24,2018-09-21,EGARCH-Normal,4732,0.5288589953152513,0
2018-09-25,2018-09-24,GARCH-Normal,4733,0.594190902463317,0
2018-09-25,2018-09-24,GJR-GARCH-Normal,4733,0.43931957225587626,0
2018-09-25,2018-09-24,EGARCH-Normal,4733,0.5587591635358694,0
2018-09-26,2018-09-25,GARCH-Normal,4734,0.5811929882021255,0
2018-09-26,2018-09-25,GJR-GARCH-Normal,4734,0.41312222292667705,0
2018-09-26,2018-09-25,EGARCH-Normal,4734,0.511328943606043,0
2018-09-27,2018-09-26,GARCH-Normal,4735,0.5274913930442177,0
2018-09-27,2018-09-26,GJR-GARCH-Normal,4735,0.3893644623859499,0
2018-09-27,2018-09-26,EGARCH-Normal,4735,0.46933690174462417,0
2018-09-28,2018-09-27,GARCH-Normal,4736,0.49913936990254426,0
2018-09-28,2018-09-27,GJR-GARCH-Normal,4736,0.36815232124300157,0
2018-09-28,2018-09-27,EGARCH-Normal,4736,0.4309345602517608,0
2018-10-01,2018-09-28,GARCH-Normal,4737,0.4830292501210088,0
2018-10-01,2018-09-28,GJR-GARCH-Normal,4737,0.3856641895486219,0
2018-10-01,2018-09-28,EGARCH-Normal,4737,0.47144024431038345,0
2018-10-02,2018-10-01,GARCH-Normal,4738,0.44698292167295456,0
2018-10-02,2018-10-01,GJR-GARCH-Normal,4738,0.370830135135922,0
2018-10-02,2018-10-01,EGARCH-Normal,4738,0.4629829747159431,0
2018-10-03,2018-10-02,GARCH-Normal,4739,0.4205573237735962,0
2018-10-03,2018-10-02,GJR-GARCH-Normal,4739,0.3645668358334602,0
2018-10-03,2018-10-02,EGARCH-Normal,4739,0.4698769567323092,0
2018-10-04,2018-10-03,GARCH-Normal,4740,0.40763633495608315,0
2018-10-04,2018-10-03,GJR-GARCH-Normal,4740,0.34591592303390906,0
2018-10-04,2018-10-03,EGARCH-Normal,4740,0.4313856414052827,0
2018-10-05,2018-10-04,GARCH-Normal,4741,0.5502060610633575,0
2018-10-05,2018-10-04,GJR-GARCH-Normal,4741,0.5861599522988155,0
2018-10-05,2018-10-04,EGARCH-Normal,4741,0.6299140329848355,0
2018-10-08,2018-10-05,GARCH-Normal,4742,0.7109421213386865,0
2018-10-08,2018-10-05,GJR-GARCH-Normal,4742,0.8554463018968547,0
2018-10-08,2018-10-05,EGARCH-Normal,4742,0.8752729195499219,0
2018-10-09,2018-10-08,GARCH-Normal,4743,0.800389985296903,0
2018-10-09,2018-10-08,GJR-GARCH-Normal,4743,1.018324889509983,0
2018-10-09,2018-10-08,EGARCH-Normal,4743,1.0808706459824775,0
2018-10-10,2018-10-09,GARCH-Normal,4744,0.7196106176363862,0
2018-10-10,2018-10-09,GJR-GARCH-Normal,4744,0.9309986852874338,0
2018-10-10,2018-10-09,EGARCH-Normal,4744,0.978393248901849,0
2018-10-11,2018-10-10,GARCH-Normal,4745,0.837269673882385,0
2018-10-11,2018-10-10,GJR-GARCH-Normal,4745,1.1303711740212699,0
2018-10-11,2018-10-10,EGARCH-Normal,4745,1.2178378010013626,0
2018-10-12,2018-10-11,GARCH-Normal,4746,1.1913413038292433,0
2018-10-12,2018-10-11,GJR-GARCH-Normal,4746,1.6901398092114661,0
2018-10-12,2018-10-11,EGARCH-Normal,4746,1.7044706541256458,0
2018-10-15,2018-10-12,GARCH-Normal,4747,1.0654511089454557,0
2018-10-15,2018-10-12,GJR-GARCH-Normal,4747,1.5353718712818727,0
2018-10-15,2018-10-12,EGARCH-Normal,4747,1.5723182320453424,0
2018-10-16,2018-10-15,GARCH-Normal,4748,0.9732369861302169,0
2018-10-16,2018-10-15,GJR-GARCH-Normal,4748,1.393925254795249,0
2018-10-16,2018-10-15,EGARCH-Normal,4748,1.411856648419449,0
2018-10-17,2018-10-16,GARCH-Normal,4749,0.888416412151502,0
2018-10-17,2018-10-16,GJR-GARCH-Normal,4749,1.267773958748248,0
2018-10-17,2018-10-16,EGARCH-Normal,4749,1.2707041669281638,0
2018-10-18,2018-10-17,GARCH-Normal,4750,0.7981878723739394,0
2018-10-18,2018-10-17,GJR-GARCH-Normal,4750,1.155735378595077,0
2018-10-18,2018-10-17,EGARCH-Normal,4750,1.161781366658694,0
2018-10-19,2018-10-18,GARCH-Normal,4751,0.7377460223695402,0
2018-10-19,2018-10-18,GJR-GARCH-Normal,4751,1.0804363560118657,0
2018-10-19,2018-10-18,EGARCH-Normal,4751,1.1461819131380282,0
2018-10-22,2018-10-19,GARCH-Normal,4752,0.6742100090953923,0
2018-10-22,2018-10-19,GJR-GARCH-Normal,4752,0.9876730468816901,0
2018-10-22,2018-10-19,EGARCH-Normal,4752,1.0358237047116412,0
2018-10-23,2018-10-22,GARCH-Normal,4753,0.6110863949658049,0
2018-10-23,2018-10-22,GJR-GARCH-Normal,4753,0.906103082266133,0
2018-10-23,2018-10-22,EGARCH-Normal,4753,0.9588424757629047,0
2018-10-24,2018-10-23,GARCH-Normal,4754,0.7339326227510395,0
2018-10-24,2018-10-23,GJR-GARCH-Normal,4754,1.0953332107207794,0
2018-10-24,2018-10-23,EGARCH-Normal,4754,1.1893135612919534,0
2018-10-25,2018-10-24,GARCH-Normal,4755,0.662374755051194,0
2018-10-25,2018-10-24,GJR-GARCH-Normal,4755,1.0010600771119391,0
2018-10-25,2018-10-24,EGARCH-Normal,4755,1.0743101125867658,0
2018-10-26,2018-10-25,GARCH-Normal,4756,0.6325473090287255,0
2018-10-26,2018-10-25,GJR-GARCH-Normal,4756,0.9167545853275811,0
2018-10-26,2018-10-25,EGARCH-Normal,4756,0.9715616398586858,0
2018-10-29,2018-10-26,GARCH-Normal,4757,0.6727471474979144,0
2018-10-29,2018-10-26,GJR-GARCH-Normal,4757,0.9846240262627779,0
2018-10-29,2018-10-26,EGARCH-Normal,4757,1.1075437298912365,0
2018-10-30,2018-10-29,GARCH-Normal,4758,0.7673729250443192,0
2018-10-30,2018-10-29,GJR-GARCH-Normal,4758,0.9023367237843521,0
2018-10-30,2018-10-29,EGARCH-Normal,4758,1.0009158445146613,0
2018-10-31,2018-10-30,GARCH-Normal,4759,0.6922398321603704,0
2018-10-31,2018-10-30,GJR-GARCH-Normal,4759,0.8281876009509066,0
2018-10-31,2018-10-30,EGARCH-Normal,4759,0.9071644504219482,0
2018-11-01,2018-10-31,GARCH-Normal,4760,0.8005933427288672,0
2018-11-01,2018-10-31,GJR-GARCH-Normal,4760,0.7621238640984622,0
2018-11-01,2018-10-31,EGARCH-Normal,4760,0.8228678513383559,0
2018-11-02,2018-11-01,GARCH-Normal,4761,0.725613287555264,0
2018-11-02,2018-11-01,GJR-GARCH-Normal,4761,0.7081247600166065,0
2018-11-02,2018-11-01,EGARCH-Normal,4761,0.7859377524728647,0
2018-11-05,2018-11-02,GARCH-Normal,4762,0.665887181432064,0
2018-11-05,2018-11-02,GJR-GARCH-Normal,4762,0.6677416624972333,0
2018-11-05,2018-11-02,EGARCH-Normal,4762,0.7735185242655382,0
2018-11-06,2018-11-05,GARCH-Normal,4763,0.6031955657570882,0
2018-11-06,2018-11-05,GJR-GARCH-Normal,4763,0.6177093351331326,0
2018-11-06,2018-11-05,EGARCH-Normal,4763,0.7042045499527345,0
2018-11-07,2018-11-06,GARCH-Normal,4764,0.6402683851919421,0
2018-11-07,2018-11-06,GJR-GARCH-Normal,4764,0.7065811022776415,0
2018-11-07,2018-11-06,EGARCH-Normal,4764,0.8325900789644993,0
2018-11-08,2018-11-07,GARCH-Normal,4765,0.6992973983562123,0
2018-11-08,2018-11-07,GJR-GARCH-Normal,4765,0.6529380853395863,0
2018-11-08,2018-11-07,EGARCH-Normal,4765,0.7565931418924434,0
2018-11-09,2018-11-08,GARCH-Normal,4766,0.6408440305514439,0
2018-11-09,2018-11-08,GJR-GARCH-Normal,4766,0.6045336615203676,0
2018-11-09,2018-11-08,EGARCH-Normal,4766,0.6890721085906629,0
2018-11-12,2018-11-09,GARCH-Normal,4767,0.6107074798302494,0
2018-11-12,2018-11-09,GJR-GARCH-Normal,4767,0.6021778898292265,0
2018-11-12,2018-11-09,EGARCH-Normal,4767,0.7267092163135759,0
2018-11-13,2018-11-12,GARCH-Normal,4768,0.6182393949310788,0
2018-11-13,2018-11-12,GJR-GARCH-Normal,4768,0.6500573281204884,0
2018-11-13,2018-11-12,EGARCH-Normal,4768,0.8176833619224523,0
2018-11-14,2018-11-13,GARCH-Normal,4769,0.5602653019095835,0
2018-11-14,2018-11-13,GJR-GARCH-Normal,4769,0.6019272087006489,0
2018-11-14,2018-11-13,EGARCH-Normal,4769,0.7437341975039731,0
2018-11-15,2018-11-14,GARCH-Normal,4770,0.5201826541728481,0
2018-11-15,2018-11-14,GJR-GARCH-Normal,4770,0.571932768329653,0
2018-11-15,2018-11-14,EGARCH-Normal,4770,0.7326912844569667,0
2018-11-16,2018-11-15,GARCH-Normal,4771,0.47403832271035934,0
2018-11-16,2018-11-15,GJR-GARCH-Normal,4771,0.5318290331906157,0
2018-11-16,2018-11-15,EGARCH-Normal,4771,0.6673498055369287,0
2018-11-19,2018-11-16,GARCH-Normal,4772,0.4487837147602862,0
2018-11-19,2018-11-16,GJR-GARCH-Normal,4772,0.5152253259396065,0
2018-11-19,2018-11-16,EGARCH-Normal,4772,0.6732237041439417,0
2018-11-20,2018-11-19,GARCH-Normal,4773,0.416312532559001,0
2018-11-20,2018-11-19,GJR-GARCH-Normal,4773,0.4864423070416922,0
2018-11-20,2018-11-19,EGARCH-Normal,4773,0.6470845322133173,0
2018-11-21,2018-11-20,GARCH-Normal,4774,0.45129300362319763,0
2018-11-21,2018-11-20,GJR-GARCH-Normal,4774,0.5520575805475731,0
2018-11-21,2018-11-20,EGARCH-Normal,4774,0.7439049841827807,0
2018-11-22,2018-11-21,GARCH-Normal,4775,0.6359595085014911,0
2018-11-22,2018-11-21,GJR-GARCH-Normal,4775,0.5146411985631084,0
2018-11-22,2018-11-21,EGARCH-Normal,4775,0.6789019237978985,0
2018-11-23,2018-11-22,GARCH-Normal,4776,0.7646714975575912,0
2018-11-23,2018-11-22,GJR-GARCH-Normal,4776,0.7582440093333238,0
2018-11-23,2018-11-22,EGARCH-Normal,4776,0.9078134779492847,0
2018-11-26,2018-11-23,GARCH-Normal,4777,0.6906874056850775,0
2018-11-26,2018-11-23,GJR-GARCH-Normal,4777,0.7005181269646892,0
2018-11-26,2018-11-23,EGARCH-Normal,4777,0.8447840861172178,0
2018-11-27,2018-11-26,GARCH-Normal,4778,0.7692318676951986,0
2018-11-27,2018-11-26,GJR-GARCH-Normal,4778,0.6475620269242981,0
2018-11-27,2018-11-26,EGARCH-Normal,4778,0.7677267596086321,0
2018-11-28,2018-11-27,GARCH-Normal,4779,0.7028132174122604,0
2018-11-28,2018-11-27,GJR-GARCH-Normal,4779,0.6117561616147685,0
2018-11-28,2018-11-27,EGARCH-Normal,4779,0.7525910546074347,0
2018-11-29,2018-11-28,GARCH-Normal,4780,0.6392986053606751,0
2018-11-29,2018-11-28,GJR-GARCH-Normal,4780,0.5726089436355757,0
2018-11-29,2018-11-28,EGARCH-Normal,4780,0.7187828725758951,0
2018-11-30,2018-11-29,GARCH-Normal,4781,0.6015886097234819,0
2018-11-30,2018-11-29,GJR-GARCH-Normal,4781,0.5326059413211802,0
2018-11-30,2018-11-29,EGARCH-Normal,4781,0.6550924625292422,0
2018-12-03,2018-11-30,GARCH-Normal,4782,0.6282559457556992,0
2018-12-03,2018-11-30,GJR-GARCH-Normal,4782,0.6146180842537826,0
2018-12-03,2018-11-30,EGARCH-Normal,4782,0.7702803190996715,0
2018-12-04,2018-12-03,GARCH-Normal,4783,0.7097530775840601,0
2018-12-04,2018-12-03,GJR-GARCH-Normal,4783,0.5705378384923318,0
2018-12-04,2018-12-03,EGARCH-Normal,4783,0.7013441828321444,0
2018-12-05,2018-12-04,GARCH-Normal,4784,0.6791867375678844,0
2018-12-05,2018-12-04,GJR-GARCH-Normal,4784,0.5833502754423249,0
2018-12-05,2018-12-04,EGARCH-Normal,4784,0.752731865912489,0
2018-12-06,2018-12-05,GARCH-Normal,4785,0.8526682803652793,0
2018-12-06,2018-12-05,GJR-GARCH-Normal,4785,0.896312707564522,0
2018-12-06,2018-12-05,EGARCH-Normal,4785,1.03256829392934,0
2018-12-07,2018-12-06,GARCH-Normal,4786,1.921234983991409,0
2018-12-07,2018-12-06,GJR-GARCH-Normal,4786,2.5853759071140243,0
2018-12-07,2018-12-06,EGARCH-Normal,4786,2.037375330447602,0
2018-12-10,2018-12-07,GARCH-Normal,4787,1.8260018906994988,0
2018-12-10,2018-12-07,GJR-GARCH-Normal,4787,2.3310686248422967,0
2018-12-10,2018-12-07,EGARCH-Normal,4787,1.8185739367026457,0
2018-12-11,2018-12-10,GARCH-Normal,4788,1.7011303664801285,0
2018-12-11,2018-12-10,GJR-GARCH-Normal,4788,2.223360347989912,0
2018-12-11,2018-12-10,EGARCH-Normal,4788,1.8955295808061345,0
2018-12-12,2018-12-11,GARCH-Normal,4789,1.6759818776862878,0
2018-12-12,2018-12-11,GJR-GARCH-Normal,4789,2.0094829599718835,0
2018-12-12,2018-12-11,EGARCH-Normal,4789,1.6949381402958397,0
2018-12-13,2018-12-12,GARCH-Normal,4790,1.6057701113178402,0
2018-12-13,2018-12-12,GJR-GARCH-Normal,4790,1.81808948081301,0
2018-12-13,2018-12-12,EGARCH-Normal,4790,1.5188880038042716,0
2018-12-14,2018-12-13,GARCH-Normal,4791,1.4258440608090435,0
2018-12-14,2018-12-13,GJR-GARCH-Normal,4791,1.6466604187399532,0
2018-12-14,2018-12-13,EGARCH-Normal,4791,1.373064264834027,0
2018-12-17,2018-12-14,GARCH-Normal,4792,1.2959312393450424,0
2018-12-17,2018-12-14,GJR-GARCH-Normal,4792,1.5306977267278228,0
2018-12-17,2018-12-14,EGARCH-Normal,4792,1.362836145959394,0
2018-12-18,2018-12-17,GARCH-Normal,4793,1.2849521217019584,0
2018-12-18,2018-12-17,GJR-GARCH-Normal,4793,1.5798732280597767,0
2018-12-18,2018-12-17,EGARCH-Normal,4793,1.532383412770253,0
2018-12-19,2018-12-18,GARCH-Normal,4794,1.2765532205500447,0
2018-12-19,2018-12-18,GJR-GARCH-Normal,4794,1.6257629210238977,0
2018-12-19,2018-12-18,EGARCH-Normal,4794,1.69932387290236,0
2018-12-20,2018-12-19,GARCH-Normal,4795,1.2308078471754096,0
2018-12-20,2018-12-19,GJR-GARCH-Normal,4795,1.4754477470497969,0
2018-12-20,2018-12-19,EGARCH-Normal,4795,1.5232333333273445,0
2018-12-21,2018-12-20,GARCH-Normal,4796,1.1736117035402844,0
2018-12-21,2018-12-20,GJR-GARCH-Normal,4796,1.4491572781079558,0
2018-12-21,2018-12-20,EGARCH-Normal,4796,1.6041407132462295,0
2018-12-24,2018-12-21,GARCH-Normal,4797,1.0482581045337156,0
2018-12-24,2018-12-21,GJR-GARCH-Normal,4797,1.3171798202858542,0
2018-12-24,2018-12-21,EGARCH-Normal,4797,1.4406112870544376,0
2018-12-27,2018-12-24,GARCH-Normal,4798,0.9711608908082968,0
2018-12-27,2018-12-24,GJR-GARCH-Normal,4798,1.2452096438845577,0
2018-12-27,2018-12-24,EGARCH-Normal,4798,1.4411857457886186,0
2018-12-28,2018-12-27,GARCH-Normal,4799,1.1364736686739134,0
2018-12-28,2018-12-27,GJR-GARCH-Normal,4799,1.5307945327958834,0
2018-12-28,2018-12-27,EGARCH-Normal,4799,1.7716463197386643,0
2018-12-31,2018-12-28,GARCH-Normal,4800,1.5512836232614737,0
2018-12-31,2018-12-28,GJR-GARCH-Normal,4800,1.391980483616161,0
2018-12-31,2018-12-28,EGARCH-Normal,4800,1.5863203897993452,0
2019-01-02,2018-12-31,GARCH-Normal,4801,1.379755636882655,0
2019-01-02,2018-12-31,GJR-GARCH-Normal,4801,1.2670508883540124,0
2019-01-02,2018-12-31,EGARCH-Normal,4801,1.4470178310099626,0
2019-01-03,2019-01-02,GARCH-Normal,4802,1.2284398220324553,0
2019-01-03,2019-01-02,GJR-GARCH-Normal,4802,1.1540685508970987,0
2019-01-03,2019-01-02,EGARCH-Normal,4802,1.3023114662384065,0
2019-01-04,2019-01-03,GARCH-Normal,4803,1.1418736446291184,0
2019-01-04,2019-01-03,GJR-GARCH-Normal,4803,1.1171451357096416,0
2019-01-04,2019-01-03,EGARCH-Normal,4803,1.3392760972137332,0
2019-01-07,2019-01-04,GARCH-Normal,4804,1.5060998668680357,0
2019-01-07,2019-01-04,GJR-GARCH-Normal,4804,1.02145428933962,0
2019-01-07,2019-01-04,EGARCH-Normal,4804,1.2051348630877035,0
2019-01-08,2019-01-07,GARCH-Normal,4805,1.3584740968456788,0
2019-01-08,2019-01-07,GJR-GARCH-Normal,4805,0.9592073326049271,0
2019-01-08,2019-01-07,EGARCH-Normal,4805,1.1850945263353037,0
2019-01-09,2019-01-08,GARCH-Normal,4806,1.2646823129342157,0
2019-01-09,2019-01-08,GJR-GARCH-Normal,4806,0.8785631623109625,0
2019-01-09,2019-01-08,EGARCH-Normal,4806,1.0697876410239113,0
2019-01-10,2019-01-09,GARCH-Normal,4807,1.1695665866747282,0
2019-01-10,2019-01-09,GJR-GARCH-Normal,4807,0.8062168443053132,0
2019-01-10,2019-01-09,EGARCH-Normal,4807,0.9676000092137513,0
2019-01-11,2019-01-10,GARCH-Normal,4808,1.0702877258976302,0
2019-01-11,2019-01-10,GJR-GARCH-Normal,4808,0.7412426515849192,0
2019-01-11,2019-01-10,EGARCH-Normal,4808,0.876881188031349,0
2019-01-14,2019-01-11,GARCH-Normal,4809,0.9733316485320256,0
2019-01-14,2019-01-11,GJR-GARCH-Normal,4809,0.703933325647903,0
2019-01-14,2019-01-11,EGARCH-Normal,4809,0.8727372755407411,0
2019-01-15,2019-01-14,GARCH-Normal,4810,0.9706844649685323,0
2019-01-15,2019-01-14,GJR-GARCH-Normal,4810,0.7927932593093904,0
2019-01-15,2019-01-14,EGARCH-Normal,4810,1.0080118112557341,0
2019-01-16,2019-01-15,GARCH-Normal,4811,0.9021792740340963,0
2019-01-16,2019-01-15,GJR-GARCH-Normal,4811,0.729343931267995,0
2019-01-16,2019-01-15,EGARCH-Normal,4811,0.9127076815425896,0
2019-01-17,2019-01-16,GARCH-Normal,4812,0.8366947159071079,0
2019-01-17,2019-01-16,GJR-GARCH-Normal,4812,0.7093267510034879,0
2019-01-17,2019-01-16,EGARCH-Normal,4812,0.9329795837340462,0
2019-01-18,2019-01-17,GARCH-Normal,4813,0.7725365233819818,0
2019-01-18,2019-01-17,GJR-GARCH-Normal,4813,0.6819236443919341,0
2019-01-18,2019-01-17,EGARCH-Normal,4813,0.9366376539497697,0
2019-01-21,2019-01-18,GARCH-Normal,4814,1.0908714053001412,0
2019-01-21,2019-01-18,GJR-GARCH-Normal,4814,0.6321365841909069,0
2019-01-21,2019-01-18,EGARCH-Normal,4814,0.8485402778874005,0
2019-01-22,2019-01-21,GARCH-Normal,4815,0.9751833392405813,0
2019-01-22,2019-01-21,GJR-GARCH-Normal,4815,0.5853398619440523,0
2019-01-22,2019-01-21,EGARCH-Normal,4815,0.7714745907182328,0
2019-01-23,2019-01-22,GARCH-Normal,4816,0.9896387058665858,0
2019-01-23,2019-01-22,GJR-GARCH-Normal,4816,0.7126766820119201,0
2019-01-23,2019-01-22,EGARCH-Normal,4816,0.9276082682809801,0
2019-01-24,2019-01-23,GARCH-Normal,4817,0.9716666835154277,0
2019-01-24,2019-01-23,GJR-GARCH-Normal,4817,0.7803217193120795,0
2019-01-24,2019-01-23,EGARCH-Normal,4817,1.044560950790072,0
2019-01-25,2019-01-24,GARCH-Normal,4818,0.886545895223745,0
2019-01-25,2019-01-24,GJR-GARCH-Normal,4818,0.7386353451067391,0
2019-01-25,2019-01-24,EGARCH-Normal,4818,1.0269218532364068,0
2019-01-28,2019-01-25,GARCH-Normal,4819,0.79916289758296,0
2019-01-28,2019-01-25,GJR-GARCH-Normal,4819,0.684268811380342,0
2019-01-28,2019-01-25,EGARCH-Normal,4819,0.9610888904613993,0
2019-01-29,2019-01-28,GARCH-Normal,4820,0.8173009409221109,0
2019-01-29,2019-01-28,GJR-GARCH-Normal,4820,0.7743337660979736,0
2019-01-29,2019-01-28,EGARCH-Normal,4820,1.0950929498674358,0
2019-01-30,2019-01-29,GARCH-Normal,4821,0.9042223889519124,0
2019-01-30,2019-01-29,GJR-GARCH-Normal,4821,0.7134201658503339,0
2019-01-30,2019-01-29,EGARCH-Normal,4821,0.9892636718467173,0
2019-01-31,2019-01-30,GARCH-Normal,4822,1.0668572659597209,0
2019-01-31,2019-01-30,GJR-GARCH-Normal,4822,0.6590691106999541,0
2019-01-31,2019-01-30,EGARCH-Normal,4822,0.8949871530322748,0
2019-02-01,2019-01-31,GARCH-Normal,4823,0.9681998343831741,0
2019-02-01,2019-01-31,GJR-GARCH-Normal,4823,0.6098098184023668,0
2019-02-01,2019-01-31,EGARCH-Normal,4823,0.8124535744277736,0
2019-02-04,2019-02-01,GARCH-Normal,4824,0.9209620359118085,0
2019-02-04,2019-02-01,GJR-GARCH-Normal,4824,0.5657978705228673,0
2019-02-04,2019-02-01,EGARCH-Normal,4824,0.7384219943009923,0
2019-02-05,2019-02-04,GARCH-Normal,4825,0.829033444940329,0
2019-02-05,2019-02-04,GJR-GARCH-Normal,4825,0.5261508599620653,0
2019-02-05,2019-02-04,EGARCH-Normal,4825,0.6728737642066475,0
2019-02-06,2019-02-05,GARCH-Normal,4826,1.173773503191444,0
2019-02-06,2019-02-05,GJR-GARCH-Normal,4826,0.4927181787891138,0
2019-02-06,2019-02-05,EGARCH-Normal,4826,0.6136890066107245,0
2019-02-07,2019-02-06,GARCH-Normal,4827,1.0491004567630924,0
2019-02-07,2019-02-06,GJR-GARCH-Normal,4827,0.46129495627596284,0
2019-02-07,2019-02-06,EGARCH-Normal,4827,0.5702305714684084,0
2019-02-08,2019-02-07,GARCH-Normal,4828,1.082361114921508,0
2019-02-08,2019-02-07,GJR-GARCH-Normal,4828,0.6429221039187012,0
2019-02-08,2019-02-07,EGARCH-Normal,4828,0.749515338074979,0
2019-02-11,2019-02-08,GARCH-Normal,4829,0.9813902539004138,0
2019-02-11,2019-02-08,GJR-GARCH-Normal,4829,0.6121264571478274,0
2019-02-11,2019-02-08,EGARCH-Normal,4829,0.7454961120080019,0
2019-02-12,2019-02-11,GARCH-Normal,4830,0.9458668858514853,0
2019-02-12,2019-02-11,GJR-GARCH-Normal,4830,0.5681857119235407,0
2019-02-12,2019-02-11,EGARCH-Normal,4830,0.6787274196304584,0
2019-02-13,2019-02-12,GARCH-Normal,4831,0.8482910522914182,0
2019-02-13,2019-02-12,GJR-GARCH-Normal,4831,0.528632379523212,0
2019-02-13,2019-02-12,EGARCH-Normal,4831,0.6198865942390118,0
2019-02-14,2019-02-13,GARCH-Normal,4832,0.8271995348968411,0
2019-02-14,2019-02-13,GJR-GARCH-Normal,4832,0.49334064965797375,0
2019-02-14,2019-02-13,EGARCH-Normal,4832,0.5662166681281023,0
2019-02-15,2019-02-14,GARCH-Normal,4833,0.7441937818271441,0
2019-02-15,2019-02-14,GJR-GARCH-Normal,4833,0.46149353324966597,0
2019-02-15,2019-02-14,EGARCH-Normal,4833,0.5187664012285313,0
2019-02-18,2019-02-15,GARCH-Normal,4834,0.6998389114867127,0
2019-02-18,2019-02-15,GJR-GARCH-Normal,4834,0.4330245571676382,0
2019-02-18,2019-02-15,EGARCH-Normal,4834,0.4755432139746953,0
2019-02-19,2019-02-18,GARCH-Normal,4835,0.6398984793812278,0
2019-02-19,2019-02-18,GJR-GARCH-Normal,4835,0.4166592949320596,0
2019-02-19,2019-02-18,EGARCH-Normal,4835,0.47429927515613857,0
2019-02-20,2019-02-19,GARCH-Normal,4836,0.6176173010045182,0
2019-02-20,2019-02-19,GJR-GARCH-Normal,4836,0.4453081130825219,0
2019-02-20,2019-02-19,EGARCH-Normal,4836,0.531018194927813,0
2019-02-21,2019-02-20,GARCH-Normal,4837,0.6058698688688839,0
2019-02-21,2019-02-20,GJR-GARCH-Normal,4837,0.41857218236802535,0
2019-02-21,2019-02-20,EGARCH-Normal,4837,0.48639748034586994,0
2019-02-22,2019-02-21,GARCH-Normal,4838,0.6346421919340537,0
2019-02-22,2019-02-21,GJR-GARCH-Normal,4838,0.5164267915273021,0
2019-02-22,2019-02-21,EGARCH-Normal,4838,0.6017846043658313,0
2019-02-25,2019-02-22,GARCH-Normal,4839,0.5762019380236334,0
2019-02-25,2019-02-22,GJR-GARCH-Normal,4839,0.48218654931553145,0
2019-02-25,2019-02-22,EGARCH-Normal,4839,0.5507416920233028,0
2019-02-26,2019-02-25,GARCH-Normal,4840,0.5232741520915953,0
2019-02-26,2019-02-25,GJR-GARCH-Normal,4840,0.451490803826437,0
2019-02-26,2019-02-25,EGARCH-Normal,4840,0.5049676378453563,0
2019-02-27,2019-02-26,GARCH-Normal,4841,0.5027185752833716,0
2019-02-27,2019-02-26,GJR-GARCH-Normal,4841,0.45848900516271646,0
2019-02-27,2019-02-26,EGARCH-Normal,4841,0.5412495362265309,0
2019-02-28,2019-02-27,GARCH-Normal,4842,0.504717561694805,0
2019-02-28,2019-02-27,GJR-GARCH-Normal,4842,0.49383082522875815,0
2019-02-28,2019-02-27,EGARCH-Normal,4842,0.6082765178453292,0
2019-03-01,2019-02-28,GARCH-Normal,4843,0.4867687043632922,0
2019-03-01,2019-02-28,GJR-GARCH-Normal,4843,0.4969062350077783,0
2019-03-01,2019-02-28,EGARCH-Normal,4843,0.6415151500324365,0
2019-03-04,2019-03-01,GARCH-Normal,4844,0.4636436290852141,0
2019-03-04,2019-03-01,GJR-GARCH-Normal,4844,0.46474452918292475,0
2019-03-04,2019-03-01,EGARCH-Normal,4844,0.5858787577005982,0
2019-03-05,2019-03-04,GARCH-Normal,4845,0.4380161119034151,0
2019-03-05,2019-03-04,GJR-GARCH-Normal,4845,0.4358978172164605,0
2019-03-05,2019-03-04,EGARCH-Normal,4845,0.5360244489126169,0
2019-03-06,2019-03-05,GARCH-Normal,4846,0.4481102091604519,0
2019-03-06,2019-03-05,GJR-GARCH-Normal,4846,0.41014388375444927,0
2019-03-06,2019-03-05,EGARCH-Normal,4846,0.4908776000279954,0
2019-03-07,2019-03-06,GARCH-Normal,4847,0.41270479351709954,0
2019-03-07,2019-03-06,GJR-GARCH-Normal,4847,0.38687399250847193,0
2019-03-07,2019-03-06,EGARCH-Normal,4847,0.4507898686388828,0
2019-03-08,2019-03-07,GARCH-Normal,4848,0.41498508391143196,0
2019-03-08,2019-03-07,GJR-GARCH-Normal,4848,0.41391947100509785,0
2019-03-08,2019-03-07,EGARCH-Normal,4848,0.5031920872872463,0
2019-03-11,2019-03-08,GARCH-Normal,4849,0.44840177979082085,0
2019-03-11,2019-03-08,GJR-GARCH-Normal,4849,0.48419645707044107,0
2019-03-11,2019-03-08,EGARCH-Normal,4849,0.5973438319473715,0
2019-03-12,2019-03-11,GARCH-Normal,4850,0.4232143203789927,0
2019-03-12,2019-03-11,GJR-GARCH-Normal,4850,0.4532825709875382,0
2019-03-12,2019-03-11,EGARCH-Normal,4850,0.5463001284361929,0
2019-03-13,2019-03-12,GARCH-Normal,4851,0.39580644544532473,0
2019-03-13,2019-03-12,GJR-GARCH-Normal,4851,0.42556005380236794,0
2019-03-13,2019-03-12,EGARCH-Normal,4851,0.5005228767720652,0
2019-03-14,2019-03-13,GARCH-Normal,4852,0.3652265633109924,0
2019-03-14,2019-03-13,GJR-GARCH-Normal,4852,0.4006730365707305,0
2019-03-14,2019-03-13,EGARCH-Normal,4852,0.4594661267391786,0
2019-03-15,2019-03-14,GARCH-Normal,4853,0.34974825997335185,0
2019-03-15,2019-03-14,GJR-GARCH-Normal,4853,0.3783955023588765,0
2019-03-15,2019-03-14,EGARCH-Normal,4853,0.42214621549665987,0
2019-03-18,2019-03-15,GARCH-Normal,4854,0.3587305022550153,0
2019-03-18,2019-03-15,GJR-GARCH-Normal,4854,0.3585028337357735,0
2019-03-18,2019-03-15,EGARCH-Normal,4854,0.3883327087425521,0
2019-03-19,2019-03-18,GARCH-Normal,4855,0.42952831086477883,0
2019-03-19,2019-03-18,GJR-GARCH-Normal,4855,0.34098073863633116,0
2019-03-19,2019-03-18,EGARCH-Normal,4855,0.357718051765584,0
2019-03-20,2019-03-19,GARCH-Normal,4856,0.4043375736270619,0
2019-03-20,2019-03-19,GJR-GARCH-Normal,4856,0.32484355174018187,0
2019-03-20,2019-03-19,EGARCH-Normal,4856,0.3301487157931246,0
2019-03-21,2019-03-20,GARCH-Normal,4857,0.3980362739117482,0
2019-03-21,2019-03-20,GJR-GARCH-Normal,4857,0.34442133099189304,0
2019-03-21,2019-03-20,EGARCH-Normal,4857,0.369530845615558,0
2019-03-22,2019-03-21,GARCH-Normal,4858,0.4446260588362912,0
2019-03-22,2019-03-21,GJR-GARCH-Normal,4858,0.32829557627780775,0
2019-03-22,2019-03-21,EGARCH-Normal,4858,0.3406069552685786,0
2019-03-25,2019-03-22,GARCH-Normal,4859,0.8765161694218018,0
2019-03-25,2019-03-22,GJR-GARCH-Normal,4859,1.0098876516092825,0
2019-03-25,2019-03-22,EGARCH-Normal,4859,0.7400009508999756,0
2019-03-26,2019-03-25,GARCH-Normal,4860,0.8078795280271274,0
2019-03-26,2019-03-25,GJR-GARCH-Normal,4860,0.9525165956985163,0
2019-03-26,2019-03-25,EGARCH-Normal,4860,0.7575714786694823,0
2019-03-27,2019-03-26,GARCH-Normal,4861,0.7313910069347294,0
2019-03-27,2019-03-26,GJR-GARCH-Normal,4861,0.8726717775304059,0
2019-03-27,2019-03-26,EGARCH-Normal,4861,0.6900353238866314,0
2019-03-28,2019-03-27,GARCH-Normal,4862,0.6594139493627124,0
2019-03-28,2019-03-27,GJR-GARCH-Normal,4862,0.8015515876237753,0
2019-03-28,2019-03-27,EGARCH-Normal,4862,0.6336762603270023,0
2019-03-29,2019-03-28,GARCH-Normal,4863,0.6259543611312449,0
2019-03-29,2019-03-28,GJR-GARCH-Normal,4863,0.7381566842363598,0
2019-03-29,2019-03-28,EGARCH-Normal,4863,0.5791595540315091,0
2019-04-01,2019-03-29,GARCH-Normal,4864,0.6042319501306203,0
2019-04-01,2019-03-29,GJR-GARCH-Normal,4864,0.681462264607999,0
2019-04-01,2019-03-29,EGARCH-Normal,4864,0.530201446654558,0
2019-04-02,2019-04-01,GARCH-Normal,4865,0.5739468512065622,0
2019-04-02,2019-04-01,GJR-GARCH-Normal,4865,0.6306449441580768,0
2019-04-02,2019-04-01,EGARCH-Normal,4865,0.4862514955303036,0
2019-04-03,2019-04-02,GARCH-Normal,4866,0.6236661084437966,0
2019-04-03,2019-04-02,GJR-GARCH-Normal,4866,0.5852686259394171,0
2019-04-03,2019-04-02,EGARCH-Normal,4866,0.44640738794073287,0
2019-04-04,2019-04-03,GARCH-Normal,4867,0.5768945875667001,0
2019-04-04,2019-04-03,GJR-GARCH-Normal,4867,0.5443776191092053,0
2019-04-04,2019-04-03,EGARCH-Normal,4867,0.41073360198465053,0
2019-04-05,2019-04-04,GARCH-Normal,4868,0.5309062452884884,0
2019-04-05,2019-04-04,GJR-GARCH-Normal,4868,0.515623429168496,0
2019-04-05,2019-04-04,EGARCH-Normal,4868,0.4107460822999052,0
2019-04-08,2019-04-05,GARCH-Normal,4869,0.5191160827051955,0
2019-04-08,2019-04-05,GJR-GARCH-Normal,4869,0.48194840190433436,0
2019-04-08,2019-04-05,EGARCH-Normal,4869,0.3783422328760169,0
2019-04-09,2019-04-08,GARCH-Normal,4870,0.47315133982965385,0
2019-04-09,2019-04-08,GJR-GARCH-Normal,4870,0.45164710584148887,0
2019-04-09,2019-04-08,EGARCH-Normal,4870,0.3493633551511667,0
2019-04-10,2019-04-09,GARCH-Normal,4871,0.4491356514689572,0
2019-04-10,2019-04-09,GJR-GARCH-Normal,4871,0.4450029986257514,0
2019-04-10,2019-04-09,EGARCH-Normal,4871,0.3727916030924257,0
2019-04-11,2019-04-10,GARCH-Normal,4872,0.41231890215916533,0
2019-04-11,2019-04-10,GJR-GARCH-Normal,4872,0.41881575091806483,0
2019-04-11,2019-04-10,EGARCH-Normal,4872,0.35018731186797386,0
2019-04-12,2019-04-11,GARCH-Normal,4873,0.37998049584605786,0
2019-04-12,2019-04-11,GJR-GARCH-Normal,4873,0.3953271656133054,0
2019-04-12,2019-04-11,EGARCH-Normal,4873,0.32987013512836083,0
2019-04-15,2019-04-12,GARCH-Normal,4874,0.35613165627851323,0
2019-04-15,2019-04-12,GJR-GARCH-Normal,4874,0.37383651409231805,0
2019-04-15,2019-04-12,EGARCH-Normal,4874,0.30524896452980343,0
2019-04-16,2019-04-15,GARCH-Normal,4875,0.3298259070221027,0
2019-04-16,2019-04-15,GJR-GARCH-Normal,4875,0.3544898084898512,0
2019-04-16,2019-04-15,EGARCH-Normal,4875,0.2830310379814927,0
2019-04-17,2019-04-16,GARCH-Normal,4876,0.3249075246848302,0
2019-04-17,2019-04-16,GJR-GARCH-Normal,4876,0.3371970084493652,0
2019-04-17,2019-04-16,EGARCH-Normal,4876,0.2624789323335072,0
2019-04-18,2019-04-17,GARCH-Normal,4877,0.30219680835345447,0
2019-04-18,2019-04-17,GJR-GARCH-Normal,4877,0.3215370581149379,0
2019-04-18,2019-04-17,EGARCH-Normal,4877,0.24393842439517416,0
2019-04-23,2019-04-18,GARCH-Normal,4878,0.28606991898288825,0
2019-04-23,2019-04-18,GJR-GARCH-Normal,4878,0.3112185647163201,0
2019-04-23,2019-04-18,EGARCH-Normal,4878,0.24381848997715935,0
2019-04-24,2019-04-23,GARCH-Normal,4879,0.3405469417208757,0
2019-04-24,2019-04-23,GJR-GARCH-Normal,4879,0.2987655822950776,0
2019-04-24,2019-04-23,EGARCH-Normal,4879,0.22690769381415093,0
2019-04-25,2019-04-24,GARCH-Normal,4880,0.3730347422896199,0
2019-04-25,2019-04-24,GJR-GARCH-Normal,4880,0.36545566821713965,0
2019-04-25,2019-04-24,EGARCH-Normal,4880,0.2996310549619335,0
2019-04-26,2019-04-25,GARCH-Normal,4881,0.3766727815014803,0
2019-04-26,2019-04-25,GJR-GARCH-Normal,4881,0.38950896543912156,0
2019-04-26,2019-04-25,EGARCH-Normal,4881,0.3471600358196581,0
2019-04-29,2019-04-26,GARCH-Normal,4882,0.3491346302773086,0
2019-04-29,2019-04-26,GJR-GARCH-Normal,4882,0.36950856383032515,0
2019-04-29,2019-04-26,EGARCH-Normal,4882,0.3307231003935096,0
2019-04-30,2019-04-29,GARCH-Normal,4883,0.32548871481613284,0
2019-04-30,2019-04-29,GJR-GARCH-Normal,4883,0.3506019731715737,0
2019-04-30,2019-04-29,EGARCH-Normal,4883,0.30607661987468104,0
2019-05-01,2019-04-30,GARCH-Normal,4884,0.3152459585289974,0
2019-05-01,2019-04-30,GJR-GARCH-Normal,4884,0.3486840879857947,0
2019-05-01,2019-04-30,EGARCH-Normal,4884,0.32315820734909084,0
2019-05-02,2019-05-01,GARCH-Normal,4885,0.3189507318755059,0
2019-05-02,2019-05-01,GJR-GARCH-Normal,4885,0.36460587791380766,0
2019-05-02,2019-05-01,EGARCH-Normal,4885,0.3609859318462608,0
2019-05-03,2019-05-02,GARCH-Normal,4886,0.3239672916603659,0
2019-05-03,2019-05-02,GJR-GARCH-Normal,4886,0.3814137219182147,0
2019-05-03,2019-05-02,EGARCH-Normal,4886,0.40110956313250373,0
2019-05-07,2019-05-03,GARCH-Normal,4887,0.31597071053433057,0
2019-05-07,2019-05-03,GJR-GARCH-Normal,4887,0.3613164228939175,0
2019-05-07,2019-05-03,EGARCH-Normal,4887,0.3696952646549799,0
2019-05-08,2019-05-07,GARCH-Normal,4888,0.6034900695030626,0
2019-05-08,2019-05-07,GJR-GARCH-Normal,4888,0.7958239208114786,0
2019-05-08,2019-05-07,EGARCH-Normal,4888,0.6604171747185316,0
2019-05-09,2019-05-08,GARCH-Normal,4889,0.5477951563084605,0
2019-05-09,2019-05-08,GJR-GARCH-Normal,4889,0.7322693046022685,0
2019-05-09,2019-05-08,EGARCH-Normal,4889,0.6032717415602982,0
2019-05-10,2019-05-09,GARCH-Normal,4890,0.5892433079265221,0
2019-05-10,2019-05-09,GJR-GARCH-Normal,4890,0.8047180718988928,0
2019-05-10,2019-05-09,EGARCH-Normal,4890,0.7266430287233336,0
2019-05-13,2019-05-10,GARCH-Normal,4891,0.5350343671179144,0
2019-05-13,2019-05-10,GJR-GARCH-Normal,4891,0.7409775770531857,0
2019-05-13,2019-05-10,EGARCH-Normal,4891,0.6719176898542523,0
2019-05-14,2019-05-13,GARCH-Normal,4892,0.5241393485936119,0
2019-05-14,2019-05-13,GJR-GARCH-Normal,4892,0.7339217241028636,0
2019-05-14,2019-05-13,EGARCH-Normal,4892,0.721591612630702,0
2019-05-15,2019-05-14,GARCH-Normal,4893,0.5980038798136679,0
2019-05-15,2019-05-14,GJR-GARCH-Normal,4893,0.6781102611476981,0
2019-05-15,2019-05-14,EGARCH-Normal,4893,0.6574615189016739,0
2019-05-16,2019-05-15,GARCH-Normal,4894,0.6003170248670722,0
2019-05-16,2019-05-15,GJR-GARCH-Normal,4894,0.6277059659197052,0
2019-05-16,2019-05-15,EGARCH-Normal,4894,0.6001501934385011,0
2019-05-17,2019-05-16,GARCH-Normal,4895,0.6037750688181418,0
2019-05-17,2019-05-16,GJR-GARCH-Normal,4895,0.5825133966978352,0
2019-05-17,2019-05-16,EGARCH-Normal,4895,0.54874700077454,0
2019-05-20,2019-05-17,GARCH-Normal,4896,0.5482454186007206,0
2019-05-20,2019-05-17,GJR-GARCH-Normal,4896,0.5424701306564208,0
2019-05-20,2019-05-17,EGARCH-Normal,4896,0.5131453119703683,0
2019-05-21,2019-05-20,GARCH-Normal,4897,0.5313502340101582,0
2019-05-21,2019-05-20,GJR-GARCH-Normal,4897,0.549569423833585,0
2019-05-21,2019-05-20,EGARCH-Normal,4897,0.5599960541157796,0
2019-05-22,2019-05-21,GARCH-Normal,4898,0.4886784835941484,0
2019-05-22,2019-05-21,GJR-GARCH-Normal,4898,0.512314845954764,0
2019-05-22,2019-05-21,EGARCH-Normal,4898,0.5133576485647214,0
2019-05-23,2019-05-22,GARCH-Normal,4899,0.44648523591624173,0
2019-05-23,2019-05-22,GJR-GARCH-Normal,4899,0.478881550991382,0
2019-05-23,2019-05-22,EGARCH-Normal,4899,0.471633898681482,0
2019-05-24,2019-05-23,GARCH-Normal,4900,0.6389464438446845,0
2019-05-24,2019-05-23,GJR-GARCH-Normal,4900,0.7838043259149371,0
2019-05-24,2019-05-23,EGARCH-Normal,4900,0.7162626621111122,0
2019-05-28,2019-05-24,GARCH-Normal,4901,0.618908594507972,0
2019-05-28,2019-05-24,GJR-GARCH-Normal,4901,0.7224259916556031,0
2019-05-28,2019-05-24,EGARCH-Normal,4901,0.6529295035618176,0
2019-05-29,2019-05-28,GARCH-Normal,4902,0.56317363483333,0
2019-05-29,2019-05-28,GJR-GARCH-Normal,4902,0.6694999090982626,0
2019-05-29,2019-05-28,EGARCH-Normal,4902,0.6174675562009044,0
2019-05-30,2019-05-29,GARCH-Normal,4903,0.6664885086738059,0
2019-05-30,2019-05-29,GJR-GARCH-Normal,4903,0.8431079904187826,0
2019-05-30,2019-05-29,EGARCH-Normal,4903,0.8079603109323816,0
2019-05-31,2019-05-30,GARCH-Normal,4904,0.6220031148016514,0
2019-05-31,2019-05-30,GJR-GARCH-Normal,4904,0.7755556934818973,0
2019-05-31,2019-05-30,EGARCH-Normal,4904,0.7352310440876781,0
2019-06-03,2019-05-31,GARCH-Normal,4905,0.6364256434486546,0
2019-06-03,2019-05-31,GJR-GARCH-Normal,4905,0.8172409897100394,0
2019-06-03,2019-05-31,EGARCH-Normal,4905,0.8368427826967859,0
2019-06-04,2019-06-03,GARCH-Normal,4906,0.585226282601716,0
2019-06-04,2019-06-03,GJR-GARCH-Normal,4906,0.7524564104090198,0
2019-06-04,2019-06-03,EGARCH-Normal,4906,0.7613553889624394,0
2019-06-05,2019-06-04,GARCH-Normal,4907,0.5467070777003988,0
2019-06-05,2019-06-04,GJR-GARCH-Normal,4907,0.6944811659396363,0
2019-06-05,2019-06-04,EGARCH-Normal,4907,0.6938250319938678,0
2019-06-06,2019-06-05,GARCH-Normal,4908,0.4976992649328906,0
2019-06-06,2019-06-05,GJR-GARCH-Normal,4908,0.6424816873725627,0
2019-06-06,2019-06-05,EGARCH-Normal,4908,0.6340168008270443,0
2019-06-07,2019-06-06,GARCH-Normal,4909,0.4833036089165294,0
2019-06-07,2019-06-06,GJR-GARCH-Normal,4909,0.5959159137540174,0
2019-06-07,2019-06-06,EGARCH-Normal,4909,0.5795618956107705,0
2019-06-10,2019-06-07,GARCH-Normal,4910,0.5406987406762217,0
2019-06-10,2019-06-07,GJR-GARCH-Normal,4910,0.5542539120792749,0
2019-06-10,2019-06-07,EGARCH-Normal,4910,0.5300648143868181,0
2019-06-11,2019-06-10,GARCH-Normal,4911,0.5261826141207141,0
2019-06-11,2019-06-10,GJR-GARCH-Normal,4911,0.5167295829041149,0
2019-06-11,2019-06-10,EGARCH-Normal,4911,0.4860539298751735,0
2019-06-12,2019-06-11,GARCH-Normal,4912,0.48778436914378176,0
2019-06-12,2019-06-11,GJR-GARCH-Normal,4912,0.4829667935488245,0
2019-06-12,2019-06-11,EGARCH-Normal,4912,0.4467798356179687,0
2019-06-13,2019-06-12,GARCH-Normal,4913,0.46792084154426944,0
2019-06-13,2019-06-12,GJR-GARCH-Normal,4913,0.4812657531313918,0
2019-06-13,2019-06-12,EGARCH-Normal,4913,0.4778353889808,0
2019-06-14,2019-06-13,GARCH-Normal,4914,0.42826341592011347,0
2019-06-14,2019-06-13,GJR-GARCH-Normal,4914,0.45107368826697275,0
2019-06-14,2019-06-13,EGARCH-Normal,4914,0.43980329435785614,0
2019-06-17,2019-06-14,GARCH-Normal,4915,0.406192018941384,0
2019-06-17,2019-06-14,GJR-GARCH-Normal,4915,0.4395385937912341,0
2019-06-17,2019-06-14,EGARCH-Normal,4915,0.45259856278633626,0
2019-06-18,2019-06-17,GARCH-Normal,4916,0.3755675611364457,0
2019-06-18,2019-06-17,GJR-GARCH-Normal,4916,0.4135736946468578,0
2019-06-18,2019-06-17,EGARCH-Normal,4916,0.416683065842452,0
2019-06-19,2019-06-18,GARCH-Normal,4917,0.48479955026285443,0
2019-06-19,2019-06-18,GJR-GARCH-Normal,4917,0.3908631184134859,0
2019-06-19,2019-06-18,EGARCH-Normal,4917,0.38323904217103005,0
2019-06-20,2019-06-19,GARCH-Normal,4918,0.47788198946809185,0
2019-06-20,2019-06-19,GJR-GARCH-Normal,4918,0.4164853943537847,0
2019-06-20,2019-06-19,EGARCH-Normal,4918,0.43495883804874563,0
2019-06-21,2019-06-20,GARCH-Normal,4919,0.44368706774126354,0
2019-06-21,2019-06-20,GJR-GARCH-Normal,4919,0.3929413606696936,0
2019-06-21,2019-06-20,EGARCH-Normal,4919,0.40063459848571215,0
2019-06-24,2019-06-21,GARCH-Normal,4920,0.4143989313377437,0
2019-06-24,2019-06-21,GJR-GARCH-Normal,4920,0.38010215123402274,0
2019-06-24,2019-06-21,EGARCH-Normal,4920,0.40234141986705446,0
2019-06-25,2019-06-24,GARCH-Normal,4921,0.38209276896513494,0
2019-06-25,2019-06-24,GJR-GARCH-Normal,4921,0.36019503141605763,0
2019-06-25,2019-06-24,EGARCH-Normal,4921,0.37127484188094734,0
2019-06-26,2019-06-25,GARCH-Normal,4922,0.3529725750597738,0
2019-06-26,2019-06-25,GJR-GARCH-Normal,4922,0.3422781930040401,0
2019-06-26,2019-06-25,EGARCH-Normal,4922,0.34307233865074743,0
2019-06-27,2019-06-26,GARCH-Normal,4923,0.32855710028843393,0
2019-06-27,2019-06-26,GJR-GARCH-Normal,4923,0.32713589127143355,0
2019-06-27,2019-06-26,EGARCH-Normal,4923,0.32711458675519073,0
2019-06-28,2019-06-27,GARCH-Normal,4924,0.31109220055962145,0
2019-06-28,2019-06-27,GJR-GARCH-Normal,4924,0.31833749749346335,0
2019-06-28,2019-06-27,EGARCH-Normal,4924,0.3272094287981464,0
2019-07-01,2019-06-28,GARCH-Normal,4925,0.29882182365802523,0
2019-07-01,2019-06-28,GJR-GARCH-Normal,4925,0.3046725815610431,0
2019-07-01,2019-06-28,EGARCH-Normal,4925,0.30268280076221754,0
2019-07-02,2019-07-01,GARCH-Normal,4926,0.37400700548040344,0
2019-07-02,2019-07-01,GJR-GARCH-Normal,4926,0.29310582246620437,0
2019-07-02,2019-07-01,EGARCH-Normal,4926,0.2804857287619707,0
2019-07-03,2019-07-02,GARCH-Normal,4927,0.4127862195950165,0
2019-07-03,2019-07-02,GJR-GARCH-Normal,4927,0.28258175162245314,0
2019-07-03,2019-07-02,EGARCH-Normal,4927,0.26009374516033257,0
2019-07-04,2019-07-03,GARCH-Normal,4928,0.4223263373834575,0
2019-07-04,2019-07-03,GJR-GARCH-Normal,4928,0.2729624646661758,0
2019-07-04,2019-07-03,EGARCH-Normal,4928,0.24152008714355186,0
2019-07-05,2019-07-04,GARCH-Normal,4929,0.38934416469283933,0
2019-07-05,2019-07-04,GJR-GARCH-Normal,4929,0.2647348232161812,0
2019-07-05,2019-07-04,EGARCH-Normal,4929,0.23253725962404084,0
2019-07-08,2019-07-05,GARCH-Normal,4930,0.41264593978758757,0
2019-07-08,2019-07-05,GJR-GARCH-Normal,4930,0.3303348077656021,0
2019-07-08,2019-07-05,EGARCH-Normal,4930,0.30226608544718175,0
2019-07-09,2019-07-08,GARCH-Normal,4931,0.38033903065608154,0
2019-07-09,2019-07-08,GJR-GARCH-Normal,4931,0.3158232446340549,0
2019-07-09,2019-07-08,EGARCH-Normal,4931,0.2857685749365472,0
2019-07-10,2019-07-09,GARCH-Normal,4932,0.35571043908291405,0
2019-07-10,2019-07-09,GJR-GARCH-Normal,4932,0.30703025163075603,0
2019-07-10,2019-07-09,EGARCH-Normal,4932,0.2856237179679967,0
2019-07-11,2019-07-10,GARCH-Normal,4933,0.33086117990271957,0
2019-07-11,2019-07-10,GJR-GARCH-Normal,4933,0.2953857042127477,0
2019-07-11,2019-07-10,EGARCH-Normal,4933,0.27368035248570366,0
2019-07-12,2019-07-11,GARCH-Normal,4934,0.3182553669445387,0
2019-07-12,2019-07-11,GJR-GARCH-Normal,4934,0.2966029962722427,0
2019-07-12,2019-07-11,EGARCH-Normal,4934,0.28824161352665584,0
2019-07-15,2019-07-12,GARCH-Normal,4935,0.2972966752778875,0
2019-07-15,2019-07-12,GJR-GARCH-Normal,4935,0.2854333117761264,0
2019-07-15,2019-07-12,EGARCH-Normal,4935,0.2727228325291014,0
2019-07-16,2019-07-15,GARCH-Normal,4936,0.2883823098601351,0
2019-07-16,2019-07-15,GJR-GARCH-Normal,4936,0.2751047966162728,0
2019-07-16,2019-07-15,EGARCH-Normal,4936,0.2531544901075428,0
2019-07-17,2019-07-16,GARCH-Normal,4937,0.30544876174035107,0
2019-07-17,2019-07-16,GJR-GARCH-Normal,4937,0.2660551113041975,0
2019-07-17,2019-07-16,EGARCH-Normal,4937,0.2353056951396919,0
2019-07-18,2019-07-17,GARCH-Normal,4938,0.3227626310417981,0
2019-07-18,2019-07-17,GJR-GARCH-Normal,4938,0.3080559198630951,0
2019-07-18,2019-07-17,EGARCH-Normal,4938,0.28800240628101026,0
2019-07-19,2019-07-18,GARCH-Normal,4939,0.3394913103258586,0
2019-07-19,2019-07-18,GJR-GARCH-Normal,4939,0.34797629028020083,0
2019-07-19,2019-07-18,EGARCH-Normal,4939,0.34399103063879616,0
2019-07-22,2019-07-19,GARCH-Normal,4940,0.3184217901541616,0
2019-07-22,2019-07-19,GJR-GARCH-Normal,4940,0.3311725497997366,0
2019-07-22,2019-07-19,EGARCH-Normal,4940,0.31812304530522595,0
2019-07-23,2019-07-22,GARCH-Normal,4941,0.29682651413091676,0
2019-07-23,2019-07-22,GJR-GARCH-Normal,4941,0.31604812175351255,0
2019-07-23,2019-07-22,EGARCH-Normal,4941,0.2947098716911336,0
2019-07-24,2019-07-23,GARCH-Normal,4942,0.30746968947908865,0
2019-07-24,2019-07-23,GJR-GARCH-Normal,4942,0.3027086738592077,0
2019-07-24,2019-07-23,EGARCH-Normal,4942,0.27311709622154684,0
2019-07-25,2019-07-24,GARCH-Normal,4943,0.3516533722337615,0
2019-07-25,2019-07-24,GJR-GARCH-Normal,4943,0.3802506639753692,0
2019-07-25,2019-07-24,EGARCH-Normal,4943,0.35616059102919273,0
2019-07-26,2019-07-25,GARCH-Normal,4944,0.33007177093240836,0
2019-07-26,2019-07-25,GJR-GARCH-Normal,4944,0.36443499790758793,0
2019-07-26,2019-07-25,EGARCH-Normal,4944,0.3510335861899131,0
2019-07-29,2019-07-26,GARCH-Normal,4945,0.3705127301097111,0
2019-07-29,2019-07-26,GJR-GARCH-Normal,4945,0.3463949277803364,0
2019-07-29,2019-07-26,EGARCH-Normal,4945,0.3242516543037017,0
2019-07-30,2019-07-29,GARCH-Normal,4946,0.6864973140251518,0
2019-07-30,2019-07-29,GJR-GARCH-Normal,4946,0.332186360012691,0
2019-07-30,2019-07-29,EGARCH-Normal,4946,0.30043050079427247,0
2019-07-31,2019-07-30,GARCH-Normal,4947,0.6528697915907002,0
2019-07-31,2019-07-30,GJR-GARCH-Normal,4947,0.3618681901125897,0
2019-07-31,2019-07-30,EGARCH-Normal,4947,0.34986088434088247,0
2019-08-01,2019-07-31,GARCH-Normal,4948,0.6641302924753802,0
2019-08-01,2019-07-31,GJR-GARCH-Normal,4948,0.4472262830048656,0
2019-08-01,2019-07-31,EGARCH-Normal,4948,0.44660520896460393,0
2019-08-02,2019-08-01,GARCH-Normal,4949,0.6002330811258985,0
2019-08-02,2019-08-01,GJR-GARCH-Normal,4949,0.4202741556559407,0
2019-08-02,2019-08-01,EGARCH-Normal,4949,0.41370602588855393,0
2019-08-05,2019-08-02,GARCH-Normal,4950,1.1842871944185636,0
2019-08-05,2019-08-02,GJR-GARCH-Normal,4950,1.351458387345013,0
2019-08-05,2019-08-02,EGARCH-Normal,4950,0.9471819012502022,0
2019-08-06,2019-08-05,GARCH-Normal,4951,1.781129866894373,0
2019-08-06,2019-08-05,GJR-GARCH-Normal,4951,2.311455829996144,0
2019-08-06,2019-08-05,EGARCH-Normal,4951,1.6399939832669912,0
2019-08-07,2019-08-06,GARCH-Normal,4952,1.6383854980683141,0
2019-08-07,2019-08-06,GJR-GARCH-Normal,4952,2.173499555822705,0
2019-08-07,2019-08-06,EGARCH-Normal,4952,1.6860126056120561,0
2019-08-08,2019-08-07,GARCH-Normal,4953,1.4630191550445675,0
2019-08-08,2019-08-07,GJR-GARCH-Normal,4953,1.9618402049321986,0
2019-08-08,2019-08-07,EGARCH-Normal,4953,1.5072308709953284,0
2019-08-09,2019-08-08,GARCH-Normal,4954,1.4507036721975406,0
2019-08-09,2019-08-08,GJR-GARCH-Normal,4954,1.7754832665233173,0
2019-08-09,2019-08-08,EGARCH-Normal,4954,1.3536393462500644,0
2019-08-12,2019-08-09,GARCH-Normal,4955,1.3120847310729427,0
2019-08-12,2019-08-09,GJR-GARCH-Normal,4955,1.6403348959754644,0
2019-08-12,2019-08-09,EGARCH-Normal,4955,1.3339027795279357,0
2019-08-13,2019-08-12,GARCH-Normal,4956,1.1849123019126766,0
2019-08-13,2019-08-12,GJR-GARCH-Normal,4956,1.5110756909959981,0
2019-08-13,2019-08-12,EGARCH-Normal,4956,1.2980348120242875,0
2019-08-14,2019-08-13,GARCH-Normal,4957,1.0653485037216437,0
2019-08-14,2019-08-13,GJR-GARCH-Normal,4957,1.3723638499577115,0
2019-08-14,2019-08-13,EGARCH-Normal,4957,1.1685118115010587,0
2019-08-15,2019-08-14,GARCH-Normal,4958,1.188249641373525,0
2019-08-15,2019-08-14,GJR-GARCH-Normal,4958,1.5948809129999855,0
2019-08-15,2019-08-14,EGARCH-Normal,4958,1.4613686465686475,0
2019-08-16,2019-08-15,GARCH-Normal,4959,1.2104154778991119,0
2019-08-16,2019-08-15,GJR-GARCH-Normal,4959,1.666423906639815,0
2019-08-16,2019-08-15,EGARCH-Normal,4959,1.6550528382491816,0
2019-08-19,2019-08-16,GARCH-Normal,4960,1.1281193601052224,0
2019-08-19,2019-08-16,GJR-GARCH-Normal,4960,1.5117109788469734,0
2019-08-19,2019-08-16,EGARCH-Normal,4960,1.483225535025836,0
2019-08-20,2019-08-19,GARCH-Normal,4961,1.11211484701307,0
2019-08-20,2019-08-19,GJR-GARCH-Normal,4961,1.373682079212867,0
2019-08-20,2019-08-19,EGARCH-Normal,4961,1.3327109540865272,0
2019-08-21,2019-08-20,GARCH-Normal,4962,1.0890287024074492,0
2019-08-21,2019-08-20,GJR-GARCH-Normal,4962,1.3873339355588012,0
2019-08-21,2019-08-20,EGARCH-Normal,4962,1.453475698584042,0
2019-08-22,2019-08-21,GARCH-Normal,4963,1.098102052874749,0
2019-08-22,2019-08-21,GJR-GARCH-Normal,4963,1.2624833936205881,0
2019-08-22,2019-08-21,EGARCH-Normal,4963,1.3067161086814534,0
2019-08-23,2019-08-22,GARCH-Normal,4964,1.1113171612666621,0
2019-08-23,2019-08-22,GJR-GARCH-Normal,4964,1.3387802626314034,0
2019-08-23,2019-08-22,EGARCH-Normal,4964,1.4767581196248347,0
2019-08-27,2019-08-23,GARCH-Normal,4965,1.0187593092905423,0
2019-08-27,2019-08-23,GJR-GARCH-Normal,4965,1.2549622129975302,0
2019-08-27,2019-08-23,EGARCH-Normal,4965,1.4564729010243374,0
2019-08-28,2019-08-27,GARCH-Normal,4966,0.9113753226814357,0
2019-08-28,2019-08-27,GJR-GARCH-Normal,4966,1.1445438704724848,0
2019-08-28,2019-08-27,EGARCH-Normal,4966,1.3275023017680265,0
2019-08-29,2019-08-28,GARCH-Normal,4967,0.8272893197055398,0
2019-08-29,2019-08-28,GJR-GARCH-Normal,4967,1.0448432007938038,0
2019-08-29,2019-08-28,EGARCH-Normal,4967,1.1955730525949542,0
2019-08-30,2019-08-29,GARCH-Normal,4968,0.8401339428704275,0
2019-08-30,2019-08-29,GJR-GARCH-Normal,4968,0.9558049302392699,0
2019-08-30,2019-08-29,EGARCH-Normal,4968,1.0791962716629555,0
2019-09-02,2019-08-30,GARCH-Normal,4969,0.76247655229686,0
2019-09-02,2019-08-30,GJR-GARCH-Normal,4969,0.8757000190882916,0
2019-09-02,2019-08-30,EGARCH-Normal,4969,0.9759449877309986,0
2019-09-03,2019-09-02,GARCH-Normal,4970,0.7956846451640945,0
2019-09-03,2019-09-02,GJR-GARCH-Normal,4970,0.8044027372533292,0
2019-09-03,2019-09-02,EGARCH-Normal,4970,0.8845246336095284,0
2019-09-04,2019-09-03,GARCH-Normal,4971,0.7200474787862365,0
2019-09-04,2019-09-03,GJR-GARCH-Normal,4971,0.7456531099889837,0
2019-09-04,2019-09-03,EGARCH-Normal,4971,0.8417266571819882,0
2019-09-05,2019-09-04,GARCH-Normal,4972,0.6826689518225328,0
2019-09-05,2019-09-04,GJR-GARCH-Normal,4972,0.6874502711457907,0
2019-09-05,2019-09-04,EGARCH-Normal,4972,0.764865600798319,0
2019-09-06,2019-09-05,GARCH-Normal,4973,0.6533380356037398,0
2019-09-06,2019-09-05,GJR-GARCH-Normal,4973,0.6857936025614483,0
2019-09-06,2019-09-05,EGARCH-Normal,4973,0.8110343567295737,0
2019-09-09,2019-09-06,GARCH-Normal,4974,0.5912767957671521,0
2019-09-09,2019-09-06,GJR-GARCH-Normal,4974,0.633556082918361,0
2019-09-09,2019-09-06,EGARCH-Normal,4974,0.7372557252361306,0
2019-09-10,2019-09-09,GARCH-Normal,4975,0.5859664409959597,0
2019-09-10,2019-09-09,GJR-GARCH-Normal,4975,0.6558838617885154,0
2019-09-10,2019-09-09,EGARCH-Normal,4975,0.8051924560283579,0
2019-09-11,2019-09-10,GARCH-Normal,4976,0.5493948291117071,0
2019-09-11,2019-09-10,GJR-GARCH-Normal,4976,0.6069464344018713,0
2019-09-11,2019-09-10,EGARCH-Normal,4976,0.7320799752511957,0
2019-09-12,2019-09-11,GARCH-Normal,4977,0.5938166555115566,0
2019-09-12,2019-09-11,GJR-GARCH-Normal,4977,0.5636793142811901,0
2019-09-12,2019-09-11,EGARCH-Normal,4977,0.6673466341214663,0
2019-09-13,2019-09-12,GARCH-Normal,4978,0.5380045942512633,0
2019-09-13,2019-09-12,GJR-GARCH-Normal,4978,0.5241781189362026,0
2019-09-13,2019-09-12,EGARCH-Normal,4978,0.6087182196969163,0
2019-09-16,2019-09-13,GARCH-Normal,4979,0.4971354484953955,0
2019-09-16,2019-09-13,GJR-GARCH-Normal,4979,0.4888398797169953,0
2019-09-16,2019-09-13,EGARCH-Normal,4979,0.5562085407045952,0
2019-09-17,2019-09-16,GARCH-Normal,4980,0.5017683554572583,0
2019-09-17,2019-09-16,GJR-GARCH-Normal,4980,0.5238191547832725,0
2019-09-17,2019-09-16,EGARCH-Normal,4980,0.6252217618871772,0
2019-09-18,2019-09-17,GARCH-Normal,4981,0.4572047128287232,0
2019-09-18,2019-09-17,GJR-GARCH-Normal,4981,0.48858639504981344,0
2019-09-18,2019-09-17,EGARCH-Normal,4981,0.5717597621338333,0
2019-09-19,2019-09-18,GARCH-Normal,4982,0.4194596646137036,0
2019-09-19,2019-09-18,GJR-GARCH-Normal,4982,0.45812863450067726,0
2019-09-19,2019-09-18,EGARCH-Normal,4982,0.5361414568469208,0
2019-09-20,2019-09-19,GARCH-Normal,4983,0.4177096592974008,0
2019-09-20,2019-09-19,GJR-GARCH-Normal,4983,0.42997409318608315,0
2019-09-20,2019-09-19,EGARCH-Normal,4983,0.4913146119469504,0
2019-09-23,2019-09-20,GARCH-Normal,4984,0.38730898054832347,0
2019-09-23,2019-09-20,GJR-GARCH-Normal,4984,0.40845998031728836,0
2019-09-23,2019-09-20,EGARCH-Normal,4984,0.4744654921180863,0
2019-09-24,2019-09-23,GARCH-Normal,4985,0.36604519379833206,0
2019-09-24,2019-09-23,GJR-GARCH-Normal,4985,0.39615715792835543,0
2019-09-24,2019-09-23,EGARCH-Normal,4985,0.4756366974518375,0
2019-09-25,2019-09-24,GARCH-Normal,4986,0.36705675270812294,0
2019-09-25,2019-09-24,GJR-GARCH-Normal,4986,0.4123873209558925,0
2019-09-25,2019-09-24,EGARCH-Normal,4986,0.5159217103364067,0
2019-09-26,2019-09-25,GARCH-Normal,4987,0.3391495846568792,0
2019-09-26,2019-09-25,GJR-GARCH-Normal,4987,0.3888345264035188,0
2019-09-26,2019-09-25,EGARCH-Normal,4987,0.47376630060914665,0
2019-09-27,2019-09-26,GARCH-Normal,4988,0.3865253209833838,0
2019-09-27,2019-09-26,GJR-GARCH-Normal,4988,0.3682448269347327,0
2019-09-27,2019-09-26,EGARCH-Normal,4988,0.43620095421949445,0
2019-09-30,2019-09-27,GARCH-Normal,4989,0.46394741835258757,0
2019-09-30,2019-09-27,GJR-GARCH-Normal,4989,0.35017471155605506,0
2019-09-30,2019-09-27,EGARCH-Normal,4989,0.40280120027187505,0
2019-10-01,2019-09-30,GARCH-Normal,4990,0.4323821136549689,0
2019-10-01,2019-09-30,GJR-GARCH-Normal,4990,0.34299615379621823,0
2019-10-01,2019-09-30,EGARCH-Normal,4990,0.4061811566941816,0
2019-10-02,2019-10-01,GARCH-Normal,4991,0.44834237774201013,0
2019-10-02,2019-10-01,GJR-GARCH-Normal,4991,0.3983001692248129,0
2019-10-02,2019-10-01,EGARCH-Normal,4991,0.47988883119199693,0
2019-10-03,2019-10-02,GARCH-Normal,4992,1.6478674832077935,0
2019-10-03,2019-10-02,GJR-GARCH-Normal,4992,2.2053184749379673,0
2019-10-03,2019-10-02,EGARCH-Normal,4992,1.4112744701681688,0
2019-10-04,2019-10-03,GARCH-Normal,4993,1.5054586238715042,0
2019-10-04,2019-10-03,GJR-GARCH-Normal,4993,2.057459458473556,0
2019-10-04,2019-10-03,EGARCH-Normal,4993,1.4444164415066754,0
2019-10-07,2019-10-04,GARCH-Normal,4994,1.4594311749802247,0
2019-10-07,2019-10-04,GJR-GARCH-Normal,4994,1.8610946202015894,0
2019-10-07,2019-10-04,EGARCH-Normal,4994,1.298659688546678,0
2019-10-08,2019-10-07,GARCH-Normal,4995,1.3278673066710889,0
2019-10-08,2019-10-07,GJR-GARCH-Normal,4995,1.6850314110367044,0
2019-10-08,2019-10-07,EGARCH-Normal,4995,1.170242252589815,0
2019-10-09,2019-10-08,GARCH-Normal,4996,1.2495507879818686,0
2019-10-09,2019-10-08,GJR-GARCH-Normal,4996,1.6254175441993381,0
2019-10-09,2019-10-08,EGARCH-Normal,4996,1.2545765998410363,0
2019-10-10,2019-10-09,GARCH-Normal,4997,1.1200987949964538,0
2019-10-10,2019-10-09,GJR-GARCH-Normal,4997,1.4751592670495528,0
2019-10-10,2019-10-09,EGARCH-Normal,4997,1.1321324685732748,0
2019-10-11,2019-10-10,GARCH-Normal,4998,1.0044432724795016,0
2019-10-11,2019-10-10,GJR-GARCH-Normal,4998,1.3411343203703137,0
2019-10-11,2019-10-10,EGARCH-Normal,4998,1.0240568021493974,0
2019-10-14,2019-10-11,GARCH-Normal,4999,0.9695304521688577,0
2019-10-14,2019-10-11,GJR-GARCH-Normal,4999,1.221661038735697,0
2019-10-14,2019-10-11,EGARCH-Normal,4999,0.9273751206834252,0
2019-10-15,2019-10-14,GARCH-Normal,5000,0.8939725681934827,0
2019-10-15,2019-10-14,GJR-GARCH-Normal,5000,1.1502078151590691,0
2019-10-15,2019-10-14,EGARCH-Normal,5000,0.9459326388662235,0
2019-10-16,2019-10-15,GARCH-Normal,5001,0.8007414097249623,0
2019-10-16,2019-10-15,GJR-GARCH-Normal,5001,1.0507361314577206,0
2019-10-16,2019-10-15,EGARCH-Normal,5001,0.863470667489331,0
2019-10-17,2019-10-16,GARCH-Normal,5002,0.7642915717111755,0
2019-10-17,2019-10-16,GJR-GARCH-Normal,5002,1.0224276312481742,0
2019-10-17,2019-10-16,EGARCH-Normal,5002,0.9190715420527363,0
2019-10-18,2019-10-17,GARCH-Normal,5003,0.6899386131414731,0
2019-10-18,2019-10-17,GJR-GARCH-Normal,5003,0.9362261394176458,0
2019-10-18,2019-10-17,EGARCH-Normal,5003,0.8351024539157139,0
2019-10-21,2019-10-18,GARCH-Normal,5004,0.6469376967633813,0
2019-10-21,2019-10-18,GJR-GARCH-Normal,5004,0.8911614450035664,0
2019-10-21,2019-10-18,EGARCH-Normal,5004,0.8535926125033858,0
2019-10-22,2019-10-21,GARCH-Normal,5005,0.5865169841387753,0
2019-10-22,2019-10-21,GJR-GARCH-Normal,5005,0.8185527925899836,0
2019-10-22,2019-10-21,EGARCH-Normal,5005,0.7766179903326504,0
2019-10-23,2019-10-22,GARCH-Normal,5006,0.578002931467416,0
2019-10-23,2019-10-22,GJR-GARCH-Normal,5006,0.7535976072279469,0
2019-10-23,2019-10-22,EGARCH-Normal,5006,0.7072696247521613,0
2019-10-24,2019-10-23,GARCH-Normal,5007,0.5684999020223733,0
2019-10-24,2019-10-23,GJR-GARCH-Normal,5007,0.6953651483842125,0
2019-10-24,2019-10-23,EGARCH-Normal,5007,0.6452725111454765,0
2019-10-25,2019-10-24,GARCH-Normal,5008,0.6046264618783929,0
2019-10-25,2019-10-24,GJR-GARCH-Normal,5008,0.643448810782417,0
2019-10-25,2019-10-24,EGARCH-Normal,5008,0.5895440544022837,0
2019-10-28,2019-10-25,GARCH-Normal,5009,0.5479271209184563,0
2019-10-28,2019-10-25,GJR-GARCH-Normal,5009,0.5967102204731821,0
2019-10-28,2019-10-25,EGARCH-Normal,5009,0.5480388958940495,0
2019-10-29,2019-10-28,GARCH-Normal,5010,0.497814095087556,0
2019-10-29,2019-10-28,GJR-GARCH-Normal,5010,0.5543536510791801,0
2019-10-29,2019-10-28,EGARCH-Normal,5010,0.5027839347066654,0
2019-10-30,2019-10-29,GARCH-Normal,5011,0.469350390655451,0
2019-10-30,2019-10-29,GJR-GARCH-Normal,5011,0.5356387366698367,0
2019-10-30,2019-10-29,EGARCH-Normal,5011,0.5181488093860117,0
2019-10-31,2019-10-30,GARCH-Normal,5012,0.438775405005519,0
2019-10-31,2019-10-30,GJR-GARCH-Normal,5012,0.4996817316609381,0
2019-10-31,2019-10-30,EGARCH-Normal,5012,0.47554461189251646,0
2019-11-01,2019-10-31,GARCH-Normal,5013,0.5539136575903043,0
2019-11-01,2019-10-31,GJR-GARCH-Normal,5013,0.6819348354117034,0
2019-11-01,2019-10-31,EGARCH-Normal,5013,0.6508145917851945,0
2019-11-04,2019-11-01,GARCH-Normal,5014,0.558920090755649,0
2019-11-04,2019-11-01,GJR-GARCH-Normal,5014,0.6311733246957507,0
2019-11-04,2019-11-01,EGARCH-Normal,5014,0.5946470997349753,0
2019-11-05,2019-11-04,GARCH-Normal,5015,0.5943575014211893,0
2019-11-05,2019-11-04,GJR-GARCH-Normal,5015,0.5857892331960182,0
2019-11-05,2019-11-04,EGARCH-Normal,5015,0.5441176973057996,0
2019-11-06,2019-11-05,GARCH-Normal,5016,0.5433862451822448,0
2019-11-06,2019-11-05,GJR-GARCH-Normal,5016,0.5449096776229967,0
2019-11-06,2019-11-05,EGARCH-Normal,5016,0.49922187006546437,0
2019-11-07,2019-11-06,GARCH-Normal,5017,0.49440261888569703,0
2019-11-07,2019-11-06,GJR-GARCH-Normal,5017,0.5082253232232712,0
2019-11-07,2019-11-06,EGARCH-Normal,5017,0.4588395266653643,0
2019-11-08,2019-11-07,GARCH-Normal,5018,0.4518232340769849,0
2019-11-08,2019-11-07,GJR-GARCH-Normal,5018,0.4753132334087566,0
2019-11-08,2019-11-07,EGARCH-Normal,5018,0.4222965461550384,0
2019-11-11,2019-11-08,GARCH-Normal,5019,0.46377548672816754,0
2019-11-11,2019-11-08,GJR-GARCH-Normal,5019,0.5134528425458322,0
2019-11-11,2019-11-08,EGARCH-Normal,5019,0.4929973016221918,0
2019-11-12,2019-11-11,GARCH-Normal,5020,0.4470519478113679,0
2019-11-12,2019-11-11,GJR-GARCH-Normal,5020,0.509370066711908,0
2019-11-12,2019-11-11,EGARCH-Normal,5020,0.5231088972570992,0
2019-11-13,2019-11-12,GARCH-Normal,5021,0.4339037281658621,0
2019-11-13,2019-11-12,GJR-GARCH-Normal,5021,0.4764793249541411,0
2019-11-13,2019-11-12,EGARCH-Normal,5021,0.48000452262344523,0
2019-11-14,2019-11-13,GARCH-Normal,5022,0.4035767916408335,0
2019-11-14,2019-11-13,GJR-GARCH-Normal,5022,0.4529496934096749,0
2019-11-14,2019-11-13,EGARCH-Normal,5022,0.47123958431774293,0
2019-11-15,2019-11-14,GARCH-Normal,5023,0.4485590589204397,0
2019-11-15,2019-11-14,GJR-GARCH-Normal,5023,0.5322006864745833,0
2019-11-15,2019-11-14,EGARCH-Normal,5023,0.5739967879581643,0
2019-11-18,2019-11-15,GARCH-Normal,5024,0.41191663067954554,0
2019-11-18,2019-11-15,GJR-GARCH-Normal,5024,0.4968664699541211,0
2019-11-18,2019-11-15,EGARCH-Normal,5024,0.525997151470179,0
2019-11-19,2019-11-18,GARCH-Normal,5025,0.378720149564835,0
2019-11-19,2019-11-18,GJR-GARCH-Normal,5025,0.4652086618744882,0
2019-11-19,2019-11-18,EGARCH-Normal,5025,0.482770486408232,0
2019-11-20,2019-11-19,GARCH-Normal,5026,0.35342841002017583,0
2019-11-20,2019-11-19,GJR-GARCH-Normal,5026,0.4368502721760769,0
2019-11-20,2019-11-19,EGARCH-Normal,5026,0.44363411451061313,0
2019-11-21,2019-11-20,GARCH-Normal,5027,0.41290925569328607,0
2019-11-21,2019-11-20,GJR-GARCH-Normal,5027,0.5295606305753616,0
2019-11-21,2019-11-20,EGARCH-Normal,5027,0.5544123248013052,0
2019-11-22,2019-11-21,GARCH-Normal,5028,0.3941392428065997,0
2019-11-22,2019-11-21,GJR-GARCH-Normal,5028,0.5123238492139462,0
2019-11-22,2019-11-21,EGARCH-Normal,5028,0.5648210569299331,0
2019-11-25,2019-11-22,GARCH-Normal,5029,0.5182667935137527,0
2019-11-25,2019-11-22,GJR-GARCH-Normal,5029,0.47942490558482204,0
2019-11-25,2019-11-22,EGARCH-Normal,5029,0.517646048407788,0
2019-11-26,2019-11-25,GARCH-Normal,5030,0.5642811037235029,0
2019-11-26,2019-11-25,GJR-GARCH-Normal,5030,0.4498398915911353,0
2019-11-26,2019-11-25,EGARCH-Normal,5030,0.47496403514380975,0
2019-11-27,2019-11-26,GARCH-Normal,5031,0.512087613358239,0
2019-11-27,2019-11-26,GJR-GARCH-Normal,5031,0.4230972550035459,0
2019-11-27,2019-11-26,EGARCH-Normal,5031,0.4368700911041094,0
2019-11-28,2019-11-27,GARCH-Normal,5032,0.47807447276866266,0
2019-11-28,2019-11-27,GJR-GARCH-Normal,5032,0.3991684448298218,0
2019-11-28,2019-11-27,EGARCH-Normal,5032,0.4022793663656198,0
2019-11-29,2019-11-28,GARCH-Normal,5033,0.44163356480343385,0
2019-11-29,2019-11-28,GJR-GARCH-Normal,5033,0.3829575590239893,0
2019-11-29,2019-11-28,EGARCH-Normal,5033,0.39673905753721206,0
2019-12-02,2019-11-29,GARCH-Normal,5034,0.5118887446655291,0
2019-12-02,2019-11-29,GJR-GARCH-Normal,5034,0.5134536226932359,0
2019-12-02,2019-11-29,EGARCH-Normal,5034,0.5269171729723112,0
2019-12-03,2019-12-02,GARCH-Normal,5035,0.5488251679944149,0
2019-12-03,2019-12-02,GJR-GARCH-Normal,5035,0.5947258229077488,0
2019-12-03,2019-12-02,EGARCH-Normal,5035,0.6372515525569059,0
2019-12-04,2019-12-03,GARCH-Normal,5036,0.8585715614589255,0
2019-12-04,2019-12-03,GJR-GARCH-Normal,5036,1.07600466239082,0
2019-12-04,2019-12-03,EGARCH-Normal,5036,0.9969045027360062,0
2019-12-05,2019-12-04,GARCH-Normal,5037,0.7845113173596676,0
2019-12-05,2019-12-04,GJR-GARCH-Normal,5037,0.9823504457233976,0
2019-12-05,2019-12-04,EGARCH-Normal,5037,0.9032169173734084,0
2019-12-06,2019-12-05,GARCH-Normal,5038,0.7650651497599988,0
2019-12-06,2019-12-05,GJR-GARCH-Normal,5038,0.9825493212269594,0
2019-12-06,2019-12-05,EGARCH-Normal,5038,0.9816956837214378,0
2019-12-09,2019-12-06,GARCH-Normal,5039,0.9018560665694814,0
2019-12-09,2019-12-06,GJR-GARCH-Normal,5039,0.9007363586990382,0
2019-12-09,2019-12-06,EGARCH-Normal,5039,0.8897680067640142,0
2019-12-10,2019-12-09,GARCH-Normal,5040,0.8076216369377307,0
2019-12-10,2019-12-09,GJR-GARCH-Normal,5040,0.8271543076075397,0
2019-12-10,2019-12-09,EGARCH-Normal,5040,0.8238797470296582,0
2019-12-11,2019-12-10,GARCH-Normal,5041,0.7350797932859086,0
2019-12-11,2019-12-10,GJR-GARCH-Normal,5041,0.7732695617450585,0
2019-12-11,2019-12-10,EGARCH-Normal,5041,0.8064581111752789,0
2019-12-12,2019-12-11,GARCH-Normal,5042,0.6610813219823374,0
2019-12-12,2019-12-11,GJR-GARCH-Normal,5042,0.7124929486878896,0
2019-12-12,2019-12-11,EGARCH-Normal,5042,0.7344668066890108,0
2019-12-13,2019-12-12,GARCH-Normal,5043,0.6603205024958656,0
2019-12-13,2019-12-12,GJR-GARCH-Normal,5043,0.6583305408499537,0
2019-12-13,2019-12-12,EGARCH-Normal,5043,0.6694705817941532,0
2019-12-16,2019-12-13,GARCH-Normal,5044,0.7209617679504438,0
2019-12-16,2019-12-13,GJR-GARCH-Normal,5044,0.6099642718135553,0
2019-12-16,2019-12-13,EGARCH-Normal,5044,0.6110734708230865,0
2019-12-17,2019-12-16,GARCH-Normal,5045,1.1886878689205387,0
2019-12-17,2019-12-16,GJR-GARCH-Normal,5045,0.567413234942088,0
2019-12-17,2019-12-16,EGARCH-Normal,5045,0.5585801437595637,0
2019-12-18,2019-12-17,GARCH-Normal,5046,1.0564804498245792,0
2019-12-18,2019-12-17,GJR-GARCH-Normal,5046,0.528383589364317,0
2019-12-18,2019-12-17,EGARCH-Normal,5046,0.5120080179985524,0
2019-12-19,2019-12-18,GARCH-Normal,5047,0.9447238349042099,0
2019-12-19,2019-12-18,GJR-GARCH-Normal,5047,0.4934193786095394,0
2019-12-19,2019-12-18,EGARCH-Normal,5047,0.47011251455460873,0
2019-12-20,2019-12-19,GARCH-Normal,5048,0.8622648419444643,0
2019-12-20,2019-12-19,GJR-GARCH-Normal,5048,0.462129774720739,0
2019-12-20,2019-12-19,EGARCH-Normal,5048,0.43216825213982824,0
2019-12-23,2019-12-20,GARCH-Normal,5049,0.7730040118151166,0
2019-12-23,2019-12-20,GJR-GARCH-Normal,5049,0.4340183025082797,0
2019-12-23,2019-12-20,EGARCH-Normal,5049,0.398155671232466,0
2019-12-24,2019-12-23,GARCH-Normal,5050,0.7229143201270058,0
2019-12-24,2019-12-23,GJR-GARCH-Normal,5050,0.40894587815801847,0
2019-12-24,2019-12-23,EGARCH-Normal,5050,0.36705936211766416,0
2019-12-27,2019-12-24,GARCH-Normal,5051,0.6512435227954972,0
2019-12-27,2019-12-24,GJR-GARCH-Normal,5051,0.3863285465866128,0
2019-12-27,2019-12-24,EGARCH-Normal,5051,0.33915857782851005,0
2019-12-30,2019-12-27,GARCH-Normal,5052,0.5897989555855502,0
2019-12-30,2019-12-27,GJR-GARCH-Normal,5052,0.366045861782653,0
2019-12-30,2019-12-27,EGARCH-Normal,5052,0.31376771156278854,0
2019-12-31,2019-12-30,GARCH-Normal,5053,0.6044075793651649,0
2019-12-31,2019-12-30,GJR-GARCH-Normal,5053,0.44496927606275366,0
2019-12-31,2019-12-30,EGARCH-Normal,5053,0.40395037225924113,0
2020-01-02,2019-12-31,GARCH-Normal,5054,0.590521654298014,0
2020-01-02,2019-12-31,GJR-GARCH-Normal,5054,0.4771691445620065,0
2020-01-02,2019-12-31,EGARCH-Normal,5054,0.46649106651587063,0
2020-01-03,2020-01-02,GARCH-Normal,5055,0.6032640701807694,0
2020-01-03,2020-01-02,GJR-GARCH-Normal,5055,0.4476541523710429,0
2020-01-03,2020-01-02,EGARCH-Normal,5055,0.4285306157505035,0
2020-01-06,2020-01-03,GARCH-Normal,5056,0.5505732185327218,0
2020-01-06,2020-01-03,GJR-GARCH-Normal,5056,0.4210709198551288,0
2020-01-06,2020-01-03,EGARCH-Normal,5056,0.3947776656348064,0
2020-01-07,2020-01-06,GARCH-Normal,5057,0.5476224196486866,0
2020-01-07,2020-01-06,GJR-GARCH-Normal,5057,0.4616981929284452,0
2020-01-07,2020-01-06,EGARCH-Normal,5057,0.46244516065272323,0
2020-01-08,2020-01-07,GARCH-Normal,5058,0.4975900700630976,0
2020-01-08,2020-01-07,GJR-GARCH-Normal,5058,0.43365148069962145,0
2020-01-08,2020-01-07,EGARCH-Normal,5058,0.4275978478966851,0
2020-01-09,2020-01-08,GARCH-Normal,5059,0.45351907861497476,0
2020-01-09,2020-01-08,GJR-GARCH-Normal,5059,0.40850337916047547,0
2020-01-09,2020-01-08,EGARCH-Normal,5059,0.39430350181990004,0
2020-01-10,2020-01-09,GARCH-Normal,5060,0.4231415565716711,0
2020-01-10,2020-01-09,GJR-GARCH-Normal,5060,0.3860062428764453,0
2020-01-10,2020-01-09,EGARCH-Normal,5060,0.3637611235195859,0
2020-01-13,2020-01-10,GARCH-Normal,5061,0.39143438765271443,0
2020-01-13,2020-01-10,GJR-GARCH-Normal,5061,0.3687289260304202,0
2020-01-13,2020-01-10,EGARCH-Normal,5061,0.35422734989354254,0
2020-01-14,2020-01-13,GARCH-Normal,5062,0.37478307956971385,0
2020-01-14,2020-01-13,GJR-GARCH-Normal,5062,0.3503864869353099,0
2020-01-14,2020-01-13,EGARCH-Normal,5062,0.32731594315464,0
2020-01-15,2020-01-14,GARCH-Normal,5063,0.3459538098122235,0
2020-01-15,2020-01-14,GJR-GARCH-Normal,5063,0.3338666930384671,0
2020-01-15,2020-01-14,EGARCH-Normal,5063,0.3031633458226225,0
2020-01-16,2020-01-15,GARCH-Normal,5064,0.32674199298784445,0
2020-01-16,2020-01-15,GJR-GARCH-Normal,5064,0.31907644026178494,0
2020-01-16,2020-01-15,EGARCH-Normal,5064,0.2809480337658794,0
2020-01-17,2020-01-16,GARCH-Normal,5065,0.3285767066260609,0
2020-01-17,2020-01-16,GJR-GARCH-Normal,5065,0.33719736397368094,0
2020-01-17,2020-01-16,EGARCH-Normal,5065,0.31761746507585403,0
2020-01-20,2020-01-17,GARCH-Normal,5066,0.38037595798738705,0
2020-01-20,2020-01-17,GJR-GARCH-Normal,5066,0.3224310793532289,0
2020-01-20,2020-01-17,EGARCH-Normal,5066,0.2938358028906224,0
2020-01-21,2020-01-20,GARCH-Normal,5067,0.3636846832194532,0
2020-01-21,2020-01-20,GJR-GARCH-Normal,5067,0.32409724742618806,0
2020-01-21,2020-01-20,EGARCH-Normal,5067,0.3116984379560598,0
2020-01-22,2020-01-21,GARCH-Normal,5068,0.3725929801103503,0
2020-01-22,2020-01-21,GJR-GARCH-Normal,5068,0.35810693752859957,0
2020-01-22,2020-01-21,EGARCH-Normal,5068,0.36389595844894357,0
2020-01-23,2020-01-22,GARCH-Normal,5069,0.37752629709399455,0
2020-01-23,2020-01-22,GJR-GARCH-Normal,5069,0.3845609369380519,0
2020-01-23,2020-01-22,EGARCH-Normal,5069,0.41261348816503257,0
2020-01-24,2020-01-23,GARCH-Normal,5070,0.4365772891670796,0
2020-01-24,2020-01-23,GJR-GARCH-Normal,5070,0.4866488423032237,0
2020-01-24,2020-01-23,EGARCH-Normal,5070,0.5246792384362476,0
2020-01-27,2020-01-24,GARCH-Normal,5071,0.5134791574764968,0
2020-01-27,2020-01-24,GJR-GARCH-Normal,5071,0.45633872246063906,0
2020-01-27,2020-01-24,EGARCH-Normal,5071,0.48075684716129086,0
2020-01-28,2020-01-27,GARCH-Normal,5072,1.097539441732953,0
2020-01-28,2020-01-27,GJR-GARCH-Normal,5072,1.3510979817687612,0
2020-01-28,2020-01-27,EGARCH-Normal,5072,1.0052671767672694,0
2020-01-29,2020-01-28,GARCH-Normal,5073,1.0648098808511857,0
2020-01-29,2020-01-28,GJR-GARCH-Normal,5073,1.2271714373897156,0
2020-01-29,2020-01-28,EGARCH-Normal,5073,0.9096802807850376,0
2020-01-30,2020-01-29,GARCH-Normal,5074,0.9462685238833712,0
2020-01-30,2020-01-29,GJR-GARCH-Normal,5074,1.1158244538114779,0
2020-01-30,2020-01-29,EGARCH-Normal,5074,0.8250692984391341,0
2020-01-31,2020-01-30,GARCH-Normal,5075,1.0672239562109178,0
2020-01-31,2020-01-30,GJR-GARCH-Normal,5075,1.3371188412592085,0
2020-01-31,2020-01-30,EGARCH-Normal,5075,1.0854254036304531,0
2020-02-03,2020-01-31,GARCH-Normal,5076,1.1545280134680702,0
2020-02-03,2020-01-31,GJR-GARCH-Normal,5076,1.5080956827094683,0
2020-02-03,2020-01-31,EGARCH-Normal,5076,1.3362203076402714,0
2020-02-04,2020-02-03,GARCH-Normal,5077,1.055316788362248,0
2020-02-04,2020-02-03,GJR-GARCH-Normal,5077,1.3671561236147172,0
2020-02-04,2020-02-03,EGARCH-Normal,5077,1.2022413628732502,0
2020-02-05,2020-02-04,GARCH-Normal,5078,1.1966268309550268,0
2020-02-05,2020-02-04,GJR-GARCH-Normal,5078,1.24353205468173,0
2020-02-05,2020-02-04,EGARCH-Normal,5078,1.0847434454697114,0
2020-02-06,2020-02-05,GARCH-Normal,5079,1.0945510928958537,0
2020-02-06,2020-02-05,GJR-GARCH-Normal,5079,1.131633196655535,0
2020-02-06,2020-02-05,EGARCH-Normal,5079,0.9801950679372755,0
2020-02-07,2020-02-06,GARCH-Normal,5080,0.9808809663219101,0
2020-02-07,2020-02-06,GJR-GARCH-Normal,5080,1.0318448623777958,0
2020-02-07,2020-02-06,EGARCH-Normal,5080,0.8879378633347526,0
2020-02-10,2020-02-07,GARCH-Normal,5081,0.9075775618124606,0
2020-02-10,2020-02-07,GJR-GARCH-Normal,5081,0.9865490651614724,0
2020-02-10,2020-02-07,EGARCH-Normal,5081,0.9191913999080811,0
2020-02-11,2020-02-10,GARCH-Normal,5082,0.8205480433228888,0
2020-02-11,2020-02-10,GJR-GARCH-Normal,5082,0.9141965488276251,0
2020-02-11,2020-02-10,EGARCH-Normal,5082,0.8915549658566254,0
2020-02-12,2020-02-11,GARCH-Normal,5083,0.7852682935149373,0
2020-02-12,2020-02-11,GJR-GARCH-Normal,5083,0.8379935620674962,0
2020-02-12,2020-02-11,EGARCH-Normal,5083,0.8090615468383442,0
2020-02-13,2020-02-12,GARCH-Normal,5084,0.7249478643637707,0
2020-02-13,2020-02-12,GJR-GARCH-Normal,5084,0.7698430441862505,0
2020-02-13,2020-02-12,EGARCH-Normal,5084,0.7359063988489185,0
2020-02-14,2020-02-13,GARCH-Normal,5085,0.7967611839659957,0
2020-02-14,2020-02-13,GJR-GARCH-Normal,5085,0.9140406029628181,0
2020-02-14,2020-02-13,EGARCH-Normal,5085,0.9170292081690989,0
2020-02-17,2020-02-14,GARCH-Normal,5086,0.7561128812706684,0
2020-02-17,2020-02-14,GJR-GARCH-Normal,5086,0.8939267045855834,0
2020-02-17,2020-02-14,EGARCH-Normal,5086,0.9635379688436456,0
2020-02-18,2020-02-17,GARCH-Normal,5087,0.6881543114439178,0
2020-02-18,2020-02-17,GJR-GARCH-Normal,5087,0.819836644063432,0
2020-02-18,2020-02-17,EGARCH-Normal,5087,0.8737540229977044,0
2020-02-19,2020-02-18,GARCH-Normal,5088,0.6788487167710483,0
2020-02-19,2020-02-18,GJR-GARCH-Normal,5088,0.8345379864326146,0
2020-02-19,2020-02-18,EGARCH-Normal,5088,0.9504462654272853,0
2020-02-20,2020-02-19,GARCH-Normal,5089,0.7193011435542676,0
2020-02-20,2020-02-19,GJR-GARCH-Normal,5089,0.76698827663061,0
2020-02-20,2020-02-19,EGARCH-Normal,5089,0.8611653017571783,0
2020-02-21,2020-02-20,GARCH-Normal,5090,0.6570700620637914,0
2020-02-21,2020-02-20,GJR-GARCH-Normal,5090,0.7188286796527954,0
2020-02-21,2020-02-20,EGARCH-Normal,5090,0.8402785885454092,0
2020-02-24,2020-02-21,GARCH-Normal,5091,0.6175413060771401,0
2020-02-24,2020-02-21,GJR-GARCH-Normal,5091,0.6958750752459226,0
2020-02-24,2020-02-21,EGARCH-Normal,5091,0.8583023855693432,0
2020-02-25,2020-02-24,GARCH-Normal,5092,1.8768067086193152,0
2020-02-25,2020-02-24,GJR-GARCH-Normal,5092,2.5989395685466485,0
2020-02-25,2020-02-24,EGARCH-Normal,5092,1.9156085164612024,0
2020-02-26,2020-02-25,GARCH-Normal,5093,2.1069588740987557,0
2020-02-26,2020-02-25,GJR-GARCH-Normal,5093,2.9985176138367424,0
2020-02-26,2020-02-25,EGARCH-Normal,5093,2.4285181214045437,0
2020-02-27,2020-02-26,GARCH-Normal,5094,1.8669675844883515,0
2020-02-27,2020-02-26,GJR-GARCH-Normal,5094,2.698177177958028,0
2020-02-27,2020-02-26,EGARCH-Normal,5094,2.1605822948537634,0
2020-02-28,2020-02-27,GARCH-Normal,5095,3.121945610871378,0
2020-02-28,2020-02-27,GJR-GARCH-Normal,5095,4.607535153719093,0
2020-02-28,2020-02-27,EGARCH-Normal,5095,3.516382397556469,0
2020-03-02,2020-02-28,GARCH-Normal,5096,3.9671311586447406,0
2020-03-02,2020-02-28,GJR-GARCH-Normal,5096,5.93398025627311,0
2020-03-02,2020-02-28,EGARCH-Normal,5096,4.770369445984422,0
2020-03-03,2020-03-02,GARCH-Normal,5097,3.605910563710773,0
2020-03-03,2020-03-02,GJR-GARCH-Normal,5097,5.315193620799743,0
2020-03-03,2020-03-02,EGARCH-Normal,5097,4.179998492194442,0
2020-03-04,2020-03-03,GARCH-Normal,5098,3.253093923400946,0
2020-03-04,2020-03-03,GJR-GARCH-Normal,5098,4.765560584692147,0
2020-03-04,2020-03-03,EGARCH-Normal,5098,3.674545430577511,0
2020-03-05,2020-03-04,GARCH-Normal,5099,3.0784281211649605,0
2020-03-05,2020-03-04,GJR-GARCH-Normal,5099,4.278245961682694,0
2020-03-05,2020-03-04,EGARCH-Normal,5099,3.238677938821811,0
2020-03-06,2020-03-05,GARCH-Normal,5100,3.016630636828876,0
2020-03-06,2020-03-05,GJR-GARCH-Normal,5100,4.296024356937196,0
2020-03-06,2020-03-05,EGARCH-Normal,5100,3.583229260163501,0
2020-03-09,2020-03-06,GARCH-Normal,5101,4.237444972798233,0
2020-03-09,2020-03-06,GJR-GARCH-Normal,5101,6.1944574548075595,0
2020-03-09,2020-03-06,EGARCH-Normal,5101,5.13509862896189,0
2020-03-10,2020-03-09,GARCH-Normal,5102,11.373752696845155,0
2020-03-10,2020-03-09,GJR-GARCH-Normal,5102,16.80313653529488,0
2020-03-10,2020-03-09,EGARCH-Normal,5102,11.028418254701936,0
2020-03-11,2020-03-10,GARCH-Normal,5103,9.870598863804053,0
2020-03-11,2020-03-10,GJR-GARCH-Normal,5103,14.980051016561186,0
2020-03-11,2020-03-10,EGARCH-Normal,5103,9.545375194424379,0
2020-03-12,2020-03-11,GARCH-Normal,5104,8.825465787109573,0
2020-03-12,2020-03-11,GJR-GARCH-Normal,5104,13.7156374250158,0
2020-03-12,2020-03-11,EGARCH-Normal,5104,9.242812686832341,0
2020-03-13,2020-03-12,GARCH-Normal,5105,23.939493164859268,0
2020-03-13,2020-03-12,GJR-GARCH-Normal,5105,35.93388513755514,0
2020-03-13,2020-03-12,EGARCH-Normal,5105,21.24351902372953,0
2020-03-16,2020-03-13,GARCH-Normal,5106,21.392395540372597,0
2020-03-16,2020-03-13,GJR-GARCH-Normal,5106,31.977966519766174,0
2020-03-16,2020-03-13,EGARCH-Normal,5106,17.985357024349288,0
2020-03-17,2020-03-16,GARCH-Normal,5107,20.582907011017504,0
2020-03-17,2020-03-16,GJR-GARCH-Normal,5107,31.44951093691155,0
2020-03-17,2020-03-16,EGARCH-Normal,5107,19.592227586883293,0
2020-03-18,2020-03-17,GARCH-Normal,5108,18.716282264977654,0
2020-03-18,2020-03-17,GJR-GARCH-Normal,5108,28.02246110153129,0
2020-03-18,2020-03-17,EGARCH-Normal,5108,16.629294380248623,0
2020-03-19,2020-03-18,GARCH-Normal,5109,18.314589322765052,0
2020-03-19,2020-03-18,GJR-GARCH-Normal,5109,27.998205292511543,0
2020-03-19,2020-03-18,EGARCH-Normal,5109,18.37317075637593,0
2020-03-20,2020-03-19,GARCH-Normal,5110,16.08790003797914,0
2020-03-20,2020-03-19,GJR-GARCH-Normal,5110,24.96013420585402,0
2020-03-20,2020-03-19,EGARCH-Normal,5110,15.621936539449699,0
2020-03-23,2020-03-20,GARCH-Normal,5111,14.007435427412172,0
2020-03-23,2020-03-20,GJR-GARCH-Normal,5111,22.261134288385698,0
2020-03-23,2020-03-20,EGARCH-Normal,5111,13.33149381624833,0
2020-03-24,2020-03-23,GARCH-Normal,5112,13.98053448638643,0
2020-03-24,2020-03-23,GJR-GARCH-Normal,5112,22.492694404669262,0
2020-03-24,2020-03-23,EGARCH-Normal,5112,14.966230438352591,0
2020-03-25,2020-03-24,GARCH-Normal,5113,21.141046197295154,0
2020-03-25,2020-03-24,GJR-GARCH-Normal,5113,20.111552383478042,0
2020-03-25,2020-03-24,EGARCH-Normal,5113,12.810647313931339,0
2020-03-26,2020-03-25,GARCH-Normal,5114,20.574281089781447,0
2020-03-26,2020-03-25,GJR-GARCH-Normal,5114,17.953965399803963,0
2020-03-26,2020-03-25,EGARCH-Normal,5114,10.97908276405503,0
2020-03-27,2020-03-26,GARCH-Normal,5115,18.40333977831495,0
2020-03-27,2020-03-26,GJR-GARCH-Normal,5115,16.022927611522448,0
2020-03-27,2020-03-26,EGARCH-Normal,5115,9.431986431018098,0
2020-03-30,2020-03-27,GARCH-Normal,5116,19.514168820778348,0
2020-03-30,2020-03-27,GJR-GARCH-Normal,5116,19.438131179507145,0
2020-03-30,2020-03-27,EGARCH-Normal,5116,12.790650639266973,0
2020-03-31,2020-03-30,GARCH-Normal,5117,17.016860960330646,0
2020-03-31,2020-03-30,GJR-GARCH-Normal,5117,17.344477050028505,0
2020-03-31,2020-03-30,EGARCH-Normal,5117,10.95990575176311,0
2020-04-01,2020-03-31,GARCH-Normal,5118,15.184816603363318,0
2020-04-01,2020-03-31,GJR-GARCH-Normal,5118,15.479677292631491,0
2020-04-01,2020-03-31,EGARCH-Normal,5118,9.418452031061797,0
2020-04-02,2020-04-01,GARCH-Normal,5119,15.041988345838712,0
2020-04-02,2020-04-01,GJR-GARCH-Normal,5119,16.507658426024456,0
2020-04-02,2020-04-01,EGARCH-Normal,5119,11.263164804759567,0
2020-04-03,2020-04-02,GARCH-Normal,5120,13.063421715353098,0
2020-04-03,2020-04-02,GJR-GARCH-Normal,5120,14.731467456008014,0
2020-04-03,2020-04-02,EGARCH-Normal,5120,9.677069702168708,0
2020-04-06,2020-04-03,GARCH-Normal,5121,11.504440272941718,0
2020-04-06,2020-04-03,GJR-GARCH-Normal,5121,13.392594067141493,0
2020-04-06,2020-04-03,EGARCH-Normal,5121,9.188650977320288,0
2020-04-07,2020-04-06,GARCH-Normal,5122,11.063945559561825,0
2020-04-07,2020-04-06,GJR-GARCH-Normal,5122,11.95817037482143,0
2020-04-07,2020-04-06,EGARCH-Normal,5122,7.925802900994975,0
2020-04-08,2020-04-07,GARCH-Normal,5123,10.139432102158807,0
2020-04-08,2020-04-07,GJR-GARCH-Normal,5123,10.67368463638784,0
2020-04-08,2020-04-07,EGARCH-Normal,5123,6.853494388288575,0
2020-04-09,2020-04-08,GARCH-Normal,5124,8.815935088960261,0
2020-04-09,2020-04-08,GJR-GARCH-Normal,5124,9.55798719462053,0
2020-04-09,2020-04-08,EGARCH-Normal,5124,6.2148841522286125,0
2020-04-14,2020-04-09,GARCH-Normal,5125,8.615594463531496,0
2020-04-14,2020-04-09,GJR-GARCH-Normal,5125,8.537585567902479,0
2020-04-14,2020-04-09,EGARCH-Normal,5125,5.4056862922087605,0
2020-04-15,2020-04-14,GARCH-Normal,5126,7.565182574574438,0
2020-04-15,2020-04-14,GJR-GARCH-Normal,5126,7.747110619718472,0
2020-04-15,2020-04-14,EGARCH-Normal,5126,5.181907932314747,0
2020-04-16,2020-04-15,GARCH-Normal,5127,7.998119028133549,0
2020-04-16,2020-04-15,GJR-GARCH-Normal,5127,8.970363230383564,0
2020-04-16,2020-04-15,EGARCH-Normal,5127,6.64552579826616,0
2020-04-17,2020-04-16,GARCH-Normal,5128,6.962128398438313,0
2020-04-17,2020-04-16,GJR-GARCH-Normal,5128,8.002239511239932,0
2020-04-17,2020-04-16,EGARCH-Normal,5128,5.766074808749064,0
2020-04-20,2020-04-17,GARCH-Normal,5129,6.955054989040411,0
2020-04-20,2020-04-17,GJR-GARCH-Normal,5129,7.150948047071081,0
2020-04-20,2020-04-17,EGARCH-Normal,5129,5.021962759547227,0
2020-04-21,2020-04-20,GARCH-Normal,5130,6.046392400850806,0
2020-04-21,2020-04-20,GJR-GARCH-Normal,5130,6.3756603010993,0
2020-04-21,2020-04-20,EGARCH-Normal,5130,4.378362726894381,0
2020-04-22,2020-04-21,GARCH-Normal,5131,6.3697008431748845,0
2020-04-22,2020-04-21,GJR-GARCH-Normal,5131,7.2953436031733965,0
2020-04-22,2020-04-21,EGARCH-Normal,5131,5.545532334409701,0
2020-04-23,2020-04-22,GARCH-Normal,5132,6.133797945030113,0
2020-04-23,2020-04-22,GJR-GARCH-Normal,5132,6.516693093771674,0
2020-04-23,2020-04-22,EGARCH-Normal,5132,4.831242423630126,0
2020-04-24,2020-04-23,GARCH-Normal,5133,5.423389263340149,0
2020-04-24,2020-04-23,GJR-GARCH-Normal,5133,5.815404297497093,0
2020-04-24,2020-04-23,EGARCH-Normal,5133,4.217424128435179,0
2020-04-27,2020-04-24,GARCH-Normal,5134,4.913976299292689,0
2020-04-27,2020-04-24,GJR-GARCH-Normal,5134,5.481173882573766,0
2020-04-27,2020-04-24,EGARCH-Normal,5134,4.33131847108077,0
2020-04-28,2020-04-27,GARCH-Normal,5135,4.572910005832626,0
2020-04-28,2020-04-27,GJR-GARCH-Normal,5135,4.894911998997336,0
2020-04-28,2020-04-27,EGARCH-Normal,5135,3.7894768045417715,0
2020-04-29,2020-04-28,GARCH-Normal,5136,4.389717924652401,0
2020-04-29,2020-04-28,GJR-GARCH-Normal,5136,4.3751448948908775,0
2020-04-29,2020-04-28,EGARCH-Normal,5136,3.3257468373615557,0
2020-04-30,2020-04-29,GARCH-Normal,5137,4.616138698171348,0
2020-04-30,2020-04-29,GJR-GARCH-Normal,5137,3.9255242563361845,0
2020-04-30,2020-04-29,EGARCH-Normal,5137,2.934357708293845,0
2020-05-01,2020-04-30,GARCH-Normal,5138,5.588871959999299,0
2020-05-01,2020-04-30,GJR-GARCH-Normal,5138,5.787790413571148,0
2020-05-01,2020-04-30,EGARCH-Normal,5138,4.437261952324314,0
2020-05-04,2020-05-01,GARCH-Normal,5139,5.552193856608464,0
2020-05-04,2020-05-01,GJR-GARCH-Normal,5139,6.163887599141607,0
2020-05-04,2020-05-01,EGARCH-Normal,5139,5.178183484081162,0
2020-05-05,2020-05-04,GARCH-Normal,5140,4.824541406413901,0
2020-05-05,2020-05-04,GJR-GARCH-Normal,5140,5.514469486221102,0
2020-05-05,2020-05-04,EGARCH-Normal,5140,4.601873860131563,0
2020-05-06,2020-05-05,GARCH-Normal,5141,4.506352252244558,0
2020-05-06,2020-05-05,GJR-GARCH-Normal,5141,4.932826788700365,0
2020-05-06,2020-05-05,EGARCH-Normal,5141,4.027680204229099,0
2020-05-07,2020-05-06,GARCH-Normal,5142,3.913332769492737,0
2020-05-07,2020-05-06,GJR-GARCH-Normal,5142,4.4107811439277205,0
2020-05-07,2020-05-06,EGARCH-Normal,5142,3.5349021950718345,0
2020-05-11,2020-05-07,GARCH-Normal,5143,3.6252761211447995,0
2020-05-11,2020-05-07,GJR-GARCH-Normal,5143,3.947215487005164,0
2020-05-11,2020-05-07,EGARCH-Normal,5143,3.1089392577638244,0
2020-05-12,2020-05-11,GARCH-Normal,5144,3.1487073578377482,0
2020-05-12,2020-05-11,GJR-GARCH-Normal,5144,3.5299060232304393,0
2020-05-12,2020-05-11,EGARCH-Normal,5144,2.740569514708221,0
2020-05-13,2020-05-12,GARCH-Normal,5145,2.8325166247837137,0
2020-05-13,2020-05-12,GJR-GARCH-Normal,5145,3.158775059857605,0
2020-05-13,2020-05-12,EGARCH-Normal,5145,2.4205950166118755,0
2020-05-14,2020-05-13,GARCH-Normal,5146,2.762019553259637,0
2020-05-14,2020-05-13,GJR-GARCH-Normal,5146,3.2412281506617022,0
2020-05-14,2020-05-13,EGARCH-Normal,5146,2.754189194760676,0
2020-05-15,2020-05-14,GARCH-Normal,5147,3.3859501055548895,0
2020-05-15,2020-05-14,GJR-GARCH-Normal,5147,4.291886100834912,0
2020-05-15,2020-05-14,EGARCH-Normal,5147,3.748556382801999,0
2020-05-18,2020-05-15,GARCH-Normal,5148,3.06149027431245,0
2020-05-18,2020-05-15,GJR-GARCH-Normal,5148,3.841747915835551,0
2020-05-18,2020-05-15,EGARCH-Normal,5148,3.2940266089500576,0
2020-05-19,2020-05-18,GARCH-Normal,5149,4.7754827765835675,0
2020-05-19,2020-05-18,GJR-GARCH-Normal,5149,3.4566352218624847,0
2020-05-19,2020-05-18,EGARCH-Normal,5149,2.9100718548630624,0
2020-05-20,2020-05-19,GARCH-Normal,5150,4.229773866011741,0
2020-05-20,2020-05-19,GJR-GARCH-Normal,5150,3.2013785885806363,0
2020-05-20,2020-05-19,EGARCH-Normal,5150,2.881694719081314,0
2020-05-21,2020-05-20,GARCH-Normal,5151,3.811142245879937,0
2020-05-21,2020-05-20,GJR-GARCH-Normal,5151,2.8708233469754,0
2020-05-21,2020-05-20,EGARCH-Normal,5151,2.545827000773999,0
2020-05-22,2020-05-21,GARCH-Normal,5152,3.4134858412804,0
2020-05-22,2020-05-21,GJR-GARCH-Normal,5152,2.704328919937401,0
2020-05-22,2020-05-21,EGARCH-Normal,5152,2.584147271495821,0
2020-05-26,2020-05-22,GARCH-Normal,5153,2.9917988757121647,0
2020-05-26,2020-05-22,GJR-GARCH-Normal,5153,2.448749800156553,0
2020-05-26,2020-05-22,EGARCH-Normal,5153,2.4224063347795934,0
2020-05-27,2020-05-26,GARCH-Normal,5154,2.7817717261833064,0
2020-05-27,2020-05-26,GJR-GARCH-Normal,5154,2.200246550762542,0
2020-05-27,2020-05-26,EGARCH-Normal,5154,2.146795371318935,0
2020-05-28,2020-05-27,GARCH-Normal,5155,2.605001070815344,0
2020-05-28,2020-05-27,GJR-GARCH-Normal,5155,1.9791789225661538,0
2020-05-28,2020-05-27,EGARCH-Normal,5155,1.9070248835184564,0
2020-05-29,2020-05-28,GARCH-Normal,5156,2.4380951289163164,0
2020-05-29,2020-05-28,GJR-GARCH-Normal,5156,1.7822672559430024,0
2020-05-29,2020-05-28,EGARCH-Normal,5156,1.697939661026789,0
2020-06-01,2020-05-29,GARCH-Normal,5157,2.7968574873628387,0
2020-06-01,2020-05-29,GJR-GARCH-Normal,5157,2.5619022469663637,0
2020-06-01,2020-05-29,EGARCH-Normal,5157,2.3894536405890086,0
2020-06-02,2020-06-01,GARCH-Normal,5158,2.6875001157036054,0
2020-06-02,2020-06-01,GJR-GARCH-Normal,5158,2.3035856695991064,0
2020-06-02,2020-06-01,EGARCH-Normal,5158,2.119183268256256,0
2020-06-03,2020-06-02,GARCH-Normal,5159,2.4282654914886868,0
2020-06-03,2020-06-02,GJR-GARCH-Normal,5159,2.072135899150298,0
2020-06-03,2020-06-02,EGARCH-Normal,5159,1.8839567672035535,0
2020-06-04,2020-06-03,GARCH-Normal,5160,2.90207538423504,0
2020-06-04,2020-06-03,GJR-GARCH-Normal,5160,1.8736694264265898,0
2020-06-04,2020-06-03,EGARCH-Normal,5160,1.6825935053837984,0
2020-06-05,2020-06-04,GARCH-Normal,5161,2.5865379832728337,0
2020-06-05,2020-06-04,GJR-GARCH-Normal,5161,1.7610971687131478,0
2020-06-05,2020-06-04,EGARCH-Normal,5161,1.7029137984555829,0
2020-06-08,2020-06-05,GARCH-Normal,5162,2.839196411850981,0
2020-06-08,2020-06-05,GJR-GARCH-Normal,5162,1.5964677584720286,0
2020-06-08,2020-06-05,EGARCH-Normal,5162,1.5244511632135112,0
2020-06-09,2020-06-08,GARCH-Normal,5163,2.482292246591164,0
2020-06-09,2020-06-08,GJR-GARCH-Normal,5163,1.4467462591613294,0
2020-06-09,2020-06-08,EGARCH-Normal,5163,1.413161851930468,0
2020-06-10,2020-06-09,GARCH-Normal,5164,2.737151834570404,0
2020-06-10,2020-06-09,GJR-GARCH-Normal,5164,2.1167742007394086,0
2020-06-10,2020-06-09,EGARCH-Normal,5164,2.0049521304260427,0
2020-06-11,2020-06-10,GARCH-Normal,5165,2.3909591293950467,0
2020-06-11,2020-06-10,GJR-GARCH-Normal,5165,1.9096134768742112,0
2020-06-11,2020-06-10,EGARCH-Normal,5165,1.8174603011904784,0
2020-06-12,2020-06-11,GARCH-Normal,5166,4.117440027067695,0
2020-06-12,2020-06-11,GJR-GARCH-Normal,5166,4.623181885610832,0
2020-06-12,2020-06-11,EGARCH-Normal,5166,3.4967930900479245,0
2020-06-15,2020-06-12,GARCH-Normal,5167,3.6075746020042754,0
2020-06-15,2020-06-12,GJR-GARCH-Normal,5167,4.1430244332956265,0
2020-06-15,2020-06-12,EGARCH-Normal,5167,3.082972710862541,0
2020-06-16,2020-06-15,GARCH-Normal,5168,3.203102047126405,0
2020-06-16,2020-06-15,GJR-GARCH-Normal,5168,3.792641752521766,0
2020-06-16,2020-06-15,EGARCH-Normal,5168,2.9965368539843227,0
2020-06-17,2020-06-16,GARCH-Normal,5169,3.777195117795365,0
2020-06-17,2020-06-16,GJR-GARCH-Normal,5169,3.4090277256012973,0
2020-06-17,2020-06-16,EGARCH-Normal,5169,2.651937790964,0
2020-06-18,2020-06-17,GARCH-Normal,5170,3.293619849087471,0
2020-06-18,2020-06-17,GJR-GARCH-Normal,5170,3.062407905979182,0
2020-06-18,2020-06-17,EGARCH-Normal,5170,2.351381423117353,0
2020-06-19,2020-06-18,GARCH-Normal,5171,2.9031817101006974,0
2020-06-19,2020-06-18,GJR-GARCH-Normal,5171,2.7909629408083028,0
2020-06-19,2020-06-18,EGARCH-Normal,5171,2.254829687338535,0
2020-06-22,2020-06-19,GARCH-Normal,5172,2.6695877801361863,0
2020-06-22,2020-06-19,GJR-GARCH-Normal,5172,2.511708882524537,0
2020-06-22,2020-06-19,EGARCH-Normal,5172,2.0054326900162667,0
2020-06-23,2020-06-22,GARCH-Normal,5173,2.408701167362905,0
2020-06-23,2020-06-22,GJR-GARCH-Normal,5173,2.3630941637612497,0
2020-06-23,2020-06-22,EGARCH-Normal,5173,2.047363998058414,0
2020-06-24,2020-06-23,GARCH-Normal,5174,2.269536629968719,0
2020-06-24,2020-06-23,GJR-GARCH-Normal,5174,2.1298646153920253,0
2020-06-24,2020-06-23,EGARCH-Normal,5174,1.8241832543869594,0
2020-06-25,2020-06-24,GARCH-Normal,5175,3.207117291662773,0
2020-06-25,2020-06-24,GJR-GARCH-Normal,5175,3.656190691694249,0
2020-06-25,2020-06-24,EGARCH-Normal,5175,2.944006167172062,0
2020-06-26,2020-06-25,GARCH-Normal,5176,2.8137839443758055,0
2020-06-26,2020-06-25,GJR-GARCH-Normal,5176,3.283888173840253,0
2020-06-26,2020-06-25,EGARCH-Normal,5176,2.606183579443961,0
2020-06-29,2020-06-26,GARCH-Normal,5177,2.461719402828009,0
2020-06-29,2020-06-26,GJR-GARCH-Normal,5177,2.9521485320516287,0
2020-06-29,2020-06-26,EGARCH-Normal,5177,2.3131518259133443,0
2020-06-30,2020-06-29,GARCH-Normal,5178,2.282495767906464,0
2020-06-30,2020-06-29,GJR-GARCH-Normal,5178,2.6566779647767698,0
2020-06-30,2020-06-29,EGARCH-Normal,5178,2.056997930181126,0
2020-07-01,2020-06-30,GARCH-Normal,5179,2.1029516623183397,0
2020-07-01,2020-06-30,GJR-GARCH-Normal,5179,2.533485864436378,0
2020-07-01,2020-06-30,EGARCH-Normal,5179,2.147745790001547,0
2020-07-02,2020-07-01,GARCH-Normal,5180,1.8473814783589955,0
2020-07-02,2020-07-01,GJR-GARCH-Normal,5180,2.2883576606714646,0
2020-07-02,2020-07-01,EGARCH-Normal,5180,1.9740341052960302,0
2020-07-03,2020-07-02,GARCH-Normal,5181,1.8212799016552712,0
2020-07-03,2020-07-02,GJR-GARCH-Normal,5181,2.064259649235549,0
2020-07-03,2020-07-02,EGARCH-Normal,5181,1.7606180964537583,0
2020-07-06,2020-07-03,GARCH-Normal,5182,1.8239439279164398,0
2020-07-06,2020-07-03,GJR-GARCH-Normal,5182,2.1738444218168995,0
2020-07-06,2020-07-03,EGARCH-Normal,5182,2.0291558385348045,0
2020-07-07,2020-07-06,GARCH-Normal,5183,2.0955273474366294,0
2020-07-07,2020-07-06,GJR-GARCH-Normal,5183,1.9634086555851704,0
2020-07-07,2020-07-06,EGARCH-Normal,5183,1.8088746888132703,0
2020-07-08,2020-07-07,GARCH-Normal,5184,2.1315636120346206,0
2020-07-08,2020-07-07,GJR-GARCH-Normal,5184,2.183016655720315,0
2020-07-08,2020-07-07,EGARCH-Normal,5184,2.1556358649786223,0
2020-07-09,2020-07-08,GARCH-Normal,5185,1.9072645619443906,0
2020-07-09,2020-07-08,GJR-GARCH-Normal,5185,2.0205585650209708,0
2020-07-09,2020-07-08,EGARCH-Normal,5185,2.106278731996086,0
2020-07-10,2020-07-09,GARCH-Normal,5186,2.051597917488346,0
2020-07-10,2020-07-09,GJR-GARCH-Normal,5186,2.352231683072324,0
2020-07-10,2020-07-09,EGARCH-Normal,5186,2.540594722616073,0
2020-07-13,2020-07-10,GARCH-Normal,5187,1.860007242904268,0
2020-07-13,2020-07-10,GJR-GARCH-Normal,5187,2.121061339123655,0
2020-07-13,2020-07-10,EGARCH-Normal,5187,2.255536579672536,0
2020-07-14,2020-07-13,GARCH-Normal,5188,1.8286337383095788,0
2020-07-14,2020-07-13,GJR-GARCH-Normal,5188,1.915121248049171,0
2020-07-14,2020-07-13,EGARCH-Normal,5188,2.006613295542366,0
2020-07-15,2020-07-14,GARCH-Normal,5189,1.604541706863645,0
2020-07-15,2020-07-14,GJR-GARCH-Normal,5189,1.7303326479906223,0
2020-07-15,2020-07-14,EGARCH-Normal,5189,1.7902853468810098,0
2020-07-16,2020-07-15,GARCH-Normal,5190,1.7879132268941782,0
2020-07-16,2020-07-15,GJR-GARCH-Normal,5190,1.567349033213911,0
2020-07-16,2020-07-15,EGARCH-Normal,5190,1.5998852058541828,0
2020-07-17,2020-07-16,GARCH-Normal,5191,1.6285053238983296,0
2020-07-17,2020-07-16,GJR-GARCH-Normal,5191,1.496532690838795,0
2020-07-17,2020-07-16,EGARCH-Normal,5191,1.6355495653159746,0
2020-07-20,2020-07-17,GARCH-Normal,5192,1.47373850693049,0
2020-07-20,2020-07-17,GJR-GARCH-Normal,5192,1.356484073575221,0
2020-07-20,2020-07-17,EGARCH-Normal,5192,1.4642454362120179,0
2020-07-21,2020-07-20,GARCH-Normal,5193,1.3256697930734513,0
2020-07-21,2020-07-20,GJR-GARCH-Normal,5193,1.2668532647902202,0
2020-07-21,2020-07-20,EGARCH-Normal,5193,1.4433638958041541,0
2020-07-22,2020-07-21,GARCH-Normal,5194,1.1690266978003545,0
2020-07-22,2020-07-21,GJR-GARCH-Normal,5194,1.1506325759530485,0
2020-07-22,2020-07-21,EGARCH-Normal,5194,1.2953586706104245,0
2020-07-23,2020-07-22,GARCH-Normal,5195,1.1614544184878985,0
2020-07-23,2020-07-22,GJR-GARCH-Normal,5195,1.2215594197148383,0
2020-07-23,2020-07-22,EGARCH-Normal,5195,1.4533160019689713,0
2020-07-24,2020-07-23,GARCH-Normal,5196,1.0255596907812443,0
2020-07-24,2020-07-23,GJR-GARCH-Normal,5196,1.110348086748706,0
2020-07-24,2020-07-23,EGARCH-Normal,5196,1.3040195388733846,0
2020-07-27,2020-07-24,GARCH-Normal,5197,1.1623208121947708,0
2020-07-27,2020-07-24,GJR-GARCH-Normal,5197,1.3618307020101454,0
2020-07-27,2020-07-24,EGARCH-Normal,5197,1.6039164111854314,0
2020-07-28,2020-07-27,GARCH-Normal,5198,1.0407715305154412,0
2020-07-28,2020-07-27,GJR-GARCH-Normal,5198,1.2522669132300794,0
2020-07-28,2020-07-27,EGARCH-Normal,5198,1.525198712478447,0
2020-07-29,2020-07-28,GARCH-Normal,5199,0.9371920862819499,0
2020-07-29,2020-07-28,GJR-GARCH-Normal,5199,1.1383054647833801,0
2020-07-29,2020-07-28,EGARCH-Normal,5199,1.366804836931497,0
2020-07-30,2020-07-29,GARCH-Normal,5200,0.831123025932709,0
2020-07-30,2020-07-29,GJR-GARCH-Normal,5200,1.0363335668980487,0
2020-07-30,2020-07-29,EGARCH-Normal,5200,1.2272767592886649,0
2020-07-31,2020-07-30,GARCH-Normal,5201,1.410795462206251,0
2020-07-31,2020-07-30,GJR-GARCH-Normal,5201,1.891649633049381,0
2020-07-31,2020-07-30,EGARCH-Normal,5201,1.8833459347973547,0
2020-08-03,2020-07-31,GARCH-Normal,5202,1.5413678453699047,0
2020-08-03,2020-07-31,GJR-GARCH-Normal,5202,2.1252292416012035,0
2020-08-03,2020-07-31,EGARCH-Normal,5202,2.2345604464129116,0
2020-08-04,2020-08-03,GARCH-Normal,5203,1.9494648382180213,0
2020-08-04,2020-08-03,GJR-GARCH-Normal,5203,1.920130482412033,0
2020-08-04,2020-08-03,EGARCH-Normal,5203,1.9869461195029399,0
2020-08-05,2020-08-04,GARCH-Normal,5204,1.7102180091325103,0
2020-08-05,2020-08-04,GJR-GARCH-Normal,5204,1.7346019839219222,0
2020-08-05,2020-08-04,EGARCH-Normal,5204,1.7735373457066972,0
2020-08-06,2020-08-05,GARCH-Normal,5205,1.6465906562298978,0
2020-08-06,2020-08-05,GJR-GARCH-Normal,5205,1.5696521827030532,0
2020-08-06,2020-08-05,EGARCH-Normal,5205,1.584770507607616,0
2020-08-07,2020-08-06,GARCH-Normal,5206,1.653697455701034,0
2020-08-07,2020-08-06,GJR-GARCH-Normal,5206,1.7060549135021015,0
2020-08-07,2020-08-06,EGARCH-Normal,5206,1.834037702306669,0
2020-08-10,2020-08-07,GARCH-Normal,5207,1.454723610597092,0
2020-08-10,2020-08-07,GJR-GARCH-Normal,5207,1.5438120139800167,0
2020-08-10,2020-08-07,EGARCH-Normal,5207,1.6394846726302181,0
2020-08-11,2020-08-10,GARCH-Normal,5208,1.2906124800938024,0
2020-08-11,2020-08-10,GJR-GARCH-Normal,5208,1.3991109158887371,0
2020-08-11,2020-08-10,EGARCH-Normal,5208,1.4681708287551143,0
2020-08-12,2020-08-11,GARCH-Normal,5209,1.4687168641677688,0
2020-08-12,2020-08-11,GJR-GARCH-Normal,5209,1.2708424861889032,0
2020-08-12,2020-08-11,EGARCH-Normal,5209,1.3164720047996818,0
2020-08-13,2020-08-12,GARCH-Normal,5210,1.7638957233016965,0
2020-08-13,2020-08-12,GJR-GARCH-Normal,5210,1.1570947792772386,0
2020-08-13,2020-08-12,EGARCH-Normal,5210,1.182876855848682,0
2020-08-14,2020-08-13,GARCH-Normal,5211,1.835172074093808,0
2020-08-14,2020-08-13,GJR-GARCH-Normal,5211,1.450887952340923,0
2020-08-14,2020-08-13,EGARCH-Normal,5211,1.5131361390003715,0
2020-08-17,2020-08-14,GARCH-Normal,5212,1.912422768723467,0
2020-08-17,2020-08-14,GJR-GARCH-Normal,5212,1.7350370650736227,0
2020-08-17,2020-08-14,EGARCH-Normal,5212,1.8652987196671185,0
2020-08-18,2020-08-17,GARCH-Normal,5213,1.7184861970546876,0
2020-08-18,2020-08-17,GJR-GARCH-Normal,5213,1.570183538482917,0
2020-08-18,2020-08-17,EGARCH-Normal,5213,1.66638270596346,0
2020-08-19,2020-08-18,GARCH-Normal,5214,1.5996041157954723,0
2020-08-19,2020-08-18,GJR-GARCH-Normal,5214,1.5418066478397696,0
2020-08-19,2020-08-18,EGARCH-Normal,5214,1.7530483836420852,0
2020-08-20,2020-08-19,GARCH-Normal,5215,1.4431982147658344,0
2020-08-20,2020-08-19,GJR-GARCH-Normal,5215,1.397820219843208,0
2020-08-20,2020-08-19,EGARCH-Normal,5215,1.5680915737117944,0
2020-08-21,2020-08-20,GARCH-Normal,5216,1.599153448749999,0
2020-08-21,2020-08-20,GJR-GARCH-Normal,5216,1.726001567768074,0
2020-08-21,2020-08-20,EGARCH-Normal,5216,1.9479971528583018,0
2020-08-24,2020-08-21,GARCH-Normal,5217,1.4132091250641547,0
2020-08-24,2020-08-21,GJR-GARCH-Normal,5217,1.568029327344407,0
2020-08-24,2020-08-21,EGARCH-Normal,5217,1.797568520474431,0
2020-08-25,2020-08-24,GARCH-Normal,5218,1.5746621570311004,0
2020-08-25,2020-08-24,GJR-GARCH-Normal,5218,1.422073200302338,0
2020-08-25,2020-08-24,EGARCH-Normal,5218,1.6055384049990633,0
2020-08-26,2020-08-25,GARCH-Normal,5219,1.542387822386566,0
2020-08-26,2020-08-25,GJR-GARCH-Normal,5219,1.5045147641885046,0
2020-08-26,2020-08-25,EGARCH-Normal,5219,1.7933052816322947,0
2020-08-27,2020-08-26,GARCH-Normal,5220,1.3595808285464426,0
2020-08-27,2020-08-26,GJR-GARCH-Normal,5220,1.3645115089993993,0
2020-08-27,2020-08-26,EGARCH-Normal,5220,1.6043038065843735,0
2020-08-28,2020-08-27,GARCH-Normal,5221,1.2734632348863364,0
2020-08-28,2020-08-27,GJR-GARCH-Normal,5221,1.33747049617937,0
2020-08-28,2020-08-27,EGARCH-Normal,5221,1.6688471044560387,0
2020-09-01,2020-08-28,GARCH-Normal,5222,1.1734543525449301,0
2020-09-01,2020-08-28,GJR-GARCH-Normal,5222,1.2783926753152073,0
2020-09-01,2020-08-28,EGARCH-Normal,5222,1.6801395334168576,0
2020-09-02,2020-09-01,GARCH-Normal,5223,1.4006191255722535,0
2020-09-02,2020-09-01,GJR-GARCH-Normal,5223,1.6701167704521416,0
2020-09-02,2020-09-01,EGARCH-Normal,5223,2.0971302463991126,0
2020-09-03,2020-09-02,GARCH-Normal,5224,1.4366309918419446,0
2020-09-03,2020-09-02,GJR-GARCH-Normal,5224,1.512942792461033,0
2020-09-03,2020-09-02,EGARCH-Normal,5224,1.8680781313775296,0
2020-09-04,2020-09-03,GARCH-Normal,5225,1.554968891151863,0
2020-09-04,2020-09-03,GJR-GARCH-Normal,5225,1.7740695640830153,0
2020-09-04,2020-09-03,EGARCH-Normal,5225,2.20909460278015,0
2020-09-07,2020-09-04,GARCH-Normal,5226,1.4697951979820212,0
2020-09-07,2020-09-04,GJR-GARCH-Normal,5226,1.7404512719897414,0
2020-09-07,2020-09-04,EGARCH-Normal,5226,2.2844448907365043,0
2020-09-08,2020-09-07,GARCH-Normal,5227,1.9354379058020934,0
2020-09-08,2020-09-07,GJR-GARCH-Normal,5227,1.5770866550821627,0
2020-09-08,2020-09-07,EGARCH-Normal,5227,2.0303534257221405,0
2020-09-09,2020-09-08,GARCH-Normal,5228,1.7018142941981842,0
2020-09-09,2020-09-08,GJR-GARCH-Normal,5228,1.4314519824343066,0
2020-09-09,2020-09-08,EGARCH-Normal,5228,1.8478181187698166,0
2020-09-10,2020-09-09,GARCH-Normal,5229,1.7120235272732414,0
2020-09-10,2020-09-09,GJR-GARCH-Normal,5229,1.2997840043625952,0
2020-09-10,2020-09-09,EGARCH-Normal,5229,1.6498634258708968,0
2020-09-11,2020-09-10,GARCH-Normal,5230,1.5099426758133525,0
2020-09-11,2020-09-10,GJR-GARCH-Normal,5230,1.1856467600522504,0
2020-09-11,2020-09-10,EGARCH-Normal,5230,1.5222144213299118,0
2020-09-14,2020-09-11,GARCH-Normal,5231,1.3537907694604066,0
2020-09-14,2020-09-11,GJR-GARCH-Normal,5231,1.0796762250388217,0
2020-09-14,2020-09-11,EGARCH-Normal,5231,1.3652733267325132,0
2020-09-15,2020-09-14,GARCH-Normal,5232,1.1966992491484263,0
2020-09-15,2020-09-14,GJR-GARCH-Normal,5232,0.9862491755578487,0
2020-09-15,2020-09-14,EGARCH-Normal,5232,1.2508206852781256,0
2020-09-16,2020-09-15,GARCH-Normal,5233,1.2499249155100374,0
2020-09-16,2020-09-15,GJR-GARCH-Normal,5233,0.9024082160105412,0
2020-09-16,2020-09-15,EGARCH-Normal,5233,1.1253070583804274,0
2020-09-17,2020-09-16,GARCH-Normal,5234,1.131415143109566,0
2020-09-17,2020-09-16,GJR-GARCH-Normal,5234,0.8597823791386967,0
2020-09-17,2020-09-16,EGARCH-Normal,5234,1.1256390295175802,0
2020-09-18,2020-09-17,GARCH-Normal,5235,1.0317303240144313,0
2020-09-18,2020-09-17,GJR-GARCH-Normal,5235,0.8261508643784765,0
2020-09-18,2020-09-17,EGARCH-Normal,5235,1.133568336190384,0
2020-09-21,2020-09-18,GARCH-Normal,5236,0.9803889007356507,0
2020-09-21,2020-09-18,GJR-GARCH-Normal,5236,0.8447895069138678,0
2020-09-21,2020-09-18,EGARCH-Normal,5236,1.2073207985963001,0
2020-09-22,2020-09-21,GARCH-Normal,5237,2.2831591213346183,0
2020-09-22,2020-09-21,GJR-GARCH-Normal,5237,2.8024479898497154,0
2020-09-22,2020-09-21,EGARCH-Normal,5237,2.387148060809148,0
2020-09-23,2020-09-22,GARCH-Normal,5238,2.0224498455473126,0
2020-09-23,2020-09-22,GJR-GARCH-Normal,5238,2.523805867262797,0
2020-09-23,2020-09-22,EGARCH-Normal,5238,2.123982078508857,0
2020-09-24,2020-09-23,GARCH-Normal,5239,1.9348370104246908,0
2020-09-24,2020-09-23,GJR-GARCH-Normal,5239,2.2771341925674395,0
2020-09-24,2020-09-23,EGARCH-Normal,5239,1.8920132155733087,0
2020-09-25,2020-09-24,GARCH-Normal,5240,1.9112992102594037,0
2020-09-25,2020-09-24,GJR-GARCH-Normal,5240,2.346631635295325,0
2020-09-25,2020-09-24,EGARCH-Normal,5240,2.143273142615414,0
2020-09-28,2020-09-25,GARCH-Normal,5241,1.6927605542631616,0
2020-09-28,2020-09-25,GJR-GARCH-Normal,5241,2.118512793725301,0
2020-09-28,2020-09-25,EGARCH-Normal,5241,1.9116674482237592,0
2020-09-29,2020-09-28,GARCH-Normal,5242,1.7256330394961106,0
2020-09-29,2020-09-28,GJR-GARCH-Normal,5242,1.9159950167521813,0
2020-09-29,2020-09-28,EGARCH-Normal,5242,1.7056224347231337,0
2020-09-30,2020-09-29,GARCH-Normal,5243,1.5552900751836958,0
2020-09-30,2020-09-29,GJR-GARCH-Normal,5243,1.7785335681370156,0
2020-09-30,2020-09-29,EGARCH-Normal,5243,1.684379747232718,0
2020-10-01,2020-09-30,GARCH-Normal,5244,1.4097096973508025,0
2020-10-01,2020-09-30,GJR-GARCH-Normal,5244,1.659202459676915,0
2020-10-01,2020-09-30,EGARCH-Normal,5244,1.6710859887699439,0
2020-10-02,2020-10-01,GARCH-Normal,5245,1.2500204131605244,0
2020-10-02,2020-10-01,GJR-GARCH-Normal,5245,1.504754330945029,0
2020-10-02,2020-10-01,EGARCH-Normal,5245,1.497955303592833,0
2020-10-05,2020-10-02,GARCH-Normal,5246,1.1208285105746896,0
2020-10-05,2020-10-02,GJR-GARCH-Normal,5246,1.3666161940505583,0
2020-10-05,2020-10-02,EGARCH-Normal,5246,1.3449646674759752,0
2020-10-06,2020-10-05,GARCH-Normal,5247,1.0442404294017944,0
2020-10-06,2020-10-05,GJR-GARCH-Normal,5247,1.2430907248658907,0
2020-10-06,2020-10-05,EGARCH-Normal,5247,1.209233682035947,0
2020-10-07,2020-10-06,GARCH-Normal,5248,0.9278609443915881,0
2020-10-07,2020-10-06,GJR-GARCH-Normal,5248,1.1322715719043281,0
2020-10-07,2020-10-06,EGARCH-Normal,5248,1.0903838279101237,0
2020-10-08,2020-10-07,GARCH-Normal,5249,0.8265028238097762,0
2020-10-08,2020-10-07,GJR-GARCH-Normal,5249,1.033474960536042,0
2020-10-08,2020-10-07,EGARCH-Normal,5249,0.9971493394467005,0
2020-10-09,2020-10-08,GARCH-Normal,5250,0.7664732340185118,0
2020-10-09,2020-10-08,GJR-GARCH-Normal,5250,0.9446141704210457,0
2020-10-09,2020-10-08,EGARCH-Normal,5250,0.9012695827848949,0
2020-10-12,2020-10-09,GARCH-Normal,5251,0.729188517293404,0
2020-10-12,2020-10-09,GJR-GARCH-Normal,5251,0.8651552675423604,0
2020-10-12,2020-10-09,EGARCH-Normal,5251,0.8160761803075622,0
2020-10-13,2020-10-12,GARCH-Normal,5252,0.6621934530487428,0
2020-10-13,2020-10-12,GJR-GARCH-Normal,5252,0.8042747688053848,0
2020-10-13,2020-10-12,EGARCH-Normal,5252,0.7930062172622085,0
2020-10-14,2020-10-13,GARCH-Normal,5253,0.6317132437730519,0
2020-10-14,2020-10-13,GJR-GARCH-Normal,5253,0.7865285843639888,0
2020-10-14,2020-10-13,EGARCH-Normal,5253,0.834256777069216,0
2020-10-15,2020-10-14,GARCH-Normal,5254,0.6125096257923685,0
2020-10-15,2020-10-14,GJR-GARCH-Normal,5254,0.7805558132238782,0
2020-10-15,2020-10-14,EGARCH-Normal,5254,0.886322797175415,0
2020-10-16,2020-10-15,GARCH-Normal,5255,0.9232674405171167,0
2020-10-16,2020-10-15,GJR-GARCH-Normal,5255,1.2379183376500351,0
2020-10-16,2020-10-15,EGARCH-Normal,5255,1.2801666213258345,0
2020-10-19,2020-10-16,GARCH-Normal,5256,1.067954918284225,0
2020-10-19,2020-10-16,GJR-GARCH-Normal,5256,1.128238288550884,0
2020-10-19,2020-10-16,EGARCH-Normal,5256,1.1507923831541076,0
2020-10-20,2020-10-19,GARCH-Normal,5257,0.993628005651691,0
2020-10-20,2020-10-19,GJR-GARCH-Normal,5257,1.0884440318469526,0
2020-10-20,2020-10-19,EGARCH-Normal,5257,1.190434119908765,0
2020-10-21,2020-10-20,GARCH-Normal,5258,0.8838726165495431,0
2020-10-21,2020-10-20,GJR-GARCH-Normal,5258,0.9940529574629653,0
2020-10-21,2020-10-20,EGARCH-Normal,5258,1.0736740798676623,0
2020-10-22,2020-10-21,GARCH-Normal,5259,1.238498500553493,0
2020-10-22,2020-10-21,GJR-GARCH-Normal,5259,1.5455713312419213,0
2020-10-22,2020-10-21,EGARCH-Normal,5259,1.5479520785014647,0
2020-10-23,2020-10-22,GARCH-Normal,5260,1.0983949513076658,0
2020-10-23,2020-10-22,GJR-GARCH-Normal,5260,1.4025486134415739,0
2020-10-23,2020-10-22,EGARCH-Normal,5260,1.3891156575109185,0
2020-10-26,2020-10-23,GARCH-Normal,5261,1.1568071607040251,0
2020-10-26,2020-10-23,GJR-GARCH-Normal,5261,1.2754826119914486,0
2020-10-26,2020-10-23,EGARCH-Normal,5261,1.2469656037914634,0
2020-10-27,2020-10-26,GARCH-Normal,5262,1.1948904490813859,0
2020-10-27,2020-10-26,GJR-GARCH-Normal,5262,1.3943714013619333,0
2020-10-27,2020-10-26,EGARCH-Normal,5262,1.45996344631903,0
2020-10-28,2020-10-27,GARCH-Normal,5263,1.2065682016532069,0
2020-10-28,2020-10-27,GJR-GARCH-Normal,5263,1.4702669597483453,0
2020-10-28,2020-10-27,EGARCH-Normal,5263,1.6434668918994098,0
2020-10-29,2020-10-28,GARCH-Normal,5264,1.8710751978712008,0
2020-10-29,2020-10-28,GJR-GARCH-Normal,5264,2.4785702858291208,0
2020-10-29,2020-10-28,EGARCH-Normal,5264,2.442701050110808,0
2020-10-30,2020-10-29,GARCH-Normal,5265,1.6455788229744621,0
2020-10-30,2020-10-29,GJR-GARCH-Normal,5265,2.2350083899917865,0
2020-10-30,2020-10-29,EGARCH-Normal,5265,2.1753738565128202,0
2020-11-02,2020-10-30,GARCH-Normal,5266,1.4516262962976259,0
2020-11-02,2020-10-30,GJR-GARCH-Normal,5266,2.0192795634457723,0
2020-11-02,2020-10-30,EGARCH-Normal,5266,1.9630490897572321,0
2020-11-03,2020-11-02,GARCH-Normal,5267,1.495418532530309,0
2020-11-03,2020-11-02,GJR-GARCH-Normal,5267,1.8270700681236913,0
2020-11-03,2020-11-02,EGARCH-Normal,5267,1.750546482794191,0
2020-11-04,2020-11-03,GARCH-Normal,5268,1.924406119386661,0
2020-11-04,2020-11-03,GJR-GARCH-Normal,5268,1.656455860268051,0
2020-11-04,2020-11-03,EGARCH-Normal,5268,1.5624674146263224,0
2020-11-05,2020-11-04,GARCH-Normal,5269,2.0009069341493544,0
2020-11-05,2020-11-04,GJR-GARCH-Normal,5269,1.502718443704079,0
2020-11-05,2020-11-04,EGARCH-Normal,5269,1.3985244306405908,0
2020-11-06,2020-11-05,GARCH-Normal,5270,1.7735134751657513,0
2020-11-06,2020-11-05,GJR-GARCH-Normal,5270,1.3645008902550975,0
2020-11-06,2020-11-05,EGARCH-Normal,5270,1.2571020211659392,0
2020-11-09,2020-11-06,GARCH-Normal,5271,1.561673678969752,0
2020-11-09,2020-11-06,GJR-GARCH-Normal,5271,1.2408456855448922,0
2020-11-09,2020-11-06,EGARCH-Normal,5271,1.1331470302772035,0
2020-11-10,2020-11-09,GARCH-Normal,5272,3.8003881863783713,0
2020-11-10,2020-11-09,GJR-GARCH-Normal,5272,1.138259651865694,0
2020-11-10,2020-11-09,EGARCH-Normal,5272,1.0201124391627348,0
2020-11-11,2020-11-10,GARCH-Normal,5273,3.6782331399983534,0
2020-11-11,2020-11-10,GJR-GARCH-Normal,5273,1.040602448727323,0
2020-11-11,2020-11-10,EGARCH-Normal,5273,0.924792971474942,0
2020-11-12,2020-11-11,GARCH-Normal,5274,3.4177145321810887,0
2020-11-12,2020-11-11,GJR-GARCH-Normal,5274,0.9527717138620502,0
2020-11-12,2020-11-11,EGARCH-Normal,5274,0.839981583012464,0
2020-11-13,2020-11-12,GARCH-Normal,5275,3.049182987010899,0
2020-11-13,2020-11-12,GJR-GARCH-Normal,5275,0.9508081709402593,0
2020-11-13,2020-11-12,EGARCH-Normal,5275,0.9150649098236314,0
2020-11-16,2020-11-13,GARCH-Normal,5276,2.6880307923509825,0
2020-11-16,2020-11-13,GJR-GARCH-Normal,5276,0.8923312351788422,0
2020-11-16,2020-11-13,EGARCH-Normal,5276,0.9071730390889413,0
2020-11-17,2020-11-16,GARCH-Normal,5277,2.6625808150839188,0
2020-11-17,2020-11-16,GJR-GARCH-Normal,5277,0.82086892298579,0
2020-11-17,2020-11-16,EGARCH-Normal,5277,0.8252125700880332,0
2020-11-18,2020-11-17,GARCH-Normal,5278,2.4316750342540567,0
2020-11-18,2020-11-17,GJR-GARCH-Normal,5278,0.8847186183133867,0
2020-11-18,2020-11-17,EGARCH-Normal,5278,0.9519947643479812,0
2020-11-19,2020-11-18,GARCH-Normal,5279,2.143269005434318,0
2020-11-19,2020-11-18,GJR-GARCH-Normal,5279,0.8124114993103172,0
2020-11-19,2020-11-18,EGARCH-Normal,5279,0.8612707346363985,0
2020-11-20,2020-11-19,GARCH-Normal,5280,1.9643006887497902,0
2020-11-20,2020-11-19,GJR-GARCH-Normal,5280,0.8552337343207866,0
2020-11-20,2020-11-19,EGARCH-Normal,5280,0.9673923745453441,0
2020-11-23,2020-11-20,GARCH-Normal,5281,1.733860300736614,0
2020-11-23,2020-11-20,GJR-GARCH-Normal,5281,0.786004001279866,0
2020-11-23,2020-11-20,EGARCH-Normal,5281,0.8756527748634281,0
2020-11-24,2020-11-23,GARCH-Normal,5282,1.5378703701907352,0
2020-11-24,2020-11-23,GJR-GARCH-Normal,5282,0.7367382532553138,0
2020-11-24,2020-11-23,EGARCH-Normal,5282,0.8540916303809906,0
2020-11-25,2020-11-24,GARCH-Normal,5283,1.6238014714212654,0
2020-11-25,2020-11-24,GJR-GARCH-Normal,5283,0.6812615433361213,0
2020-11-25,2020-11-24,EGARCH-Normal,5283,0.7752985873752594,0
2020-11-26,2020-11-25,GARCH-Normal,5284,1.4842554185514398,0
2020-11-26,2020-11-25,GJR-GARCH-Normal,5284,0.699280054107588,0
2020-11-26,2020-11-25,EGARCH-Normal,5284,0.8438742933060424,0
2020-11-27,2020-11-26,GARCH-Normal,5285,1.3357727654044855,0
2020-11-27,2020-11-26,GJR-GARCH-Normal,5285,0.6790060500240458,0
2020-11-27,2020-11-26,EGARCH-Normal,5285,0.8623737112929871,0
2020-11-30,2020-11-27,GARCH-Normal,5286,1.1798125387400247,0
2020-11-30,2020-11-27,GJR-GARCH-Normal,5286,0.6281709637379592,0
2020-11-30,2020-11-27,EGARCH-Normal,5286,0.7831092407706413,0
2020-12-01,2020-11-30,GARCH-Normal,5287,1.3614539445562264,0
2020-12-01,2020-11-30,GJR-GARCH-Normal,5287,1.0194716929975831,0
2020-12-01,2020-11-30,EGARCH-Normal,5287,1.1194065743961104,0
2020-12-02,2020-12-01,GARCH-Normal,5288,1.6006308994571017,0
2020-12-02,2020-12-01,GJR-GARCH-Normal,5288,0.9342819556153265,0
2020-12-02,2020-12-01,EGARCH-Normal,5288,1.0102471905398027,0
2020-12-03,2020-12-02,GARCH-Normal,5289,1.5778020797429817,0
2020-12-03,2020-12-02,GJR-GARCH-Normal,5289,0.8573427195193497,0
2020-12-03,2020-12-02,EGARCH-Normal,5289,0.9139009526280191,0
2020-12-04,2020-12-03,GARCH-Normal,5290,1.4086216441262496,0
2020-12-04,2020-12-03,GJR-GARCH-Normal,5290,0.788168065400094,0
2020-12-04,2020-12-03,EGARCH-Normal,5290,0.8280116349798509,0
2020-12-07,2020-12-04,GARCH-Normal,5291,1.3361091224195047,0
2020-12-07,2020-12-04,GJR-GARCH-Normal,5291,0.7263564112357199,0
2020-12-07,2020-12-04,EGARCH-Normal,5291,0.7517199175484707,0
2020-12-08,2020-12-07,GARCH-Normal,5292,1.1812893439018781,0
2020-12-08,2020-12-07,GJR-GARCH-Normal,5292,0.6707894010164366,0
2020-12-08,2020-12-07,EGARCH-Normal,5292,0.6837870191352867,0
2020-12-09,2020-12-08,GARCH-Normal,5293,1.0461254929506332,0
2020-12-09,2020-12-08,GJR-GARCH-Normal,5293,0.6209751711491194,0
2020-12-09,2020-12-08,EGARCH-Normal,5293,0.6233820053871678,0
2020-12-10,2020-12-09,GARCH-Normal,5294,0.9284909828974327,0
2020-12-10,2020-12-09,GJR-GARCH-Normal,5294,0.5763019160497168,0
2020-12-10,2020-12-09,EGARCH-Normal,5294,0.5694025917715309,0
2020-12-11,2020-12-10,GARCH-Normal,5295,0.855891452083267,0
2020-12-11,2020-12-10,GJR-GARCH-Normal,5295,0.5363685792712551,0
2020-12-11,2020-12-10,EGARCH-Normal,5295,0.5204532622813194,0
2020-12-14,2020-12-11,GARCH-Normal,5296,0.8461816250604604,0
2020-12-14,2020-12-11,GJR-GARCH-Normal,5296,0.6104534829801224,0
2020-12-14,2020-12-11,EGARCH-Normal,5296,0.6296263749464498,0
2020-12-15,2020-12-14,GARCH-Normal,5297,0.7623179796314066,0
2020-12-15,2020-12-14,GJR-GARCH-Normal,5297,0.575566440496526,0
2020-12-15,2020-12-14,EGARCH-Normal,5297,0.6168580722718362,0
2020-12-16,2020-12-15,GARCH-Normal,5298,0.6929909797785802,0
2020-12-16,2020-12-15,GJR-GARCH-Normal,5298,0.5489673572141135,0
2020-12-16,2020-12-15,EGARCH-Normal,5298,0.6156312443496512,0
2020-12-17,2020-12-16,GARCH-Normal,5299,0.7062494342950578,0
2020-12-17,2020-12-16,GJR-GARCH-Normal,5299,0.512104503793877,0
2020-12-17,2020-12-16,EGARCH-Normal,5299,0.561506774639271,0
2020-12-18,2020-12-17,GARCH-Normal,5300,0.645856915714685,0
2020-12-18,2020-12-17,GJR-GARCH-Normal,5300,0.4939104142114186,0
2020-12-18,2020-12-17,EGARCH-Normal,5300,0.5671873886453032,0
2020-12-21,2020-12-18,GARCH-Normal,5301,0.5960861392907498,0
2020-12-21,2020-12-18,GJR-GARCH-Normal,5301,0.48115455287880926,0
2020-12-21,2020-12-18,EGARCH-Normal,5301,0.5789155706910871,0
2020-12-22,2020-12-21,GARCH-Normal,5302,0.9109799964787884,0
2020-12-22,2020-12-21,GJR-GARCH-Normal,5302,0.9673603041352661,0
2020-12-22,2020-12-21,EGARCH-Normal,5302,0.9376339655128704,0
2020-12-23,2020-12-22,GARCH-Normal,5303,0.8457683829382808,0
2020-12-23,2020-12-22,GJR-GARCH-Normal,5303,0.8865102724250346,0
2020-12-23,2020-12-22,EGARCH-Normal,5303,0.8494379685000949,0
2020-12-24,2020-12-23,GARCH-Normal,5304,0.8007543423482661,0
2020-12-24,2020-12-23,GJR-GARCH-Normal,5304,0.8143230553500979,0
2020-12-24,2020-12-23,EGARCH-Normal,5304,0.7707936151255957,0
2020-12-29,2020-12-24,GARCH-Normal,5305,0.7162074204212194,0
2020-12-29,2020-12-24,GJR-GARCH-Normal,5305,0.7496450229938975,0
2020-12-29,2020-12-24,EGARCH-Normal,5305,0.7019125226180305,0
2020-12-30,2020-12-29,GARCH-Normal,5306,0.9065857577770525,0
2020-12-30,2020-12-29,GJR-GARCH-Normal,5306,0.6922743975420408,0
2020-12-30,2020-12-29,EGARCH-Normal,5306,0.6375850093185689,0
2020-12-31,2020-12-30,GARCH-Normal,5307,0.8730269160320906,0
2020-12-31,2020-12-30,GJR-GARCH-Normal,5307,0.7257523214864907,0
2020-12-31,2020-12-30,EGARCH-Normal,5307,0.7263222910921733,0
2021-01-04,2020-12-31,GARCH-Normal,5308,1.0411062190105997,0
2021-01-04,2020-12-31,GJR-GARCH-Normal,5308,1.0332851837996926,0
2021-01-04,2020-12-31,EGARCH-Normal,5308,1.0149860669567816,0
2021-01-05,2021-01-04,GARCH-Normal,5309,1.2544554985914993,0
2021-01-05,2021-01-04,GJR-GARCH-Normal,5309,0.9468929007485315,0
2021-01-05,2021-01-04,EGARCH-Normal,5309,0.9168031768648504,0
2021-01-06,2021-01-05,GARCH-Normal,5310,1.1492954850497048,0
2021-01-06,2021-01-05,GJR-GARCH-Normal,5310,0.8681980462449991,0
2021-01-06,2021-01-05,EGARCH-Normal,5310,0.8305370031130102,0
2021-01-07,2021-01-06,GARCH-Normal,5311,2.370075330643865,0
2021-01-07,2021-01-06,GJR-GARCH-Normal,5311,0.8006496203538163,0
2021-01-07,2021-01-06,EGARCH-Normal,5311,0.7637483305723118,0
2021-01-08,2021-01-07,GARCH-Normal,5312,2.0799959119350517,0
2021-01-08,2021-01-07,GJR-GARCH-Normal,5312,0.7369087746639552,0
2021-01-08,2021-01-07,EGARCH-Normal,5312,0.6924963148470292,0
2021-01-11,2021-01-08,GARCH-Normal,5313,1.8304785817342533,0
2021-01-11,2021-01-08,GJR-GARCH-Normal,5313,0.6799209738103721,0
2021-01-11,2021-01-08,EGARCH-Normal,5313,0.6294651707622547,0
2021-01-12,2021-01-11,GARCH-Normal,5314,1.7598282221215693,0
2021-01-12,2021-01-11,GJR-GARCH-Normal,5314,0.833651982620207,0
2021-01-12,2021-01-11,EGARCH-Normal,5314,0.8127567141979243,0
2021-01-13,2021-01-12,GARCH-Normal,5315,1.604534566376106,0
2021-01-13,2021-01-12,GJR-GARCH-Normal,5315,0.8394234132891624,0
2021-01-13,2021-01-12,EGARCH-Normal,5315,0.8839709776990595,0
2021-01-14,2021-01-13,GARCH-Normal,5316,1.417097606758276,0
2021-01-14,2021-01-13,GJR-GARCH-Normal,5316,0.7742129488569801,0
2021-01-14,2021-01-13,EGARCH-Normal,5316,0.8267578621974266,0
2021-01-15,2021-01-14,GARCH-Normal,5317,1.3265847397510426,0
2021-01-15,2021-01-14,GJR-GARCH-Normal,5317,0.7134744915514039,0
2021-01-15,2021-01-14,EGARCH-Normal,5317,0.7505725738804594,0
2021-01-18,2021-01-15,GARCH-Normal,5318,1.2932011778753354,0
2021-01-18,2021-01-15,GJR-GARCH-Normal,5318,0.8226547611822009,0
2021-01-18,2021-01-15,EGARCH-Normal,5318,0.9058941980348187,0
2021-01-19,2021-01-18,GARCH-Normal,5319,1.1513357188069278,0
2021-01-19,2021-01-18,GJR-GARCH-Normal,5319,0.764858009993434,0
2021-01-19,2021-01-18,EGARCH-Normal,5319,0.8687007428106489,0
2021-01-20,2021-01-19,GARCH-Normal,5320,1.0227640261102233,0
2021-01-20,2021-01-19,GJR-GARCH-Normal,5320,0.7070748308832924,0
2021-01-20,2021-01-19,EGARCH-Normal,5320,0.8109327757475402,0
2021-01-21,2021-01-20,GARCH-Normal,5321,0.9246905139574115,0
2021-01-21,2021-01-20,GJR-GARCH-Normal,5321,0.6533481815129353,0
2021-01-21,2021-01-20,EGARCH-Normal,5321,0.7366106218794891,0
2021-01-22,2021-01-21,GARCH-Normal,5322,0.8421692816909918,0
2021-01-22,2021-01-21,GJR-GARCH-Normal,5322,0.6283898847817363,0
2021-01-22,2021-01-21,EGARCH-Normal,5322,0.7458361111645221,0
2021-01-25,2021-01-22,GARCH-Normal,5323,0.7642710376152343,0
2021-01-25,2021-01-22,GJR-GARCH-Normal,5323,0.5981617840221292,0
2021-01-25,2021-01-22,EGARCH-Normal,5323,0.7395384384150133,0
2021-01-26,2021-01-25,GARCH-Normal,5324,0.7741471577394102,0
2021-01-26,2021-01-25,GJR-GARCH-Normal,5324,0.6766639917414464,0
2021-01-26,2021-01-25,EGARCH-Normal,5324,0.8592283966050722,0
2021-01-27,2021-01-26,GARCH-Normal,5325,0.696274694946035,0
2021-01-27,2021-01-26,GJR-GARCH-Normal,5325,0.6261037133136325,0
2021-01-27,2021-01-26,EGARCH-Normal,5325,0.7799083669533865,0
2021-01-28,2021-01-27,GARCH-Normal,5326,0.8376730437816104,0
2021-01-28,2021-01-27,GJR-GARCH-Normal,5326,0.8737596035611668,0
2021-01-28,2021-01-27,EGARCH-Normal,5326,1.0273731349336754,0
2021-01-29,2021-01-28,GARCH-Normal,5327,0.799096895454788,0
2021-01-29,2021-01-28,GJR-GARCH-Normal,5327,0.8693499910994005,0
2021-01-29,2021-01-28,EGARCH-Normal,5327,1.0839672496645247,0
2021-02-01,2021-01-29,GARCH-Normal,5328,1.124189674361819,0
2021-02-01,2021-01-29,GJR-GARCH-Normal,5328,1.3764752113474181,0
2021-02-01,2021-01-29,EGARCH-Normal,5328,1.5238603295594646,0
2021-02-02,2021-02-01,GARCH-Normal,5329,1.0882048688537946,0
2021-02-02,2021-02-01,GJR-GARCH-Normal,5329,1.251848765594549,0
2021-02-02,2021-02-01,EGARCH-Normal,5329,1.3669972294790258,0
2021-02-03,2021-02-02,GARCH-Normal,5330,1.0301802959820703,0
2021-02-03,2021-02-02,GJR-GARCH-Normal,5330,1.1404624914610972,0
2021-02-03,2021-02-02,EGARCH-Normal,5330,1.22905486858948,0
2021-02-04,2021-02-03,GARCH-Normal,5331,0.9185395557953092,0
2021-02-04,2021-02-03,GJR-GARCH-Normal,5331,1.0437335070624818,0
2021-02-04,2021-02-03,EGARCH-Normal,5331,1.1406170501370434,0
2021-02-05,2021-02-04,GARCH-Normal,5332,0.8192225863329962,0
2021-02-05,2021-02-04,GJR-GARCH-Normal,5332,0.9550223891434432,0
2021-02-05,2021-02-04,EGARCH-Normal,5332,1.0431352582407305,0
2021-02-08,2021-02-05,GARCH-Normal,5333,0.7393284908959794,0
2021-02-08,2021-02-05,GJR-GARCH-Normal,5333,0.8832581584936732,0
2021-02-08,2021-02-05,EGARCH-Normal,5333,0.9941640251856853,0
2021-02-09,2021-02-08,GARCH-Normal,5334,0.6907427323320595,0
2021-02-09,2021-02-08,GJR-GARCH-Normal,5334,0.8111160004677166,0
2021-02-09,2021-02-08,EGARCH-Normal,5334,0.8996730069768322,0
2021-02-10,2021-02-09,GARCH-Normal,5335,0.6208507102114869,0
2021-02-10,2021-02-09,GJR-GARCH-Normal,5335,0.7465108316202239,0
2021-02-10,2021-02-09,EGARCH-Normal,5335,0.81597185974156,0
2021-02-11,2021-02-10,GARCH-Normal,5336,0.561387190915552,0
2021-02-11,2021-02-10,GJR-GARCH-Normal,5336,0.6905683418021534,0
2021-02-11,2021-02-10,EGARCH-Normal,5336,0.7624422530670032,0
2021-02-12,2021-02-11,GARCH-Normal,5337,0.5072750952168543,0
2021-02-12,2021-02-11,GJR-GARCH-Normal,5337,0.6385622276852512,0
2021-02-12,2021-02-11,EGARCH-Normal,5337,0.6933693495111842,0
2021-02-15,2021-02-12,GARCH-Normal,5338,0.555762336446996,0
2021-02-15,2021-02-12,GJR-GARCH-Normal,5338,0.5922623564482891,0
2021-02-15,2021-02-12,EGARCH-Normal,5338,0.6318561186965077,0
2021-02-16,2021-02-15,GARCH-Normal,5339,1.208944190941269,0
2021-02-16,2021-02-15,GJR-GARCH-Normal,5339,0.5531685887448234,0
2021-02-16,2021-02-15,EGARCH-Normal,5339,0.5773820996715062,0
2021-02-17,2021-02-16,GARCH-Normal,5340,1.0733635781205106,0
2021-02-17,2021-02-16,GJR-GARCH-Normal,5340,0.5175258101257857,0
2021-02-17,2021-02-16,EGARCH-Normal,5340,0.5460236527185465,0
2021-02-18,2021-02-17,GARCH-Normal,5341,0.9951871516799191,0
2021-02-18,2021-02-17,GJR-GARCH-Normal,5341,0.5374152615941535,0
2021-02-18,2021-02-17,EGARCH-Normal,5341,0.6039096344174261,0
2021-02-19,2021-02-18,GARCH-Normal,5342,1.1266379197206877,0
2021-02-19,2021-02-18,GJR-GARCH-Normal,5342,0.8365517857471723,0
2021-02-19,2021-02-18,EGARCH-Normal,5342,0.8656154722693262,0
2021-02-22,2021-02-19,GARCH-Normal,5343,1.0005236329562517,0
2021-02-22,2021-02-19,GJR-GARCH-Normal,5343,0.7697298266143286,0
2021-02-22,2021-02-19,EGARCH-Normal,5343,0.786671980566067,0
2021-02-23,2021-02-22,GARCH-Normal,5344,0.8956437165470709,0
2021-02-23,2021-02-22,GJR-GARCH-Normal,5344,0.7150796661327063,0
2021-02-23,2021-02-22,EGARCH-Normal,5344,0.7513058248665221,0
2021-02-24,2021-02-23,GARCH-Normal,5345,0.8027668960378189,0
2021-02-24,2021-02-23,GJR-GARCH-Normal,5345,0.6610553814149074,0
2021-02-24,2021-02-23,EGARCH-Normal,5345,0.6844178471244629,0
2021-02-25,2021-02-24,GARCH-Normal,5346,0.7434878466712632,0
2021-02-25,2021-02-24,GJR-GARCH-Normal,5346,0.6126990220840994,0
2021-02-25,2021-02-24,EGARCH-Normal,5346,0.624030953183651,0
2021-02-26,2021-02-25,GARCH-Normal,5347,0.668963752536407,0
2021-02-26,2021-02-25,GJR-GARCH-Normal,5347,0.5710272758675915,0
2021-02-26,2021-02-25,EGARCH-Normal,5347,0.588260959230523,0
2021-03-01,2021-02-26,GARCH-Normal,5348,1.3825511460160707,0
2021-03-01,2021-02-26,GJR-GARCH-Normal,5348,1.6458858712857998,0
2021-03-01,2021-02-26,EGARCH-Normal,5348,1.2359208321086537,0
2021-03-02,2021-03-01,GARCH-Normal,5349,1.5112654411199595,0
2021-03-02,2021-03-01,GJR-GARCH-Normal,5349,1.4967811503268589,0
2021-03-02,2021-03-01,EGARCH-Normal,5349,1.1121277757826349,0
2021-03-03,2021-03-02,GARCH-Normal,5350,1.34966213972766,0
2021-03-03,2021-03-02,GJR-GARCH-Normal,5350,1.360810663316356,0
2021-03-03,2021-03-02,EGARCH-Normal,5350,1.0054795079177739,0
2021-03-04,2021-03-03,GARCH-Normal,5351,1.2878640040823854,0
2021-03-04,2021-03-03,GJR-GARCH-Normal,5351,1.2399237692977556,0
2021-03-04,2021-03-03,EGARCH-Normal,5351,0.909323456677689,0
2021-03-05,2021-03-04,GARCH-Normal,5352,1.1602164857804922,0
2021-03-05,2021-03-04,GJR-GARCH-Normal,5352,1.1538892530128453,0
2021-03-05,2021-03-04,EGARCH-Normal,5352,0.9077056653269934,0
2021-03-08,2021-03-05,GARCH-Normal,5353,1.043874577348385,0
2021-03-08,2021-03-05,GJR-GARCH-Normal,5353,1.0699765282382299,0
2021-03-08,2021-03-05,EGARCH-Normal,5353,0.891787417127269,0
2021-03-09,2021-03-08,GARCH-Normal,5354,1.122036526952906,0
2021-03-09,2021-03-08,GJR-GARCH-Normal,5354,0.9798676019365209,0
2021-03-09,2021-03-08,EGARCH-Normal,5354,0.8071032550648416,0
2021-03-10,2021-03-09,GARCH-Normal,5355,0.9994028342032003,0
2021-03-10,2021-03-09,GJR-GARCH-Normal,5355,0.8987100396254826,0
2021-03-10,2021-03-09,EGARCH-Normal,5355,0.7349372209624624,0
2021-03-11,2021-03-10,GARCH-Normal,5356,0.8917167465453449,0
2021-03-11,2021-03-10,GJR-GARCH-Normal,5356,0.826698261020854,0
2021-03-11,2021-03-10,EGARCH-Normal,5356,0.6829067939747021,0
2021-03-12,2021-03-11,GARCH-Normal,5357,0.7986961895427813,0
2021-03-12,2021-03-11,GJR-GARCH-Normal,5357,0.761412781460065,0
2021-03-12,2021-03-11,EGARCH-Normal,5357,0.6238717577076837,0
2021-03-15,2021-03-12,GARCH-Normal,5358,0.7278810998845041,0
2021-03-15,2021-03-12,GJR-GARCH-Normal,5358,0.7028624114629543,0
2021-03-15,2021-03-12,EGARCH-Normal,5358,0.5703108025620259,0
2021-03-16,2021-03-15,GARCH-Normal,5359,0.6584809845721215,0
2021-03-16,2021-03-15,GJR-GARCH-Normal,5359,0.6551761332787479,0
2021-03-16,2021-03-15,EGARCH-Normal,5359,0.5523788667977502,0
2021-03-17,2021-03-16,GARCH-Normal,5360,0.6600776670581939,0
2021-03-17,2021-03-16,GJR-GARCH-Normal,5360,0.6077236524903521,0
2021-03-17,2021-03-16,EGARCH-Normal,5360,0.5049748836253088,0
2021-03-18,2021-03-17,GARCH-Normal,5361,0.6411809219548079,0
2021-03-18,2021-03-17,GJR-GARCH-Normal,5361,0.6255663283148306,0
2021-03-18,2021-03-17,EGARCH-Normal,5361,0.5711385350110213,0
2021-03-19,2021-03-18,GARCH-Normal,5362,0.5833682184476487,0
2021-03-19,2021-03-18,GJR-GARCH-Normal,5362,0.5809750959140848,0
2021-03-19,2021-03-18,EGARCH-Normal,5362,0.5231888080450865,0
2021-03-22,2021-03-19,GARCH-Normal,5363,0.6638992456942194,0
2021-03-22,2021-03-19,GJR-GARCH-Normal,5363,0.7269842940684133,0
2021-03-22,2021-03-19,EGARCH-Normal,5363,0.6874559082390465,0
2021-03-23,2021-03-22,GARCH-Normal,5364,0.6037810554961967,0
2021-03-23,2021-03-22,GJR-GARCH-Normal,5364,0.6720029867897358,0
2021-03-23,2021-03-22,EGARCH-Normal,5364,0.6276368058365355,0
2021-03-24,2021-03-23,GARCH-Normal,5365,0.567129761591503,0
2021-03-24,2021-03-23,GJR-GARCH-Normal,5365,0.6491911745896396,0
2021-03-24,2021-03-23,EGARCH-Normal,5365,0.6495809468496264,0
2021-03-25,2021-03-24,GARCH-Normal,5366,0.5168149074274742,0
2021-03-25,2021-03-24,GJR-GARCH-Normal,5366,0.6022447613406933,0
2021-03-25,2021-03-24,EGARCH-Normal,5366,0.5937795918107626,0
2021-03-26,2021-03-25,GARCH-Normal,5367,0.5114694257795563,0
2021-03-26,2021-03-25,GJR-GARCH-Normal,5367,0.6139872453483053,0
2021-03-26,2021-03-25,EGARCH-Normal,5367,0.6515998485718878,0
2021-03-29,2021-03-26,GARCH-Normal,5368,0.5688821675511025,0
2021-03-29,2021-03-26,GJR-GARCH-Normal,5368,0.570891843913772,0
2021-03-29,2021-03-26,EGARCH-Normal,5368,0.593567145870182,0
2021-03-30,2021-03-29,GARCH-Normal,5369,0.516162307321485,0
2021-03-30,2021-03-29,GJR-GARCH-Normal,5369,0.5326259097405383,0
2021-03-30,2021-03-29,EGARCH-Normal,5369,0.5539898367543874,0
2021-03-31,2021-03-30,GARCH-Normal,5370,0.4977577430155631,0
2021-03-31,2021-03-30,GJR-GARCH-Normal,5370,0.49776595911454985,0
2021-03-31,2021-03-30,EGARCH-Normal,5370,0.5070502225623008,0
2021-04-01,2021-03-31,GARCH-Normal,5371,0.5467502103545318,0
2021-04-01,2021-03-31,GJR-GARCH-Normal,5371,0.5924723907256809,0
2021-04-01,2021-03-31,EGARCH-Normal,5371,0.628457697364408,0
2021-04-06,2021-04-01,GARCH-Normal,5372,0.5075558320190625,0
2021-04-06,2021-04-01,GJR-GARCH-Normal,5372,0.551415270676318,0
2021-04-06,2021-04-01,EGARCH-Normal,5372,0.5744124246298125,0
2021-04-07,2021-04-06,GARCH-Normal,5373,0.6389392420535183,0
2021-04-07,2021-04-06,GJR-GARCH-Normal,5373,0.5149482142749825,0
2021-04-07,2021-04-06,EGARCH-Normal,5373,0.523720753385095,0
2021-04-08,2021-04-07,GARCH-Normal,5374,0.6627398950028288,0
2021-04-08,2021-04-07,GJR-GARCH-Normal,5374,0.48210701703148756,0
2021-04-08,2021-04-07,EGARCH-Normal,5374,0.4790040528648972,0
2021-04-09,2021-04-08,GARCH-Normal,5375,0.6686833198339747,0
2021-04-09,2021-04-08,GJR-GARCH-Normal,5375,0.4526502942534133,0
2021-04-09,2021-04-08,EGARCH-Normal,5375,0.43895821103753957,0
2021-04-12,2021-04-09,GARCH-Normal,5376,0.6218477842925584,0
2021-04-12,2021-04-09,GJR-GARCH-Normal,5376,0.4500228650939002,0
2021-04-12,2021-04-09,EGARCH-Normal,5376,0.4649952727095068,0
2021-04-13,2021-04-12,GARCH-Normal,5377,0.5816312638205331,0
2021-04-13,2021-04-12,GJR-GARCH-Normal,5377,0.44840331501685454,0
2021-04-13,2021-04-12,EGARCH-Normal,5377,0.49117357282244684,0
2021-04-14,2021-04-13,GARCH-Normal,5378,0.5262479402969458,0
2021-04-14,2021-04-13,GJR-GARCH-Normal,5378,0.4221852654368855,0
2021-04-14,2021-04-13,EGARCH-Normal,5378,0.4517265776691503,0
2021-04-15,2021-04-14,GARCH-Normal,5379,0.530665633912596,0
2021-04-15,2021-04-14,GJR-GARCH-Normal,5379,0.39887068949777127,0
2021-04-15,2021-04-14,EGARCH-Normal,5379,0.41450960298392825,0
2021-04-16,2021-04-15,GARCH-Normal,5380,0.5228167074541359,0
2021-04-16,2021-04-15,GJR-GARCH-Normal,5380,0.3779265824195635,0
2021-04-16,2021-04-15,EGARCH-Normal,5380,0.38106080365289513,0
2021-04-19,2021-04-16,GARCH-Normal,5381,0.501489402219836,0
2021-04-19,2021-04-16,GJR-GARCH-Normal,5381,0.35907320068634097,0
2021-04-19,2021-04-16,EGARCH-Normal,5381,0.35100820038496955,0
2021-04-20,2021-04-19,GARCH-Normal,5382,0.46749012594787204,0
2021-04-20,2021-04-19,GJR-GARCH-Normal,5382,0.35463703934237795,0
2021-04-20,2021-04-19,EGARCH-Normal,5382,0.3634356087374713,0
2021-04-21,2021-04-20,GARCH-Normal,5383,0.9133007776779214,0
2021-04-21,2021-04-20,GJR-GARCH-Normal,5383,1.0243723818467825,0
2021-04-21,2021-04-20,EGARCH-Normal,5383,0.7699944244216849,0
2021-04-22,2021-04-21,GARCH-Normal,5384,0.8418364264836488,0
2021-04-22,2021-04-21,GJR-GARCH-Normal,5384,0.9384464977034274,0
2021-04-22,2021-04-21,EGARCH-Normal,5384,0.7006887628735002,0
2021-04-23,2021-04-22,GARCH-Normal,5385,0.7927339166034221,0
2021-04-23,2021-04-22,GJR-GARCH-Normal,5385,0.8618197834979969,0
2021-04-23,2021-04-22,EGARCH-Normal,5385,0.6385917467244493,0
2021-04-26,2021-04-23,GARCH-Normal,5386,0.7105775256090378,0
2021-04-26,2021-04-23,GJR-GARCH-Normal,5386,0.7930930762322502,0
2021-04-26,2021-04-23,EGARCH-Normal,5386,0.5843826286059359,0
2021-04-27,2021-04-26,GARCH-Normal,5387,0.6506883222043607,0
2021-04-27,2021-04-26,GJR-GARCH-Normal,5387,0.7316993625811975,0
2021-04-27,2021-04-26,EGARCH-Normal,5387,0.5349670148091273,0
2021-04-28,2021-04-27,GARCH-Normal,5388,0.5966967373030856,0
2021-04-28,2021-04-27,GJR-GARCH-Normal,5388,0.687660128164712,0
2021-04-28,2021-04-27,EGARCH-Normal,5388,0.5349628553258272,0
2021-04-29,2021-04-28,GARCH-Normal,5389,0.5461216606053206,0
2021-04-29,2021-04-28,GJR-GARCH-Normal,5389,0.6372835722296472,0
2021-04-29,2021-04-28,EGARCH-Normal,5389,0.49078985618547866,0
2021-04-30,2021-04-29,GARCH-Normal,5390,0.4961045218029907,0
2021-04-30,2021-04-29,GJR-GARCH-Normal,5390,0.5922382312529595,0
2021-04-30,2021-04-29,EGARCH-Normal,5390,0.45539865376054556,0
2021-05-04,2021-04-30,GARCH-Normal,5391,0.45277973072354344,0
2021-05-04,2021-04-30,GJR-GARCH-Normal,5391,0.5517019717160179,0
2021-05-04,2021-04-30,EGARCH-Normal,5391,0.4193890810835022,0
2021-05-05,2021-05-04,GARCH-Normal,5392,0.47096356232111575,0
2021-05-05,2021-05-04,GJR-GARCH-Normal,5392,0.5893984718909883,0
2021-05-05,2021-05-04,EGARCH-Normal,5392,0.49799364373611943,0
2021-05-06,2021-05-05,GARCH-Normal,5393,0.7338378315070031,0
2021-05-06,2021-05-05,GJR-GARCH-Normal,5393,0.5496524211024179,0
2021-05-06,2021-05-05,EGARCH-Normal,5393,0.4545116934604365,0
2021-05-07,2021-05-06,GARCH-Normal,5394,0.6867094944987787,0
2021-05-07,2021-05-06,GJR-GARCH-Normal,5394,0.5135230903036581,0
2021-05-07,2021-05-06,EGARCH-Normal,5394,0.41759912230000457,0
2021-05-10,2021-05-07,GARCH-Normal,5395,0.677440672054781,0
2021-05-10,2021-05-07,GJR-GARCH-Normal,5395,0.4811521623580582,0
2021-05-10,2021-05-07,EGARCH-Normal,5395,0.3838318201232104,0
2021-05-11,2021-05-10,GARCH-Normal,5396,0.6118910407469744,0
2021-05-11,2021-05-10,GJR-GARCH-Normal,5396,0.45304488788495473,0
2021-05-11,2021-05-10,EGARCH-Normal,5396,0.3657062625309005,0
2021-05-12,2021-05-11,GARCH-Normal,5397,1.285808655582523,0
2021-05-12,2021-05-11,GJR-GARCH-Normal,5397,1.4599845301064343,0
2021-05-12,2021-05-11,EGARCH-Normal,5397,0.9377686900222505,0
2021-05-13,2021-05-12,GARCH-Normal,5398,1.2094723833881484,0
2021-05-13,2021-05-12,GJR-GARCH-Normal,5398,1.330247613554984,0
2021-05-13,2021-05-12,EGARCH-Normal,5398,0.8502374303914618,0
2021-05-14,2021-05-13,GARCH-Normal,5399,1.1183386477517943,0
2021-05-14,2021-05-13,GJR-GARCH-Normal,5399,1.2709591050971125,0
2021-05-14,2021-05-13,EGARCH-Normal,5399,0.9038258754747581,0
2021-05-17,2021-05-14,GARCH-Normal,5400,1.1365953341788992,0
2021-05-17,2021-05-14,GJR-GARCH-Normal,5400,1.1617888221828017,0
2021-05-17,2021-05-14,EGARCH-Normal,5400,0.8203378501307131,0
2021-05-18,2021-05-17,GARCH-Normal,5401,1.0145230572496116,0
2021-05-18,2021-05-17,GJR-GARCH-Normal,5401,1.0667248407872565,0
2021-05-18,2021-05-17,EGARCH-Normal,5401,0.7762972459216864,0
2021-05-19,2021-05-18,GARCH-Normal,5402,0.9044960884657537,0
2021-05-19,2021-05-18,GJR-GARCH-Normal,5402,0.9780432619066776,0
2021-05-19,2021-05-18,EGARCH-Normal,5402,0.7075684602931319,0
2021-05-20,2021-05-19,GARCH-Normal,5403,0.9820740861525641,0
2021-05-20,2021-05-19,GJR-GARCH-Normal,5403,1.1354578305184944,0
2021-05-20,2021-05-19,EGARCH-Normal,5403,0.9171620993318801,0
2021-05-21,2021-05-20,GARCH-Normal,5404,0.9820631382047545,0
2021-05-21,2021-05-20,GJR-GARCH-Normal,5404,1.0401711063813661,0
2021-05-21,2021-05-20,EGARCH-Normal,5404,0.8320107226584406,0
2021-05-24,2021-05-21,GARCH-Normal,5405,0.8766380807272495,0
2021-05-24,2021-05-21,GJR-GARCH-Normal,5405,0.9544230227469181,0
2021-05-24,2021-05-21,EGARCH-Normal,5405,0.7607488308196229,0
2021-05-25,2021-05-24,GARCH-Normal,5406,0.8067297743240263,0
2021-05-25,2021-05-24,GJR-GARCH-Normal,5406,0.8775095169096062,0
2021-05-25,2021-05-24,EGARCH-Normal,5406,0.6931746114734101,0
2021-05-26,2021-05-25,GARCH-Normal,5407,0.736720953896722,0
2021-05-26,2021-05-25,GJR-GARCH-Normal,5407,0.8237965649160526,0
2021-05-26,2021-05-25,EGARCH-Normal,5407,0.6925624868300444,0
2021-05-27,2021-05-26,GARCH-Normal,5408,0.662859897694637,0
2021-05-27,2021-05-26,GJR-GARCH-Normal,5408,0.7604230716268849,0
2021-05-27,2021-05-26,EGARCH-Normal,5408,0.639388525698055,0
2021-05-28,2021-05-27,GARCH-Normal,5409,0.5997749566690261,0
2021-05-28,2021-05-27,GJR-GARCH-Normal,5409,0.7048407574735982,0
2021-05-28,2021-05-27,EGARCH-Normal,5409,0.6027044648254731,0
2021-06-01,2021-05-28,GARCH-Normal,5410,0.5425273390258837,0
2021-06-01,2021-05-28,GJR-GARCH-Normal,5410,0.6532862182956595,0
2021-06-01,2021-05-28,EGARCH-Normal,5410,0.5525014160405618,0
2021-06-02,2021-06-01,GARCH-Normal,5411,0.5635790493273972,0
2021-06-02,2021-06-01,GJR-GARCH-Normal,5411,0.6071231287245797,0
2021-06-02,2021-06-01,EGARCH-Normal,5411,0.5059794435162446,0
2021-06-03,2021-06-02,GARCH-Normal,5412,0.5253004284362128,0
2021-06-03,2021-06-02,GJR-GARCH-Normal,5412,0.5654612679309641,0
2021-06-03,2021-06-02,EGARCH-Normal,5412,0.46475521610139964,0
2021-06-04,2021-06-03,GARCH-Normal,5413,0.5256427688480182,0
2021-06-04,2021-06-03,GJR-GARCH-Normal,5413,0.589654378281642,0
2021-06-04,2021-06-03,EGARCH-Normal,5413,0.5327178052187423,0
2021-06-07,2021-06-04,GARCH-Normal,5414,0.4779466712903716,0
2021-06-07,2021-06-04,GJR-GARCH-Normal,5414,0.5497311585729455,0
2021-06-07,2021-06-04,EGARCH-Normal,5414,0.4894124365411081,0
2021-06-08,2021-06-07,GARCH-Normal,5415,0.43690551796396104,0
2021-06-08,2021-06-07,GJR-GARCH-Normal,5415,0.5138165790678285,0
2021-06-08,2021-06-07,EGARCH-Normal,5415,0.45020233918576275,0
2021-06-09,2021-06-08,GARCH-Normal,5416,0.4057590853666798,0
2021-06-09,2021-06-08,GJR-GARCH-Normal,5416,0.4815236855880813,0
2021-06-09,2021-06-08,EGARCH-Normal,5416,0.41450598192678717,0
2021-06-10,2021-06-09,GARCH-Normal,5417,0.37920212098169,0
2021-06-10,2021-06-09,GJR-GARCH-Normal,5417,0.4587291494238634,0
2021-06-10,2021-06-09,EGARCH-Normal,5417,0.41138052565781863,0
2021-06-11,2021-06-10,GARCH-Normal,5418,0.35030193121440717,0
2021-06-11,2021-06-10,GJR-GARCH-Normal,5418,0.4319391405017056,0
2021-06-11,2021-06-10,EGARCH-Normal,5418,0.37946974216443263,0
2021-06-14,2021-06-11,GARCH-Normal,5419,0.367918429285096,0
2021-06-14,2021-06-11,GJR-GARCH-Normal,5419,0.408121401349112,0
2021-06-14,2021-06-11,EGARCH-Normal,5419,0.3500482521423559,0
2021-06-15,2021-06-14,GARCH-Normal,5420,0.34232619829004407,0
2021-06-15,2021-06-14,GJR-GARCH-Normal,5420,0.3864376019552552,0
2021-06-15,2021-06-14,EGARCH-Normal,5420,0.32371141318501273,0
2021-06-16,2021-06-15,GARCH-Normal,5421,0.3299453262785664,0
2021-06-16,2021-06-15,GJR-GARCH-Normal,5421,0.3670090030364774,0
2021-06-16,2021-06-15,EGARCH-Normal,5421,0.29959834907362115,0
2021-06-17,2021-06-16,GARCH-Normal,5422,0.3090384149378843,0
2021-06-17,2021-06-16,GJR-GARCH-Normal,5422,0.3494505463369395,0
2021-06-17,2021-06-16,EGARCH-Normal,5422,0.2777496936502865,0
2021-06-18,2021-06-17,GARCH-Normal,5423,0.3146928642224818,0
2021-06-18,2021-06-17,GJR-GARCH-Normal,5423,0.36555856296935046,0
2021-06-18,2021-06-17,EGARCH-Normal,5423,0.3159973388405829,0
2021-06-21,2021-06-18,GARCH-Normal,5424,0.7297426285187605,0
2021-06-21,2021-06-18,GJR-GARCH-Normal,5424,0.9539649667862373,0
2021-06-21,2021-06-18,EGARCH-Normal,5424,0.676300265942664,0
2021-06-22,2021-06-21,GARCH-Normal,5425,0.6975043473637954,0
2021-06-22,2021-06-21,GJR-GARCH-Normal,5425,0.8767961634389566,0
2021-06-22,2021-06-21,EGARCH-Normal,5425,0.61739990310835,0
2021-06-23,2021-06-22,GARCH-Normal,5426,0.6425881714923236,0
2021-06-23,2021-06-22,GJR-GARCH-Normal,5426,0.8075533477593435,0
2021-06-23,2021-06-22,EGARCH-Normal,5426,0.5650601130390508,0
2021-06-24,2021-06-23,GARCH-Normal,5427,0.5876934667224095,0
2021-06-24,2021-06-23,GJR-GARCH-Normal,5427,0.7534649276900152,0
2021-06-24,2021-06-23,EGARCH-Normal,5427,0.5567422675737411,0
2021-06-25,2021-06-24,GARCH-Normal,5428,0.557886787243294,0
2021-06-25,2021-06-24,GJR-GARCH-Normal,5428,0.6971271608033736,0
2021-06-25,2021-06-24,EGARCH-Normal,5428,0.5103357707102213,0
2021-06-28,2021-06-25,GARCH-Normal,5429,0.5190889720426196,0
2021-06-28,2021-06-25,GJR-GARCH-Normal,5429,0.6465498470712656,0
2021-06-28,2021-06-25,EGARCH-Normal,5429,0.4688618216404275,0
2021-06-29,2021-06-28,GARCH-Normal,5430,0.5686909217397327,0
2021-06-29,2021-06-28,GJR-GARCH-Normal,5430,0.7292838406946412,0
2021-06-29,2021-06-28,EGARCH-Normal,5430,0.5914903019945137,0
2021-06-30,2021-06-29,GARCH-Normal,5431,0.5193212941170877,0
2021-06-30,2021-06-29,GJR-GARCH-Normal,5431,0.6754279046644781,0
2021-06-30,2021-06-29,EGARCH-Normal,5431,0.5423199261661713,0
2021-07-01,2021-06-30,GARCH-Normal,5432,0.5351252161255302,0
2021-07-01,2021-06-30,GJR-GARCH-Normal,5432,0.7085373350428303,0
2021-07-01,2021-06-30,EGARCH-Normal,5432,0.6288974370784652,0
2021-07-02,2021-07-01,GARCH-Normal,5433,0.6515689407388393,0
2021-07-02,2021-07-01,GJR-GARCH-Normal,5433,0.6571894708858853,0
2021-07-02,2021-07-01,EGARCH-Normal,5433,0.573784542899263,0
2021-07-05,2021-07-02,GARCH-Normal,5434,0.5885508314076885,0
2021-07-05,2021-07-02,GJR-GARCH-Normal,5434,0.61078217134541,0
2021-07-05,2021-07-02,EGARCH-Normal,5434,0.5300546871682318,0
2021-07-06,2021-07-05,GARCH-Normal,5435,0.5674694104863033,0
2021-07-06,2021-07-05,GJR-GARCH-Normal,5435,0.5690753700343089,0
2021-07-06,2021-07-05,EGARCH-Normal,5435,0.48619215193115084,0
2021-07-07,2021-07-06,GARCH-Normal,5436,0.6127800081799846,0
2021-07-07,2021-07-06,GJR-GARCH-Normal,5436,0.6622302953096787,0
2021-07-07,2021-07-06,EGARCH-Normal,5436,0.6113175508768415,0
2021-07-08,2021-07-07,GARCH-Normal,5437,0.6053207529299034,0
2021-07-08,2021-07-07,GJR-GARCH-Normal,5437,0.6153393984331423,0
2021-07-08,2021-07-07,EGARCH-Normal,5437,0.55904654847645,0
2021-07-09,2021-07-08,GARCH-Normal,5438,0.8871704295979942,0
2021-07-09,2021-07-08,GJR-GARCH-Normal,5438,1.043105791167937,0
2021-07-09,2021-07-08,EGARCH-Normal,5438,0.8926600280749972,0
2021-07-12,2021-07-09,GARCH-Normal,5439,0.9734283832580453,0
2021-07-12,2021-07-09,GJR-GARCH-Normal,5439,0.9580267201820791,0
2021-07-12,2021-07-09,EGARCH-Normal,5439,0.8098596312753649,0
2021-07-13,2021-07-12,GARCH-Normal,5440,0.8684775192613639,0
2021-07-13,2021-07-12,GJR-GARCH-Normal,5440,0.8806533408424733,0
2021-07-13,2021-07-12,EGARCH-Normal,5440,0.738287640313577,0
2021-07-14,2021-07-13,GARCH-Normal,5441,0.7775007479017343,0
2021-07-14,2021-07-13,GJR-GARCH-Normal,5441,0.8113625720505838,0
2021-07-14,2021-07-13,EGARCH-Normal,5441,0.6748411633532186,0
2021-07-15,2021-07-14,GARCH-Normal,5442,0.7268584084960907,0
2021-07-15,2021-07-14,GJR-GARCH-Normal,5442,0.7849346522402869,0
2021-07-15,2021-07-14,EGARCH-Normal,5442,0.708877286078518,0
2021-07-16,2021-07-15,GARCH-Normal,5443,0.8051303723773149,0
2021-07-16,2021-07-15,GJR-GARCH-Normal,5443,0.9306139102128633,0
2021-07-16,2021-07-15,EGARCH-Normal,5443,0.8960464443994409,0
2021-07-19,2021-07-16,GARCH-Normal,5444,0.723117518643696,0
2021-07-19,2021-07-16,GJR-GARCH-Normal,5444,0.8567172720810691,0
2021-07-19,2021-07-16,EGARCH-Normal,5444,0.8257815820135477,0
2021-07-20,2021-07-19,GARCH-Normal,5445,1.302050604551842,0
2021-07-20,2021-07-19,GJR-GARCH-Normal,5445,1.70587589737406,0
2021-07-20,2021-07-19,EGARCH-Normal,5445,1.4226136661451054,0
2021-07-21,2021-07-20,GARCH-Normal,5446,1.1837210945794745,0
2021-07-21,2021-07-20,GJR-GARCH-Normal,5446,1.5514782397435953,0
2021-07-21,2021-07-20,EGARCH-Normal,5446,1.281212042005115,0
2021-07-22,2021-07-21,GARCH-Normal,5447,1.3650562349993667,0
2021-07-22,2021-07-21,GJR-GARCH-Normal,5447,1.415485817942083,0
2021-07-22,2021-07-21,EGARCH-Normal,5447,1.1536649052626475,0
2021-07-23,2021-07-22,GARCH-Normal,5448,1.234234715435387,0
2021-07-23,2021-07-22,GJR-GARCH-Normal,5448,1.321017106461893,0
2021-07-23,2021-07-22,EGARCH-Normal,5448,1.1502037701814545,0
2021-07-26,2021-07-23,GARCH-Normal,5449,1.1718706197773452,0
2021-07-26,2021-07-23,GJR-GARCH-Normal,5449,1.2070931779156184,0
2021-07-26,2021-07-23,EGARCH-Normal,5449,1.0393450748623732,0
2021-07-27,2021-07-26,GARCH-Normal,5450,1.0426198909041724,0
2021-07-27,2021-07-26,GJR-GARCH-Normal,5450,1.104771953293549,0
2021-07-27,2021-07-26,EGARCH-Normal,5450,0.9488431638348781,0
2021-07-28,2021-07-27,GARCH-Normal,5451,0.9525166951696763,0
2021-07-28,2021-07-27,GJR-GARCH-Normal,5451,1.0408559804716757,0
2021-07-28,2021-07-27,EGARCH-Normal,5451,0.9565038517682198,0
2021-07-29,2021-07-28,GARCH-Normal,5452,0.8587083497660866,0
2021-07-29,2021-07-28,GJR-GARCH-Normal,5452,0.9555292696707676,0
2021-07-29,2021-07-28,EGARCH-Normal,5452,0.8692041039246631,0
2021-07-30,2021-07-29,GARCH-Normal,5453,0.8498746976440854,0
2021-07-30,2021-07-29,GJR-GARCH-Normal,5453,0.8790125799349924,0
2021-07-30,2021-07-29,EGARCH-Normal,5453,0.7893816367793242,0
2021-08-02,2021-07-30,GARCH-Normal,5454,0.8146204340138516,0
2021-08-02,2021-07-30,GJR-GARCH-Normal,5454,0.8790224922104714,0
2021-08-02,2021-07-30,EGARCH-Normal,5454,0.8604429672065674,0
2021-08-03,2021-08-02,GARCH-Normal,5455,0.7811118234596649,0
2021-08-03,2021-08-02,GJR-GARCH-Normal,5455,0.8102071938297869,0
2021-08-03,2021-08-02,EGARCH-Normal,5455,0.7821420158137423,0
2021-08-04,2021-08-03,GARCH-Normal,5456,0.7119669725705101,0
2021-08-04,2021-08-03,GJR-GARCH-Normal,5456,0.7482508190937129,0
2021-08-04,2021-08-03,EGARCH-Normal,5456,0.7133056177494179,0
2021-08-05,2021-08-04,GARCH-Normal,5457,0.6465871345687645,0
2021-08-05,2021-08-04,GJR-GARCH-Normal,5457,0.6925024524840036,0
2021-08-05,2021-08-04,EGARCH-Normal,5457,0.6518764286939979,0
2021-08-06,2021-08-05,GARCH-Normal,5458,0.584516679380086,0
2021-08-06,2021-08-05,GJR-GARCH-Normal,5458,0.6426346272619841,0
2021-08-06,2021-08-05,EGARCH-Normal,5458,0.6047758396330511,0
2021-08-09,2021-08-06,GARCH-Normal,5459,0.5294562215678815,0
2021-08-09,2021-08-06,GJR-GARCH-Normal,5459,0.5974198980032148,0
2021-08-09,2021-08-06,EGARCH-Normal,5459,0.5548917578064405,0
2021-08-10,2021-08-09,GARCH-Normal,5460,0.4823649152968453,0
2021-08-10,2021-08-09,GJR-GARCH-Normal,5460,0.5567220309702609,0
2021-08-10,2021-08-09,EGARCH-Normal,5460,0.5095661242088799,0
2021-08-11,2021-08-10,GARCH-Normal,5461,0.45567067849664955,0
2021-08-11,2021-08-10,GJR-GARCH-Normal,5461,0.520186973930758,0
2021-08-11,2021-08-10,EGARCH-Normal,5461,0.46796272360734764,0
2021-08-12,2021-08-11,GARCH-Normal,5462,0.48815554142920703,0
2021-08-12,2021-08-11,GJR-GARCH-Normal,5462,0.4877563125260101,0
2021-08-12,2021-08-11,EGARCH-Normal,5462,0.4296591350864858,0
2021-08-13,2021-08-12,GARCH-Normal,5463,0.46418547775206426,0
2021-08-13,2021-08-12,GJR-GARCH-Normal,5463,0.48054178169407924,0
2021-08-13,2021-08-12,EGARCH-Normal,5463,0.4544307523255457,0
2021-08-16,2021-08-13,GARCH-Normal,5464,0.43615266091605853,0
2021-08-16,2021-08-13,GJR-GARCH-Normal,5464,0.45170337790650333,0
2021-08-16,2021-08-13,EGARCH-Normal,5464,0.41827150838825666,0
2021-08-17,2021-08-16,GARCH-Normal,5465,0.4994993374304926,0
2021-08-17,2021-08-16,GJR-GARCH-Normal,5465,0.5582658037841117,0
2021-08-17,2021-08-16,EGARCH-Normal,5465,0.5414818848313545,0
2021-08-18,2021-08-17,GARCH-Normal,5466,0.46895973107863026,0
2021-08-18,2021-08-17,GJR-GARCH-Normal,5466,0.5217179252536637,0
2021-08-18,2021-08-17,EGARCH-Normal,5466,0.49686530277718005,0
2021-08-19,2021-08-18,GARCH-Normal,5467,0.43311435917454166,0
2021-08-19,2021-08-18,GJR-GARCH-Normal,5467,0.4930260388886634,0
2021-08-19,2021-08-18,EGARCH-Normal,5467,0.48288914064764427,0
2021-08-20,2021-08-19,GARCH-Normal,5468,0.6827468355757359,0
2021-08-20,2021-08-19,GJR-GARCH-Normal,5468,0.8566423966525565,0
2021-08-20,2021-08-19,EGARCH-Normal,5468,0.7658859363718963,0
2021-08-23,2021-08-20,GARCH-Normal,5469,0.6315780643635497,0
2021-08-23,2021-08-20,GJR-GARCH-Normal,5469,0.7896930662903884,0
2021-08-23,2021-08-20,EGARCH-Normal,5469,0.6984327302980801,0
2021-08-24,2021-08-23,GARCH-Normal,5470,0.5787940223724602,0
2021-08-24,2021-08-23,GJR-GARCH-Normal,5470,0.7296589098912643,0
2021-08-24,2021-08-23,EGARCH-Normal,5470,0.6383551877114032,0
2021-08-25,2021-08-24,GARCH-Normal,5471,0.5295256603381925,0
2021-08-25,2021-08-24,GJR-GARCH-Normal,5471,0.6758018601986001,0
2021-08-25,2021-08-24,EGARCH-Normal,5471,0.5845374808553769,0
2021-08-26,2021-08-25,GARCH-Normal,5472,0.49258107526749423,0
2021-08-26,2021-08-25,GJR-GARCH-Normal,5472,0.6274647356268556,0
2021-08-26,2021-08-25,EGARCH-Normal,5472,0.5358417207051898,0
2021-08-27,2021-08-26,GARCH-Normal,5473,0.46624411328986903,0
2021-08-27,2021-08-26,GJR-GARCH-Normal,5473,0.6037402350512672,0
2021-08-27,2021-08-26,EGARCH-Normal,5473,0.5524569874530041,0
2021-08-31,2021-08-27,GARCH-Normal,5474,0.4360835072688717,0
2021-08-31,2021-08-27,GJR-GARCH-Normal,5474,0.5627253622403383,0
2021-08-31,2021-08-27,EGARCH-Normal,5474,0.5069507476705404,0
2021-09-01,2021-08-31,GARCH-Normal,5475,0.4210419127349851,0
2021-09-01,2021-08-31,GJR-GARCH-Normal,5475,0.5509996307315715,0
2021-09-01,2021-08-31,EGARCH-Normal,5475,0.5329923247379712,0
2021-09-02,2021-09-01,GARCH-Normal,5476,0.40427312948478183,0
2021-09-02,2021-09-01,GJR-GARCH-Normal,5476,0.5153312251571612,0
2021-09-02,2021-09-01,EGARCH-Normal,5476,0.48913999304359435,0
2021-09-03,2021-09-02,GARCH-Normal,5477,0.3754387044070451,0
2021-09-03,2021-09-02,GJR-GARCH-Normal,5477,0.4832205136863333,0
2021-09-03,2021-09-02,EGARCH-Normal,5477,0.4499948973863886,0
2021-09-06,2021-09-03,GARCH-Normal,5478,0.3643412293341486,0
2021-09-06,2021-09-03,GJR-GARCH-Normal,5478,0.4746309759275473,0
2021-09-06,2021-09-03,EGARCH-Normal,5478,0.4710715253678033,0
2021-09-07,2021-09-06,GARCH-Normal,5479,0.38539544109960433,0
2021-09-07,2021-09-06,GJR-GARCH-Normal,5479,0.44674830021216455,0
2021-09-07,2021-09-06,EGARCH-Normal,5479,0.4327710881899085,0
2021-09-08,2021-09-07,GARCH-Normal,5480,0.39146215289632347,0
2021-09-08,2021-09-07,GJR-GARCH-Normal,5480,0.4663466910889628,0
2021-09-08,2021-09-07,EGARCH-Normal,5480,0.4842799337299608,0
2021-09-09,2021-09-08,GARCH-Normal,5481,0.4318442290393362,0
2021-09-09,2021-09-08,GJR-GARCH-Normal,5481,0.5318855156318242,0
2021-09-09,2021-09-08,EGARCH-Normal,5481,0.5800494819244355,0
2021-09-10,2021-09-09,GARCH-Normal,5482,0.5196253596386451,0
2021-09-10,2021-09-09,GJR-GARCH-Normal,5482,0.6636717543198354,0
2021-09-10,2021-09-09,EGARCH-Normal,5482,0.7342204859634254,0
2021-09-13,2021-09-10,GARCH-Normal,5483,0.4731312208589039,0
2021-09-13,2021-09-10,GJR-GARCH-Normal,5483,0.6164021670154547,0
2021-09-13,2021-09-10,EGARCH-Normal,5483,0.6708123527031468,0
2021-09-14,2021-09-13,GARCH-Normal,5484,0.4636942494219045,0
2021-09-14,2021-09-13,GJR-GARCH-Normal,5484,0.5740982179534079,0
2021-09-14,2021-09-13,EGARCH-Normal,5484,0.6127485579943701,0
2021-09-15,2021-09-14,GARCH-Normal,5485,0.4546411148816867,0
2021-09-15,2021-09-14,GJR-GARCH-Normal,5485,0.5739575165922804,0
2021-09-15,2021-09-14,EGARCH-Normal,5485,0.652115788580057,0
2021-09-16,2021-09-15,GARCH-Normal,5486,0.4253240025048772,0
2021-09-16,2021-09-15,GJR-GARCH-Normal,5486,0.5457478111530867,0
2021-09-16,2021-09-15,EGARCH-Normal,5486,0.6424241614126899,0
2021-09-17,2021-09-16,GARCH-Normal,5487,0.39251825254663186,0
2021-09-17,2021-09-16,GJR-GARCH-Normal,5487,0.5105759411393247,0
2021-09-17,2021-09-16,EGARCH-Normal,5487,0.5881156638257627,0
2021-09-20,2021-09-17,GARCH-Normal,5488,0.46327880998320636,0
2021-09-20,2021-09-17,GJR-GARCH-Normal,5488,0.6139493837002776,0
2021-09-20,2021-09-17,EGARCH-Normal,5488,0.7198379927196354,0
2021-09-21,2021-09-20,GARCH-Normal,5489,0.5140287941919572,0
2021-09-21,2021-09-20,GJR-GARCH-Normal,5489,0.6916760947579594,0
2021-09-21,2021-09-20,EGARCH-Normal,5489,0.8408563986761742,0
2021-09-22,2021-09-21,GARCH-Normal,5490,0.6005502885358349,0
2021-09-22,2021-09-21,GJR-GARCH-Normal,5490,0.6420664957912605,0
2021-09-22,2021-09-21,EGARCH-Normal,5490,0.7640118739564378,0
2021-09-23,2021-09-22,GARCH-Normal,5491,0.7748786843785552,0
2021-09-23,2021-09-22,GJR-GARCH-Normal,5491,0.597669366648726,0
2021-09-23,2021-09-22,EGARCH-Normal,5491,0.6945787124211681,0
2021-09-24,2021-09-23,GARCH-Normal,5492,0.6963354318508488,0
2021-09-24,2021-09-23,GJR-GARCH-Normal,5492,0.5578529284816623,0
2021-09-24,2021-09-23,EGARCH-Normal,5492,0.6470557627722642,0
2021-09-27,2021-09-24,GARCH-Normal,5493,0.6462991264747734,0
2021-09-27,2021-09-24,GJR-GARCH-Normal,5493,0.5445289287429846,0
2021-09-27,2021-09-24,EGARCH-Normal,5493,0.6635513709339744,0
2021-09-28,2021-09-27,GARCH-Normal,5494,0.5856113525807644,0
2021-09-28,2021-09-27,GJR-GARCH-Normal,5494,0.5094441083146918,0
2021-09-28,2021-09-27,EGARCH-Normal,5494,0.6072444799497453,0
2021-09-29,2021-09-28,GARCH-Normal,5495,0.5627712404217836,0
2021-09-29,2021-09-28,GJR-GARCH-Normal,5495,0.5181968419275047,0
2021-09-29,2021-09-28,EGARCH-Normal,5495,0.6496901567270273,0
2021-09-30,2021-09-29,GARCH-Normal,5496,0.6482670150604647,0
2021-09-30,2021-09-29,GJR-GARCH-Normal,5496,0.48611215059387636,0
2021-09-30,2021-09-29,EGARCH-Normal,5496,0.5928070754604611,0
2021-10-01,2021-09-30,GARCH-Normal,5497,0.5982781006986713,0
2021-10-01,2021-09-30,GJR-GARCH-Normal,5497,0.4718979717860675,0
2021-10-01,2021-09-30,EGARCH-Normal,5497,0.5978838314885824,0
2021-10-04,2021-10-01,GARCH-Normal,5498,0.6278291130476632,0
2021-10-04,2021-10-01,GJR-GARCH-Normal,5498,0.5585451175075318,0
2021-10-04,2021-10-01,EGARCH-Normal,5498,0.7131053344346044,0
2021-10-05,2021-10-04,GARCH-Normal,5499,0.5751859760944099,0
2021-10-05,2021-10-04,GJR-GARCH-Normal,5499,0.5302237429395594,0
2021-10-05,2021-10-04,EGARCH-Normal,5499,0.6949063112789615,0
2021-10-06,2021-10-05,GARCH-Normal,5500,0.6146903643284737,0
2021-10-06,2021-10-05,GJR-GARCH-Normal,5500,0.49684063177463383,0
2021-10-06,2021-10-05,EGARCH-Normal,5500,0.6337204686362377,0
2021-10-07,2021-10-06,GARCH-Normal,5501,0.7152662441524387,0
2021-10-07,2021-10-06,GJR-GARCH-Normal,5501,0.6830273729560916,0
2021-10-07,2021-10-06,EGARCH-Normal,5501,0.8250268429836967,0
2021-10-08,2021-10-07,GARCH-Normal,5502,0.7899439023529363,0
2021-10-08,2021-10-07,GJR-GARCH-Normal,5502,0.6343169893752847,0
2021-10-08,2021-10-07,EGARCH-Normal,5502,0.7496061138430051,0
2021-10-11,2021-10-08,GARCH-Normal,5503,0.714042210499649,0
2021-10-11,2021-10-08,GJR-GARCH-Normal,5503,0.5900358678083729,0
2021-10-11,2021-10-08,EGARCH-Normal,5503,0.6842428565472501,0
2021-10-12,2021-10-11,GARCH-Normal,5504,0.6963760098052045,0
2021-10-12,2021-10-11,GJR-GARCH-Normal,5504,0.5504372869541306,0
2021-10-12,2021-10-11,EGARCH-Normal,5504,0.6245681483010279,0
2021-10-13,2021-10-12,GARCH-Normal,5505,0.6353138558001858,0
2021-10-13,2021-10-12,GJR-GARCH-Normal,5505,0.5233256719972292,0
2021-10-13,2021-10-12,EGARCH-Normal,5505,0.6137728537523991,0
2021-10-14,2021-10-13,GARCH-Normal,5506,0.5760272941820652,0
2021-10-14,2021-10-13,GJR-GARCH-Normal,5506,0.49039123327049616,0
2021-10-14,2021-10-13,EGARCH-Normal,5506,0.5625742960052859,0
2021-10-15,2021-10-14,GARCH-Normal,5507,0.6112204962806059,0
2021-10-15,2021-10-14,GJR-GARCH-Normal,5507,0.4610059046755059,0
2021-10-15,2021-10-14,EGARCH-Normal,5507,0.5148546168724599,0
2021-10-18,2021-10-15,GARCH-Normal,5508,0.5655267162098896,0
2021-10-18,2021-10-15,GJR-GARCH-Normal,5508,0.434410897661769,0
2021-10-18,2021-10-15,EGARCH-Normal,5508,0.47296063583322623,0
2021-10-19,2021-10-18,GARCH-Normal,5509,0.5361673869900625,0
2021-10-19,2021-10-18,GJR-GARCH-Normal,5509,0.4385139157475484,0
2021-10-19,2021-10-18,EGARCH-Normal,5509,0.5039968251652479,0
2021-10-20,2021-10-19,GARCH-Normal,5510,0.4903737280180728,0
2021-10-20,2021-10-19,GJR-GARCH-Normal,5510,0.4141463791715326,0
2021-10-20,2021-10-19,EGARCH-Normal,5510,0.46352144626031005,0
2021-10-21,2021-10-20,GARCH-Normal,5511,0.44777486232446195,0
2021-10-21,2021-10-20,GJR-GARCH-Normal,5511,0.39220887391614384,0
2021-10-21,2021-10-20,EGARCH-Normal,5511,0.42713898537494616,0
2021-10-22,2021-10-21,GARCH-Normal,5512,0.43725404369627136,0
2021-10-22,2021-10-21,GJR-GARCH-Normal,5512,0.40577751688639674,0
2021-10-22,2021-10-21,EGARCH-Normal,5512,0.4658613120008107,0
2021-10-25,2021-10-22,GARCH-Normal,5513,0.4042546732165552,0
2021-10-25,2021-10-22,GJR-GARCH-Normal,5513,0.3846801958909871,0
2021-10-25,2021-10-22,EGARCH-Normal,5513,0.428967116485732,0
2021-10-26,2021-10-25,GARCH-Normal,5514,0.37774144078284666,0
2021-10-26,2021-10-25,GJR-GARCH-Normal,5514,0.36570252903075556,0
2021-10-26,2021-10-25,EGARCH-Normal,5514,0.3954149770515222,0
2021-10-27,2021-10-26,GARCH-Normal,5515,0.40859670245429563,0
2021-10-27,2021-10-26,GJR-GARCH-Normal,5515,0.3488796748342283,0
2021-10-27,2021-10-26,EGARCH-Normal,5515,0.36429085091202895,0
2021-10-28,2021-10-27,GARCH-Normal,5516,0.39136946530724975,0
2021-10-28,2021-10-27,GJR-GARCH-Normal,5516,0.3513682166782472,0
2021-10-28,2021-10-27,EGARCH-Normal,5516,0.3847692382552611,0
2021-10-29,2021-10-28,GARCH-Normal,5517,0.3618133226151251,0
2021-10-29,2021-10-28,GJR-GARCH-Normal,5517,0.3360668732318228,0
2021-10-29,2021-10-28,EGARCH-Normal,5517,0.3620017061447203,0
2021-11-01,2021-10-29,GARCH-Normal,5518,0.33954696475678037,0
2021-11-01,2021-10-29,GJR-GARCH-Normal,5518,0.32610365788697754,0
2021-11-01,2021-10-29,EGARCH-Normal,5518,0.3569244341120623,0
2021-11-02,2021-11-01,GARCH-Normal,5519,0.36679517294012226,0
2021-11-02,2021-11-01,GJR-GARCH-Normal,5519,0.31326306577968654,0
2021-11-02,2021-11-01,EGARCH-Normal,5519,0.32953762476477255,0
2021-11-03,2021-11-02,GARCH-Normal,5520,0.34511533242198456,0
2021-11-03,2021-11-02,GJR-GARCH-Normal,5520,0.30702313694132105,0
2021-11-03,2021-11-02,EGARCH-Normal,5520,0.3300049673841806,0
2021-11-04,2021-11-03,GARCH-Normal,5521,0.3377989261402257,0
2021-11-04,2021-11-03,GJR-GARCH-Normal,5521,0.3161890471556204,0
2021-11-04,2021-11-03,EGARCH-Normal,5521,0.35480593128879967,0
2021-11-05,2021-11-04,GARCH-Normal,5522,0.3318467225517275,0
2021-11-05,2021-11-04,GJR-GARCH-Normal,5522,0.3041149474121228,0
2021-11-05,2021-11-04,EGARCH-Normal,5522,0.3278769805260303,0
2021-11-08,2021-11-05,GARCH-Normal,5523,0.3190157484455123,0
2021-11-08,2021-11-05,GJR-GARCH-Normal,5523,0.2931838693353621,0
2021-11-08,2021-11-05,EGARCH-Normal,5523,0.3035030143073914,0
2021-11-09,2021-11-08,GARCH-Normal,5524,0.29842430648939283,0
2021-11-09,2021-11-08,GJR-GARCH-Normal,5524,0.2835711437894896,0
2021-11-09,2021-11-08,EGARCH-Normal,5524,0.2868628640171519,0
2021-11-10,2021-11-09,GARCH-Normal,5525,0.2974872169853286,0
2021-11-10,2021-11-09,GJR-GARCH-Normal,5525,0.29572707613791166,0
2021-11-10,2021-11-09,EGARCH-Normal,5525,0.3133393871299561,0
2021-11-11,2021-11-10,GARCH-Normal,5526,0.3660379735978838,0
2021-11-11,2021-11-10,GJR-GARCH-Normal,5526,0.28621786387833087,0
2021-11-11,2021-11-10,EGARCH-Normal,5526,0.2899839291530157,0
2021-11-12,2021-11-11,GARCH-Normal,5527,0.37504877423822,0
2021-11-12,2021-11-11,GJR-GARCH-Normal,5527,0.2773044288366433,0
2021-11-12,2021-11-11,EGARCH-Normal,5527,0.2688352635476868,0
2021-11-15,2021-11-12,GARCH-Normal,5528,0.3781131207538946,0
2021-11-15,2021-11-12,GJR-GARCH-Normal,5528,0.3084204633460768,0
2021-11-15,2021-11-12,EGARCH-Normal,5528,0.3145046725405848,0
2021-11-16,2021-11-15,GARCH-Normal,5529,0.3492877736635203,0
2021-11-16,2021-11-15,GJR-GARCH-Normal,5529,0.2969270319029681,0
2021-11-16,2021-11-15,EGARCH-Normal,5529,0.2916693431497922,0
2021-11-17,2021-11-16,GARCH-Normal,5530,0.3398618514388266,0
2021-11-17,2021-11-16,GJR-GARCH-Normal,5530,0.30510227974681864,0
2021-11-17,2021-11-16,EGARCH-Normal,5530,0.31483795892388144,0
2021-11-18,2021-11-17,GARCH-Normal,5531,0.3469481503951508,0
2021-11-18,2021-11-17,GJR-GARCH-Normal,5531,0.3327869656339292,0
2021-11-18,2021-11-17,EGARCH-Normal,5531,0.3603911872490959,0
2021-11-19,2021-11-18,GARCH-Normal,5532,0.3523818453105898,0
2021-11-19,2021-11-18,GJR-GARCH-Normal,5532,0.3566730542588314,0
2021-11-19,2021-11-18,EGARCH-Normal,5532,0.40488774426647134,0
2021-11-22,2021-11-19,GARCH-Normal,5533,0.3529375708061941,0
2021-11-22,2021-11-19,GJR-GARCH-Normal,5533,0.37254296628024486,0
2021-11-22,2021-11-19,EGARCH-Normal,5533,0.44264723103362347,0
2021-11-23,2021-11-22,GARCH-Normal,5534,0.3462397582679068,0
2021-11-23,2021-11-22,GJR-GARCH-Normal,5534,0.3546502090368646,0
2021-11-23,2021-11-22,EGARCH-Normal,5534,0.40738403298972636,0
2021-11-24,2021-11-23,GARCH-Normal,5535,0.3230486911647808,0
2021-11-24,2021-11-23,GJR-GARCH-Normal,5535,0.3384312589653518,0
2021-11-24,2021-11-23,EGARCH-Normal,5535,0.37585920150902125,0
2021-11-25,2021-11-24,GARCH-Normal,5536,0.30748513631672214,0
2021-11-25,2021-11-24,GJR-GARCH-Normal,5536,0.3238864960018182,0
2021-11-25,2021-11-24,EGARCH-Normal,5536,0.34711993096329524,0
2021-11-26,2021-11-25,GARCH-Normal,5537,0.2975678325210083,0
2021-11-26,2021-11-25,GJR-GARCH-Normal,5537,0.31082071361759545,0
2021-11-26,2021-11-25,EGARCH-Normal,5537,0.3209593230263791,0
2021-11-29,2021-11-26,GARCH-Normal,5538,1.868842659585526,0
2021-11-29,2021-11-26,GJR-GARCH-Normal,5538,2.5861333614196593,0
2021-11-29,2021-11-26,EGARCH-Normal,5538,1.4604095553487877,0
2021-11-30,2021-11-29,GARCH-Normal,5539,1.7386568497097117,0
2021-11-30,2021-11-29,GJR-GARCH-Normal,5539,2.3358043423765884,0
2021-11-30,2021-11-29,EGARCH-Normal,5539,1.311743504928504,0
2021-12-01,2021-11-30,GARCH-Normal,5540,1.596537764095432,0
2021-12-01,2021-11-30,GJR-GARCH-Normal,5540,2.1949229476539625,0
2021-12-01,2021-11-30,EGARCH-Normal,5540,1.3764575250191233,0
2021-12-02,2021-12-01,GARCH-Normal,5541,1.6676022582907222,0
2021-12-02,2021-12-01,GJR-GARCH-Normal,5541,1.989886317278099,0
2021-12-02,2021-12-01,EGARCH-Normal,5541,1.237718844893822,0
2021-12-03,2021-12-02,GARCH-Normal,5542,1.511583890497086,0
2021-12-03,2021-12-02,GJR-GARCH-Normal,5542,1.8533432320355,0
2021-12-03,2021-12-02,EGARCH-Normal,5542,1.2613392100293275,0
2021-12-06,2021-12-03,GARCH-Normal,5543,1.3399598761782052,0
2021-12-06,2021-12-03,GJR-GARCH-Normal,5543,1.683523494849172,0
2021-12-06,2021-12-03,EGARCH-Normal,5543,1.1637843552819058,0
2021-12-07,2021-12-06,GARCH-Normal,5544,1.4423889300921873,0
2021-12-07,2021-12-06,GJR-GARCH-Normal,5544,1.5319485751303796,0
2021-12-07,2021-12-06,EGARCH-Normal,5544,1.0486630898028166,0
2021-12-08,2021-12-07,GARCH-Normal,5545,1.5131445411061748,0
2021-12-08,2021-12-07,GJR-GARCH-Normal,5545,1.395776989405556,0
2021-12-08,2021-12-07,EGARCH-Normal,5545,0.9468400266494494,0
2021-12-09,2021-12-08,GARCH-Normal,5546,1.3403237093599327,0
2021-12-09,2021-12-08,GJR-GARCH-Normal,5546,1.2731414201704832,0
2021-12-09,2021-12-08,EGARCH-Normal,5546,0.867617319100864,0
2021-12-10,2021-12-09,GARCH-Normal,5547,1.1967144164470542,0
2021-12-10,2021-12-09,GJR-GARCH-Normal,5547,1.1707618986366228,0
2021-12-10,2021-12-09,EGARCH-Normal,5547,0.8364409477942862,0
2021-12-13,2021-12-10,GARCH-Normal,5548,1.0858270537156105,0
2021-12-13,2021-12-10,GJR-GARCH-Normal,5548,1.0975743838015848,0
2021-12-13,2021-12-10,EGARCH-Normal,5548,0.848287384443759,0
2021-12-14,2021-12-13,GARCH-Normal,5549,1.0512914496989936,0
2021-12-14,2021-12-13,GJR-GARCH-Normal,5549,1.1181465516025035,0
2021-12-14,2021-12-13,EGARCH-Normal,5549,0.9617005970327549,0
2021-12-15,2021-12-14,GARCH-Normal,5550,0.9427758952989528,0
2021-12-15,2021-12-14,GJR-GARCH-Normal,5550,1.0291393980104457,0
2021-12-15,2021-12-14,EGARCH-Normal,5550,0.9137797482437572,0
2021-12-16,2021-12-15,GARCH-Normal,5551,0.8973533031991336,0
2021-12-16,2021-12-15,GJR-GARCH-Normal,5551,1.0158427556187617,0
2021-12-16,2021-12-15,EGARCH-Normal,5551,0.9838129679568457,0
2021-12-17,2021-12-16,GARCH-Normal,5552,0.9685301121485883,0
2021-12-17,2021-12-16,GJR-GARCH-Normal,5552,0.9329028063086895,0
2021-12-17,2021-12-16,EGARCH-Normal,5552,0.8890544434816106,0
2021-12-20,2021-12-17,GARCH-Normal,5553,0.8668529265436619,0
2021-12-20,2021-12-17,GJR-GARCH-Normal,5553,0.8581116533325996,0
2021-12-20,2021-12-17,EGARCH-Normal,5553,0.8113045466124822,0
2021-12-21,2021-12-20,GARCH-Normal,5554,0.894630203450152,0
2021-12-21,2021-12-20,GJR-GARCH-Normal,5554,0.9517565086085572,0
2021-12-21,2021-12-20,EGARCH-Normal,5554,0.9659202878167832,0
2021-12-22,2021-12-21,GARCH-Normal,5555,1.0023234079580345,0
2021-12-22,2021-12-21,GJR-GARCH-Normal,5555,0.8755039718018329,0
2021-12-22,2021-12-21,EGARCH-Normal,5555,0.8722967256026264,0
2021-12-23,2021-12-22,GARCH-Normal,5556,0.9321499819862449,0
2021-12-23,2021-12-22,GJR-GARCH-Normal,5556,0.8067553434312874,0
2021-12-23,2021-12-22,EGARCH-Normal,5556,0.7933028412231272,0
2021-12-24,2021-12-23,GARCH-Normal,5557,0.851863915590039,0
2021-12-24,2021-12-23,GJR-GARCH-Normal,5557,0.7449944181307331,0
2021-12-24,2021-12-23,EGARCH-Normal,5557,0.723676337074231,0
2021-12-29,2021-12-24,GARCH-Normal,5558,0.7643528025631076,0
2021-12-29,2021-12-24,GJR-GARCH-Normal,5558,0.6894767471103183,0
2021-12-29,2021-12-24,EGARCH-Normal,5558,0.6652895613219237,0
2021-12-30,2021-12-29,GARCH-Normal,5559,0.7315335941918807,0
2021-12-30,2021-12-29,GJR-GARCH-Normal,5559,0.6398263283660695,0
2021-12-30,2021-12-29,EGARCH-Normal,5559,0.6075424609494834,0
2021-12-31,2021-12-30,GARCH-Normal,5560,0.6672434092157782,0
2021-12-31,2021-12-30,GJR-GARCH-Normal,5560,0.6040251709508023,0
2021-12-31,2021-12-30,EGARCH-Normal,5560,0.6003396783441849,0
2022-01-04,2021-12-31,GARCH-Normal,5561,0.6118107196331338,0
2022-01-04,2021-12-31,GJR-GARCH-Normal,5561,0.5727852059755167,0
2022-01-04,2021-12-31,EGARCH-Normal,5561,0.5957283193592877,0
2022-01-05,2022-01-04,GARCH-Normal,5562,0.837744563569896,0
2022-01-05,2022-01-04,GJR-GARCH-Normal,5562,0.5369127396627029,0
2022-01-05,2022-01-04,EGARCH-Normal,5562,0.5399604204817552,0
2022-01-06,2022-01-05,GARCH-Normal,5563,0.7537214568641603,0
2022-01-06,2022-01-05,GJR-GARCH-Normal,5563,0.5027668963876373,0
2022-01-06,2022-01-05,EGARCH-Normal,5563,0.49727600486302914,0
2022-01-07,2022-01-06,GARCH-Normal,5564,0.7732012833896883,0
2022-01-07,2022-01-06,GJR-GARCH-Normal,5564,0.6009427878556285,0
2022-01-07,2022-01-06,EGARCH-Normal,5564,0.6201166478927871,0
2022-01-10,2022-01-07,GARCH-Normal,5565,0.7169205452534333,0
2022-01-10,2022-01-07,GJR-GARCH-Normal,5565,0.5605261367848088,0
2022-01-10,2022-01-07,EGARCH-Normal,5565,0.5679484988910379,0
2022-01-11,2022-01-10,GARCH-Normal,5566,0.6825576954076074,0
2022-01-11,2022-01-10,GJR-GARCH-Normal,5566,0.570527471366245,0
2022-01-11,2022-01-10,EGARCH-Normal,5566,0.6192361459004706,0
2022-01-12,2022-01-11,GARCH-Normal,5567,0.6549364929189015,0
2022-01-12,2022-01-11,GJR-GARCH-Normal,5567,0.5332906842478073,0
2022-01-12,2022-01-11,EGARCH-Normal,5567,0.5663138553588297,0
2022-01-13,2022-01-12,GARCH-Normal,5568,0.6587087179021835,0
2022-01-13,2022-01-12,GJR-GARCH-Normal,5568,0.49998820512901304,0
2022-01-13,2022-01-12,EGARCH-Normal,5568,0.5176690983970866,0
2022-01-14,2022-01-13,GARCH-Normal,5569,0.5977179333172612,0
2022-01-14,2022-01-13,GJR-GARCH-Normal,5569,0.4698417697264315,0
2022-01-14,2022-01-13,EGARCH-Normal,5569,0.4771063726715616,0
2022-01-17,2022-01-14,GARCH-Normal,5570,0.5532448177013648,0
2022-01-17,2022-01-14,GJR-GARCH-Normal,5570,0.4549527668252644,0
2022-01-17,2022-01-14,EGARCH-Normal,5570,0.4843600000173286,0
2022-01-18,2022-01-17,GARCH-Normal,5571,0.5880362369854788,0
2022-01-18,2022-01-17,GJR-GARCH-Normal,5571,0.4298418921541221,0
2022-01-18,2022-01-17,EGARCH-Normal,5571,0.4432406120160603,0
2022-01-19,2022-01-18,GARCH-Normal,5572,0.5827571409654018,0
2022-01-19,2022-01-18,GJR-GARCH-Normal,5572,0.47080651062425755,0
2022-01-19,2022-01-18,EGARCH-Normal,5572,0.5131311498282375,0
2022-01-20,2022-01-19,GARCH-Normal,5573,0.5404991407179444,0
2022-01-20,2022-01-19,GJR-GARCH-Normal,5573,0.4437478710221667,0
2022-01-20,2022-01-19,EGARCH-Normal,5573,0.47204377638699874,0
2022-01-21,2022-01-20,GARCH-Normal,5574,0.49368029758159543,0
2022-01-21,2022-01-20,GJR-GARCH-Normal,5574,0.4199394371991602,0
2022-01-21,2022-01-20,EGARCH-Normal,5574,0.44496371156417497,0
2022-01-24,2022-01-21,GARCH-Normal,5575,0.6229510819985464,0
2022-01-24,2022-01-21,GJR-GARCH-Normal,5575,0.6353930728552493,0
2022-01-24,2022-01-21,EGARCH-Normal,5575,0.633977651517096,0
2022-01-25,2022-01-24,GARCH-Normal,5576,1.3759428257140118,0
2022-01-25,2022-01-24,GJR-GARCH-Normal,5576,1.761865885377695,0
2022-01-25,2022-01-24,EGARCH-Normal,5576,1.3038708611203382,0
2022-01-26,2022-01-25,GARCH-Normal,5577,1.3283783258994377,0
2022-01-26,2022-01-25,GJR-GARCH-Normal,5577,1.5996141364981689,0
2022-01-26,2022-01-25,EGARCH-Normal,5577,1.1740999023973493,0
2022-01-27,2022-01-26,GARCH-Normal,5578,1.3668772067831882,0
2022-01-27,2022-01-26,GJR-GARCH-Normal,5578,1.455601038623264,0
2022-01-27,2022-01-26,EGARCH-Normal,5578,1.057531800701038,0
2022-01-28,2022-01-27,GARCH-Normal,5579,1.3466462431097115,0
2022-01-28,2022-01-27,GJR-GARCH-Normal,5579,1.3261882344064282,0
2022-01-28,2022-01-27,EGARCH-Normal,5579,0.9550876361007994,0
2022-01-31,2022-01-28,GARCH-Normal,5580,1.35797978823927,0
2022-01-31,2022-01-28,GJR-GARCH-Normal,5580,1.4365255948526874,0
2022-01-31,2022-01-28,EGARCH-Normal,5580,1.1623884340739565,0
2022-02-01,2022-01-31,GARCH-Normal,5581,1.2052580024285677,0
2022-02-01,2022-01-31,GJR-GARCH-Normal,5581,1.3084534453772976,0
2022-02-01,2022-01-31,EGARCH-Normal,5581,1.0587601238683422,0
2022-02-02,2022-02-01,GARCH-Normal,5582,1.1669358986738572,0
2022-02-02,2022-02-01,GJR-GARCH-Normal,5582,1.1944710335838118,0
2022-02-02,2022-02-01,EGARCH-Normal,5582,0.9571256681549338,0
2022-02-03,2022-02-02,GARCH-Normal,5583,1.078168288756533,0
2022-02-03,2022-02-02,GJR-GARCH-Normal,5583,1.092268841035173,0
2022-02-03,2022-02-02,EGARCH-Normal,5583,0.8685936120923909,0
2022-02-04,2022-02-03,GARCH-Normal,5584,1.0241624282304584,0
2022-02-04,2022-02-03,GJR-GARCH-Normal,5584,1.084468354703826,0
2022-02-04,2022-02-03,EGARCH-Normal,5584,0.9533968640159002,0
2022-02-07,2022-02-04,GARCH-Normal,5585,0.9188956140336213,0
2022-02-07,2022-02-04,GJR-GARCH-Normal,5585,0.9979627940219195,0
2022-02-07,2022-02-04,EGARCH-Normal,5585,0.903897336528603,0
2022-02-08,2022-02-07,GARCH-Normal,5586,0.8814787900591635,0
2022-02-08,2022-02-07,GJR-GARCH-Normal,5586,0.9163962376963174,0
2022-02-08,2022-02-07,EGARCH-Normal,5586,0.820456363813538,0
2022-02-09,2022-02-08,GARCH-Normal,5587,0.7916633438852615,0
2022-02-09,2022-02-08,GJR-GARCH-Normal,5587,0.8442339859666503,0
2022-02-09,2022-02-08,EGARCH-Normal,5587,0.7662208997724554,0
2022-02-10,2022-02-09,GARCH-Normal,5588,0.8171540622191749,0
2022-02-10,2022-02-09,GJR-GARCH-Normal,5588,0.7787011514346512,0
2022-02-10,2022-02-09,EGARCH-Normal,5588,0.6958173118856854,0
2022-02-11,2022-02-10,GARCH-Normal,5589,0.747470045430077,0
2022-02-11,2022-02-10,GJR-GARCH-Normal,5589,0.7197346941121012,0
2022-02-11,2022-02-10,EGARCH-Normal,5589,0.6364941862833973,0
2022-02-14,2022-02-11,GARCH-Normal,5590,0.6768381367945132,0
2022-02-14,2022-02-11,GJR-GARCH-Normal,5590,0.6701988225122255,0
2022-02-14,2022-02-11,EGARCH-Normal,5590,0.6107397256278682,0
2022-02-15,2022-02-14,GARCH-Normal,5591,0.9472924931976425,0
2022-02-15,2022-02-14,GJR-GARCH-Normal,5591,1.0978056993068341,0
2022-02-15,2022-02-14,EGARCH-Normal,5591,0.9471452897796503,0
2022-02-16,2022-02-15,GARCH-Normal,5592,0.9567803772630048,0
2022-02-16,2022-02-15,GJR-GARCH-Normal,5592,1.0061196320292694,0
2022-02-16,2022-02-15,EGARCH-Normal,5592,0.8573389519317239,0
2022-02-17,2022-02-16,GARCH-Normal,5593,0.8571804546813607,0
2022-02-17,2022-02-16,GJR-GARCH-Normal,5593,0.9243566846490582,0
2022-02-17,2022-02-16,EGARCH-Normal,5593,0.7960434624517394,0
2022-02-18,2022-02-17,GARCH-Normal,5594,0.8609490798518012,0
2022-02-18,2022-02-17,GJR-GARCH-Normal,5594,0.9755307826527839,0
2022-02-18,2022-02-17,EGARCH-Normal,5594,0.9211916270585983,0
2022-02-21,2022-02-18,GARCH-Normal,5595,0.7859799013196649,0
2022-02-21,2022-02-18,GJR-GARCH-Normal,5595,0.9122736031014639,0
2022-02-21,2022-02-18,EGARCH-Normal,5595,0.908695938177017,0
2022-02-22,2022-02-21,GARCH-Normal,5596,0.7269296512584311,0
2022-02-22,2022-02-21,GJR-GARCH-Normal,5596,0.8641172967491227,0
2022-02-22,2022-02-21,EGARCH-Normal,5596,0.914099269330325,0
2022-02-23,2022-02-22,GARCH-Normal,5597,0.6567547034704748,0
2022-02-23,2022-02-22,GJR-GARCH-Normal,5597,0.796536458758934,0
2022-02-23,2022-02-22,EGARCH-Normal,5597,0.8342220520568164,0
2022-02-24,2022-02-23,GARCH-Normal,5598,0.5943596888454218,0
2022-02-24,2022-02-23,GJR-GARCH-Normal,5598,0.7359120151157768,0
2022-02-24,2022-02-23,EGARCH-Normal,5598,0.7631915124964901,0
2022-02-25,2022-02-24,GARCH-Normal,5599,2.2720964677952593,0
2022-02-25,2022-02-24,GJR-GARCH-Normal,5599,3.2414936711751,0
2022-02-25,2022-02-24,EGARCH-Normal,5599,2.0751966963605586,0
2022-02-28,2022-02-25,GARCH-Normal,5600,3.6255590474791237,0
2022-02-28,2022-02-25,GJR-GARCH-Normal,5600,2.95006861116877,0
2022-02-28,2022-02-25,EGARCH-Normal,5600,1.8385034845536905,0
2022-03-01,2022-02-28,GARCH-Normal,5601,3.20701597555384,0
2022-03-01,2022-02-28,GJR-GARCH-Normal,5601,2.6918192508839427,0
2022-03-01,2022-02-28,EGARCH-Normal,5601,1.7794114077946102,0
2022-03-02,2022-03-01,GARCH-Normal,5602,3.1660340808175396,0
2022-03-02,2022-03-01,GJR-GARCH-Normal,5602,2.927412048222854,0
2022-03-02,2022-03-01,EGARCH-Normal,5602,2.196255375984527,0
2022-03-03,2022-03-02,GARCH-Normal,5603,2.978154765167579,0
2022-03-03,2022-03-02,GJR-GARCH-Normal,5603,2.6464478478273503,0
2022-03-03,2022-03-02,EGARCH-Normal,5603,1.9550688851252531,0
2022-03-04,2022-03-03,GARCH-Normal,5604,3.3875589025173936,0
2022-03-04,2022-03-03,GJR-GARCH-Normal,5604,3.5089945362369104,0
2022-03-04,2022-03-03,EGARCH-Normal,5604,2.7668548198313765,0
2022-03-07,2022-03-04,GARCH-Normal,5605,4.39575387961057,0
2022-03-07,2022-03-04,GJR-GARCH-Normal,5605,5.249157863548961,0
2022-03-07,2022-03-04,EGARCH-Normal,5605,4.168837668388845,0
2022-03-08,2022-03-07,GARCH-Normal,5606,3.878481882489913,0
2022-03-08,2022-03-07,GJR-GARCH-Normal,5606,4.745508361437335,0
2022-03-08,2022-03-07,EGARCH-Normal,5606,3.8610874129307517,0
2022-03-09,2022-03-08,GARCH-Normal,5607,3.4090285861785885,0
2022-03-09,2022-03-08,GJR-GARCH-Normal,5607,4.271767582393631,0
2022-03-09,2022-03-08,EGARCH-Normal,5607,3.4211643001979555,0
2022-03-10,2022-03-09,GARCH-Normal,5608,4.111587079383665,0
2022-03-10,2022-03-09,GJR-GARCH-Normal,5608,3.857104994864653,0
2022-03-10,2022-03-09,EGARCH-Normal,5608,3.003057884492021,0
2022-03-11,2022-03-10,GARCH-Normal,5609,3.803099408882095,0
2022-03-11,2022-03-10,GJR-GARCH-Normal,5609,3.7480853576627995,0
2022-03-11,2022-03-10,EGARCH-Normal,5609,3.20226621174239,0
2022-03-14,2022-03-11,GARCH-Normal,5610,3.4080293505584076,0
2022-03-14,2022-03-11,GJR-GARCH-Normal,5610,3.3808278597177095,0
2022-03-14,2022-03-11,EGARCH-Normal,5610,2.8391568135001135,0
2022-03-15,2022-03-14,GARCH-Normal,5611,3.026671198091029,0
2022-03-15,2022-03-14,GJR-GARCH-Normal,5611,3.052040036138594,0
2022-03-15,2022-03-14,EGARCH-Normal,5611,2.526637057836964,0
2022-03-16,2022-03-15,GARCH-Normal,5612,2.674844255977139,0
2022-03-16,2022-03-15,GJR-GARCH-Normal,5612,2.7671845384437934,0
2022-03-16,2022-03-15,EGARCH-Normal,5612,2.3445852877570026,0
2022-03-17,2022-03-16,GARCH-Normal,5613,2.6311005752382752,0
2022-03-17,2022-03-16,GJR-GARCH-Normal,5613,2.503185093889528,0
2022-03-17,2022-03-16,EGARCH-Normal,5613,2.081731652786276,0
2022-03-18,2022-03-17,GARCH-Normal,5614,2.4909632659936154,0
2022-03-18,2022-03-17,GJR-GARCH-Normal,5614,2.266128462182172,0
2022-03-18,2022-03-17,EGARCH-Normal,5614,1.8552249897160802,0
2022-03-21,2022-03-18,GARCH-Normal,5615,2.20355574848908,0
2022-03-21,2022-03-18,GJR-GARCH-Normal,5615,2.0525498492161343,0
2022-03-21,2022-03-18,EGARCH-Normal,5615,1.6671113791129355,0
2022-03-22,2022-03-21,GARCH-Normal,5616,1.9710040420362844,0
2022-03-22,2022-03-21,GJR-GARCH-Normal,5616,1.8609172277562995,0
2022-03-22,2022-03-21,EGARCH-Normal,5616,1.498490385331105,0
2022-03-23,2022-03-22,GARCH-Normal,5617,1.7623879168093315,0
2022-03-23,2022-03-22,GJR-GARCH-Normal,5617,1.6887175144159712,0
2022-03-23,2022-03-22,EGARCH-Normal,5617,1.3498666267235935,0
2022-03-24,2022-03-23,GARCH-Normal,5618,1.5658287290109951,0
2022-03-24,2022-03-23,GJR-GARCH-Normal,5618,1.541076434878007,0
2022-03-24,2022-03-23,EGARCH-Normal,5618,1.2765363239431353,0
2022-03-25,2022-03-24,GARCH-Normal,5619,1.3869722013912655,0
2022-03-25,2022-03-24,GJR-GARCH-Normal,5619,1.4010180969641925,0
2022-03-25,2022-03-24,EGARCH-Normal,5619,1.1563313925575058,0
2022-03-28,2022-03-25,GARCH-Normal,5620,1.233369597220069,0
2022-03-28,2022-03-25,GJR-GARCH-Normal,5620,1.2750730220497242,0
2022-03-28,2022-03-25,EGARCH-Normal,5620,1.048062864501394,0
2022-03-29,2022-03-28,GARCH-Normal,5621,1.0980963188493649,0
2022-03-29,2022-03-28,GJR-GARCH-Normal,5621,1.1646141370564558,0
2022-03-29,2022-03-28,EGARCH-Normal,5621,0.9828319135603028,0
2022-03-30,2022-03-29,GARCH-Normal,5622,1.0538757375972065,0
2022-03-30,2022-03-29,GJR-GARCH-Normal,5622,1.0642869323239668,0
2022-03-30,2022-03-29,EGARCH-Normal,5622,0.8885600005435991,0
2022-03-31,2022-03-30,GARCH-Normal,5623,0.968607075759541,0
2022-03-31,2022-03-30,GJR-GARCH-Normal,5623,0.9732614226075397,0
2022-03-31,2022-03-30,EGARCH-Normal,5623,0.8064893524990148,0
2022-04-01,2022-03-31,GARCH-Normal,5624,0.9497860225331095,0
2022-04-01,2022-03-31,GJR-GARCH-Normal,5624,1.0078909012492445,0
2022-04-01,2022-03-31,EGARCH-Normal,5624,0.9238400136972785,0
2022-04-04,2022-04-01,GARCH-Normal,5625,0.8555728731896667,0
2022-04-04,2022-04-01,GJR-GARCH-Normal,5625,0.9226641449179032,0
2022-04-04,2022-04-01,EGARCH-Normal,5625,0.8398722818852776,0
2022-04-05,2022-04-04,GARCH-Normal,5626,0.7722045955028484,0
2022-04-05,2022-04-04,GJR-GARCH-Normal,5626,0.8461422524846574,0
2022-04-05,2022-04-04,EGARCH-Normal,5626,0.7647614192689877,0
2022-04-06,2022-04-05,GARCH-Normal,5627,0.7473773930160933,0
2022-04-06,2022-04-05,GJR-GARCH-Normal,5627,0.7787164046001755,0
2022-04-06,2022-04-05,EGARCH-Normal,5627,0.6948699987747157,0
2022-04-07,2022-04-06,GARCH-Normal,5628,0.6871969068469993,0
2022-04-07,2022-04-06,GJR-GARCH-Normal,5628,0.736318352717816,0
2022-04-07,2022-04-06,EGARCH-Normal,5628,0.7021073931106196,0
2022-04-08,2022-04-07,GARCH-Normal,5629,0.6482207324853522,0
2022-04-08,2022-04-07,GJR-GARCH-Normal,5629,0.716681625042653,0
2022-04-08,2022-04-07,EGARCH-Normal,5629,0.7370716562522142,0
2022-04-11,2022-04-08,GARCH-Normal,5630,0.8480025399945942,0
2022-04-11,2022-04-08,GJR-GARCH-Normal,5630,0.6677158669812213,0
2022-04-11,2022-04-08,EGARCH-Normal,5630,0.6664425482660874,0
2022-04-12,2022-04-11,GARCH-Normal,5631,0.8161510057988948,0
2022-04-12,2022-04-11,GJR-GARCH-Normal,5631,0.6935940869027691,0
2022-04-12,2022-04-11,EGARCH-Normal,5631,0.7460461003192241,0
2022-04-13,2022-04-12,GARCH-Normal,5632,0.7705844542639025,0
2022-04-13,2022-04-12,GJR-GARCH-Normal,5632,0.6916318116644445,0
2022-04-13,2022-04-12,EGARCH-Normal,5632,0.7958643462842304,0
2022-04-14,2022-04-13,GARCH-Normal,5633,0.6931686758704309,0
2022-04-14,2022-04-13,GJR-GARCH-Normal,5633,0.6402810931528115,0
2022-04-14,2022-04-13,EGARCH-Normal,5633,0.7273009003740618,0
2022-04-19,2022-04-14,GARCH-Normal,5634,0.6470386701777786,0
2022-04-19,2022-04-14,GJR-GARCH-Normal,5634,0.5946088127544351,0
2022-04-19,2022-04-14,EGARCH-Normal,5634,0.6629643288706368,0
2022-04-20,2022-04-19,GARCH-Normal,5635,0.5912105045010663,0
2022-04-20,2022-04-19,GJR-GARCH-Normal,5635,0.5596947429879107,0
2022-04-20,2022-04-19,EGARCH-Normal,5635,0.6438080087833086,0
2022-04-21,2022-04-20,GARCH-Normal,5636,0.5491842540561823,0
2022-04-21,2022-04-20,GJR-GARCH-Normal,5636,0.5223567619946092,0
2022-04-21,2022-04-20,EGARCH-Normal,5636,0.5885548147385864,0
2022-04-22,2022-04-21,GARCH-Normal,5637,0.5000798051225425,0
2022-04-22,2022-04-21,GJR-GARCH-Normal,5637,0.48872359650731284,0
2022-04-22,2022-04-21,EGARCH-Normal,5637,0.5419754965360986,0
2022-04-25,2022-04-22,GARCH-Normal,5638,0.6902543349141917,0
2022-04-25,2022-04-22,GJR-GARCH-Normal,5638,0.7904761292579295,0
2022-04-25,2022-04-22,EGARCH-Normal,5638,0.796860869381769,0
2022-04-26,2022-04-25,GARCH-Normal,5639,1.0384255537423732,0
2022-04-26,2022-04-25,GJR-GARCH-Normal,5639,1.3298697415261762,0
2022-04-26,2022-04-25,EGARCH-Normal,5639,1.224059765901539,0
2022-04-27,2022-04-26,GARCH-Normal,5640,0.9270723770591778,0
2022-04-27,2022-04-26,GJR-GARCH-Normal,5640,1.2113227004911917,0
2022-04-27,2022-04-26,EGARCH-Normal,5640,1.1095358833275166,0
2022-04-28,2022-04-27,GARCH-Normal,5641,0.8580949868484155,0
2022-04-28,2022-04-27,GJR-GARCH-Normal,5641,1.105777182208284,0
2022-04-28,2022-04-27,EGARCH-Normal,5641,1.0037624356165296,0
2022-04-29,2022-04-28,GARCH-Normal,5642,0.9022695510368343,0
2022-04-29,2022-04-28,GJR-GARCH-Normal,5642,1.0118041894645455,0
2022-04-29,2022-04-28,EGARCH-Normal,5642,0.9050759360954566,0
2022-05-03,2022-04-29,GARCH-Normal,5643,0.8300017888310908,0
2022-05-03,2022-04-29,GJR-GARCH-Normal,5643,0.9275379016198115,0
2022-05-03,2022-04-29,EGARCH-Normal,5643,0.8222659494852306,0
2022-05-04,2022-05-03,GARCH-Normal,5644,0.7495722352037408,0
2022-05-04,2022-05-03,GJR-GARCH-Normal,5644,0.8521761345573537,0
2022-05-04,2022-05-03,EGARCH-Normal,5644,0.7501002909303557,0
2022-05-05,2022-05-04,GARCH-Normal,5645,0.7723139708889347,0
2022-05-05,2022-05-04,GJR-GARCH-Normal,5645,0.9191254329624295,0
2022-05-05,2022-05-04,EGARCH-Normal,5645,0.8840319016072418,0
2022-05-06,2022-05-05,GARCH-Normal,5646,0.6963970016751598,0
2022-05-06,2022-05-05,GJR-GARCH-Normal,5646,0.8446563981234588,0
2022-05-06,2022-05-05,EGARCH-Normal,5646,0.8060290928648601,0
2022-05-09,2022-05-06,GARCH-Normal,5647,0.90767768007366,0
2022-05-09,2022-05-06,GJR-GARCH-Normal,5647,1.177883166331186,0
2022-05-09,2022-05-06,EGARCH-Normal,5647,1.1225656976830751,0
2022-05-10,2022-05-09,GARCH-Normal,5648,1.4453539376283266,0
2022-05-10,2022-05-09,GJR-GARCH-Normal,5648,1.9987970640979595,0
2022-05-10,2022-05-09,EGARCH-Normal,5648,1.7525109427433867,0
2022-05-11,2022-05-10,GARCH-Normal,5649,1.2934727699404025,0
2022-05-11,2022-05-10,GJR-GARCH-Normal,5649,1.8084113480884694,0
2022-05-11,2022-05-10,EGARCH-Normal,5649,1.5737550596927392,0
2022-05-12,2022-05-11,GARCH-Normal,5650,1.3692558873187264,0
2022-05-12,2022-05-11,GJR-GARCH-Normal,5650,1.6403406479961873,0
2022-05-12,2022-05-11,EGARCH-Normal,5650,1.4057967290292228,0
2022-05-13,2022-05-12,GARCH-Normal,5651,1.502062064970736,0
2022-05-13,2022-05-12,GJR-GARCH-Normal,5651,1.9008865152339882,0
2022-05-13,2022-05-12,EGARCH-Normal,5651,1.7559219428802515,0
2022-05-16,2022-05-13,GARCH-Normal,5652,2.0317456940106013,0
2022-05-16,2022-05-13,GJR-GARCH-Normal,5652,1.7255454450330487,0
2022-05-16,2022-05-13,EGARCH-Normal,5652,1.5557224269804566,0
2022-05-17,2022-05-16,GARCH-Normal,5653,1.8300372613299736,0
2022-05-17,2022-05-16,GJR-GARCH-Normal,5653,1.5649204912230483,0
2022-05-17,2022-05-16,EGARCH-Normal,5653,1.397323172505278,0
2022-05-18,2022-05-17,GARCH-Normal,5654,1.668061705661325,0
2022-05-18,2022-05-17,GJR-GARCH-Normal,5654,1.4216516644570554,0
2022-05-18,2022-05-17,EGARCH-Normal,5654,1.2567711428623187,0
2022-05-19,2022-05-18,GARCH-Normal,5655,1.6119269445464655,0
2022-05-19,2022-05-18,GJR-GARCH-Normal,5655,1.4858951426306606,0
2022-05-19,2022-05-18,EGARCH-Normal,5655,1.438265742822077,0
2022-05-20,2022-05-19,GARCH-Normal,5656,1.8182303175251597,0
2022-05-20,2022-05-19,GJR-GARCH-Normal,5656,1.917084702771785,0
2022-05-20,2022-05-19,EGARCH-Normal,5656,1.891150788006086,0
2022-05-23,2022-05-20,GARCH-Normal,5657,1.7560819545206958,0
2022-05-23,2022-05-20,GJR-GARCH-Normal,5657,1.7366341476900433,0
2022-05-23,2022-05-20,EGARCH-Normal,5657,1.6866884260956165,0
2022-05-24,2022-05-23,GARCH-Normal,5658,1.8483841570920136,0
2022-05-24,2022-05-23,GJR-GARCH-Normal,5658,1.5759234684268029,0
2022-05-24,2022-05-23,EGARCH-Normal,5658,1.502688979939368,0
2022-05-25,2022-05-24,GARCH-Normal,5659,1.6513413684382725,0
2022-05-25,2022-05-24,GJR-GARCH-Normal,5659,1.455846810535432,0
2022-05-25,2022-05-24,EGARCH-Normal,5659,1.4634093780999675,0
2022-05-26,2022-05-25,GARCH-Normal,5660,1.4863655446035757,0
2022-05-26,2022-05-25,GJR-GARCH-Normal,5660,1.3241839009881475,0
2022-05-26,2022-05-25,EGARCH-Normal,5660,1.3172299586642808,0
2022-05-27,2022-05-26,GARCH-Normal,5661,1.3479661544873167,0
2022-05-27,2022-05-26,GJR-GARCH-Normal,5661,1.2065007861037982,0
2022-05-27,2022-05-26,EGARCH-Normal,5661,1.1875326441895853,0
2022-05-30,2022-05-27,GARCH-Normal,5662,1.2027200301297996,0
2022-05-30,2022-05-27,GJR-GARCH-Normal,5662,1.1011763221164879,0
2022-05-30,2022-05-27,EGARCH-Normal,5662,1.0753005236444708,0
2022-05-31,2022-05-30,GARCH-Normal,5663,1.0724408908033007,0
2022-05-31,2022-05-30,GJR-GARCH-Normal,5663,1.0068878377759711,0
2022-05-31,2022-05-30,EGARCH-Normal,5663,0.9762107902769513,0
2022-06-01,2022-05-31,GARCH-Normal,5664,0.9563337976465001,0
2022-06-01,2022-05-31,GJR-GARCH-Normal,5664,0.9224465651187982,0
2022-06-01,2022-05-31,EGARCH-Normal,5664,0.8886935088611221,0
2022-06-06,2022-06-01,GARCH-Normal,5665,0.9715050891748115,0
2022-06-06,2022-06-01,GJR-GARCH-Normal,5665,1.0096015452060354,0
2022-06-06,2022-06-01,EGARCH-Normal,5665,1.0463567488142997,0
2022-06-07,2022-06-06,GARCH-Normal,5666,0.9721802200188919,0
2022-06-07,2022-06-06,GJR-GARCH-Normal,5666,0.9253413348903785,0
2022-06-07,2022-06-06,EGARCH-Normal,5666,0.9433251287350035,0
2022-06-08,2022-06-07,GARCH-Normal,5667,0.8712101984845934,0
2022-06-08,2022-06-07,GJR-GARCH-Normal,5667,0.8518592939216336,0
2022-06-08,2022-06-07,EGARCH-Normal,5667,0.8850851468453976,0
2022-06-09,2022-06-08,GARCH-Normal,5668,0.7817454219494355,0
2022-06-09,2022-06-08,GJR-GARCH-Normal,5668,0.7846321059641593,0
2022-06-09,2022-06-08,EGARCH-Normal,5668,0.8225749496922581,0
2022-06-10,2022-06-09,GARCH-Normal,5669,0.9846983743371557,0
2022-06-10,2022-06-09,GJR-GARCH-Normal,5669,1.1269573859794892,0
2022-06-10,2022-06-09,EGARCH-Normal,5669,1.141374720184275,0
2022-06-13,2022-06-10,GARCH-Normal,5670,1.4106384460374441,0
2022-06-13,2022-06-10,GJR-GARCH-Normal,5670,1.8032257823959983,0
2022-06-13,2022-06-10,EGARCH-Normal,5670,1.6937173217495889,0
2022-06-14,2022-06-13,GARCH-Normal,5671,1.5270303537174095,0
2022-06-14,2022-06-13,GJR-GARCH-Normal,5671,2.031378820822905,0
2022-06-14,2022-06-13,EGARCH-Normal,5671,2.0368359966627745,0
2022-06-15,2022-06-14,GARCH-Normal,5672,1.3612422639165112,0
2022-06-15,2022-06-14,GJR-GARCH-Normal,5672,1.8477429582915426,0
2022-06-15,2022-06-14,EGARCH-Normal,5672,1.907222595918901,0
2022-06-16,2022-06-15,GARCH-Normal,5673,1.3581986887788298,0
2022-06-16,2022-06-15,GJR-GARCH-Normal,5673,1.6745732765832364,0
2022-06-16,2022-06-15,EGARCH-Normal,5673,1.7006246227460853,0
2022-06-17,2022-06-16,GARCH-Normal,5674,2.3729596339881542,0
2022-06-17,2022-06-16,GJR-GARCH-Normal,5674,3.240880062661999,0
2022-06-17,2022-06-16,EGARCH-Normal,5674,2.7933071533117597,0
2022-06-20,2022-06-17,GARCH-Normal,5675,2.1088486556194623,0
2022-06-20,2022-06-17,GJR-GARCH-Normal,5675,2.94318063713708,0
2022-06-20,2022-06-17,EGARCH-Normal,5675,2.641424939455613,0
2022-06-21,2022-06-20,GARCH-Normal,5676,2.099173778168621,0
2022-06-21,2022-06-20,GJR-GARCH-Normal,5676,2.6531114189618052,0
2022-06-21,2022-06-20,EGARCH-Normal,5676,2.3382828629440233,0
2022-06-22,2022-06-21,GARCH-Normal,5677,1.8675750566762925,0
2022-06-22,2022-06-21,GJR-GARCH-Normal,5677,2.393000515536823,0
2022-06-22,2022-06-21,EGARCH-Normal,5677,2.0880654529334413,0
2022-06-23,2022-06-22,GARCH-Normal,5678,1.7426199697041467,0
2022-06-23,2022-06-22,GJR-GARCH-Normal,5678,2.291193369962349,0
2022-06-23,2022-06-22,EGARCH-Normal,5678,2.173820752145502,0
2022-06-24,2022-06-23,GARCH-Normal,5679,1.6532945622492297,0
2022-06-24,2022-06-23,GJR-GARCH-Normal,5679,2.2285112916325795,0
2022-06-24,2022-06-23,EGARCH-Normal,5679,2.288729156243269,0
2022-06-27,2022-06-24,GARCH-Normal,5680,2.2311446985090897,0
2022-06-27,2022-06-24,GJR-GARCH-Normal,5680,2.0170639806844575,0
2022-06-27,2022-06-24,EGARCH-Normal,5680,2.0164773783437853,0
2022-06-28,2022-06-27,GARCH-Normal,5681,2.013342578046643,0
2022-06-28,2022-06-27,GJR-GARCH-Normal,5681,1.8256083489797919,0
2022-06-28,2022-06-27,EGARCH-Normal,5681,1.8026415812500614,0
2022-06-29,2022-06-28,GARCH-Normal,5682,1.859455168814648,0
2022-06-29,2022-06-28,GJR-GARCH-Normal,5682,1.6546202032603163,0
2022-06-29,2022-06-28,EGARCH-Normal,5682,1.6121916029227228,0
2022-06-30,2022-06-29,GARCH-Normal,5683,1.6459338084138562,0
2022-06-30,2022-06-29,GJR-GARCH-Normal,5683,1.5050504976797674,0
2022-06-30,2022-06-29,EGARCH-Normal,5683,1.4953088338363048,0
2022-07-01,2022-06-30,GARCH-Normal,5684,1.907101911234669,0
2022-07-01,2022-06-30,GJR-GARCH-Normal,5684,2.023028524726664,0
2022-07-01,2022-06-30,EGARCH-Normal,5684,2.0046139583445233,0
2022-07-04,2022-07-01,GARCH-Normal,5685,1.6839977237092698,0
2022-07-04,2022-07-01,GJR-GARCH-Normal,5685,1.8309240444529091,0
2022-07-04,2022-07-01,EGARCH-Normal,5685,1.8014809871155049,0
2022-07-05,2022-07-04,GARCH-Normal,5686,1.5719756174304929,0
2022-07-05,2022-07-04,GJR-GARCH-Normal,5686,1.6595593037810605,0
2022-07-05,2022-07-04,EGARCH-Normal,5686,1.6113005287081654,0
2022-07-06,2022-07-05,GARCH-Normal,5687,2.3581961892926664,0
2022-07-06,2022-07-05,GJR-GARCH-Normal,5687,2.9270097227104532,0
2022-07-06,2022-07-05,EGARCH-Normal,5687,2.5456076960549914,0
2022-07-07,2022-07-06,GARCH-Normal,5688,2.221186046141338,0
2022-07-07,2022-07-06,GJR-GARCH-Normal,5688,2.639166603487795,0
2022-07-07,2022-07-06,EGARCH-Normal,5688,2.2595988922404455,0
2022-07-08,2022-07-07,GARCH-Normal,5689,2.0950479241910256,0
2022-07-08,2022-07-07,GJR-GARCH-Normal,5689,2.382288008831167,0
2022-07-08,2022-07-07,EGARCH-Normal,5689,2.0101188979314135,0
2022-07-11,2022-07-08,GARCH-Normal,5690,1.848688920368276,0
2022-07-11,2022-07-08,GJR-GARCH-Normal,5690,2.1524390465605028,0
2022-07-11,2022-07-08,EGARCH-Normal,5690,1.8052836710474116,0
2022-07-12,2022-07-11,GARCH-Normal,5691,1.6336175284003795,0
2022-07-12,2022-07-11,GJR-GARCH-Normal,5691,1.9471601880851506,0
2022-07-12,2022-07-11,EGARCH-Normal,5691,1.6260012409841136,0
2022-07-13,2022-07-12,GARCH-Normal,5692,1.4485809521707385,0
2022-07-13,2022-07-12,GJR-GARCH-Normal,5692,1.7636558859418756,0
2022-07-13,2022-07-12,EGARCH-Normal,5692,1.465251260360902,0
2022-07-14,2022-07-13,GARCH-Normal,5693,1.351702231379523,0
2022-07-14,2022-07-13,GJR-GARCH-Normal,5693,1.691308583667169,0
2022-07-14,2022-07-13,EGARCH-Normal,5693,1.5372926327566847,0
2022-07-15,2022-07-14,GARCH-Normal,5694,1.5134117704834253,0
2022-07-15,2022-07-14,GJR-GARCH-Normal,5694,1.9856803808728443,0
2022-07-15,2022-07-14,EGARCH-Normal,5694,1.9178092172744832,0
2022-07-18,2022-07-15,GARCH-Normal,5695,1.64502713448667,0
2022-07-18,2022-07-15,GJR-GARCH-Normal,5695,1.7989802082211361,0
2022-07-18,2022-07-15,EGARCH-Normal,5695,1.7038563027101559,0
2022-07-19,2022-07-18,GARCH-Normal,5696,1.5391657257040963,0
2022-07-19,2022-07-18,GJR-GARCH-Normal,5696,1.631394797826174,0
2022-07-19,2022-07-18,EGARCH-Normal,5696,1.5254473209396016,0
2022-07-20,2022-07-19,GARCH-Normal,5697,1.4702552106301283,0
2022-07-20,2022-07-19,GJR-GARCH-Normal,5697,1.4815714378697884,0
2022-07-20,2022-07-19,EGARCH-Normal,5697,1.3668797719538541,0
2022-07-21,2022-07-20,GARCH-Normal,5698,1.3283795852419475,0
2022-07-21,2022-07-20,GJR-GARCH-Normal,5698,1.3787027851361362,0
2022-07-21,2022-07-20,EGARCH-Normal,5698,1.3543052559395554,0
2022-07-22,2022-07-21,GARCH-Normal,5699,1.1801292225899733,0
2022-07-22,2022-07-21,GJR-GARCH-Normal,5699,1.2548745175041078,0
2022-07-22,2022-07-21,EGARCH-Normal,5699,1.2256278933066942,0
2022-07-25,2022-07-22,GARCH-Normal,5700,1.050537119711484,0
2022-07-25,2022-07-22,GJR-GARCH-Normal,5700,1.1439286841366652,0
2022-07-25,2022-07-22,EGARCH-Normal,5700,1.111131014307233,0
2022-07-26,2022-07-25,GARCH-Normal,5701,0.9531450821816247,0
2022-07-26,2022-07-25,GJR-GARCH-Normal,5701,1.0446594436414884,0
2022-07-26,2022-07-25,EGARCH-Normal,5701,1.0057828262035036,0
2022-07-27,2022-07-26,GARCH-Normal,5702,0.8519107825837717,0
2022-07-27,2022-07-26,GJR-GARCH-Normal,5702,0.9554993286796281,0
2022-07-27,2022-07-26,EGARCH-Normal,5702,0.9155314220909457,0
2022-07-28,2022-07-27,GARCH-Normal,5703,0.796474691741396,0
2022-07-28,2022-07-27,GJR-GARCH-Normal,5703,0.8760392539439712,0
2022-07-28,2022-07-27,EGARCH-Normal,5703,0.8298993164801829,0
2022-07-29,2022-07-28,GARCH-Normal,5704,0.7154725076918728,0
2022-07-29,2022-07-28,GJR-GARCH-Normal,5704,0.8045966625136362,0
2022-07-29,2022-07-28,EGARCH-Normal,5704,0.7639115700108411,0
2022-08-01,2022-07-29,GARCH-Normal,5705,0.764254423813793,0
2022-08-01,2022-07-29,GJR-GARCH-Normal,5705,0.7424321672300815,0
2022-08-01,2022-07-29,EGARCH-Normal,5705,0.6917614594413563,0
2022-08-02,2022-08-01,GARCH-Normal,5706,0.6903188122546281,0
2022-08-02,2022-08-01,GJR-GARCH-Normal,5706,0.6877081493632663,0
2022-08-02,2022-08-01,EGARCH-Normal,5706,0.6577002612581102,0
2022-08-03,2022-08-02,GARCH-Normal,5707,0.6235152646549094,0
2022-08-03,2022-08-02,GJR-GARCH-Normal,5707,0.6363428872992161,0
2022-08-03,2022-08-02,EGARCH-Normal,5707,0.6118878520345862,0
2022-08-04,2022-08-03,GARCH-Normal,5708,0.5885837514216993,0
2022-08-04,2022-08-03,GJR-GARCH-Normal,5708,0.5904774987369698,0
2022-08-04,2022-08-03,EGARCH-Normal,5708,0.5585753939993813,0
2022-08-05,2022-08-04,GARCH-Normal,5709,0.5338582934625169,0
2022-08-05,2022-08-04,GJR-GARCH-Normal,5709,0.5489347420464608,0
2022-08-05,2022-08-04,EGARCH-Normal,5709,0.513127432135839,0
2022-08-08,2022-08-05,GARCH-Normal,5710,0.48850267102028305,0
2022-08-08,2022-08-05,GJR-GARCH-Normal,5710,0.513793803415756,0
2022-08-08,2022-08-05,EGARCH-Normal,5710,0.48927110300392207,0
2022-08-09,2022-08-08,GARCH-Normal,5711,0.4802650854898213,0
2022-08-09,2022-08-08,GJR-GARCH-Normal,5711,0.4812848340722943,0
2022-08-09,2022-08-08,EGARCH-Normal,5711,0.4479877336589539,0
2022-08-10,2022-08-09,GARCH-Normal,5712,0.43979177004924597,0
2022-08-10,2022-08-09,GJR-GARCH-Normal,5712,0.4515024049154157,0
2022-08-10,2022-08-09,EGARCH-Normal,5712,0.41265782989273836,0
2022-08-11,2022-08-10,GARCH-Normal,5713,0.4098789239581575,0
2022-08-11,2022-08-10,GJR-GARCH-Normal,5713,0.4250939474369519,0
2022-08-11,2022-08-10,EGARCH-Normal,5713,0.3798116774201613,0
2022-08-12,2022-08-11,GARCH-Normal,5714,0.4174966717983718,0
2022-08-12,2022-08-11,GJR-GARCH-Normal,5714,0.45318381299476135,0
2022-08-12,2022-08-11,EGARCH-Normal,5714,0.4378423032591841,0
2022-08-15,2022-08-12,GARCH-Normal,5715,0.4069958815783257,0
2022-08-15,2022-08-12,GJR-GARCH-Normal,5715,0.42716791122928116,0
2022-08-15,2022-08-12,EGARCH-Normal,5715,0.40207650758520125,0
2022-08-16,2022-08-15,GARCH-Normal,5716,0.3767158019241305,0
2022-08-16,2022-08-15,GJR-GARCH-Normal,5716,0.4036578558753623,0
2022-08-16,2022-08-15,EGARCH-Normal,5716,0.37097308303291227,0
2022-08-17,2022-08-16,GARCH-Normal,5717,0.36187844451867096,0
2022-08-17,2022-08-16,GJR-GARCH-Normal,5717,0.3828635089360651,0
2022-08-17,2022-08-16,EGARCH-Normal,5717,0.34185780312061614,0
2022-08-18,2022-08-17,GARCH-Normal,5718,0.3472819642346715,0
2022-08-18,2022-08-17,GJR-GARCH-Normal,5718,0.37633506225399516,0
2022-08-18,2022-08-17,EGARCH-Normal,5718,0.35420636028109875,0
2022-08-19,2022-08-18,GARCH-Normal,5719,0.33551907183219276,0
2022-08-19,2022-08-18,GJR-GARCH-Normal,5719,0.3585417144168245,0
2022-08-19,2022-08-18,EGARCH-Normal,5719,0.32674224803655466,0
2022-08-22,2022-08-19,GARCH-Normal,5720,0.31457410153422033,0
2022-08-22,2022-08-19,GJR-GARCH-Normal,5720,0.3425381392627454,0
2022-08-22,2022-08-19,EGARCH-Normal,5720,0.30245647423870875,0
2022-08-23,2022-08-22,GARCH-Normal,5721,0.30298339328150686,0
2022-08-23,2022-08-22,GJR-GARCH-Normal,5721,0.33633817989582043,0
2022-08-23,2022-08-22,EGARCH-Normal,5721,0.30922818899228766,0
2022-08-24,2022-08-23,GARCH-Normal,5722,0.33316492030611,0
2022-08-24,2022-08-23,GJR-GARCH-Normal,5722,0.3863577349879554,0
2022-08-24,2022-08-23,EGARCH-Normal,5722,0.37714334852632214,0
2022-08-25,2022-08-24,GARCH-Normal,5723,0.3192774877382304,0
2022-08-25,2022-08-24,GJR-GARCH-Normal,5723,0.37567519705923014,0
2022-08-25,2022-08-24,EGARCH-Normal,5723,0.38060335402737167,0
2022-08-26,2022-08-25,GARCH-Normal,5724,0.3004470915667657,0
2022-08-26,2022-08-25,GJR-GARCH-Normal,5724,0.3579985759718922,0
2022-08-26,2022-08-25,EGARCH-Normal,5724,0.3514506618028517,0
2022-08-30,2022-08-26,GARCH-Normal,5725,0.3458877335378952,0
2022-08-30,2022-08-26,GJR-GARCH-Normal,5725,0.42705160937026565,0
2022-08-30,2022-08-26,EGARCH-Normal,5725,0.43772857830261963,0
2022-08-31,2022-08-30,GARCH-Normal,5726,0.42055274264689335,0
2022-08-31,2022-08-30,GJR-GARCH-Normal,5726,0.5394891573109146,0
2022-08-31,2022-08-30,EGARCH-Normal,5726,0.5647815376393829,0
2022-09-01,2022-08-31,GARCH-Normal,5727,0.5243247992252654,0
2022-09-01,2022-08-31,GJR-GARCH-Normal,5727,0.6964282430350908,0
2022-09-01,2022-08-31,EGARCH-Normal,5727,0.7367137695318698,0
2022-09-02,2022-09-01,GARCH-Normal,5728,0.9027754317035304,0
2022-09-02,2022-09-01,GJR-GARCH-Normal,5728,1.259949860481475,0
2022-09-02,2022-09-01,EGARCH-Normal,5728,1.1663073046958616,0
2022-09-05,2022-09-02,GARCH-Normal,5729,1.18951050326434,0
2022-09-05,2022-09-02,GJR-GARCH-Normal,5729,1.1475411892796004,0
2022-09-05,2022-09-02,EGARCH-Normal,5729,1.0433146028312112,0
2022-09-06,2022-09-05,GARCH-Normal,5730,1.0524261354974669,0
2022-09-06,2022-09-05,GJR-GARCH-Normal,5730,1.0438285917237713,0
2022-09-06,2022-09-05,EGARCH-Normal,5730,0.9450812555917043,0
2022-09-07,2022-09-06,GARCH-Normal,5731,0.9367839659682748,0
2022-09-07,2022-09-06,GJR-GARCH-Normal,5731,0.9520515670050982,0
2022-09-07,2022-09-06,EGARCH-Normal,5731,0.8574358409096393,0
2022-09-08,2022-09-07,GARCH-Normal,5732,0.9272918496483432,0
2022-09-08,2022-09-07,GJR-GARCH-Normal,5732,0.9988830138806932,0
2022-09-08,2022-09-07,EGARCH-Normal,5732,0.9841318567313124,0
2022-09-09,2022-09-08,GARCH-Normal,5733,0.8372718556615633,0
2022-09-09,2022-09-08,GJR-GARCH-Normal,5733,0.9124068706229754,0
2022-09-09,2022-09-08,EGARCH-Normal,5733,0.8911481703784692,0
2022-09-12,2022-09-09,GARCH-Normal,5734,0.9124075006574142,0
2022-09-12,2022-09-09,GJR-GARCH-Normal,5734,0.8360563620826427,0
2022-09-12,2022-09-09,EGARCH-Normal,5734,0.8031975670838667,0
2022-09-13,2022-09-12,GARCH-Normal,5735,1.1167568044127063,0
2022-09-13,2022-09-12,GJR-GARCH-Normal,5735,0.7682982256198143,0
2022-09-13,2022-09-12,EGARCH-Normal,5735,0.722723005873573,0
2022-09-14,2022-09-13,GARCH-Normal,5736,1.1593989568987664,0
2022-09-14,2022-09-13,GJR-GARCH-Normal,5736,0.945996765581791,0
2022-09-14,2022-09-13,EGARCH-Normal,5736,0.932367628995781,0
2022-09-15,2022-09-14,GARCH-Normal,5737,1.2944010862564954,0
2022-09-15,2022-09-14,GJR-GARCH-Normal,5737,1.2478245568227169,0
2022-09-15,2022-09-14,EGARCH-Normal,5737,1.245140671373436,0
2022-09-16,2022-09-15,GARCH-Normal,5738,1.1439855734049773,0
2022-09-16,2022-09-15,GJR-GARCH-Normal,5738,1.1333986609870026,0
2022-09-16,2022-09-15,EGARCH-Normal,5738,1.123770118470098,0
2022-09-20,2022-09-16,GARCH-Normal,5739,1.0642219506983335,0
2022-09-20,2022-09-16,GJR-GARCH-Normal,5739,1.0992175843022762,0
2022-09-20,2022-09-16,EGARCH-Normal,5739,1.1774677592895693,0
2022-09-21,2022-09-20,GARCH-Normal,5740,0.9928904346706932,0
2022-09-21,2022-09-20,GJR-GARCH-Normal,5740,1.0655269143513861,0
2022-09-21,2022-09-20,EGARCH-Normal,5740,1.2239307465280327,0
2022-09-22,2022-09-21,GARCH-Normal,5741,0.9241001961423058,0
2022-09-22,2022-09-21,GJR-GARCH-Normal,5741,0.9719577608656763,0
2022-09-22,2022-09-21,EGARCH-Normal,5741,1.101473409899792,0
2022-09-23,2022-09-22,GARCH-Normal,5742,0.9685495592655744,0
2022-09-23,2022-09-22,GJR-GARCH-Normal,5742,1.09235794020871,0
2022-09-23,2022-09-22,EGARCH-Normal,5742,1.2912319646305153,0
2022-09-26,2022-09-23,GARCH-Normal,5743,1.3362996317618927,0
2022-09-26,2022-09-23,GJR-GARCH-Normal,5743,1.6850716210030685,0
2022-09-26,2022-09-23,EGARCH-Normal,5743,1.8084281171311085,0
2022-09-27,2022-09-26,GARCH-Normal,5744,1.180475294466156,0
2022-09-27,2022-09-26,GJR-GARCH-Normal,5744,1.5220142108284176,0
2022-09-27,2022-09-26,EGARCH-Normal,5744,1.6200696931856238,0
2022-09-28,2022-09-27,GARCH-Normal,5745,1.0810796436081498,0
2022-09-28,2022-09-27,GJR-GARCH-Normal,5745,1.4237436465646995,0
2022-09-28,2022-09-27,EGARCH-Normal,5745,1.60956662081935,0
2022-09-29,2022-09-28,GARCH-Normal,5746,0.9682248669227267,0
2022-09-29,2022-09-28,GJR-GARCH-Normal,5746,1.2905032253369366,0
2022-09-29,2022-09-28,EGARCH-Normal,5746,1.443675366636423,0
2022-09-30,2022-09-29,GARCH-Normal,5747,1.2439733013339345,0
2022-09-30,2022-09-29,GJR-GARCH-Normal,5747,1.7249529376611192,0
2022-09-30,2022-09-29,EGARCH-Normal,5747,1.8857478702536914,0
2022-10-03,2022-09-30,GARCH-Normal,5748,1.1035074622715986,0
2022-10-03,2022-09-30,GJR-GARCH-Normal,5748,1.5581604495900236,0
2022-10-03,2022-09-30,EGARCH-Normal,5748,1.687004451746164,0
2022-10-04,2022-10-03,GARCH-Normal,5749,0.983585304958542,0
2022-10-04,2022-10-03,GJR-GARCH-Normal,5749,1.4102199099679948,0
2022-10-04,2022-10-03,EGARCH-Normal,5749,1.5124598169075079,0
2022-10-05,2022-10-04,GARCH-Normal,5750,1.6061335809640915,0
2022-10-05,2022-10-04,GJR-GARCH-Normal,5750,1.2806644829229812,0
2022-10-05,2022-10-04,EGARCH-Normal,5750,1.3417347678729699,0
2022-10-06,2022-10-05,GARCH-Normal,5751,1.4448556644312276,0
2022-10-06,2022-10-05,GJR-GARCH-Normal,5751,1.20254310026167,0
2022-10-06,2022-10-05,EGARCH-Normal,5751,1.3405178631734351,0
2022-10-07,2022-10-06,GARCH-Normal,5752,1.352918721781898,0
2022-10-07,2022-10-06,GJR-GARCH-Normal,5752,1.2005749845733658,0
2022-10-07,2022-10-06,EGARCH-Normal,5752,1.4318871802700164,0
2022-10-10,2022-10-07,GARCH-Normal,5753,1.1975148557368696,0
2022-10-10,2022-10-07,GJR-GARCH-Normal,5753,1.0933380129721604,0
2022-10-10,2022-10-07,EGARCH-Normal,5753,1.311640326375472,0
2022-10-11,2022-10-10,GARCH-Normal,5754,1.0887231693491133,0
2022-10-11,2022-10-10,GJR-GARCH-Normal,5754,1.0320370628701627,0
2022-10-11,2022-10-10,EGARCH-Normal,5754,1.3055584723943745,0
2022-10-12,2022-10-11,GARCH-Normal,5755,1.1072752509492303,0
2022-10-12,2022-10-11,GJR-GARCH-Normal,5755,1.1401980968984609,0
2022-10-12,2022-10-11,EGARCH-Normal,5755,1.4882382075385097,0
2022-10-13,2022-10-12,GARCH-Normal,5756,1.0749518826019993,0
2022-10-13,2022-10-12,GJR-GARCH-Normal,5756,1.1659748585295866,0
2022-10-13,2022-10-12,EGARCH-Normal,5756,1.5962575064032647,0
2022-10-14,2022-10-13,GARCH-Normal,5757,0.9671115224591291,0
2022-10-14,2022-10-13,GJR-GARCH-Normal,5757,1.061430910170399,0
2022-10-14,2022-10-13,EGARCH-Normal,5757,1.4316686923913091,0
2022-10-17,2022-10-14,GARCH-Normal,5758,0.8625882153009177,0
2022-10-17,2022-10-14,GJR-GARCH-Normal,5758,0.9683819839013018,0
2022-10-17,2022-10-14,EGARCH-Normal,5758,1.2885342390640278,0
2022-10-18,2022-10-17,GARCH-Normal,5759,0.8566966971383718,0
2022-10-18,2022-10-17,GJR-GARCH-Normal,5759,0.8857753847550993,0
2022-10-18,2022-10-17,EGARCH-Normal,5759,1.156709525277066,0
2022-10-19,2022-10-18,GARCH-Normal,5760,0.7707601151104546,0
2022-10-19,2022-10-18,GJR-GARCH-Normal,5760,0.8119899464849043,0
2022-10-19,2022-10-18,EGARCH-Normal,5760,1.0446186213278634,0
2022-10-20,2022-10-19,GARCH-Normal,5761,0.69576225271979,0
2022-10-20,2022-10-19,GJR-GARCH-Normal,5761,0.7508006363951829,0
2022-10-20,2022-10-19,EGARCH-Normal,5761,0.9842478199761815,0
2022-10-21,2022-10-20,GARCH-Normal,5762,0.6327951179351657,0
2022-10-21,2022-10-20,GJR-GARCH-Normal,5762,0.6917213265086232,0
2022-10-21,2022-10-20,EGARCH-Normal,5762,0.8910600880124545,0
2022-10-24,2022-10-21,GARCH-Normal,5763,0.5847795781842754,0
2022-10-24,2022-10-21,GJR-GARCH-Normal,5763,0.639110702038019,0
2022-10-24,2022-10-21,EGARCH-Normal,5763,0.8075840438283868,0
2022-10-25,2022-10-24,GARCH-Normal,5764,0.5720575051270187,0
2022-10-25,2022-10-24,GJR-GARCH-Normal,5764,0.5924421476052404,0
2022-10-25,2022-10-24,EGARCH-Normal,5764,0.7321863757208239,0
2022-10-26,2022-10-25,GARCH-Normal,5765,0.518791288369851,0
2022-10-26,2022-10-25,GJR-GARCH-Normal,5765,0.5505464601889589,0
2022-10-26,2022-10-25,EGARCH-Normal,5765,0.6676037550515933,0
2022-10-27,2022-10-26,GARCH-Normal,5766,0.5110404828381974,0
2022-10-27,2022-10-26,GJR-GARCH-Normal,5766,0.5135775188481797,0
2022-10-27,2022-10-26,EGARCH-Normal,5766,0.6074464390952168,0
2022-10-28,2022-10-27,GARCH-Normal,5767,0.47126458239081986,0
2022-10-28,2022-10-27,GJR-GARCH-Normal,5767,0.48035878410353416,0
2022-10-28,2022-10-27,EGARCH-Normal,5767,0.5546472061364964,0
2022-10-31,2022-10-28,GARCH-Normal,5768,0.4499623304416769,0
2022-10-31,2022-10-28,GJR-GARCH-Normal,5768,0.47386293772500604,0
2022-10-31,2022-10-28,EGARCH-Normal,5768,0.5741693760672787,0
2022-11-01,2022-10-31,GARCH-Normal,5769,0.459452724329896,0
2022-11-01,2022-10-31,GJR-GARCH-Normal,5769,0.44543348727085613,0
2022-11-01,2022-10-31,EGARCH-Normal,5769,0.5238757924474251,0
2022-11-02,2022-11-01,GARCH-Normal,5770,0.6045296835518912,0
2022-11-02,2022-11-01,GJR-GARCH-Normal,5770,0.4214779315811596,0
2022-11-02,2022-11-01,EGARCH-Normal,5770,0.4784039487441969,0
2022-11-03,2022-11-02,GARCH-Normal,5771,0.5916704005723912,0
2022-11-03,2022-11-02,GJR-GARCH-Normal,5771,0.45807114115761466,0
2022-11-03,2022-11-02,EGARCH-Normal,5771,0.5438904610851159,0
2022-11-04,2022-11-03,GARCH-Normal,5772,0.5763096320226139,0
2022-11-04,2022-11-03,GJR-GARCH-Normal,5772,0.4314772778406341,0
2022-11-04,2022-11-03,EGARCH-Normal,5772,0.4969926106402436,0
2022-11-07,2022-11-04,GARCH-Normal,5773,0.9797142581231666,0
2022-11-07,2022-11-04,GJR-GARCH-Normal,5773,0.41039816665567835,0
2022-11-07,2022-11-04,EGARCH-Normal,5773,0.45217259959270734,0
2022-11-08,2022-11-07,GARCH-Normal,5774,0.9015716500889756,0
2022-11-08,2022-11-07,GJR-GARCH-Normal,5774,0.42751055708310554,0
2022-11-08,2022-11-07,EGARCH-Normal,5774,0.4962976287169873,0
2022-11-09,2022-11-08,GARCH-Normal,5775,0.8045007014899971,0
2022-11-09,2022-11-08,GJR-GARCH-Normal,5775,0.40433099568647496,0
2022-11-09,2022-11-08,EGARCH-Normal,5775,0.4565662500563961,0
2022-11-10,2022-11-09,GARCH-Normal,5776,0.7235532299506486,0
2022-11-10,2022-11-09,GJR-GARCH-Normal,5776,0.38652308939678715,0
2022-11-10,2022-11-09,EGARCH-Normal,5776,0.4409752256799936,0
2022-11-11,2022-11-10,GARCH-Normal,5777,0.7770094622643243,0
2022-11-11,2022-11-10,GJR-GARCH-Normal,5777,0.36853044507229804,0
2022-11-11,2022-11-10,EGARCH-Normal,5777,0.4032428099869485,0
2022-11-14,2022-11-11,GARCH-Normal,5778,0.7730981878969153,0
2022-11-14,2022-11-11,GJR-GARCH-Normal,5778,0.45617205771402947,0
2022-11-14,2022-11-11,EGARCH-Normal,5778,0.5057611527661223,0
2022-11-15,2022-11-14,GARCH-Normal,5779,0.7835095078575308,0
2022-11-15,2022-11-14,GJR-GARCH-Normal,5779,0.430223678871772,0
2022-11-15,2022-11-14,EGARCH-Normal,5779,0.46184724148732953,0
2022-11-16,2022-11-15,GARCH-Normal,5780,0.7092666088340474,0
2022-11-16,2022-11-15,GJR-GARCH-Normal,5780,0.41442317866348294,0
2022-11-16,2022-11-15,EGARCH-Normal,5780,0.4593145409387355,0
2022-11-17,2022-11-16,GARCH-Normal,5781,0.6470210341110504,0
2022-11-17,2022-11-16,GJR-GARCH-Normal,5781,0.40292494370795184,0
2022-11-17,2022-11-16,EGARCH-Normal,5781,0.4626214155142204,0
2022-11-18,2022-11-17,GARCH-Normal,5782,0.585117210914205,0
2022-11-18,2022-11-17,GJR-GARCH-Normal,5782,0.3830946923838548,0
2022-11-18,2022-11-17,EGARCH-Normal,5782,0.4353333756174102,0
2022-11-21,2022-11-18,GARCH-Normal,5783,0.5590823733981932,0
2022-11-21,2022-11-18,GJR-GARCH-Normal,5783,0.3649473273660721,0
2022-11-21,2022-11-18,EGARCH-Normal,5783,0.39986701361880284,0
2022-11-22,2022-11-21,GARCH-Normal,5784,0.5103499273806881,0
2022-11-22,2022-11-21,GJR-GARCH-Normal,5784,0.35076560006451984,0
2022-11-22,2022-11-21,EGARCH-Normal,5784,0.3858979022128966,0
2022-11-23,2022-11-22,GARCH-Normal,5785,0.5797077413781098,0
2022-11-23,2022-11-22,GJR-GARCH-Normal,5785,0.33659400031860304,0
2022-11-23,2022-11-22,EGARCH-Normal,5785,0.3536768737488484,0
2022-11-24,2022-11-23,GARCH-Normal,5786,0.5277752239316081,0
2022-11-24,2022-11-23,GJR-GARCH-Normal,5786,0.32337342892830406,0
2022-11-24,2022-11-23,EGARCH-Normal,5786,0.3272934477799333,0
2022-11-25,2022-11-24,GARCH-Normal,5787,0.4806840921855709,0
2022-11-25,2022-11-24,GJR-GARCH-Normal,5787,0.3115385588991046,0
2022-11-25,2022-11-24,EGARCH-Normal,5787,0.3038373963112317,0
2022-11-28,2022-11-25,GARCH-Normal,5788,0.44628628316418223,0
2022-11-28,2022-11-25,GJR-GARCH-Normal,5788,0.3010047465321976,0
2022-11-28,2022-11-25,EGARCH-Normal,5788,0.2815997384841716,0
2022-11-29,2022-11-28,GARCH-Normal,5789,0.4147124164641891,0
2022-11-29,2022-11-28,GJR-GARCH-Normal,5789,0.29627061444777764,0
2022-11-29,2022-11-28,EGARCH-Normal,5789,0.2829535724512054,0
2022-11-30,2022-11-29,GARCH-Normal,5790,0.40879046876790903,0
2022-11-30,2022-11-29,GJR-GARCH-Normal,5790,0.2875087768261488,0
2022-11-30,2022-11-29,EGARCH-Normal,5790,0.26191804751080766,0
2022-12-01,2022-11-30,GARCH-Normal,5791,0.4478387116649406,0
2022-12-01,2022-11-30,GJR-GARCH-Normal,5791,0.2800956127690383,0
2022-12-01,2022-11-30,EGARCH-Normal,5791,0.2421896117055738,0
2022-12-02,2022-12-01,GARCH-Normal,5792,0.4172533097015869,0
2022-12-02,2022-12-01,GJR-GARCH-Normal,5792,0.2790894648029956,0
2022-12-02,2022-12-01,EGARCH-Normal,5792,0.2485080662669053,0
2022-12-05,2022-12-02,GARCH-Normal,5793,0.38523490338428135,0
2022-12-05,2022-12-02,GJR-GARCH-Normal,5793,0.2720808682860085,0
2022-12-05,2022-12-02,EGARCH-Normal,5793,0.23454670952161844,0
2022-12-06,2022-12-05,GARCH-Normal,5794,0.3585464103942036,0
2022-12-06,2022-12-05,GJR-GARCH-Normal,5794,0.2656764143716787,0
2022-12-06,2022-12-05,EGARCH-Normal,5794,0.21870323860472507,0
2022-12-07,2022-12-06,GARCH-Normal,5795,0.3823086829997832,0
2022-12-07,2022-12-06,GJR-GARCH-Normal,5795,0.32429495074726444,0
2022-12-07,2022-12-06,EGARCH-Normal,5795,0.2832964230011004,0
2022-12-08,2022-12-07,GARCH-Normal,5796,0.379319564848958,0
2022-12-08,2022-12-07,GJR-GARCH-Normal,5796,0.34361439022845675,0
2022-12-08,2022-12-07,EGARCH-Normal,5796,0.3217672761662564,0
2022-12-09,2022-12-08,GARCH-Normal,5797,0.3597111227364875,0
2022-12-09,2022-12-08,GJR-GARCH-Normal,5797,0.33800592995784867,0
2022-12-09,2022-12-08,EGARCH-Normal,5797,0.3292559550668936,0
2022-12-12,2022-12-09,GARCH-Normal,5798,0.33489250489778605,0
2022-12-12,2022-12-09,GJR-GARCH-Normal,5798,0.3243863646831154,0
2022-12-12,2022-12-09,EGARCH-Normal,5798,0.3055018948096923,0
2022-12-13,2022-12-12,GARCH-Normal,5799,0.3361567320901104,0
2022-12-13,2022-12-12,GJR-GARCH-Normal,5799,0.34084885075084675,0
2022-12-13,2022-12-12,EGARCH-Normal,5799,0.3409398060499129,0
2022-12-14,2022-12-13,GARCH-Normal,5800,0.37655025959967053,0
2022-12-14,2022-12-13,GJR-GARCH-Normal,5800,0.32734805807250716,0
2022-12-14,2022-12-13,EGARCH-Normal,5800,0.3136729732138204,0
2022-12-15,2022-12-14,GARCH-Normal,5801,0.35122559494880856,0
2022-12-15,2022-12-14,GJR-GARCH-Normal,5801,0.3162293676040981,0
2022-12-15,2022-12-14,EGARCH-Normal,5801,0.3027591341376675,0
2022-12-16,2022-12-15,GARCH-Normal,5802,0.4365656584228437,0
2022-12-16,2022-12-15,GJR-GARCH-Normal,5802,0.4556114814110246,0
2022-12-16,2022-12-15,EGARCH-Normal,5802,0.4300653600801733,0
2022-12-19,2022-12-16,GARCH-Normal,5803,0.601103671561133,0
2022-12-19,2022-12-16,GJR-GARCH-Normal,5803,0.7111967545240214,0
2022-12-19,2022-12-16,EGARCH-Normal,5803,0.646171772427408,0
2022-12-20,2022-12-19,GARCH-Normal,5804,0.5592710479826533,0
2022-12-20,2022-12-19,GJR-GARCH-Normal,5804,0.6563362987096463,0
2022-12-20,2022-12-19,EGARCH-Normal,5804,0.5894590172041467,0
2022-12-21,2022-12-20,GARCH-Normal,5805,0.5086064063122336,0
2022-12-21,2022-12-20,GJR-GARCH-Normal,5805,0.6076034195133266,0
2022-12-21,2022-12-20,EGARCH-Normal,5805,0.5400951206407542,0
2022-12-22,2022-12-21,GARCH-Normal,5806,0.7910290635994949,0
2022-12-22,2022-12-21,GJR-GARCH-Normal,5806,0.5661530643395113,0
2022-12-22,2022-12-21,EGARCH-Normal,5806,0.48923687403460925,0
2022-12-23,2022-12-22,GARCH-Normal,5807,0.7271017565180914,0
2022-12-23,2022-12-22,GJR-GARCH-Normal,5807,0.5512783749235411,0
2022-12-23,2022-12-22,EGARCH-Normal,5807,0.5137805558117282,0
2022-12-28,2022-12-23,GARCH-Normal,5808,0.6527616042111771,0
2022-12-28,2022-12-23,GJR-GARCH-Normal,5808,0.5142773086100818,0
2022-12-28,2022-12-23,EGARCH-Normal,5808,0.472451017073379,0
2022-12-29,2022-12-28,GARCH-Normal,5809,0.598468003670127,0
2022-12-29,2022-12-28,GJR-GARCH-Normal,5809,0.48144266755969173,0
2022-12-29,2022-12-28,EGARCH-Normal,5809,0.43398116227983125,0
2022-12-30,2022-12-29,GARCH-Normal,5810,0.5452300738205829,0
2022-12-30,2022-12-29,GJR-GARCH-Normal,5810,0.45221487007854916,0
2022-12-30,2022-12-29,EGARCH-Normal,5810,0.3998319036910752,0
2023-01-03,2022-12-30,GARCH-Normal,5811,0.5792302364500378,0
2023-01-03,2022-12-30,GJR-GARCH-Normal,5811,0.5406702984827382,0
2023-01-03,2022-12-30,EGARCH-Normal,5811,0.5098302930052786,0
2023-01-04,2023-01-03,GARCH-Normal,5812,0.7318589736864334,0
2023-01-04,2023-01-03,GJR-GARCH-Normal,5812,0.5055885087268931,0
2023-01-04,2023-01-03,EGARCH-Normal,5812,0.46314879408694365,0
2023-01-05,2023-01-04,GARCH-Normal,5813,0.6736982199357149,0
2023-01-05,2023-01-04,GJR-GARCH-Normal,5813,0.4737161834433391,0
2023-01-05,2023-01-04,EGARCH-Normal,5813,0.42510302131746597,0
2023-01-06,2023-01-05,GARCH-Normal,5814,0.6489796227427534,0
2023-01-06,2023-01-05,GJR-GARCH-Normal,5814,0.44544092513804584,0
2023-01-06,2023-01-05,EGARCH-Normal,5814,0.38992320453433116,0
2023-01-09,2023-01-06,GARCH-Normal,5815,0.6651893258405388,0
2023-01-09,2023-01-06,GJR-GARCH-Normal,5815,0.4203696894636993,0
2023-01-09,2023-01-06,EGARCH-Normal,5815,0.35748969535130387,0
2023-01-10,2023-01-09,GARCH-Normal,5816,0.6096770809430796,0
2023-01-10,2023-01-09,GJR-GARCH-Normal,5816,0.39785283981511954,0
2023-01-10,2023-01-09,EGARCH-Normal,5816,0.32989932383985904,0
2023-01-11,2023-01-10,GARCH-Normal,5817,0.5727204922220018,0
2023-01-11,2023-01-10,GJR-GARCH-Normal,5817,0.40432075390441674,0
2023-01-11,2023-01-10,EGARCH-Normal,5817,0.36272085568510964,0
2023-01-12,2023-01-11,GARCH-Normal,5818,0.5347436467226765,0
2023-01-12,2023-01-11,GJR-GARCH-Normal,5818,0.3835625397206339,0
2023-01-12,2023-01-11,EGARCH-Normal,5818,0.3344275171677925,0
2023-01-13,2023-01-12,GARCH-Normal,5819,0.5717189706046446,0
2023-01-13,2023-01-12,GJR-GARCH-Normal,5819,0.3653369431001796,0
2023-01-13,2023-01-12,EGARCH-Normal,5819,0.3073788922976125,0
2023-01-16,2023-01-13,GARCH-Normal,5820,0.5614333989607708,0
2023-01-16,2023-01-13,GJR-GARCH-Normal,5820,0.3489669882091395,0
2023-01-16,2023-01-13,EGARCH-Normal,5820,0.2836195055300596,0
2023-01-17,2023-01-16,GARCH-Normal,5821,0.5130381830697968,0
2023-01-17,2023-01-16,GJR-GARCH-Normal,5821,0.33419906822792145,0
2023-01-17,2023-01-16,EGARCH-Normal,5821,0.26309804341518783,0
2023-01-18,2023-01-17,GARCH-Normal,5822,0.47036529854708864,0
2023-01-18,2023-01-17,GJR-GARCH-Normal,5822,0.32319846055429435,0
2023-01-18,2023-01-17,EGARCH-Normal,5822,0.2585405366145015,0
2023-01-19,2023-01-18,GARCH-Normal,5823,0.44074281711346625,0
2023-01-19,2023-01-18,GJR-GARCH-Normal,5823,0.32256579889918535,0
2023-01-19,2023-01-18,EGARCH-Normal,5823,0.2730740014973823,0
2023-01-20,2023-01-19,GARCH-Normal,5824,0.5469410575468878,0
2023-01-20,2023-01-19,GJR-GARCH-Normal,5824,0.5096300751844615,0
2023-01-20,2023-01-19,EGARCH-Normal,5824,0.42586070553221106,0
2023-01-23,2023-01-20,GARCH-Normal,5825,0.5054701442501646,0
2023-01-23,2023-01-20,GJR-GARCH-Normal,5825,0.4771796418301382,0
2023-01-23,2023-01-20,EGARCH-Normal,5825,0.39183196502155554,0
2023-01-24,2023-01-23,GARCH-Normal,5826,0.46381184323457186,0
2023-01-24,2023-01-23,GJR-GARCH-Normal,5826,0.44831780924206466,0
2023-01-24,2023-01-23,EGARCH-Normal,5826,0.36162037025201116,0
2023-01-25,2023-01-24,GARCH-Normal,5827,0.4423296468179749,0
2023-01-25,2023-01-24,GJR-GARCH-Normal,5827,0.4436412644208588,0
2023-01-25,2023-01-24,EGARCH-Normal,5827,0.3868421450779234,0
2023-01-26,2023-01-25,GARCH-Normal,5828,0.4109110106332943,0
2023-01-26,2023-01-25,GJR-GARCH-Normal,5828,0.4227764546949609,0
2023-01-26,2023-01-25,EGARCH-Normal,5828,0.3808814862482579,0
2023-01-27,2023-01-26,GARCH-Normal,5829,0.3828577767431276,0
2023-01-27,2023-01-26,GJR-GARCH-Normal,5829,0.39992950337541255,0
2023-01-27,2023-01-26,EGARCH-Normal,5829,0.35174148462046306,0
2023-01-30,2023-01-27,GARCH-Normal,5830,0.35494056860669443,0
2023-01-30,2023-01-27,GJR-GARCH-Normal,5830,0.37954791577293845,0
2023-01-30,2023-01-27,EGARCH-Normal,5830,0.3260381059642322,0
2023-01-31,2023-01-30,GARCH-Normal,5831,0.33630424266969794,0
2023-01-31,2023-01-30,GJR-GARCH-Normal,5831,0.3614226509697026,0
2023-01-31,2023-01-30,EGARCH-Normal,5831,0.3018280139860391,0
2023-02-01,2023-01-31,GARCH-Normal,5832,0.31925955121304456,0
2023-02-01,2023-01-31,GJR-GARCH-Normal,5832,0.3499952115241023,0
2023-02-01,2023-01-31,EGARCH-Normal,5832,0.30237432054464436,0
2023-02-02,2023-02-01,GARCH-Normal,5833,0.3029910563210106,0
2023-02-02,2023-02-01,GJR-GARCH-Normal,5833,0.3380664625893694,0
2023-02-02,2023-02-01,EGARCH-Normal,5833,0.2983182292709191,0
2023-02-03,2023-02-02,GARCH-Normal,5834,0.34720088549602457,0
2023-02-03,2023-02-02,GJR-GARCH-Normal,5834,0.32470613323351255,0
2023-02-03,2023-02-02,EGARCH-Normal,5834,0.27477298998240035,0
2023-02-06,2023-02-03,GARCH-Normal,5835,0.44175569378354357,0
2023-02-06,2023-02-03,GJR-GARCH-Normal,5835,0.3131832982760565,0
2023-02-06,2023-02-03,EGARCH-Normal,5835,0.25264413320436063,0
2023-02-07,2023-02-06,GARCH-Normal,5836,0.4923316157905655,0
2023-02-07,2023-02-06,GJR-GARCH-Normal,5836,0.42037210188329655,0
2023-02-07,2023-02-06,EGARCH-Normal,5836,0.35564500252846115,0
2023-02-08,2023-02-07,GARCH-Normal,5837,0.46177968779451983,0
2023-02-08,2023-02-07,GJR-GARCH-Normal,5837,0.39780037006212954,0
2023-02-08,2023-02-07,EGARCH-Normal,5837,0.32822622227741727,0
2023-02-09,2023-02-08,GARCH-Normal,5838,0.429179876053925,0
2023-02-09,2023-02-08,GJR-GARCH-Normal,5838,0.3776812743957897,0
2023-02-09,2023-02-08,EGARCH-Normal,5838,0.3037359980715395,0
2023-02-10,2023-02-09,GARCH-Normal,5839,0.40514081507729677,0
2023-02-10,2023-02-09,GJR-GARCH-Normal,5839,0.3597721362751569,0
2023-02-10,2023-02-09,EGARCH-Normal,5839,0.28122340436586946,0
2023-02-13,2023-02-10,GARCH-Normal,5840,0.3925197412228455,0
2023-02-13,2023-02-10,GJR-GARCH-Normal,5840,0.3662430688108934,0
2023-02-13,2023-02-10,EGARCH-Normal,5840,0.310066639958554,0
2023-02-14,2023-02-13,GARCH-Normal,5841,0.4356818527744045,0
2023-02-14,2023-02-13,GJR-GARCH-Normal,5841,0.3498817083471223,0
2023-02-14,2023-02-13,EGARCH-Normal,5841,0.2852936357344988,0
2023-02-15,2023-02-14,GARCH-Normal,5842,0.4008223032932498,0
2023-02-15,2023-02-14,GJR-GARCH-Normal,5842,0.33493503998154256,0
2023-02-15,2023-02-14,EGARCH-Normal,5842,0.26534651101049356,0
2023-02-16,2023-02-15,GARCH-Normal,5843,0.4014250706749951,0
2023-02-16,2023-02-15,GJR-GARCH-Normal,5843,0.3217724717953619,0
2023-02-16,2023-02-15,EGARCH-Normal,5843,0.24553399979180407,0
2023-02-17,2023-02-16,GARCH-Normal,5844,0.3734866472823517,0
2023-02-17,2023-02-16,GJR-GARCH-Normal,5844,0.3098560999858223,0
2023-02-17,2023-02-16,EGARCH-Normal,5844,0.22863350243243774,0
2023-02-20,2023-02-17,GARCH-Normal,5845,0.3487991089477002,0
2023-02-20,2023-02-17,GJR-GARCH-Normal,5845,0.30085747200512825,0
2023-02-20,2023-02-17,EGARCH-Normal,5845,0.2246982170602824,0
2023-02-21,2023-02-20,GARCH-Normal,5846,0.3261565157979552,0
2023-02-21,2023-02-20,GJR-GARCH-Normal,5846,0.29113297380670244,0
2023-02-21,2023-02-20,EGARCH-Normal,5846,0.20981395501058564,0
2023-02-22,2023-02-21,GARCH-Normal,5847,0.3336846801925789,0
2023-02-22,2023-02-21,GJR-GARCH-Normal,5847,0.31820966359767305,0
2023-02-22,2023-02-21,EGARCH-Normal,5847,0.25156551451725323,0
2023-02-23,2023-02-22,GARCH-Normal,5848,0.3580049374165648,0
2023-02-23,2023-02-22,GJR-GARCH-Normal,5848,0.3671256934143777,0
2023-02-23,2023-02-22,EGARCH-Normal,5848,0.31501654996484424,0
2023-02-24,2023-02-23,GARCH-Normal,5849,0.3453130307154181,0
2023-02-24,2023-02-23,GJR-GARCH-Normal,5849,0.3643226055726503,0
2023-02-24,2023-02-23,EGARCH-Normal,5849,0.332097298645671,0
2023-02-27,2023-02-24,GARCH-Normal,5850,0.34087431745125407,0
2023-02-27,2023-02-24,GJR-GARCH-Normal,5850,0.3706249209681218,0
2023-02-27,2023-02-24,EGARCH-Normal,5850,0.36062892901798344,0
2023-02-28,2023-02-27,GARCH-Normal,5851,0.3722206452750574,0
2023-02-28,2023-02-27,GJR-GARCH-Normal,5851,0.3536131307605977,0
2023-02-28,2023-02-27,EGARCH-Normal,5851,0.33122437268810323,0
2023-03-01,2023-02-28,GARCH-Normal,5852,0.41588674302299977,0
2023-03-01,2023-02-28,GJR-GARCH-Normal,5852,0.43330760147185976,0
2023-03-01,2023-02-28,EGARCH-Normal,5852,0.424041936906261,0
2023-03-02,2023-03-01,GARCH-Normal,5853,0.4074628558263153,0
2023-03-02,2023-03-01,GJR-GARCH-Normal,5853,0.40924648948613207,0
2023-03-02,2023-03-01,EGARCH-Normal,5853,0.38939057678698996,0
2023-03-03,2023-03-02,GARCH-Normal,5854,0.3889426057642352,0
2023-03-03,2023-03-02,GJR-GARCH-Normal,5854,0.387763104076384,0
2023-03-03,2023-03-02,EGARCH-Normal,5854,0.358653343442379,0
2023-03-06,2023-03-03,GARCH-Normal,5855,0.35995441168493025,0
2023-03-06,2023-03-03,GJR-GARCH-Normal,5855,0.36853986491767077,0
2023-03-06,2023-03-03,EGARCH-Normal,5855,0.3323746249478881,0
2023-03-07,2023-03-06,GARCH-Normal,5856,0.3421768029498444,0
2023-03-07,2023-03-06,GJR-GARCH-Normal,5856,0.3593734842387471,0
2023-03-07,2023-03-06,EGARCH-Normal,5856,0.33823081136120287,0
2023-03-08,2023-03-07,GARCH-Normal,5857,0.3224821365677811,0
2023-03-08,2023-03-07,GJR-GARCH-Normal,5857,0.3459921789778015,0
2023-03-08,2023-03-07,EGARCH-Normal,5857,0.33103926439262205,0
2023-03-09,2023-03-08,GARCH-Normal,5858,0.30336730767907016,0
2023-03-09,2023-03-08,GJR-GARCH-Normal,5858,0.33129277486835085,0
2023-03-09,2023-03-08,EGARCH-Normal,5858,0.3068969630922989,0
2023-03-10,2023-03-09,GARCH-Normal,5859,0.33717819297037793,0
2023-03-10,2023-03-09,GJR-GARCH-Normal,5859,0.3864442851450211,0
2023-03-10,2023-03-09,EGARCH-Normal,5859,0.3783738678466546,0
2023-03-13,2023-03-10,GARCH-Normal,5860,0.6590568537874557,0
2023-03-13,2023-03-10,GJR-GARCH-Normal,5860,0.8586571543285428,0
2023-03-13,2023-03-10,EGARCH-Normal,5860,0.6954881173877755,0
2023-03-14,2023-03-13,GARCH-Normal,5861,1.4266605460820587,0
2023-03-14,2023-03-13,GJR-GARCH-Normal,5861,1.9921703526378958,0
2023-03-14,2023-03-13,EGARCH-Normal,5861,1.4112689800769127,0
2023-03-15,2023-03-14,GARCH-Normal,5862,1.4074108345302552,0
2023-03-15,2023-03-14,GJR-GARCH-Normal,5862,1.794253059118951,0
2023-03-15,2023-03-14,EGARCH-Normal,5862,1.2602439519848603,0
2023-03-16,2023-03-15,GARCH-Normal,5863,3.1335707725654465,0
2023-03-16,2023-03-15,GJR-GARCH-Normal,5863,4.362067393385157,0
2023-03-16,2023-03-15,EGARCH-Normal,5863,2.8154188601648786,0
2023-03-17,2023-03-16,GARCH-Normal,5864,2.805571451607948,0
2023-03-17,2023-03-16,GJR-GARCH-Normal,5864,3.8899861742184516,0
2023-03-17,2023-03-16,EGARCH-Normal,5864,2.477107550550259,0
2023-03-20,2023-03-17,GARCH-Normal,5865,2.5694869301197847,0
2023-03-20,2023-03-17,GJR-GARCH-Normal,5865,3.655024572639368,0
2023-03-20,2023-03-17,EGARCH-Normal,5865,2.5883052719405657,0
2023-03-21,2023-03-20,GARCH-Normal,5866,2.3323847108538582,0
2023-03-21,2023-03-20,GJR-GARCH-Normal,5866,3.2669964963611258,0
2023-03-21,2023-03-20,EGARCH-Normal,5866,2.2831469169300624,0
2023-03-22,2023-03-21,GARCH-Normal,5867,2.3974129990184876,0
2023-03-22,2023-03-21,GJR-GARCH-Normal,5867,2.9258162760626716,0
2023-03-22,2023-03-21,EGARCH-Normal,5867,2.013897832945625,0
2023-03-23,2023-03-22,GARCH-Normal,5868,2.1047303017881975,0
2023-03-23,2023-03-22,GJR-GARCH-Normal,5868,2.6212429811251847,0
2023-03-23,2023-03-22,EGARCH-Normal,5868,1.7904818016772348,0
2023-03-24,2023-03-23,GARCH-Normal,5869,1.93996905992507,0
2023-03-24,2023-03-23,GJR-GARCH-Normal,5869,2.491708092548488,0
2023-03-24,2023-03-23,EGARCH-Normal,5869,1.8966702913551203,0
2023-03-27,2023-03-24,GARCH-Normal,5870,1.897357916543375,0
2023-03-27,2023-03-24,GJR-GARCH-Normal,5870,2.5183244877486284,0
2023-03-27,2023-03-24,EGARCH-Normal,5870,2.1407157732146014,0
2023-03-28,2023-03-27,GARCH-Normal,5871,1.7471321771302122,0
2023-03-28,2023-03-27,GJR-GARCH-Normal,5871,2.2607589712605733,0
2023-03-28,2023-03-27,EGARCH-Normal,5871,1.8975196822694618,0
2023-03-29,2023-03-28,GARCH-Normal,5872,1.5313589510284682,0
2023-03-29,2023-03-28,GJR-GARCH-Normal,5872,2.0319647410474366,0
2023-03-29,2023-03-28,EGARCH-Normal,5872,1.6929271968246027,0
2023-03-30,2023-03-29,GARCH-Normal,5873,1.4709566656167705,0
2023-03-30,2023-03-29,GJR-GARCH-Normal,5873,1.8291622428679786,0
2023-03-30,2023-03-29,EGARCH-Normal,5873,1.5064771674780755,0
2023-03-31,2023-03-30,GARCH-Normal,5874,1.3511301822015613,0
2023-03-31,2023-03-30,GJR-GARCH-Normal,5874,1.6487957006242941,0
2023-03-31,2023-03-30,EGARCH-Normal,5874,1.3462017587383812,0
2023-04-03,2023-03-31,GARCH-Normal,5875,1.1894457355719723,0
2023-04-03,2023-03-31,GJR-GARCH-Normal,5875,1.4882419538173177,0
2023-04-03,2023-03-31,EGARCH-Normal,5875,1.2104865051325675,0
2023-04-04,2023-04-03,GARCH-Normal,5876,1.079264650581815,0
2023-04-04,2023-04-03,GJR-GARCH-Normal,5876,1.3455558864963906,0
2023-04-04,2023-04-03,EGARCH-Normal,5876,1.0878568197294542,0
2023-04-05,2023-04-04,GARCH-Normal,5877,0.9881081865774393,0
2023-04-05,2023-04-04,GJR-GARCH-Normal,5877,1.2627132329992392,0
2023-04-05,2023-04-04,EGARCH-Normal,5877,1.1108752125597978,0
2023-04-06,2023-04-05,GARCH-Normal,5878,0.8883889588329047,0
2023-04-06,2023-04-05,GJR-GARCH-Normal,5878,1.1448181827329276,0
2023-04-06,2023-04-05,EGARCH-Normal,5878,1.0012435002372575,0
2023-04-11,2023-04-06,GARCH-Normal,5879,0.9071991816312575,0
2023-04-11,2023-04-06,GJR-GARCH-Normal,5879,1.04084144455204,0
2023-04-11,2023-04-06,EGARCH-Normal,5879,0.8998278233302854,0
2023-04-12,2023-04-11,GARCH-Normal,5880,0.839582604733244,0
2023-04-12,2023-04-11,GJR-GARCH-Normal,5880,0.9476950794312823,0
2023-04-12,2023-04-11,EGARCH-Normal,5880,0.8131175843943914,0
2023-04-13,2023-04-12,GARCH-Normal,5881,0.7731485002869922,0
2023-04-13,2023-04-12,GJR-GARCH-Normal,5881,0.8647508489891659,0
2023-04-13,2023-04-12,EGARCH-Normal,5881,0.7365411475487482,0
2023-04-14,2023-04-13,GARCH-Normal,5882,0.694385975836178,0
2023-04-14,2023-04-13,GJR-GARCH-Normal,5882,0.7906822229606305,0
2023-04-14,2023-04-13,EGARCH-Normal,5882,0.6699332172323904,0
2023-04-17,2023-04-14,GARCH-Normal,5883,0.6345785861202541,0
2023-04-17,2023-04-14,GJR-GARCH-Normal,5883,0.7249303617984498,0
2023-04-17,2023-04-14,EGARCH-Normal,5883,0.6096488535891275,0
2023-04-18,2023-04-17,GARCH-Normal,5884,0.5703022255789711,0
2023-04-18,2023-04-17,GJR-GARCH-Normal,5884,0.6662348506533128,0
2023-04-18,2023-04-17,EGARCH-Normal,5884,0.5571942417564694,0
2023-04-19,2023-04-18,GARCH-Normal,5885,0.5289936507670414,0
2023-04-19,2023-04-18,GJR-GARCH-Normal,5885,0.6143639443234494,0
2023-04-19,2023-04-18,EGARCH-Normal,5885,0.5086837606488012,0
2023-04-20,2023-04-19,GARCH-Normal,5886,0.48238888987735234,0
2023-04-20,2023-04-19,GJR-GARCH-Normal,5886,0.5710766887103843,0
2023-04-20,2023-04-19,EGARCH-Normal,5886,0.4887546510446056,0
2023-04-21,2023-04-20,GARCH-Normal,5887,0.4387657726057363,0
2023-04-21,2023-04-20,GJR-GARCH-Normal,5887,0.5295933480828874,0
2023-04-21,2023-04-20,EGARCH-Normal,5887,0.4486661716295185,0
2023-04-24,2023-04-21,GARCH-Normal,5888,0.40271637834590285,0
2023-04-24,2023-04-21,GJR-GARCH-Normal,5888,0.4928481843478902,0
2023-04-24,2023-04-21,EGARCH-Normal,5888,0.41200139504918637,0
2023-04-25,2023-04-24,GARCH-Normal,5889,0.37063403499704367,0
2023-04-25,2023-04-24,GJR-GARCH-Normal,5889,0.46031737667678585,0
2023-04-25,2023-04-24,EGARCH-Normal,5889,0.3819967863422747,0
2023-04-26,2023-04-25,GARCH-Normal,5890,0.3540707721649822,0
2023-04-26,2023-04-25,GJR-GARCH-Normal,5890,0.44417951336467587,0
2023-04-26,2023-04-25,EGARCH-Normal,5890,0.39282862907527116,0
2023-04-27,2023-04-26,GARCH-Normal,5891,0.36280315669951135,0
2023-04-27,2023-04-26,GJR-GARCH-Normal,5891,0.4605514150349263,0
2023-04-27,2023-04-26,EGARCH-Normal,5891,0.44223256137903344,0
2023-04-28,2023-04-27,GARCH-Normal,5892,0.34756844316579977,0
2023-04-28,2023-04-27,GJR-GARCH-Normal,5892,0.4448287752928381,0
2023-04-28,2023-04-27,EGARCH-Normal,5892,0.4501716696651052,0
2023-05-02,2023-04-28,GARCH-Normal,5893,0.3497760642286177,0
2023-05-02,2023-04-28,GJR-GARCH-Normal,5893,0.4185416407450372,0
2023-05-02,2023-04-28,EGARCH-Normal,5893,0.41208524037822863,0
2023-05-03,2023-05-02,GARCH-Normal,5894,0.5282193131773592,0
2023-05-03,2023-05-02,GJR-GARCH-Normal,5894,0.677158731660493,0
2023-05-03,2023-05-02,EGARCH-Normal,5894,0.6280377852527026,0
2023-05-04,2023-05-03,GARCH-Normal,5895,0.4820054421811901,0
2023-05-04,2023-05-03,GJR-GARCH-Normal,5895,0.6245900101709144,0
2023-05-04,2023-05-03,EGARCH-Normal,5895,0.5728777423222271,0
2023-05-05,2023-05-04,GARCH-Normal,5896,0.5988681437571018,0
2023-05-05,2023-05-04,GJR-GARCH-Normal,5896,0.7986376816225638,0
2023-05-05,2023-05-04,EGARCH-Normal,5896,0.7642275077371866,0
2023-05-09,2023-05-05,GARCH-Normal,5897,0.6491358777786113,0
2023-05-09,2023-05-05,GJR-GARCH-Normal,5897,0.7323370866909451,0
2023-05-09,2023-05-05,EGARCH-Normal,5897,0.6901025621012545,0
2023-05-10,2023-05-09,GARCH-Normal,5898,0.5882180874500696,0
2023-05-10,2023-05-09,GJR-GARCH-Normal,5898,0.6792871776117256,0
2023-05-10,2023-05-09,EGARCH-Normal,5898,0.6648973528481963,0
2023-05-11,2023-05-10,GARCH-Normal,5899,0.5433830582757819,0
2023-05-11,2023-05-10,GJR-GARCH-Normal,5899,0.6416834991749868,0
2023-05-11,2023-05-10,EGARCH-Normal,5899,0.6645234478775196,0
2023-05-12,2023-05-11,GARCH-Normal,5900,0.49538733479925084,0
2023-05-12,2023-05-11,GJR-GARCH-Normal,5900,0.5964285743771696,0
2023-05-12,2023-05-11,EGARCH-Normal,5900,0.6320837321709669,0
2023-05-15,2023-05-12,GARCH-Normal,5901,0.45993234734735433,0
2023-05-15,2023-05-12,GJR-GARCH-Normal,5901,0.5531126994282,0
2023-05-15,2023-05-12,EGARCH-Normal,5901,0.5759265281102983,0
2023-05-16,2023-05-15,GARCH-Normal,5902,0.4286352966190703,0
2023-05-16,2023-05-15,GJR-GARCH-Normal,5902,0.5147194313903484,0
2023-05-16,2023-05-15,EGARCH-Normal,5902,0.5257734869981422,0
2023-05-17,2023-05-16,GARCH-Normal,5903,0.41056286960695404,0
2023-05-17,2023-05-16,GJR-GARCH-Normal,5903,0.5013950950733884,0
2023-05-17,2023-05-16,EGARCH-Normal,5903,0.543273343904934,0
2023-05-18,2023-05-17,GARCH-Normal,5904,0.3967154263340592,0
2023-05-18,2023-05-17,GJR-GARCH-Normal,5904,0.49184439888905407,0
2023-05-18,2023-05-17,EGARCH-Normal,5904,0.5633623312362788,0
2023-05-19,2023-05-18,GARCH-Normal,5905,0.3713350667419948,0
2023-05-19,2023-05-18,GJR-GARCH-Normal,5905,0.4603993276211421,0
2023-05-19,2023-05-18,EGARCH-Normal,5905,0.51460757053426,0
2023-05-22,2023-05-19,GARCH-Normal,5906,0.34683734192497245,0
2023-05-22,2023-05-19,GJR-GARCH-Normal,5906,0.43250452330481604,0
2023-05-22,2023-05-19,EGARCH-Normal,5906,0.4711001472919572,0
2023-05-23,2023-05-22,GARCH-Normal,5907,0.3254901121622515,0
2023-05-23,2023-05-22,GJR-GARCH-Normal,5907,0.4077599534215107,0
2023-05-23,2023-05-22,EGARCH-Normal,5907,0.43199194880616276,0
2023-05-24,2023-05-23,GARCH-Normal,5908,0.30670048601377176,0
2023-05-24,2023-05-23,GJR-GARCH-Normal,5908,0.38756250273263143,0
2023-05-24,2023-05-23,EGARCH-Normal,5908,0.41251540605374565,0
2023-05-25,2023-05-24,GARCH-Normal,5909,0.6849507499874258,0
2023-05-25,2023-05-24,GJR-GARCH-Normal,5909,0.9297214915278467,0
2023-05-25,2023-05-24,EGARCH-Normal,5909,0.7752065740557502,0
2023-05-26,2023-05-25,GARCH-Normal,5910,0.686222511018215,0
2023-05-26,2023-05-25,GJR-GARCH-Normal,5910,0.9457030193574034,0
2023-05-26,2023-05-25,EGARCH-Normal,5910,0.8739607305016196,0
2023-05-30,2023-05-26,GARCH-Normal,5911,0.675808632218263,0
2023-05-30,2023-05-26,GJR-GARCH-Normal,5911,0.8625573686185828,0
2023-05-30,2023-05-26,EGARCH-Normal,5911,0.7886659960646016,0
2023-05-31,2023-05-30,GARCH-Normal,5912,0.8521473467670693,0
2023-05-31,2023-05-30,GJR-GARCH-Normal,5912,1.1347595508742927,0
2023-05-31,2023-05-30,EGARCH-Normal,5912,1.0715516759797965,0
2023-06-01,2023-05-31,GARCH-Normal,5913,0.8911924497183216,0
2023-06-01,2023-05-31,GJR-GARCH-Normal,5913,1.2144748196306996,0
2023-06-01,2023-05-31,EGARCH-Normal,5913,1.244602377279932,0
2023-06-02,2023-06-01,GARCH-Normal,5914,0.8285834593236977,0
2023-06-02,2023-06-01,GJR-GARCH-Normal,5914,1.1002942969227736,0
2023-06-02,2023-06-01,EGARCH-Normal,5914,1.116254417748841,0
2023-06-05,2023-06-02,GARCH-Normal,5915,1.0184595964332803,0
2023-06-05,2023-06-02,GJR-GARCH-Normal,5915,1.0003741707704004,0
2023-06-05,2023-06-02,EGARCH-Normal,5915,0.9975110616186632,0
2023-06-06,2023-06-05,GARCH-Normal,5916,0.9014662092554853,0
2023-06-06,2023-06-05,GJR-GARCH-Normal,5916,0.912341096258154,0
2023-06-06,2023-06-05,EGARCH-Normal,5916,0.923391807686163,0
2023-06-07,2023-06-06,GARCH-Normal,5917,0.8131804735245455,0
2023-06-07,2023-06-06,GJR-GARCH-Normal,5917,0.8330561009113934,0
2023-06-07,2023-06-06,EGARCH-Normal,5917,0.8348086188316374,0
2023-06-08,2023-06-07,GARCH-Normal,5918,0.7246186020628874,0
2023-06-08,2023-06-07,GJR-GARCH-Normal,5918,0.7632278170255805,0
2023-06-08,2023-06-07,EGARCH-Normal,5918,0.7675232981615282,0
2023-06-09,2023-06-08,GARCH-Normal,5919,0.6632442135344849,0
2023-06-09,2023-06-08,GJR-GARCH-Normal,5919,0.7192930218450321,0
2023-06-09,2023-06-08,EGARCH-Normal,5919,0.766455424618806,0
2023-06-12,2023-06-09,GARCH-Normal,5920,0.6286236301984203,0
2023-06-12,2023-06-09,GJR-GARCH-Normal,5920,0.7048792876162904,0
2023-06-12,2023-06-09,EGARCH-Normal,5920,0.8043732496877513,0
2023-06-13,2023-06-12,GARCH-Normal,5921,0.5660954853048659,0
2023-06-13,2023-06-12,GJR-GARCH-Normal,5921,0.6493384860053201,0
2023-06-13,2023-06-12,EGARCH-Normal,5921,0.7307403600105787,0
2023-06-14,2023-06-13,GARCH-Normal,5922,0.5215182671749591,0
2023-06-14,2023-06-13,GJR-GARCH-Normal,5922,0.6001299517363611,0
2023-06-14,2023-06-13,EGARCH-Normal,5922,0.6639998298955341,0
2023-06-15,2023-06-14,GARCH-Normal,5923,0.47389039115513776,0
2023-06-15,2023-06-14,GJR-GARCH-Normal,5923,0.556472723237524,0
2023-06-15,2023-06-14,EGARCH-Normal,5923,0.6055434978294844,0
2023-06-16,2023-06-15,GARCH-Normal,5924,0.44352386348677353,0
2023-06-16,2023-06-15,GJR-GARCH-Normal,5924,0.5177824374593062,0
2023-06-16,2023-06-15,EGARCH-Normal,5924,0.5521183205874157,0
2023-06-19,2023-06-16,GARCH-Normal,5925,0.40911362162991977,0
2023-06-19,2023-06-16,GJR-GARCH-Normal,5925,0.48343373736044803,0
2023-06-19,2023-06-16,EGARCH-Normal,5925,0.5049041289717348,0
2023-06-20,2023-06-19,GARCH-Normal,5926,0.44447371661846397,0
2023-06-20,2023-06-19,GJR-GARCH-Normal,5926,0.5433282526854571,0
2023-06-20,2023-06-19,EGARCH-Normal,5926,0.5986121440292741,0
2023-06-21,2023-06-20,GARCH-Normal,5927,0.41702341002466725,0
2023-06-21,2023-06-20,GJR-GARCH-Normal,5927,0.5172474419545016,0
2023-06-21,2023-06-20,EGARCH-Normal,5927,0.5939505856599395,0
2023-06-22,2023-06-21,GARCH-Normal,5928,0.3867805220973935,0
2023-06-22,2023-06-21,GJR-GARCH-Normal,5928,0.48596418435308564,0
2023-06-22,2023-06-21,EGARCH-Normal,5928,0.566246869527119,0
2023-06-23,2023-06-22,GARCH-Normal,5929,0.43417773855086833,0
2023-06-23,2023-06-22,GJR-GARCH-Normal,5929,0.5581747352760871,0
2023-06-23,2023-06-22,EGARCH-Normal,5929,0.6710660689540646,0
2023-06-26,2023-06-23,GARCH-Normal,5930,0.43759144571141445,0
2023-06-26,2023-06-23,GJR-GARCH-Normal,5930,0.5701392332456117,0
2023-06-26,2023-06-23,EGARCH-Normal,5930,0.722720884013332,0
2023-06-27,2023-06-26,GARCH-Normal,5931,0.4035990759203675,0
2023-06-27,2023-06-26,GJR-GARCH-Normal,5931,0.5318768589428571,0
2023-06-27,2023-06-26,EGARCH-Normal,5931,0.6786181165108495,0
2023-06-28,2023-06-27,GARCH-Normal,5932,0.3725396786783851,0
2023-06-28,2023-06-27,GJR-GARCH-Normal,5932,0.4959688894570204,0
2023-06-28,2023-06-27,EGARCH-Normal,5932,0.6179392739117937,0
2023-06-29,2023-06-28,GARCH-Normal,5933,0.3744894205800298,0
2023-06-29,2023-06-28,GJR-GARCH-Normal,5933,0.4642218869567926,0
2023-06-29,2023-06-28,EGARCH-Normal,5933,0.562336475263736,0
2023-06-30,2023-06-29,GARCH-Normal,5934,0.3680868961534261,0
2023-06-30,2023-06-29,GJR-GARCH-Normal,5934,0.4620073302785192,0
2023-06-30,2023-06-29,EGARCH-Normal,5934,0.5856702328228487,0
2023-07-03,2023-06-30,GARCH-Normal,5935,0.4130041691036847,0
2023-07-03,2023-06-30,GJR-GARCH-Normal,5935,0.4342365816883629,0
2023-07-03,2023-06-30,EGARCH-Normal,5935,0.5329527028559471,0
2023-07-04,2023-07-03,GARCH-Normal,5936,0.38086902825703506,0
2023-07-04,2023-07-03,GJR-GARCH-Normal,5936,0.4098708315791453,0
2023-07-04,2023-07-03,EGARCH-Normal,5936,0.49626656001098335,0
2023-07-05,2023-07-04,GARCH-Normal,5937,0.3544662575791465,0
2023-07-05,2023-07-04,GJR-GARCH-Normal,5937,0.3894498862870665,0
2023-07-05,2023-07-04,EGARCH-Normal,5937,0.47064690591971614,0
2023-07-06,2023-07-05,GARCH-Normal,5938,0.46954395892075135,0
2023-07-06,2023-07-05,GJR-GARCH-Normal,5938,0.5624520902726834,0
2023-07-06,2023-07-05,EGARCH-Normal,5938,0.6383308328634388,0
2023-07-07,2023-07-06,GARCH-Normal,5939,1.0388817951423694,0
2023-07-07,2023-07-06,GJR-GARCH-Normal,5939,1.3947745876655167,0
2023-07-07,2023-07-06,EGARCH-Normal,5939,1.1861977960311132,0
2023-07-10,2023-07-07,GARCH-Normal,5940,0.9312086240524643,0
2023-07-10,2023-07-07,GJR-GARCH-Normal,5940,1.276734876343049,0
2023-07-10,2023-07-07,EGARCH-Normal,5940,1.151361467892455,0
2023-07-11,2023-07-10,GARCH-Normal,5941,0.828905452637239,0
2023-07-11,2023-07-10,GJR-GARCH-Normal,5941,1.1544785525559507,0
2023-07-11,2023-07-10,EGARCH-Normal,5941,1.0363477582116498,0
2023-07-12,2023-07-11,GARCH-Normal,5942,0.7375988454063779,0
2023-07-12,2023-07-11,GJR-GARCH-Normal,5942,1.0467413141563628,0
2023-07-12,2023-07-11,EGARCH-Normal,5942,0.9356997334046933,0
2023-07-13,2023-07-12,GARCH-Normal,5943,1.0499892801127308,0
2023-07-13,2023-07-12,GJR-GARCH-Normal,5943,0.9530693786976357,0
2023-07-13,2023-07-12,EGARCH-Normal,5943,0.8386662610509766,0
2023-07-14,2023-07-13,GARCH-Normal,5944,0.9363773825809993,0
2023-07-14,2023-07-13,GJR-GARCH-Normal,5944,0.8687677588734977,0
2023-07-14,2023-07-13,EGARCH-Normal,5944,0.7598864036540356,0
2023-07-17,2023-07-14,GARCH-Normal,5945,0.8303087788851671,0
2023-07-17,2023-07-14,GJR-GARCH-Normal,5945,0.7951117601040837,0
2023-07-17,2023-07-14,EGARCH-Normal,5945,0.7052838588025494,0
2023-07-18,2023-07-17,GARCH-Normal,5946,0.758875715388395,0
2023-07-18,2023-07-17,GJR-GARCH-Normal,5946,0.7544342010768346,0
2023-07-18,2023-07-17,EGARCH-Normal,5946,0.7204836537319883,0
2023-07-19,2023-07-18,GARCH-Normal,5947,0.7215619432150483,0
2023-07-19,2023-07-18,GJR-GARCH-Normal,5947,0.6931485580491883,0
2023-07-19,2023-07-18,EGARCH-Normal,5947,0.6533649569041076,0
2023-07-20,2023-07-19,GARCH-Normal,5948,1.0218625445600504,0
2023-07-20,2023-07-19,GJR-GARCH-Normal,5948,0.6393209084059305,0
2023-07-20,2023-07-19,EGARCH-Normal,5948,0.5886427237035274,0
2023-07-21,2023-07-20,GARCH-Normal,5949,0.9670570962814942,0
2023-07-21,2023-07-20,GJR-GARCH-Normal,5949,0.5912583589812801,0
2023-07-21,2023-07-20,EGARCH-Normal,5949,0.5353480018432166,0
2023-07-24,2023-07-21,GARCH-Normal,5950,0.8601782354569754,0
2023-07-24,2023-07-21,GJR-GARCH-Normal,5950,0.5485593328245664,0
2023-07-24,2023-07-21,EGARCH-Normal,5950,0.4900248061171918,0
2023-07-25,2023-07-24,GARCH-Normal,5951,0.7670727487526738,0
2023-07-25,2023-07-24,GJR-GARCH-Normal,5951,0.5106942970316486,0
2023-07-25,2023-07-24,EGARCH-Normal,5951,0.4494966689055228,0
2023-07-26,2023-07-25,GARCH-Normal,5952,0.6864035660748972,0
2023-07-26,2023-07-25,GJR-GARCH-Normal,5952,0.4771094079887727,0
2023-07-26,2023-07-25,EGARCH-Normal,5952,0.4131174648229538,0
2023-07-27,2023-07-26,GARCH-Normal,5953,0.6210807834295713,0
2023-07-27,2023-07-26,GJR-GARCH-Normal,5953,0.45378975666936133,0
2023-07-27,2023-07-26,EGARCH-Normal,5953,0.41047359584791876,0
2023-07-28,2023-07-27,GARCH-Normal,5954,0.5623771920809681,0
2023-07-28,2023-07-27,GJR-GARCH-Normal,5954,0.42664932897831576,0
2023-07-28,2023-07-27,EGARCH-Normal,5954,0.37776815650221146,0
2023-07-31,2023-07-28,GARCH-Normal,5955,0.5082418247021802,0
2023-07-31,2023-07-28,GJR-GARCH-Normal,5955,0.402556654271395,0
2023-07-31,2023-07-28,EGARCH-Normal,5955,0.3489147424065193,0
2023-08-01,2023-07-31,GARCH-Normal,5956,0.46179380632107253,0
2023-08-01,2023-07-31,GJR-GARCH-Normal,5956,0.38118410088326066,0
2023-08-01,2023-07-31,EGARCH-Normal,5956,0.3225534737244483,0
2023-08-02,2023-08-01,GARCH-Normal,5957,0.4481763661012669,0
2023-08-02,2023-08-01,GJR-GARCH-Normal,5957,0.3953140278419012,0
2023-08-02,2023-08-01,EGARCH-Normal,5957,0.3624328121222309,0
2023-08-03,2023-08-02,GARCH-Normal,5958,0.6525924001670584,0
2023-08-03,2023-08-02,GJR-GARCH-Normal,5958,0.7157754677616576,0
2023-08-03,2023-08-02,EGARCH-Normal,5958,0.6033960310226705,0
2023-08-04,2023-08-03,GARCH-Normal,5959,0.611826066985868,0
2023-08-04,2023-08-03,GJR-GARCH-Normal,5959,0.6911563302107905,0
2023-08-04,2023-08-03,EGARCH-Normal,5959,0.6347944761132405,0
2023-08-07,2023-08-04,GARCH-Normal,5960,0.5738950519753983,0
2023-08-07,2023-08-04,GJR-GARCH-Normal,5960,0.6369216934781246,0
2023-08-07,2023-08-04,EGARCH-Normal,5960,0.5777721153246902,0
2023-08-08,2023-08-07,GARCH-Normal,5961,0.5215956815923661,0
2023-08-08,2023-08-07,GJR-GARCH-Normal,5961,0.5917616171689499,0
2023-08-08,2023-08-07,EGARCH-Normal,5961,0.5514906629879883,0
2023-08-09,2023-08-08,GARCH-Normal,5962,0.4921011989754026,0
2023-08-09,2023-08-08,GJR-GARCH-Normal,5962,0.5716193391023483,0
2023-08-09,2023-08-08,EGARCH-Normal,5962,0.5709363796130386,0
2023-08-10,2023-08-09,GARCH-Normal,5963,0.5186024241564192,0
2023-08-10,2023-08-09,GJR-GARCH-Normal,5963,0.5312755714964514,0
2023-08-10,2023-08-09,EGARCH-Normal,5963,0.5193016572431722,0
2023-08-11,2023-08-10,GARCH-Normal,5964,0.48839920415090243,0
2023-08-11,2023-08-10,GJR-GARCH-Normal,5964,0.49545590731825506,0
2023-08-11,2023-08-10,EGARCH-Normal,5964,0.4748189339324216,0
2023-08-14,2023-08-11,GARCH-Normal,5965,0.644201319868154,0
2023-08-14,2023-08-11,GJR-GARCH-Normal,5965,0.7425063122414524,0
2023-08-14,2023-08-11,EGARCH-Normal,5965,0.6942412582876841,0
2023-08-15,2023-08-14,GARCH-Normal,5966,0.586793821002015,0
2023-08-15,2023-08-14,GJR-GARCH-Normal,5966,0.691131840432678,0
2023-08-15,2023-08-14,EGARCH-Normal,5966,0.6772093794839098,0
2023-08-16,2023-08-15,GARCH-Normal,5967,0.8454483522518854,0
2023-08-16,2023-08-15,GJR-GARCH-Normal,5967,1.085522969229005,0
2023-08-16,2023-08-15,EGARCH-Normal,5967,1.0115632102699015,0
2023-08-17,2023-08-16,GARCH-Normal,5968,0.778678121043554,0
2023-08-17,2023-08-16,GJR-GARCH-Normal,5968,1.0202521341831268,0
2023-08-17,2023-08-16,EGARCH-Normal,5968,1.0225950828383719,0
2023-08-18,2023-08-17,GARCH-Normal,5969,0.7484133705200188,0
2023-08-18,2023-08-17,GJR-GARCH-Normal,5969,1.0001128874588283,0
2023-08-18,2023-08-17,EGARCH-Normal,5969,1.0851322237567353,0
2023-08-21,2023-08-18,GARCH-Normal,5970,0.7256126698333436,0
2023-08-21,2023-08-18,GJR-GARCH-Normal,5970,0.9867874580108981,0
2023-08-21,2023-08-18,EGARCH-Normal,5970,1.1500303811964043,0
2023-08-22,2023-08-21,GARCH-Normal,5971,0.6497368717065337,0
2023-08-22,2023-08-21,GJR-GARCH-Normal,5971,0.8992690106515724,0
2023-08-22,2023-08-21,EGARCH-Normal,5971,1.0508336492624875,0
2023-08-23,2023-08-22,GARCH-Normal,5972,0.5862556940993631,0
2023-08-23,2023-08-22,GJR-GARCH-Normal,5972,0.8213877048008212,0
2023-08-23,2023-08-22,EGARCH-Normal,5972,0.9486464145584209,0
2023-08-24,2023-08-23,GARCH-Normal,5973,0.5804407642089486,0
2023-08-24,2023-08-23,GJR-GARCH-Normal,5973,0.7526144354432999,0
2023-08-24,2023-08-23,EGARCH-Normal,5973,0.855373734129993,0
2023-08-25,2023-08-24,GARCH-Normal,5974,0.5267488342348253,0
2023-08-25,2023-08-24,GJR-GARCH-Normal,5974,0.6916368877828748,0
2023-08-25,2023-08-24,EGARCH-Normal,5974,0.7756798747266169,0
2023-08-29,2023-08-25,GARCH-Normal,5975,0.4781270172125823,0
2023-08-29,2023-08-25,GJR-GARCH-Normal,5975,0.63762569068306,0
2023-08-29,2023-08-25,EGARCH-Normal,5975,0.7053974847230453,0
2023-08-30,2023-08-29,GARCH-Normal,5976,0.7770634869713021,0
2023-08-30,2023-08-29,GJR-GARCH-Normal,5976,0.590324814633072,0
2023-08-30,2023-08-29,EGARCH-Normal,5976,0.6353415121577335,0
2023-08-31,2023-08-30,GARCH-Normal,5977,0.6938953648869932,0
2023-08-31,2023-08-30,GJR-GARCH-Normal,5977,0.5478754885050561,0
2023-08-31,2023-08-30,EGARCH-Normal,5977,0.5803123880209529,0
2023-09-01,2023-08-31,GARCH-Normal,5978,0.6515303117706241,0
2023-09-01,2023-08-31,GJR-GARCH-Normal,5978,0.548084348539686,0
2023-09-01,2023-08-31,EGARCH-Normal,5978,0.6197344149280994,0
2023-09-04,2023-09-01,GARCH-Normal,5979,0.596960704622583,0
2023-09-04,2023-09-01,GJR-GARCH-Normal,5979,0.5104485583981193,0
2023-09-04,2023-09-01,EGARCH-Normal,5979,0.5651175920886993,0
2023-09-05,2023-09-04,GARCH-Normal,5980,0.5428482200217216,0
2023-09-05,2023-09-04,GJR-GARCH-Normal,5980,0.48115127239145405,0
2023-09-05,2023-09-04,EGARCH-Normal,5980,0.5446632261127918,0
2023-09-06,2023-09-05,GARCH-Normal,5981,0.49853791907215217,0
2023-09-06,2023-09-05,GJR-GARCH-Normal,5981,0.4578597421235037,0
2023-09-06,2023-09-05,EGARCH-Normal,5981,0.5337435537212711,0
2023-09-07,2023-09-06,GARCH-Normal,5982,0.45830759734726534,0
2023-09-07,2023-09-06,GJR-GARCH-Normal,5982,0.4346040678352371,0
2023-09-07,2023-09-06,EGARCH-Normal,5982,0.515942062467682,0
2023-09-08,2023-09-07,GARCH-Normal,5983,0.4231160601419173,0
2023-09-08,2023-09-07,GJR-GARCH-Normal,5983,0.40976894331663233,0
2023-09-08,2023-09-07,EGARCH-Normal,5983,0.4725077717693141,0
2023-09-11,2023-09-08,GARCH-Normal,5984,0.4143643816922917,0
2023-09-11,2023-09-08,GJR-GARCH-Normal,5984,0.38784210346007114,0
2023-09-11,2023-09-08,EGARCH-Normal,5984,0.43249633288509326,0
2023-09-12,2023-09-11,GARCH-Normal,5985,0.38718929991898,0
2023-09-12,2023-09-11,GJR-GARCH-Normal,5985,0.36829442947399443,0
2023-09-12,2023-09-11,EGARCH-Normal,5985,0.39731606156347454,0
2023-09-13,2023-09-12,GARCH-Normal,5986,0.3751430452934478,0
2023-09-13,2023-09-12,GJR-GARCH-Normal,5986,0.3510167585967489,0
2023-09-13,2023-09-12,EGARCH-Normal,5986,0.3651264721332739,0
2023-09-14,2023-09-13,GARCH-Normal,5987,0.34799080839376384,0
2023-09-14,2023-09-13,GJR-GARCH-Normal,5987,0.3356156117280127,0
2023-09-14,2023-09-13,EGARCH-Normal,5987,0.3388291686880704,0
2023-09-15,2023-09-14,GARCH-Normal,5988,0.7621070470006084,0
2023-09-15,2023-09-14,GJR-GARCH-Normal,5988,0.32492955807084367,0
2023-09-15,2023-09-14,EGARCH-Normal,5988,0.31033765064043034,0
2023-09-18,2023-09-15,GARCH-Normal,5989,0.7066139571951893,0
2023-09-18,2023-09-15,GJR-GARCH-Normal,5989,0.31290170927171085,0
2023-09-18,2023-09-15,EGARCH-Normal,5989,0.2863667160885329,0
2023-09-19,2023-09-18,GARCH-Normal,5990,0.7089542182352984,0
2023-09-19,2023-09-18,GJR-GARCH-Normal,5990,0.4049242232077096,0
2023-09-19,2023-09-18,EGARCH-Normal,5990,0.38197109709116706,0
2023-09-20,2023-09-19,GARCH-Normal,5991,0.6356037467579911,0
2023-09-20,2023-09-19,GJR-GARCH-Normal,5991,0.3837755744749582,0
2023-09-20,2023-09-19,EGARCH-Normal,5991,0.3530016276392709,0
2023-09-21,2023-09-20,GARCH-Normal,5992,0.6686260080120304,0
2023-09-21,2023-09-20,GJR-GARCH-Normal,5992,0.36532975425227493,0
2023-09-21,2023-09-20,EGARCH-Normal,5992,0.32327967136244024,0
2023-09-22,2023-09-21,GARCH-Normal,5993,0.6631200816546523,0
2023-09-22,2023-09-21,GJR-GARCH-Normal,5993,0.4325660361343081,0
2023-09-22,2023-09-21,EGARCH-Normal,5993,0.4074463245636988,0
2023-09-25,2023-09-22,GARCH-Normal,5994,0.596030077684754,0
2023-09-25,2023-09-22,GJR-GARCH-Normal,5994,0.40827714547970323,0
2023-09-25,2023-09-22,EGARCH-Normal,5994,0.3761938479702631,0
2023-09-26,2023-09-25,GARCH-Normal,5995,0.6178696233948362,0
2023-09-26,2023-09-25,GJR-GARCH-Normal,5995,0.49499692288608166,0
2023-09-26,2023-09-25,EGARCH-Normal,5995,0.4804283013910674,0
2023-09-27,2023-09-26,GARCH-Normal,5996,0.5570317044636158,0
2023-09-27,2023-09-26,GJR-GARCH-Normal,5996,0.4635793793886507,0
2023-09-27,2023-09-26,EGARCH-Normal,5996,0.4423173946322554,0
2023-09-28,2023-09-27,GARCH-Normal,5997,0.5299862315037837,0
2023-09-28,2023-09-27,GJR-GARCH-Normal,5997,0.46758339055857207,0
2023-09-28,2023-09-27,EGARCH-Normal,5997,0.4790059260491278,0
2023-09-29,2023-09-28,GARCH-Normal,5998,0.4822465096100084,0
2023-09-29,2023-09-28,GJR-GARCH-Normal,5998,0.43931446786700407,0
2023-09-29,2023-09-28,EGARCH-Normal,5998,0.44054065406013215,0
2023-10-02,2023-09-29,GARCH-Normal,5999,0.44061344711965755,0
2023-10-02,2023-09-29,GJR-GARCH-Normal,5999,0.41425800984275113,0
2023-10-02,2023-09-29,EGARCH-Normal,5999,0.40601762871751285,0
2023-10-03,2023-10-02,GARCH-Normal,6000,0.6133928185870292,0
2023-10-03,2023-10-02,GJR-GARCH-Normal,6000,0.6865572586672003,0
2023-10-03,2023-10-02,EGARCH-Normal,6000,0.6262640731390945,0
2023-10-04,2023-10-03,GARCH-Normal,6001,0.5924093544058926,0
2023-10-04,2023-10-03,GJR-GARCH-Normal,6001,0.6844457032131399,0
2023-10-04,2023-10-03,EGARCH-Normal,6001,0.6804315672459866,0
2023-10-05,2023-10-04,GARCH-Normal,6002,0.6130560853457357,0
2023-10-05,2023-10-04,GJR-GARCH-Normal,6002,0.7373974445399476,0
2023-10-05,2023-10-04,EGARCH-Normal,6002,0.7879381567814024,0
2023-10-06,2023-10-05,GARCH-Normal,6003,0.582068692107148,0
2023-10-06,2023-10-05,GJR-GARCH-Normal,6003,0.678513981219607,0
2023-10-06,2023-10-05,EGARCH-Normal,6003,0.7143591001238138,0
2023-10-09,2023-10-06,GARCH-Normal,6004,0.5618601480327873,0
2023-10-09,2023-10-06,GJR-GARCH-Normal,6004,0.6264464684760289,0
2023-10-09,2023-10-06,EGARCH-Normal,6004,0.6486182615607042,0
2023-10-10,2023-10-09,GARCH-Normal,6005,0.5094481293556964,0
2023-10-10,2023-10-09,GJR-GARCH-Normal,6005,0.5803485182685162,0
2023-10-10,2023-10-09,EGARCH-Normal,6005,0.5979272387751503,0
2023-10-11,2023-10-10,GARCH-Normal,6006,0.8369794181389968,0
2023-10-11,2023-10-10,GJR-GARCH-Normal,6006,0.5402067363998918,0
2023-10-11,2023-10-10,EGARCH-Normal,6006,0.5380162077651326,0
2023-10-12,2023-10-11,GARCH-Normal,6007,0.7478340488177297,0
2023-10-12,2023-10-11,GJR-GARCH-Normal,6007,0.505661640599062,0
2023-10-12,2023-10-11,EGARCH-Normal,6007,0.5116807092562586,0
2023-10-13,2023-10-12,GARCH-Normal,6008,0.6792614988600415,0
2023-10-13,2023-10-12,GJR-GARCH-Normal,6008,0.4732013526989701,0
2023-10-13,2023-10-12,EGARCH-Normal,6008,0.4688982223634935,0
2023-10-16,2023-10-13,GARCH-Normal,6009,0.6567534713591039,0
2023-10-16,2023-10-13,GJR-GARCH-Normal,6009,0.5060515003320535,0
2023-10-16,2023-10-13,EGARCH-Normal,6009,0.5369097613077224,0
2023-10-17,2023-10-16,GARCH-Normal,6010,0.6075413883820753,0
2023-10-17,2023-10-16,GJR-GARCH-Normal,6010,0.4735555298120799,0
2023-10-17,2023-10-16,EGARCH-Normal,6010,0.49107388141076597,0
2023-10-18,2023-10-17,GARCH-Normal,6011,0.5845343905767063,0
2023-10-18,2023-10-17,GJR-GARCH-Normal,6011,0.4447800148001878,0
2023-10-18,2023-10-17,EGARCH-Normal,6011,0.44893826484735677,0
2023-10-19,2023-10-18,GARCH-Normal,6012,0.6930889882545161,0
2023-10-19,2023-10-18,GJR-GARCH-Normal,6012,0.6501337855677478,0
2023-10-19,2023-10-18,EGARCH-Normal,6012,0.6369941354485346,0
2023-10-20,2023-10-19,GARCH-Normal,6013,0.7951949162187033,0
2023-10-20,2023-10-19,GJR-GARCH-Normal,6013,0.8450216682516006,0
2023-10-20,2023-10-19,EGARCH-Normal,6013,0.8455416260540566,0
2023-10-23,2023-10-20,GARCH-Normal,6014,0.9239601775861915,0
2023-10-23,2023-10-20,GJR-GARCH-Normal,6014,1.0775355936304054,0
2023-10-23,2023-10-20,EGARCH-Normal,6014,1.1027314238780015,0
2023-10-24,2023-10-23,GARCH-Normal,6015,0.8396399036771044,0
2023-10-24,2023-10-23,GJR-GARCH-Normal,6015,1.003018710837934,0
2023-10-24,2023-10-23,EGARCH-Normal,6015,1.0882271377770303,0
2023-10-25,2023-10-24,GARCH-Normal,6016,0.7515785898237415,0
2023-10-25,2023-10-24,GJR-GARCH-Normal,6016,0.9136568088637589,0
2023-10-25,2023-10-24,EGARCH-Normal,6016,0.9829662317741169,0
2023-10-26,2023-10-25,GARCH-Normal,6017,0.6832392461476637,0
2023-10-26,2023-10-25,GJR-GARCH-Normal,6017,0.8347618757812064,0
2023-10-26,2023-10-25,EGARCH-Normal,6017,0.8889616087667743,0
2023-10-27,2023-10-26,GARCH-Normal,6018,0.6976069802633205,0
2023-10-27,2023-10-26,GJR-GARCH-Normal,6018,0.8798157720036713,0
2023-10-27,2023-10-26,EGARCH-Normal,6018,1.0023787486574947,0
2023-10-30,2023-10-27,GARCH-Normal,6019,0.7214866508932053,0
2023-10-30,2023-10-27,GJR-GARCH-Normal,6019,0.9362952915690813,0
2023-10-30,2023-10-27,EGARCH-Normal,6019,1.1291363380497026,0
2023-10-31,2023-10-30,GARCH-Normal,6020,0.6720686926040642,0
2023-10-31,2023-10-30,GJR-GARCH-Normal,6020,0.8550167914544143,0
2023-10-31,2023-10-30,EGARCH-Normal,6020,1.0170282509290378,0
2023-11-01,2023-10-31,GARCH-Normal,6021,0.6054838975079705,0
2023-11-01,2023-10-31,GJR-GARCH-Normal,6021,0.7839070682280054,0
2023-11-01,2023-10-31,EGARCH-Normal,6021,0.9379978519346043,0
2023-11-02,2023-11-01,GARCH-Normal,6022,0.554231413804408,0
2023-11-02,2023-11-01,GJR-GARCH-Normal,6022,0.7200488123637432,0
2023-11-02,2023-11-01,EGARCH-Normal,6022,0.8496815058822174,0
2023-11-03,2023-11-02,GARCH-Normal,6023,0.7279201725025131,0
2023-11-03,2023-11-02,GJR-GARCH-Normal,6023,0.6637709520933776,0
2023-11-03,2023-11-02,EGARCH-Normal,6023,0.7635532182061816,0
2023-11-06,2023-11-03,GARCH-Normal,6024,0.6730965260339188,0
2023-11-06,2023-11-03,GJR-GARCH-Normal,6024,0.6394200787436198,0
2023-11-06,2023-11-03,EGARCH-Normal,6024,0.7774528649215784,0
2023-11-07,2023-11-06,GARCH-Normal,6025,0.6051643701899223,0
2023-11-07,2023-11-06,GJR-GARCH-Normal,6025,0.5919055353126539,0
2023-11-07,2023-11-06,EGARCH-Normal,6025,0.7090257264073774,0
2023-11-08,2023-11-07,GARCH-Normal,6026,0.548780659312354,0
2023-11-08,2023-11-07,GJR-GARCH-Normal,6026,0.5514945981811981,0
2023-11-08,2023-11-07,EGARCH-Normal,6026,0.6668125639545852,0
2023-11-09,2023-11-08,GARCH-Normal,6027,0.5004104957945101,0
2023-11-09,2023-11-08,GJR-GARCH-Normal,6027,0.515872505313399,0
2023-11-09,2023-11-08,EGARCH-Normal,6027,0.6297191088853034,0
2023-11-10,2023-11-09,GARCH-Normal,6028,0.5137409450509292,0
2023-11-10,2023-11-09,GJR-GARCH-Normal,6028,0.48242530956678,0
2023-11-10,2023-11-09,EGARCH-Normal,6028,0.5724350338517319,0
2023-11-13,2023-11-10,GARCH-Normal,6029,0.6732851722692916,0
2023-11-13,2023-11-10,GJR-GARCH-Normal,6029,0.7432158316453824,0
2023-11-13,2023-11-10,EGARCH-Normal,6029,0.8057763175439211,0
2023-11-14,2023-11-13,GARCH-Normal,6030,0.6911040346040908,0
2023-11-14,2023-11-13,GJR-GARCH-Normal,6030,0.6841451684135854,0
2023-11-14,2023-11-13,EGARCH-Normal,6030,0.728157447358104,0
2023-11-15,2023-11-14,GARCH-Normal,6031,0.6238513726683471,0
2023-11-15,2023-11-14,GJR-GARCH-Normal,6031,0.6316113786905204,0
2023-11-15,2023-11-14,EGARCH-Normal,6031,0.6636951191957795,0
2023-11-16,2023-11-15,GARCH-Normal,6032,0.6039854462065831,0
2023-11-16,2023-11-15,GJR-GARCH-Normal,6032,0.5851003417526958,0
2023-11-16,2023-11-15,EGARCH-Normal,6032,0.6033940925613245,0
2023-11-17,2023-11-16,GARCH-Normal,6033,0.6765255343382566,0
2023-11-17,2023-11-16,GJR-GARCH-Normal,6033,0.726142103814437,0
2023-11-17,2023-11-16,EGARCH-Normal,6033,0.7691996637231157,0
2023-11-20,2023-11-17,GARCH-Normal,6034,0.7846150170451219,0
2023-11-20,2023-11-17,GJR-GARCH-Normal,6034,0.669194524320663,0
2023-11-20,2023-11-17,EGARCH-Normal,6034,0.6932352907246617,0
2023-11-21,2023-11-20,GARCH-Normal,6035,0.7032579008364459,0
2023-11-21,2023-11-20,GJR-GARCH-Normal,6035,0.620096013667431,0
2023-11-21,2023-11-20,EGARCH-Normal,6035,0.6526772819038112,0
2023-11-22,2023-11-21,GARCH-Normal,6036,0.637055119872859,0
2023-11-22,2023-11-21,GJR-GARCH-Normal,6036,0.5809882657617895,0
2023-11-22,2023-11-21,EGARCH-Normal,6036,0.6328453218911932,0
2023-11-23,2023-11-22,GARCH-Normal,6037,0.5788147442569762,0
2023-11-23,2023-11-22,GJR-GARCH-Normal,6037,0.5447493011725768,0
2023-11-23,2023-11-22,EGARCH-Normal,6037,0.609643872275754,0
2023-11-24,2023-11-23,GARCH-Normal,6038,0.5268633932695674,0
2023-11-24,2023-11-23,GJR-GARCH-Normal,6038,0.5079784110735774,0
2023-11-24,2023-11-23,EGARCH-Normal,6038,0.5577076379878233,0
2023-11-27,2023-11-24,GARCH-Normal,6039,0.47925201290635416,0
2023-11-27,2023-11-24,GJR-GARCH-Normal,6039,0.47532663884595444,0
2023-11-27,2023-11-24,EGARCH-Normal,6039,0.5118043223036719,0
2023-11-28,2023-11-27,GARCH-Normal,6040,0.4570420062416121,0
2023-11-28,2023-11-27,GJR-GARCH-Normal,6040,0.4696473621081083,0
2023-11-28,2023-11-27,EGARCH-Normal,6040,0.534596080084776,0
2023-11-29,2023-11-28,GARCH-Normal,6041,0.42022094966508056,0
2023-11-29,2023-11-28,GJR-GARCH-Normal,6041,0.44210257498877126,0
2023-11-29,2023-11-28,EGARCH-Normal,6041,0.5023140987431942,0
2023-11-30,2023-11-29,GARCH-Normal,6042,0.41205603962145304,0
2023-11-30,2023-11-29,GJR-GARCH-Normal,6042,0.44824857694316195,0
2023-11-30,2023-11-29,EGARCH-Normal,6042,0.5364755772475248,0
2023-12-01,2023-11-30,GARCH-Normal,6043,0.3969080610733141,0
2023-12-01,2023-11-30,GJR-GARCH-Normal,6043,0.42233807666609574,0
2023-12-01,2023-11-30,EGARCH-Normal,6043,0.4906433863717128,0
2023-12-04,2023-12-01,GARCH-Normal,6044,0.48073949946953587,0
2023-12-04,2023-12-01,GJR-GARCH-Normal,6044,0.3996583761595801,0
2023-12-04,2023-12-01,EGARCH-Normal,6044,0.44692565370138937,0
2023-12-05,2023-12-04,GARCH-Normal,6045,0.4467729462511135,0
2023-12-05,2023-12-04,GJR-GARCH-Normal,6045,0.3871844054402936,0
2023-12-05,2023-12-04,EGARCH-Normal,6045,0.44621707742806854,0
2023-12-06,2023-12-05,GARCH-Normal,6046,0.4238954363282009,0
2023-12-06,2023-12-05,GJR-GARCH-Normal,6046,0.3844818093652707,0
2023-12-06,2023-12-05,EGARCH-Normal,6046,0.4612275291684411,0
2023-12-07,2023-12-06,GARCH-Normal,6047,0.40171427017587996,0
2023-12-07,2023-12-06,GJR-GARCH-Normal,6047,0.3657221821760383,0
2023-12-07,2023-12-06,EGARCH-Normal,6047,0.4233733895593383,0
2023-12-08,2023-12-07,GARCH-Normal,6048,0.371541079588193,0
2023-12-08,2023-12-07,GJR-GARCH-Normal,6048,0.3490413828886979,0
2023-12-08,2023-12-07,EGARCH-Normal,6048,0.3928084113853153,0
2023-12-11,2023-12-08,GARCH-Normal,6049,0.37607047020125217,0
2023-12-11,2023-12-08,GJR-GARCH-Normal,6049,0.33433143148334715,0
2023-12-11,2023-12-08,EGARCH-Normal,6049,0.3608922415389048,0
2023-12-12,2023-12-11,GARCH-Normal,6050,0.35205874687947925,0
2023-12-12,2023-12-11,GJR-GARCH-Normal,6050,0.32372991746273544,0
2023-12-12,2023-12-11,EGARCH-Normal,6050,0.35123764356475945,0
2023-12-13,2023-12-12,GARCH-Normal,6051,0.32873081892983,0
2023-12-13,2023-12-12,GJR-GARCH-Normal,6051,0.31174203531109507,0
2023-12-13,2023-12-12,EGARCH-Normal,6051,0.32787849477320474,0
2023-12-14,2023-12-13,GARCH-Normal,6052,0.30834263914553706,0
2023-12-14,2023-12-13,GJR-GARCH-Normal,6052,0.3009840115559565,0
2023-12-14,2023-12-13,EGARCH-Normal,6052,0.3036678917833821,0
2023-12-15,2023-12-14,GARCH-Normal,6053,0.48958703565206413,0
2023-12-15,2023-12-14,GJR-GARCH-Normal,6053,0.2928747637762999,0
2023-12-15,2023-12-14,EGARCH-Normal,6053,0.27923767930982885,0
2023-12-18,2023-12-15,GARCH-Normal,6054,0.5625214568232564,0
2023-12-18,2023-12-15,GJR-GARCH-Normal,6054,0.4447189100535327,0
2023-12-18,2023-12-15,EGARCH-Normal,6054,0.40973073903495766,0
2023-12-19,2023-12-18,GARCH-Normal,6055,0.5358378587219863,0
2023-12-19,2023-12-18,GJR-GARCH-Normal,6055,0.4192614590860904,0
2023-12-19,2023-12-18,EGARCH-Normal,6055,0.37637989594114885,0
2023-12-20,2023-12-19,GARCH-Normal,6056,0.49577160066656945,0
2023-12-20,2023-12-19,GJR-GARCH-Normal,6056,0.3966177798581425,0
2023-12-20,2023-12-19,EGARCH-Normal,6056,0.34716034462752576,0
2023-12-21,2023-12-20,GARCH-Normal,6057,0.5662006649590089,0
2023-12-21,2023-12-20,GJR-GARCH-Normal,6057,0.3769388103293186,0
2023-12-21,2023-12-20,EGARCH-Normal,6057,0.31780467535800316,0
2023-12-22,2023-12-21,GARCH-Normal,6058,0.52394593205732,0
2023-12-22,2023-12-21,GJR-GARCH-Normal,6058,0.3717656158682962,0
2023-12-22,2023-12-21,EGARCH-Normal,6058,0.332559628455857,0
2023-12-27,2023-12-22,GARCH-Normal,6059,0.4765761205705268,0
2023-12-27,2023-12-22,GJR-GARCH-Normal,6059,0.3544459985687646,0
2023-12-27,2023-12-22,EGARCH-Normal,6059,0.3086376040812155,0
2023-12-28,2023-12-27,GARCH-Normal,6060,0.4482231939526951,0
2023-12-28,2023-12-27,GJR-GARCH-Normal,6060,0.3391162572600351,0
2023-12-28,2023-12-27,EGARCH-Normal,6060,0.2855073996196147,0
2023-12-29,2023-12-28,GARCH-Normal,6061,0.41181967367012623,0
2023-12-29,2023-12-28,GJR-GARCH-Normal,6061,0.32553756972687026,0
2023-12-29,2023-12-28,EGARCH-Normal,6061,0.268668779450399,0
2024-01-02,2023-12-29,GARCH-Normal,6062,0.3812148705236875,0
2024-01-02,2023-12-29,GJR-GARCH-Normal,6062,0.31335055076753,0
2024-01-02,2023-12-29,EGARCH-Normal,6062,0.24997643507192213,0
2024-01-03,2024-01-02,GARCH-Normal,6063,0.3575644702231129,0
2024-01-03,2024-01-02,GJR-GARCH-Normal,6063,0.3063147259711244,0
2024-01-03,2024-01-02,EGARCH-Normal,6063,0.25098636315312745,0
2024-01-04,2024-01-03,GARCH-Normal,6064,0.36796265637850595,0
2024-01-04,2024-01-03,GJR-GARCH-Normal,6064,0.34144516474604425,0
2024-01-04,2024-01-03,EGARCH-Normal,6064,0.30196205893279365,0
2024-01-05,2024-01-04,GARCH-Normal,6065,0.37142534950913714,0
2024-01-05,2024-01-04,GJR-GARCH-Normal,6065,0.3275790534153712,0
2024-01-05,2024-01-04,EGARCH-Normal,6065,0.27874306569819096,0
2024-01-08,2024-01-05,GARCH-Normal,6066,0.37098583910606836,0
2024-01-08,2024-01-05,GJR-GARCH-Normal,6066,0.347938672468336,0
2024-01-08,2024-01-05,EGARCH-Normal,6066,0.3187072784411231,0
2024-01-09,2024-01-08,GARCH-Normal,6067,0.3447535992017355,0
2024-01-09,2024-01-08,GJR-GARCH-Normal,6067,0.33314809839620885,0
2024-01-09,2024-01-08,EGARCH-Normal,6067,0.2958415910465101,0
2024-01-10,2024-01-09,GARCH-Normal,6068,0.32524084723695906,0
2024-01-10,2024-01-09,GJR-GARCH-Normal,6068,0.32288980682578294,0
2024-01-10,2024-01-09,EGARCH-Normal,6068,0.2916587698290762,0
2024-01-11,2024-01-10,GARCH-Normal,6069,0.32946903609970873,0
2024-01-11,2024-01-10,GJR-GARCH-Normal,6069,0.3414634694634898,0
2024-01-11,2024-01-10,EGARCH-Normal,6069,0.3292362918777829,0
2024-01-12,2024-01-11,GARCH-Normal,6070,0.4323766240470058,0
2024-01-12,2024-01-11,GJR-GARCH-Normal,6070,0.49904934096257464,0
2024-01-12,2024-01-11,EGARCH-Normal,6070,0.4713880566572914,0
2024-01-15,2024-01-12,GARCH-Normal,6071,0.44079437364043356,0
2024-01-15,2024-01-12,GJR-GARCH-Normal,6071,0.4673763461756966,0
2024-01-15,2024-01-12,EGARCH-Normal,6071,0.43113282421381965,0
2024-01-16,2024-01-15,GARCH-Normal,6072,0.4263224237931572,0
2024-01-16,2024-01-15,GJR-GARCH-Normal,6072,0.46590057436447807,0
2024-01-16,2024-01-15,EGARCH-Normal,6072,0.4617825512082505,0
2024-01-17,2024-01-16,GARCH-Normal,6073,0.4237400199118864,0
2024-01-17,2024-01-16,GJR-GARCH-Normal,6073,0.4782480285430426,0
2024-01-17,2024-01-16,EGARCH-Normal,6073,0.5079698601483867,0
2024-01-18,2024-01-17,GARCH-Normal,6074,0.6662363312371689,0
2024-01-18,2024-01-17,GJR-GARCH-Normal,6074,0.8429594692637243,0
2024-01-18,2024-01-17,EGARCH-Normal,6074,0.7936031195297035,0
2024-01-19,2024-01-18,GARCH-Normal,6075,0.6010793771412916,0
2024-01-19,2024-01-18,GJR-GARCH-Normal,6075,0.7716314697790851,0
2024-01-19,2024-01-18,EGARCH-Normal,6075,0.7216236443195683,0
2024-01-22,2024-01-19,GARCH-Normal,6076,0.5428690690566256,0
2024-01-22,2024-01-19,GJR-GARCH-Normal,6076,0.708699959206804,0
2024-01-22,2024-01-19,EGARCH-Normal,6076,0.6585188438052666,0
2024-01-23,2024-01-22,GARCH-Normal,6077,0.5045144672925967,0
2024-01-23,2024-01-22,GJR-GARCH-Normal,6077,0.6531831353212635,0
2024-01-23,2024-01-22,EGARCH-Normal,6077,0.6002764096166926,0
2024-01-24,2024-01-23,GARCH-Normal,6078,0.46026028074045994,0
2024-01-24,2024-01-23,GJR-GARCH-Normal,6078,0.6040881043929865,0
2024-01-24,2024-01-23,EGARCH-Normal,6078,0.553454107852639,0
2024-01-25,2024-01-24,GARCH-Normal,6079,0.45469471940709144,0
2024-01-25,2024-01-24,GJR-GARCH-Normal,6079,0.5606417256623046,0
2024-01-25,2024-01-24,EGARCH-Normal,6079,0.505151809825915,0
2024-01-26,2024-01-25,GARCH-Normal,6080,0.4169420673609645,0
2024-01-26,2024-01-25,GJR-GARCH-Normal,6080,0.5220383899411755,0
2024-01-26,2024-01-25,EGARCH-Normal,6080,0.46467794619753144,0
2024-01-29,2024-01-26,GARCH-Normal,6081,0.6024222395854408,0
2024-01-29,2024-01-26,GJR-GARCH-Normal,6081,0.48821392807974145,0
2024-01-29,2024-01-26,EGARCH-Normal,6081,0.4216565961971695,0
2024-01-30,2024-01-29,GARCH-Normal,6082,0.5447043656322194,0
2024-01-30,2024-01-29,GJR-GARCH-Normal,6082,0.4579041231363428,0
2024-01-30,2024-01-29,EGARCH-Normal,6082,0.3930850469862562,0
2024-01-31,2024-01-30,GARCH-Normal,6083,0.5141281610125829,0
2024-01-31,2024-01-30,GJR-GARCH-Normal,6083,0.43091222330920365,0
2024-01-31,2024-01-30,EGARCH-Normal,6083,0.3615611402798901,0
2024-02-01,2024-01-31,GARCH-Normal,6084,0.4976093540385911,0
2024-02-01,2024-01-31,GJR-GARCH-Normal,6084,0.44457207595159703,0
2024-02-01,2024-01-31,EGARCH-Normal,6084,0.40635603480171345,0
2024-02-02,2024-02-01,GARCH-Normal,6085,0.4564163273696195,0
2024-02-02,2024-02-01,GJR-GARCH-Normal,6085,0.4209584154399709,0
2024-02-02,2024-02-01,EGARCH-Normal,6085,0.3911406641382547,0
2024-02-05,2024-02-02,GARCH-Normal,6086,0.4202075165702879,0
2024-02-05,2024-02-02,GJR-GARCH-Normal,6086,0.39924466273413206,0
2024-02-05,2024-02-02,EGARCH-Normal,6086,0.3736524988915611,0
2024-02-06,2024-02-05,GARCH-Normal,6087,0.387771255832216,0
2024-02-06,2024-02-05,GJR-GARCH-Normal,6087,0.3788878254254724,0
2024-02-06,2024-02-05,EGARCH-Normal,6087,0.3496345665464923,0
2024-02-07,2024-02-06,GARCH-Normal,6088,0.446180051004908,0
2024-02-07,2024-02-06,GJR-GARCH-Normal,6088,0.3609715901553582,0
2024-02-07,2024-02-06,EGARCH-Normal,6088,0.32061351977383074,0
2024-02-08,2024-02-07,GARCH-Normal,6089,0.46976575649548513,0
2024-02-08,2024-02-07,GJR-GARCH-Normal,6089,0.42583324653599586,0
2024-02-08,2024-02-07,EGARCH-Normal,6089,0.4024285981512992,0
2024-02-09,2024-02-08,GARCH-Normal,6090,0.45595499181849564,0
2024-02-09,2024-02-08,GJR-GARCH-Normal,6090,0.4353666199226104,0
2024-02-09,2024-02-08,EGARCH-Normal,6090,0.4414179084110105,0
2024-02-12,2024-02-09,GARCH-Normal,6091,0.4312053102239561,0
2024-02-12,2024-02-09,GJR-GARCH-Normal,6091,0.4263389362574172,0
2024-02-12,2024-02-09,EGARCH-Normal,6091,0.45539638409018174,0
2024-02-13,2024-02-12,GARCH-Normal,6092,0.3967698813533903,0
2024-02-13,2024-02-12,GJR-GARCH-Normal,6092,0.4027937018186871,0
2024-02-13,2024-02-12,EGARCH-Normal,6092,0.4198989737148577,0
2024-02-14,2024-02-13,GARCH-Normal,6093,0.45124808729153154,0
2024-02-14,2024-02-13,GJR-GARCH-Normal,6093,0.49747852802709613,0
2024-02-14,2024-02-13,EGARCH-Normal,6093,0.5311792428095369,0
2024-02-15,2024-02-14,GARCH-Normal,6094,0.4738227251711103,0
2024-02-15,2024-02-14,GJR-GARCH-Normal,6094,0.46612748280276745,0
2024-02-15,2024-02-14,EGARCH-Normal,6094,0.48425851286619903,0
2024-02-16,2024-02-15,GARCH-Normal,6095,0.44807645938108015,0
2024-02-16,2024-02-15,GJR-GARCH-Normal,6095,0.43815431615820005,0
2024-02-16,2024-02-15,EGARCH-Normal,6095,0.44400878440656805,0
2024-02-19,2024-02-16,GARCH-Normal,6096,0.6625295634091812,0
2024-02-19,2024-02-16,GJR-GARCH-Normal,6096,0.41402931853336544,0
2024-02-19,2024-02-16,EGARCH-Normal,6096,0.40265889442255837,0
2024-02-20,2024-02-19,GARCH-Normal,6097,0.6000716210170354,0
2024-02-20,2024-02-19,GJR-GARCH-Normal,6097,0.3919046911932653,0
2024-02-20,2024-02-19,EGARCH-Normal,6097,0.3712720621801045,0
2024-02-21,2024-02-20,GARCH-Normal,6098,0.5451046648013455,0
2024-02-21,2024-02-20,GJR-GARCH-Normal,6098,0.37458121909935066,0
2024-02-21,2024-02-20,EGARCH-Normal,6098,0.3603036228591823,0
2024-02-22,2024-02-21,GARCH-Normal,6099,0.5646562418007166,0
2024-02-22,2024-02-21,GJR-GARCH-Normal,6099,0.4517233329198829,0
2024-02-22,2024-02-21,EGARCH-Normal,6099,0.4539774851909117,0
2024-02-23,2024-02-22,GARCH-Normal,6100,0.5195262226860053,0
2024-02-23,2024-02-22,GJR-GARCH-Normal,6100,0.4253408079432838,0
2024-02-23,2024-02-22,EGARCH-Normal,6100,0.4172482086580476,0
2024-02-26,2024-02-23,GARCH-Normal,6101,0.48042617988716774,0
2024-02-26,2024-02-23,GJR-GARCH-Normal,6101,0.4019272490652499,0
2024-02-26,2024-02-23,EGARCH-Normal,6101,0.38414506525158026,0
2024-02-27,2024-02-26,GARCH-Normal,6102,0.45118150588342737,0
2024-02-27,2024-02-26,GJR-GARCH-Normal,6102,0.3950266945882341,0
2024-02-27,2024-02-26,EGARCH-Normal,6102,0.3981726908779462,0
2024-02-28,2024-02-27,GARCH-Normal,6103,0.4143352734456935,0
2024-02-28,2024-02-27,GJR-GARCH-Normal,6103,0.3749916295476032,0
2024-02-28,2024-02-27,EGARCH-Normal,6103,0.3695749556639482,0
2024-02-29,2024-02-28,GARCH-Normal,6104,0.45551847357158054,0
2024-02-29,2024-02-28,GJR-GARCH-Normal,6104,0.457318322451509,0
2024-02-29,2024-02-28,EGARCH-Normal,6104,0.46745646408319164,0
2024-03-01,2024-02-29,GARCH-Normal,6105,0.41792345343643783,0
2024-03-01,2024-02-29,GJR-GARCH-Normal,6105,0.43023920333768895,0
2024-03-01,2024-02-29,EGARCH-Normal,6105,0.43061277876814974,0
2024-03-04,2024-03-01,GARCH-Normal,6106,0.43553967899261314,0
2024-03-04,2024-03-01,GJR-GARCH-Normal,6106,0.40640137325302317,0
2024-03-04,2024-03-01,EGARCH-Normal,6106,0.3941861265019431,0
2024-03-05,2024-03-04,GARCH-Normal,6107,0.44041686466423485,0
2024-03-05,2024-03-04,GJR-GARCH-Normal,6107,0.43762593651362125,0
2024-03-05,2024-03-04,EGARCH-Normal,6107,0.4535649926153938,0
2024-03-06,2024-03-05,GARCH-Normal,6108,0.4049761024080116,0
2024-03-06,2024-03-05,GJR-GARCH-Normal,6108,0.4127671131093909,0
2024-03-06,2024-03-05,EGARCH-Normal,6108,0.41801963341207754,0
2024-03-07,2024-03-06,GARCH-Normal,6109,0.39292452336081785,0
2024-03-07,2024-03-06,GJR-GARCH-Normal,6109,0.39077436244136954,0
2024-03-07,2024-03-06,EGARCH-Normal,6109,0.3840839408838256,0
2024-03-08,2024-03-07,GARCH-Normal,6110,0.3659986424024304,0
2024-03-08,2024-03-07,GJR-GARCH-Normal,6110,0.37117367830337755,0
2024-03-08,2024-03-07,EGARCH-Normal,6110,0.3547084802516168,0
2024-03-11,2024-03-08,GARCH-Normal,6111,0.3652427092935525,0
2024-03-11,2024-03-08,GJR-GARCH-Normal,6111,0.38517838110843355,0
2024-03-11,2024-03-08,EGARCH-Normal,6111,0.3927195188688353,0
2024-03-12,2024-03-11,GARCH-Normal,6112,0.340749201641087,0
2024-03-12,2024-03-11,GJR-GARCH-Normal,6112,0.366173732628476,0
2024-03-12,2024-03-11,EGARCH-Normal,6112,0.36272657804621916,0
2024-03-13,2024-03-12,GARCH-Normal,6113,0.43336548815958037,0
2024-03-13,2024-03-12,GJR-GARCH-Normal,6113,0.3497668228837066,0
2024-03-13,2024-03-12,EGARCH-Normal,6113,0.33164548014444706,0
2024-03-14,2024-03-13,GARCH-Normal,6114,0.4079131690818321,0
2024-03-14,2024-03-13,GJR-GARCH-Normal,6114,0.33476629212873266,0
2024-03-14,2024-03-13,EGARCH-Normal,6114,0.30650834385012354,0
2024-03-15,2024-03-14,GARCH-Normal,6115,0.39600447882469786,0
2024-03-15,2024-03-14,GJR-GARCH-Normal,6115,0.3453997264004352,0
2024-03-15,2024-03-14,EGARCH-Normal,6115,0.3367357923847626,0
2024-03-18,2024-03-15,GARCH-Normal,6116,0.3729006011512603,0
2024-03-18,2024-03-15,GJR-GARCH-Normal,6116,0.33780268938771674,0
2024-03-18,2024-03-15,EGARCH-Normal,6116,0.3403181863871868,0
2024-03-19,2024-03-18,GARCH-Normal,6117,0.34740756812910567,0
2024-03-19,2024-03-18,GJR-GARCH-Normal,6117,0.32460456470800564,0
2024-03-19,2024-03-18,EGARCH-Normal,6117,0.32319169585857227,0
2024-03-20,2024-03-19,GARCH-Normal,6118,0.3277437843363384,0
2024-03-20,2024-03-19,GJR-GARCH-Normal,6118,0.31230799570434814,0
2024-03-20,2024-03-19,EGARCH-Normal,6118,0.29928488106795936,0
2024-03-21,2024-03-20,GARCH-Normal,6119,0.3075123350193168,0
2024-03-21,2024-03-20,GJR-GARCH-Normal,6119,0.30133220334021554,0
2024-03-21,2024-03-20,EGARCH-Normal,6119,0.27877899564665426,0
2024-03-22,2024-03-21,GARCH-Normal,6120,0.6814679040416485,0
2024-03-22,2024-03-21,GJR-GARCH-Normal,6120,0.29425645416917706,0
2024-03-22,2024-03-21,EGARCH-Normal,6120,0.25362849019667977,0
2024-03-25,2024-03-22,GARCH-Normal,6121,0.651783554330213,0
2024-03-25,2024-03-22,GJR-GARCH-Normal,6121,0.28583362751230157,0
2024-03-25,2024-03-22,EGARCH-Normal,6121,0.23440609302249035,0
2024-03-26,2024-03-25,GARCH-Normal,6122,0.5919388409878994,0
2024-03-26,2024-03-25,GJR-GARCH-Normal,6122,0.2827613228362473,0
2024-03-26,2024-03-25,EGARCH-Normal,6122,0.23839181328697356,0
2024-03-27,2024-03-26,GARCH-Normal,6123,0.5379230298242498,0
2024-03-27,2024-03-26,GJR-GARCH-Normal,6123,0.2752997498831208,0
2024-03-27,2024-03-26,EGARCH-Normal,6123,0.22226527557807188,0
2024-03-28,2024-03-27,GARCH-Normal,6124,0.48929246777518454,0
2024-03-28,2024-03-27,GJR-GARCH-Normal,6124,0.2686061850029154,0
2024-03-28,2024-03-27,EGARCH-Normal,6124,0.20817469207975764,0
2024-04-02,2024-03-28,GARCH-Normal,6125,0.4532374672793406,0
2024-04-02,2024-03-28,GJR-GARCH-Normal,6125,0.2626744588005697,0
2024-04-02,2024-03-28,EGARCH-Normal,6125,0.19420285237196655,0
2024-04-03,2024-04-02,GARCH-Normal,6126,0.4236306218346452,0
2024-04-03,2024-04-02,GJR-GARCH-Normal,6126,0.26557776322190846,0
2024-04-03,2024-04-02,EGARCH-Normal,6126,0.20599524806722394,0
2024-04-04,2024-04-03,GARCH-Normal,6127,0.390561882488292,0
2024-04-04,2024-04-03,GJR-GARCH-Normal,6127,0.25985402923319595,0
2024-04-04,2024-04-03,EGARCH-Normal,6127,0.1931441454083421,0
2024-04-05,2024-04-04,GARCH-Normal,6128,0.3855832295576175,0
2024-04-05,2024-04-04,GJR-GARCH-Normal,6128,0.2549865176504141,0
2024-04-05,2024-04-04,EGARCH-Normal,6128,0.1795970079314133,0
2024-04-08,2024-04-05,GARCH-Normal,6129,0.4413176213147669,0
2024-04-08,2024-04-05,GJR-GARCH-Normal,6129,0.366741498667292,0
2024-04-08,2024-04-05,EGARCH-Normal,6129,0.27329219955966083,0
2024-04-09,2024-04-08,GARCH-Normal,6130,0.42213108700361135,0
2024-04-09,2024-04-08,GJR-GARCH-Normal,6130,0.3498369549297535,0
2024-04-09,2024-04-08,EGARCH-Normal,6130,0.2530435466914135,0
2024-04-10,2024-04-09,GARCH-Normal,6131,0.3916105682739179,0
2024-04-10,2024-04-09,GJR-GARCH-Normal,6131,0.3366610851728452,0
2024-04-10,2024-04-09,EGARCH-Normal,6131,0.2488322312449513,0
2024-04-11,2024-04-10,GARCH-Normal,6132,0.3732521357781287,0
2024-04-11,2024-04-10,GJR-GARCH-Normal,6132,0.32307968844568685,0
2024-04-11,2024-04-10,EGARCH-Normal,6132,0.23108079550823565,0
2024-04-12,2024-04-11,GARCH-Normal,6133,0.3765355577223429,0
2024-04-12,2024-04-11,GJR-GARCH-Normal,6133,0.3493316119190609,0
2024-04-12,2024-04-11,EGARCH-Normal,6133,0.2756489030743975,0
2024-04-15,2024-04-12,GARCH-Normal,6134,0.43767517242336285,0
2024-04-15,2024-04-12,GJR-GARCH-Normal,6134,0.3348525241243458,0
2024-04-15,2024-04-12,EGARCH-Normal,6134,0.2531659572629671,0
2024-04-16,2024-04-15,GARCH-Normal,6135,0.4222194760859735,0
2024-04-16,2024-04-15,GJR-GARCH-Normal,6135,0.3459450671997004,0
2024-04-16,2024-04-15,EGARCH-Normal,6135,0.28453413778993675,0
2024-04-17,2024-04-16,GARCH-Normal,6136,0.7974663844872905,0
2024-04-17,2024-04-16,GJR-GARCH-Normal,6136,0.9277918057893424,0
2024-04-17,2024-04-16,EGARCH-Normal,6136,0.6339982929992733,0
2024-04-18,2024-04-17,GARCH-Normal,6137,0.724811946619087,0
2024-04-18,2024-04-17,GJR-GARCH-Normal,6137,0.8468516676157727,0
2024-04-18,2024-04-17,EGARCH-Normal,6137,0.5779060247274843,0
2024-04-19,2024-04-18,GARCH-Normal,6138,0.6637635542922453,0
2024-04-19,2024-04-18,GJR-GARCH-Normal,6138,0.7754890957144397,0
2024-04-19,2024-04-18,EGARCH-Normal,6138,0.5277964990943778,0
2024-04-22,2024-04-19,GARCH-Normal,6139,0.6029110296565287,0
2024-04-22,2024-04-19,GJR-GARCH-Normal,6139,0.7124099767327051,0
2024-04-22,2024-04-19,EGARCH-Normal,6139,0.4837524251086122,0
2024-04-23,2024-04-22,GARCH-Normal,6140,0.8340833777385822,0
2024-04-23,2024-04-22,GJR-GARCH-Normal,6140,0.6579442416772102,0
2024-04-23,2024-04-22,EGARCH-Normal,6140,0.43846868225420743,0
2024-04-24,2024-04-23,GARCH-Normal,6141,0.7508170572531522,0
2024-04-24,2024-04-23,GJR-GARCH-Normal,6141,0.608300938205473,0
2024-04-24,2024-04-23,EGARCH-Normal,6141,0.4030516312193889,0
2024-04-25,2024-04-24,GARCH-Normal,6142,0.6740868050854613,0
2024-04-25,2024-04-24,GJR-GARCH-Normal,6142,0.5647759956188507,0
2024-04-25,2024-04-24,EGARCH-Normal,6142,0.3797117097151342,0
2024-04-26,2024-04-25,GARCH-Normal,6143,0.6299713934907685,0
2024-04-26,2024-04-25,GJR-GARCH-Normal,6143,0.5258006535034505,0
2024-04-26,2024-04-25,EGARCH-Normal,6143,0.3491615036181881,0
2024-04-29,2024-04-26,GARCH-Normal,6144,0.6286665634789088,0
2024-04-29,2024-04-26,GJR-GARCH-Normal,6144,0.4912863859148852,0
2024-04-29,2024-04-26,EGARCH-Normal,6144,0.32047011743705145,0
2024-04-30,2024-04-29,GARCH-Normal,6145,0.5682282152337076,0
2024-04-30,2024-04-29,GJR-GARCH-Normal,6145,0.4605538998445567,0
2024-04-30,2024-04-29,EGARCH-Normal,6145,0.29727291112141413,0
2024-05-01,2024-04-30,GARCH-Normal,6146,0.516233039874263,0
2024-05-01,2024-04-30,GJR-GARCH-Normal,6146,0.43344046980411893,0
2024-05-01,2024-04-30,EGARCH-Normal,6146,0.28042901294020434,0
2024-05-02,2024-05-01,GARCH-Normal,6147,0.4822330180967187,0
2024-05-02,2024-05-01,GJR-GARCH-Normal,6147,0.4227512267585801,0
2024-05-02,2024-05-01,EGARCH-Normal,6147,0.29796554106981016,0
2024-05-03,2024-05-02,GARCH-Normal,6148,0.4820209838785691,0
2024-05-03,2024-05-02,GJR-GARCH-Normal,6148,0.3997743485266508,0
2024-05-03,2024-05-02,EGARCH-Normal,6148,0.2745456573827857,0
2024-05-07,2024-05-03,GARCH-Normal,6149,0.46678452754703403,0
2024-05-07,2024-05-03,GJR-GARCH-Normal,6149,0.3793304213431166,0
2024-05-07,2024-05-03,EGARCH-Normal,6149,0.25379391531687434,0
2024-05-08,2024-05-07,GARCH-Normal,6150,0.5889929684454833,0
2024-05-08,2024-05-07,GJR-GARCH-Normal,6150,0.36167218307266163,0
2024-05-08,2024-05-07,EGARCH-Normal,6150,0.2334515633698513,0
2024-05-09,2024-05-08,GARCH-Normal,6151,0.5570967474891169,0
2024-05-09,2024-05-08,GJR-GARCH-Normal,6151,0.3455363850355281,0
2024-05-09,2024-05-08,EGARCH-Normal,6151,0.21661303360872725,0
2024-05-10,2024-05-09,GARCH-Normal,6152,0.5159077173565301,0
2024-05-10,2024-05-09,GJR-GARCH-Normal,6152,0.33113162907743776,0
2024-05-10,2024-05-09,EGARCH-Normal,6152,0.20158240957546,0
2024-05-13,2024-05-10,GARCH-Normal,6153,0.5105918499003843,0
2024-05-13,2024-05-10,GJR-GARCH-Normal,6153,0.31847928627072625,0
2024-05-13,2024-05-10,EGARCH-Normal,6153,0.18750359270204564,0
2024-05-14,2024-05-13,GARCH-Normal,6154,0.4735337138010445,0
2024-05-14,2024-05-13,GJR-GARCH-Normal,6154,0.31557715729422975,0
2024-05-14,2024-05-13,EGARCH-Normal,6154,0.19970607939910115,0
2024-05-15,2024-05-14,GARCH-Normal,6155,0.435505755129279,0
2024-05-15,2024-05-14,GJR-GARCH-Normal,6155,0.3044338734896572,0
2024-05-15,2024-05-14,EGARCH-Normal,6155,0.18654914474293371,0
2024-05-16,2024-05-15,GARCH-Normal,6156,0.4044608945267259,0
2024-05-16,2024-05-15,GJR-GARCH-Normal,6156,0.2945121532933699,0
2024-05-16,2024-05-15,EGARCH-Normal,6156,0.17434359211328856,0
2024-05-17,2024-05-16,GARCH-Normal,6157,0.3756618764808128,0
2024-05-17,2024-05-16,GJR-GARCH-Normal,6157,0.28681374273290355,0
2024-05-17,2024-05-16,EGARCH-Normal,6157,0.17184355662282969,0
2024-05-20,2024-05-17,GARCH-Normal,6158,0.3565251912981466,0
2024-05-20,2024-05-17,GJR-GARCH-Normal,6158,0.2869900952461724,0
2024-05-20,2024-05-17,EGARCH-Normal,6158,0.18403971058930305,0
2024-05-21,2024-05-20,GARCH-Normal,6159,0.33252113100269,0
2024-05-21,2024-05-20,GJR-GARCH-Normal,6159,0.2789080564215775,0
2024-05-21,2024-05-20,EGARCH-Normal,6159,0.17273540115138272,0
2024-05-22,2024-05-21,GARCH-Normal,6160,0.3135513483833388,0
2024-05-22,2024-05-21,GJR-GARCH-Normal,6160,0.27308267826178284,0
2024-05-22,2024-05-21,EGARCH-Normal,6160,0.17125016932548373,0
2024-05-23,2024-05-22,GARCH-Normal,6161,0.33522153401022836,0
2024-05-23,2024-05-22,GJR-GARCH-Normal,6161,0.319604952086425,0
2024-05-23,2024-05-22,EGARCH-Normal,6161,0.22503383568722468,0
2024-05-24,2024-05-23,GARCH-Normal,6162,0.3332885525286271,0
2024-05-24,2024-05-23,GJR-GARCH-Normal,6162,0.3319271856375556,0
2024-05-24,2024-05-23,EGARCH-Normal,6162,0.2560410834268157,0
2024-05-28,2024-05-24,GARCH-Normal,6163,0.32237830074788804,0
2024-05-28,2024-05-24,GJR-GARCH-Normal,6163,0.33035308503457905,0
2024-05-28,2024-05-24,EGARCH-Normal,6163,0.2712658781962084,0
2024-05-29,2024-05-28,GARCH-Normal,6164,0.37729854826594034,0
2024-05-29,2024-05-28,GJR-GARCH-Normal,6164,0.419976468131414,0
2024-05-29,2024-05-28,EGARCH-Normal,6164,0.36571747730111054,0
2024-05-30,2024-05-29,GARCH-Normal,6165,0.4443617893791833,0
2024-05-30,2024-05-29,GJR-GARCH-Normal,6165,0.5282055444793069,0
2024-05-30,2024-05-29,EGARCH-Normal,6165,0.4855379013708903,0
2024-05-31,2024-05-30,GARCH-Normal,6166,0.4437762144181274,0
2024-05-31,2024-05-30,GJR-GARCH-Normal,6166,0.4930914489582305,0
2024-05-31,2024-05-30,EGARCH-Normal,6166,0.4436537155511618,0
2024-06-03,2024-05-31,GARCH-Normal,6167,0.4373317655441457,0
2024-06-03,2024-05-31,GJR-GARCH-Normal,6167,0.46193840595247165,0
2024-06-03,2024-05-31,EGARCH-Normal,6167,0.4062958134440339,0
2024-06-04,2024-06-03,GARCH-Normal,6168,0.4063086494894878,0
2024-06-04,2024-06-03,GJR-GARCH-Normal,6168,0.4380688149132308,0
2024-06-04,2024-06-03,EGARCH-Normal,6168,0.39808256592195285,0
2024-06-05,2024-06-04,GARCH-Normal,6169,0.3947245592620295,0
2024-06-05,2024-06-04,GJR-GARCH-Normal,6169,0.43712663262651824,0
2024-06-05,2024-06-04,EGARCH-Normal,6169,0.4265193429258885,0
2024-06-06,2024-06-05,GARCH-Normal,6170,0.36805726895314445,0
2024-06-06,2024-06-05,GJR-GARCH-Normal,6170,0.41220372943872813,0
2024-06-06,2024-06-05,EGARCH-Normal,6170,0.3930251885321035,0
2024-06-07,2024-06-06,GARCH-Normal,6171,0.36391007491625216,0
2024-06-07,2024-06-06,GJR-GARCH-Normal,6171,0.39017123598166276,0
2024-06-07,2024-06-06,EGARCH-Normal,6171,0.3611584344533141,0
2024-06-10,2024-06-07,GARCH-Normal,6172,0.36978251531087997,0
2024-06-10,2024-06-07,GJR-GARCH-Normal,6172,0.41095045142287856,0
2024-06-10,2024-06-07,EGARCH-Normal,6172,0.40891032939888,0
2024-06-11,2024-06-10,GARCH-Normal,6173,0.3504827932753546,0
2024-06-11,2024-06-10,GJR-GARCH-Normal,6173,0.3960904719383275,0
2024-06-11,2024-06-10,EGARCH-Normal,6173,0.4090435593147509,0
2024-06-12,2024-06-11,GARCH-Normal,6174,0.4478001156029592,0
2024-06-12,2024-06-11,GJR-GARCH-Normal,6174,0.5456396186806665,0
2024-06-12,2024-06-11,EGARCH-Normal,6174,0.5564462079839113,0
2024-06-13,2024-06-12,GARCH-Normal,6175,0.48469820313430256,0
2024-06-13,2024-06-12,GJR-GARCH-Normal,6175,0.5088224400579948,0
2024-06-13,2024-06-12,EGARCH-Normal,6175,0.5057607582670409,0
2024-06-14,2024-06-13,GARCH-Normal,6176,0.4946188726307878,0
2024-06-14,2024-06-13,GJR-GARCH-Normal,6176,0.5454546805168236,0
2024-06-14,2024-06-13,EGARCH-Normal,6176,0.5812586019851766,0
2024-06-17,2024-06-14,GARCH-Normal,6177,0.45836125633697417,0
2024-06-17,2024-06-14,GJR-GARCH-Normal,6177,0.5154822242834574,0
2024-06-17,2024-06-14,EGARCH-Normal,6177,0.5700350060236109,0
2024-06-18,2024-06-17,GARCH-Normal,6178,0.4214185431528426,0
2024-06-18,2024-06-17,GJR-GARCH-Normal,6178,0.4822624763509683,0
2024-06-18,2024-06-17,EGARCH-Normal,6178,0.5327607215222059,0
2024-06-19,2024-06-18,GARCH-Normal,6179,0.42602276677894213,0
2024-06-19,2024-06-18,GJR-GARCH-Normal,6179,0.4524499224975922,0
2024-06-19,2024-06-18,EGARCH-Normal,6179,0.48604796289164315,0
2024-06-20,2024-06-19,GARCH-Normal,6180,0.3946679726907579,0
2024-06-20,2024-06-19,GJR-GARCH-Normal,6180,0.425862420929075,0
2024-06-20,2024-06-19,EGARCH-Normal,6180,0.44705788401020613,0
2024-06-21,2024-06-20,GARCH-Normal,6181,0.4368489190617538,0
2024-06-21,2024-06-20,GJR-GARCH-Normal,6181,0.40246709249936874,0
2024-06-21,2024-06-20,EGARCH-Normal,6181,0.407773558369895,0
2024-06-24,2024-06-21,GARCH-Normal,6182,0.425867085994053,0
2024-06-24,2024-06-21,GJR-GARCH-Normal,6182,0.41214204199276344,0
2024-06-24,2024-06-21,EGARCH-Normal,6182,0.44423700920797776,0
2024-06-25,2024-06-24,GARCH-Normal,6183,0.4211555419100795,0
2024-06-25,2024-06-24,GJR-GARCH-Normal,6183,0.39015266086666417,0
2024-06-25,2024-06-24,EGARCH-Normal,6183,0.4070098737215467,0
2024-06-26,2024-06-25,GARCH-Normal,6184,0.4109857039811406,0
2024-06-26,2024-06-25,GJR-GARCH-Normal,6184,0.3993668589710597,0
2024-06-26,2024-06-25,EGARCH-Normal,6184,0.44127787557906994,0
2024-06-27,2024-06-26,GARCH-Normal,6185,0.3903978925985083,0
2024-06-27,2024-06-26,GJR-GARCH-Normal,6185,0.39142278345490294,0
2024-06-27,2024-06-26,EGARCH-Normal,6185,0.45094607360201705,0
2024-06-28,2024-06-27,GARCH-Normal,6186,0.40188013322450966,0
2024-06-28,2024-06-27,GJR-GARCH-Normal,6186,0.4251658852808039,0
2024-06-28,2024-06-27,EGARCH-Normal,6186,0.5112226582967081,0
2024-07-01,2024-06-28,GARCH-Normal,6187,0.3774291307346207,0
2024-07-01,2024-06-28,GJR-GARCH-Normal,6187,0.4076991212801901,0
2024-07-01,2024-06-28,EGARCH-Normal,6187,0.5023350991723804,0
2024-07-02,2024-07-01,GARCH-Normal,6188,0.350476590550398,0
2024-07-02,2024-07-01,GJR-GARCH-Normal,6188,0.386061776181246,0
2024-07-02,2024-07-01,EGARCH-Normal,6188,0.46273484904995726,0
2024-07-03,2024-07-02,GARCH-Normal,6189,0.36781478567939385,0
2024-07-03,2024-07-02,GJR-GARCH-Normal,6189,0.4210935080526083,0
2024-07-03,2024-07-02,EGARCH-Normal,6189,0.5235834977789398,0
2024-07-04,2024-07-03,GARCH-Normal,6190,0.38111445939642635,0
2024-07-04,2024-07-03,GJR-GARCH-Normal,6190,0.3981159714082129,0
2024-07-04,2024-07-03,EGARCH-Normal,6190,0.47786289584839164,0
2024-07-05,2024-07-04,GARCH-Normal,6191,0.432021792093818,0
2024-07-05,2024-07-04,GJR-GARCH-Normal,6191,0.37785285373304706,0
2024-07-05,2024-07-04,EGARCH-Normal,6191,0.4352988280017812,0
2024-07-08,2024-07-05,GARCH-Normal,6192,0.42520653008853043,0
2024-07-08,2024-07-05,GJR-GARCH-Normal,6192,0.39525483298842395,0
2024-07-08,2024-07-05,EGARCH-Normal,6192,0.47691785281953303,0
2024-07-09,2024-07-08,GARCH-Normal,6193,0.3947174273915739,0
2024-07-09,2024-07-08,GJR-GARCH-Normal,6193,0.37762937142887093,0
2024-07-09,2024-07-08,EGARCH-Normal,6193,0.4596172451400122,0
2024-07-10,2024-07-09,GARCH-Normal,6194,0.4205343894343888,0
2024-07-10,2024-07-09,GJR-GARCH-Normal,6194,0.43433900156696703,0
2024-07-10,2024-07-09,EGARCH-Normal,6194,0.5395566532379374,0
2024-07-11,2024-07-10,GARCH-Normal,6195,0.4329058344609273,0
2024-07-11,2024-07-10,GJR-GARCH-Normal,6195,0.4098917083437061,0
2024-07-11,2024-07-10,EGARCH-Normal,6195,0.49191387718602264,0
2024-07-12,2024-07-11,GARCH-Normal,6196,0.4110256306821824,0
2024-07-12,2024-07-11,GJR-GARCH-Normal,6196,0.388040856683993,0
2024-07-12,2024-07-11,EGARCH-Normal,6196,0.45111496252211597,0
2024-07-15,2024-07-12,GARCH-Normal,6197,0.391819322191637,0
2024-07-15,2024-07-12,GJR-GARCH-Normal,6197,0.36862336861932354,0
2024-07-15,2024-07-12,EGARCH-Normal,6197,0.4143842909364496,0
2024-07-16,2024-07-15,GARCH-Normal,6198,0.4531548717727151,0
2024-07-16,2024-07-15,GJR-GARCH-Normal,6198,0.4772117109933546,0
2024-07-16,2024-07-15,EGARCH-Normal,6198,0.5322347006557682,0
2024-07-17,2024-07-16,GARCH-Normal,6199,0.4233872876066604,0
2024-07-17,2024-07-16,GJR-GARCH-Normal,6199,0.4560062638188664,0
2024-07-17,2024-07-16,EGARCH-Normal,6199,0.527323564494136,0
2024-07-18,2024-07-17,GARCH-Normal,6200,0.39707919543851034,0
2024-07-18,2024-07-17,GJR-GARCH-Normal,6200,0.42896537218495867,0
2024-07-18,2024-07-17,EGARCH-Normal,6200,0.4835919848604121,0
2024-07-19,2024-07-18,GARCH-Normal,6201,0.37116604564657724,0
2024-07-19,2024-07-18,GJR-GARCH-Normal,6201,0.40494314676261856,0
2024-07-19,2024-07-18,EGARCH-Normal,6201,0.4446508514597807,0
2024-07-22,2024-07-19,GARCH-Normal,6202,0.3914595555462804,0
2024-07-22,2024-07-19,GJR-GARCH-Normal,6202,0.4461167649025697,0
2024-07-22,2024-07-19,EGARCH-Normal,6202,0.5133766930122832,0
2024-07-23,2024-07-22,GARCH-Normal,6203,0.39080287101565103,0
2024-07-23,2024-07-22,GJR-GARCH-Normal,6203,0.4202707488108351,0
2024-07-23,2024-07-22,EGARCH-Normal,6203,0.46934302670424805,0
2024-07-24,2024-07-23,GARCH-Normal,6204,0.3820050286062558,0
2024-07-24,2024-07-23,GJR-GARCH-Normal,6204,0.422421176383962,0
2024-07-24,2024-07-23,EGARCH-Normal,6204,0.4969654576360753,0
2024-07-25,2024-07-24,GARCH-Normal,6205,0.35899536481840333,0
2024-07-25,2024-07-24,GJR-GARCH-Normal,6205,0.4037801143234489,0
2024-07-25,2024-07-24,EGARCH-Normal,6205,0.4849848968251627,0
2024-07-26,2024-07-25,GARCH-Normal,6206,0.35005618358954377,0
2024-07-26,2024-07-25,GJR-GARCH-Normal,6206,0.3826096473291034,0
2024-07-26,2024-07-25,EGARCH-Normal,6206,0.4446538320528253,0
2024-07-29,2024-07-26,GARCH-Normal,6207,0.48563809593901225,0
2024-07-29,2024-07-26,GJR-GARCH-Normal,6207,0.3643350738521592,0
2024-07-29,2024-07-26,EGARCH-Normal,6207,0.40355446322481686,0
2024-07-30,2024-07-29,GARCH-Normal,6208,0.4442587932398148,0
2024-07-30,2024-07-29,GJR-GARCH-Normal,6208,0.3475008977860409,0
2024-07-30,2024-07-29,EGARCH-Normal,6208,0.37319530184948607,0
2024-07-31,2024-07-30,GARCH-Normal,6209,0.41549061174657914,0
2024-07-31,2024-07-30,GJR-GARCH-Normal,6209,0.3404914093807403,0
2024-07-31,2024-07-30,EGARCH-Normal,6209,0.37721739096810214,0
2024-08-01,2024-07-31,GARCH-Normal,6210,0.5207956858108518,0
2024-08-01,2024-07-31,GJR-GARCH-Normal,6210,0.3269439331450196,0
2024-08-01,2024-07-31,EGARCH-Normal,6210,0.34337600911955246,0
2024-08-02,2024-08-01,GARCH-Normal,6211,0.6016312444976539,0
2024-08-02,2024-08-01,GJR-GARCH-Normal,6211,0.4939294418543298,0
2024-08-02,2024-08-01,EGARCH-Normal,6211,0.4905601858361554,0
2024-08-05,2024-08-02,GARCH-Normal,6212,0.756574509085512,0
2024-08-05,2024-08-02,GJR-GARCH-Normal,6212,0.7673296019443909,0
2024-08-05,2024-08-02,EGARCH-Normal,6212,0.7233142135118408,0
2024-08-06,2024-08-05,GARCH-Normal,6213,1.1889031982335923,0
2024-08-06,2024-08-05,GJR-GARCH-Normal,6213,1.4533725570735638,0
2024-08-06,2024-08-05,EGARCH-Normal,6213,1.2139576273273158,0
2024-08-07,2024-08-06,GARCH-Normal,6214,1.0544916202615366,0
2024-08-07,2024-08-06,GJR-GARCH-Normal,6214,1.31221816868536,0
2024-08-07,2024-08-06,EGARCH-Normal,6214,1.0944572811071576,0
2024-08-08,2024-08-07,GARCH-Normal,6215,1.2726557588041119,0
2024-08-08,2024-08-07,GJR-GARCH-Normal,6215,1.190782614601821,0
2024-08-08,2024-08-07,EGARCH-Normal,6215,0.9769546788244339,0
2024-08-09,2024-08-08,GARCH-Normal,6216,1.1330024616980443,0
2024-08-09,2024-08-08,GJR-GARCH-Normal,6216,1.0925717070202259,0
2024-08-09,2024-08-08,EGARCH-Normal,6216,0.9479152172487672,0
2024-08-12,2024-08-09,GARCH-Normal,6217,1.0097790401299314,0
2024-08-12,2024-08-09,GJR-GARCH-Normal,6217,0.9935085320209226,0
2024-08-12,2024-08-09,EGARCH-Normal,6217,0.8588929869404424,0
2024-08-13,2024-08-12,GARCH-Normal,6218,0.9235039087018173,0
2024-08-13,2024-08-12,GJR-GARCH-Normal,6218,0.9059420216358033,0
2024-08-13,2024-08-12,EGARCH-Normal,6218,0.7779528212211366,0
2024-08-14,2024-08-13,GARCH-Normal,6219,0.8305641993006685,0
2024-08-14,2024-08-13,GJR-GARCH-Normal,6219,0.8283190140846695,0
2024-08-14,2024-08-13,EGARCH-Normal,6219,0.7077503953974621,0
2024-08-15,2024-08-14,GARCH-Normal,6220,0.7736112317248042,0
2024-08-15,2024-08-14,GJR-GARCH-Normal,6220,0.7595493689723029,0
2024-08-15,2024-08-14,EGARCH-Normal,6220,0.6431028355546192,0
2024-08-16,2024-08-15,GARCH-Normal,6221,0.7604586545237264,0
2024-08-16,2024-08-15,GJR-GARCH-Normal,6221,0.6985764565785575,0
2024-08-16,2024-08-15,EGARCH-Normal,6221,0.5835082955406093,0
2024-08-19,2024-08-16,GARCH-Normal,6222,0.7064809621050564,0
2024-08-19,2024-08-16,GJR-GARCH-Normal,6222,0.6766219223625952,0
2024-08-19,2024-08-16,EGARCH-Normal,6222,0.6163343078153778,0
2024-08-20,2024-08-19,GARCH-Normal,6223,0.6652024836668925,0
2024-08-20,2024-08-19,GJR-GARCH-Normal,6223,0.6249172073867143,0
2024-08-20,2024-08-19,EGARCH-Normal,6223,0.5614685541411089,0
2024-08-21,2024-08-20,GARCH-Normal,6224,0.7241703141379064,0
2024-08-21,2024-08-20,GJR-GARCH-Normal,6224,0.7553616121940446,0
2024-08-21,2024-08-20,EGARCH-Normal,6224,0.7207706745472089,0
2024-08-22,2024-08-21,GARCH-Normal,6225,0.6509511313231244,0
2024-08-22,2024-08-21,GJR-GARCH-Normal,6225,0.6947768693904298,0
2024-08-22,2024-08-21,EGARCH-Normal,6225,0.6583036836546098,0
2024-08-23,2024-08-22,GARCH-Normal,6226,0.5868030213898011,0
2024-08-23,2024-08-22,GJR-GARCH-Normal,6226,0.6410168074106252,0
2024-08-23,2024-08-22,EGARCH-Normal,6226,0.6029775058543012,0
2024-08-27,2024-08-23,GARCH-Normal,6227,0.5543524816535195,0
2024-08-27,2024-08-23,GJR-GARCH-Normal,6227,0.5933190893558804,0
2024-08-27,2024-08-23,EGARCH-Normal,6227,0.5500295347266261,0
2024-08-28,2024-08-27,GARCH-Normal,6228,0.5069052603942041,0
2024-08-28,2024-08-27,GJR-GARCH-Normal,6228,0.5509206096411619,0
2024-08-28,2024-08-27,EGARCH-Normal,6228,0.5045334560878889,0
2024-08-29,2024-08-28,GARCH-Normal,6229,0.4624288007728952,0
2024-08-29,2024-08-28,GJR-GARCH-Normal,6229,0.5132757690108232,0
2024-08-29,2024-08-28,EGARCH-Normal,6229,0.4671593987106671,0
2024-08-30,2024-08-29,GARCH-Normal,6230,0.4416869594816396,0
2024-08-30,2024-08-29,GJR-GARCH-Normal,6230,0.4798210305149664,0
2024-08-30,2024-08-29,EGARCH-Normal,6230,0.428394333820091,0
2024-09-02,2024-08-30,GARCH-Normal,6231,0.4062228308336732,0
2024-09-02,2024-08-30,GJR-GARCH-Normal,6231,0.45021126367850467,0
2024-09-02,2024-08-30,EGARCH-Normal,6231,0.400642567694245,0
2024-09-03,2024-09-02,GARCH-Normal,6232,0.3790313651863706,0
2024-09-03,2024-09-02,GJR-GARCH-Normal,6232,0.427623872451329,0
2024-09-03,2024-09-02,EGARCH-Normal,6232,0.39305418438043277,0
2024-09-04,2024-09-03,GARCH-Normal,6233,0.429658573857733,0
2024-09-04,2024-09-03,GJR-GARCH-Normal,6233,0.510915519635634,0
2024-09-04,2024-09-03,EGARCH-Normal,6233,0.4965785275986166,0
2024-09-05,2024-09-04,GARCH-Normal,6234,0.4123564147053916,0
2024-09-05,2024-09-04,GJR-GARCH-Normal,6234,0.4986160615975775,0
2024-09-05,2024-09-04,EGARCH-Normal,6234,0.5168701277888218,0
2024-09-06,2024-09-05,GARCH-Normal,6235,0.39642526129671857,0
2024-09-06,2024-09-05,GJR-GARCH-Normal,6235,0.4863755806402424,0
2024-09-06,2024-09-05,EGARCH-Normal,6235,0.5341582029903967,0
2024-09-09,2024-09-06,GARCH-Normal,6236,0.43504746611218403,0
2024-09-09,2024-09-06,GJR-GARCH-Normal,6236,0.5494567472114291,0
2024-09-09,2024-09-06,EGARCH-Normal,6236,0.6303810289975272,0
2024-09-10,2024-09-09,GARCH-Normal,6237,0.5293266947196631,0
2024-09-10,2024-09-09,GJR-GARCH-Normal,6237,0.5121418416127728,0
2024-09-10,2024-09-09,EGARCH-Normal,6237,0.5701864794045287,0
2024-09-11,2024-09-10,GARCH-Normal,6238,0.5596588562539556,0
2024-09-11,2024-09-10,GJR-GARCH-Normal,6238,0.5865993192917578,0
2024-09-11,2024-09-10,EGARCH-Normal,6238,0.6785964558718175,0
2024-09-12,2024-09-11,GARCH-Normal,6239,0.5113883007016553,0
2024-09-12,2024-09-11,GJR-GARCH-Normal,6239,0.5484376281105207,0
2024-09-12,2024-09-11,EGARCH-Normal,6239,0.6485778304862758,0
2024-09-13,2024-09-12,GARCH-Normal,6240,0.5000089966103629,0
2024-09-13,2024-09-12,GJR-GARCH-Normal,6240,0.5110694302337444,0
2024-09-13,2024-09-12,EGARCH-Normal,6240,0.590142071306777,0
2024-09-16,2024-09-13,GARCH-Normal,6241,0.47091536469112943,0
2024-09-16,2024-09-13,GJR-GARCH-Normal,6241,0.4778593684138826,0
2024-09-16,2024-09-13,EGARCH-Normal,6241,0.5391952115109366,0
2024-09-17,2024-09-16,GARCH-Normal,6242,0.43115260529445815,0
2024-09-17,2024-09-16,GJR-GARCH-Normal,6242,0.44833041794281964,0
2024-09-17,2024-09-16,EGARCH-Normal,6242,0.4957326850580173,0
2024-09-18,2024-09-17,GARCH-Normal,6243,0.41068701748309494,0
2024-09-18,2024-09-17,GJR-GARCH-Normal,6243,0.42213573453230135,0
2024-09-18,2024-09-17,EGARCH-Normal,6243,0.4544035775100885,0
2024-09-19,2024-09-18,GARCH-Normal,6244,0.43795642930979256,0
2024-09-19,2024-09-18,GJR-GARCH-Normal,6244,0.4789608098638095,0
2024-09-19,2024-09-18,EGARCH-Normal,6244,0.5384124839445817,0
2024-09-20,2024-09-19,GARCH-Normal,6245,0.4910479574966588,0
2024-09-20,2024-09-19,GJR-GARCH-Normal,6245,0.44948827646160744,0
2024-09-20,2024-09-19,EGARCH-Normal,6245,0.48929196546027726,0
2024-09-23,2024-09-20,GARCH-Normal,6246,0.6232555801172622,0
2024-09-23,2024-09-20,GJR-GARCH-Normal,6246,0.6717520986206994,0
2024-09-23,2024-09-20,EGARCH-Normal,6246,0.6893550621331658,0
2024-09-24,2024-09-23,GARCH-Normal,6247,0.5749308867845131,0
2024-09-24,2024-09-23,GJR-GARCH-Normal,6247,0.6203444798708235,0
2024-09-24,2024-09-23,EGARCH-Normal,6247,0.6282353170107696,0
2024-09-25,2024-09-24,GARCH-Normal,6248,0.5278902163163544,0
2024-09-25,2024-09-24,GJR-GARCH-Normal,6248,0.5747891385192773,0
2024-09-25,2024-09-24,EGARCH-Normal,6248,0.5741763046826829,0
2024-09-26,2024-09-25,GARCH-Normal,6249,0.48504990515022356,0
2024-09-26,2024-09-25,GJR-GARCH-Normal,6249,0.5392344941180335,0
2024-09-26,2024-09-25,EGARCH-Normal,6249,0.5569612548297364,0
2024-09-27,2024-09-26,GARCH-Normal,6250,0.44636310717661287,0
2024-09-27,2024-09-26,GJR-GARCH-Normal,6250,0.5028602010305142,0
2024-09-27,2024-09-26,EGARCH-Normal,6250,0.5108011538854182,0
2024-09-30,2024-09-27,GARCH-Normal,6251,0.4284062657292288,0
2024-09-30,2024-09-27,GJR-GARCH-Normal,6251,0.4706025853141299,0
2024-09-30,2024-09-27,EGARCH-Normal,6251,0.4676342112300735,0
2024-10-01,2024-09-30,GARCH-Normal,6252,0.5212794091085111,0
2024-10-01,2024-09-30,GJR-GARCH-Normal,6252,0.6204368702712549,0
2024-10-01,2024-09-30,EGARCH-Normal,6252,0.6233038239980295,0
2024-10-02,2024-10-01,GARCH-Normal,6253,0.497909763695423,0
2024-10-02,2024-10-01,GJR-GARCH-Normal,6253,0.5749633799398596,0
2024-10-02,2024-10-01,EGARCH-Normal,6253,0.5682655386828712,0
2024-10-03,2024-10-02,GARCH-Normal,6254,0.45662961755153475,0
2024-10-03,2024-10-02,GJR-GARCH-Normal,6254,0.5345815227076611,0
2024-10-03,2024-10-02,EGARCH-Normal,6254,0.5211517131293352,0
2024-10-04,2024-10-03,GARCH-Normal,6255,0.4208221882592916,0
2024-10-04,2024-10-03,GJR-GARCH-Normal,6255,0.5004004845860159,0
2024-10-04,2024-10-03,EGARCH-Normal,6255,0.4958893228958137,0
2024-10-07,2024-10-04,GARCH-Normal,6256,0.38813564322325533,0
2024-10-07,2024-10-04,GJR-GARCH-Normal,6256,0.4684628636047992,0
2024-10-07,2024-10-04,EGARCH-Normal,6256,0.4597173861639813,0
2024-10-08,2024-10-07,GARCH-Normal,6257,0.3664599017923464,0
2024-10-08,2024-10-07,GJR-GARCH-Normal,6257,0.44004580768356505,0
2024-10-08,2024-10-07,EGARCH-Normal,6257,0.422581442769099,0
2024-10-09,2024-10-08,GARCH-Normal,6258,0.5692605168489724,0
2024-10-09,2024-10-08,GJR-GARCH-Normal,6258,0.7420293456441499,0
2024-10-09,2024-10-08,EGARCH-Normal,6258,0.6603407274531591,0
2024-10-10,2024-10-09,GARCH-Normal,6259,0.5597914667734504,0
2024-10-10,2024-10-09,GJR-GARCH-Normal,6259,0.682969768777696,0
2024-10-10,2024-10-09,EGARCH-Normal,6259,0.6001861623144785,0
2024-10-11,2024-10-10,GARCH-Normal,6260,0.5091925271221639,0
2024-10-11,2024-10-10,GJR-GARCH-Normal,6260,0.631282773135538,0
2024-10-11,2024-10-10,EGARCH-Normal,6260,0.5630007556671064,0
2024-10-14,2024-10-11,GARCH-Normal,6261,0.4672979013485035,0
2024-10-14,2024-10-11,GJR-GARCH-Normal,6261,0.5846684127268229,0
2024-10-14,2024-10-11,EGARCH-Normal,6261,0.5162939094499653,0
2024-10-15,2024-10-14,GARCH-Normal,6262,0.4503821930612836,0
2024-10-15,2024-10-14,GJR-GARCH-Normal,6262,0.543348561231984,0
2024-10-15,2024-10-14,EGARCH-Normal,6262,0.4723801976381182,0
2024-10-16,2024-10-15,GARCH-Normal,6263,0.4493576423794141,0
2024-10-16,2024-10-15,GJR-GARCH-Normal,6263,0.5539713026386271,0
2024-10-16,2024-10-15,EGARCH-Normal,6263,0.526028387171447,0
2024-10-17,2024-10-16,GARCH-Normal,6264,0.5127213358270261,0
2024-10-17,2024-10-16,GJR-GARCH-Normal,6264,0.5162310114144152,0
2024-10-17,2024-10-16,EGARCH-Normal,6264,0.4779422819739855,0
2024-10-18,2024-10-17,GARCH-Normal,6265,0.5143209042298323,0
2024-10-18,2024-10-17,GJR-GARCH-Normal,6265,0.48261586920887295,0
2024-10-18,2024-10-17,EGARCH-Normal,6265,0.43661989570323106,0
2024-10-21,2024-10-18,GARCH-Normal,6266,0.4831004415190903,0
2024-10-21,2024-10-18,GJR-GARCH-Normal,6266,0.4701262854823239,0
2024-10-21,2024-10-18,EGARCH-Normal,6266,0.45430081206107503,0
2024-10-22,2024-10-21,GARCH-Normal,6267,0.4722260173751833,0
2024-10-22,2024-10-21,GJR-GARCH-Normal,6267,0.4813006550095417,0
2024-10-22,2024-10-21,EGARCH-Normal,6267,0.5000410890415622,0
2024-10-23,2024-10-22,GARCH-Normal,6268,0.4358104650798895,0
2024-10-23,2024-10-22,GJR-GARCH-Normal,6268,0.4547418007569015,0
2024-10-23,2024-10-22,EGARCH-Normal,6268,0.4832251502937693,0
2024-10-24,2024-10-23,GARCH-Normal,6269,0.4439619902280019,0
2024-10-24,2024-10-23,GJR-GARCH-Normal,6269,0.4854941707117807,0
2024-10-24,2024-10-23,EGARCH-Normal,6269,0.5470901578883486,0
2024-10-25,2024-10-24,GARCH-Normal,6270,0.4090205843639651,0
2024-10-25,2024-10-24,GJR-GARCH-Normal,6270,0.4552115333428778,0
2024-10-25,2024-10-24,EGARCH-Normal,6270,0.5023984105924184,0
2024-10-28,2024-10-25,GARCH-Normal,6271,0.3868362882118279,0
2024-10-28,2024-10-25,GJR-GARCH-Normal,6271,0.43878017616730075,0
2024-10-28,2024-10-25,EGARCH-Normal,6271,0.5041822952946436,0
2024-10-29,2024-10-28,GARCH-Normal,6272,0.37819438416731943,0
2024-10-29,2024-10-28,GJR-GARCH-Normal,6272,0.4137486421786821,0
2024-10-29,2024-10-28,EGARCH-Normal,6272,0.461666147039174,0
2024-10-30,2024-10-29,GARCH-Normal,6273,0.4310483115602323,0
2024-10-30,2024-10-29,GJR-GARCH-Normal,6273,0.5020631774032402,0
2024-10-30,2024-10-29,EGARCH-Normal,6273,0.5701203991390602,0
2024-10-31,2024-10-30,GARCH-Normal,6274,0.46425339232620416,0
2024-10-31,2024-10-30,GJR-GARCH-Normal,6274,0.562575347314477,0
2024-10-31,2024-10-30,EGARCH-Normal,6274,0.6658524357848827,0
2024-11-01,2024-10-31,GARCH-Normal,6275,0.4727392977769756,0
2024-11-01,2024-10-31,GJR-GARCH-Normal,6275,0.5873456641989623,0
2024-11-01,2024-10-31,EGARCH-Normal,6275,0.7329693769037462,0
2024-11-04,2024-11-01,GARCH-Normal,6276,0.5053439149405983,0
2024-11-04,2024-11-01,GJR-GARCH-Normal,6276,0.5458599629793863,0
2024-11-04,2024-11-01,EGARCH-Normal,6276,0.6638479493622401,0
2024-11-05,2024-11-04,GARCH-Normal,6277,0.46123396509520714,0
2024-11-05,2024-11-04,GJR-GARCH-Normal,6277,0.5087977874727285,0
2024-11-05,2024-11-04,EGARCH-Normal,6277,0.6075774332238133,0
2024-11-06,2024-11-05,GARCH-Normal,6278,0.42638675588072134,0
2024-11-06,2024-11-05,GJR-GARCH-Normal,6278,0.47929189396501753,0
2024-11-06,2024-11-05,EGARCH-Normal,6278,0.5826507497733168,0
2024-11-07,2024-11-06,GARCH-Normal,6279,0.39386656980807777,0
2024-11-07,2024-11-06,GJR-GARCH-Normal,6279,0.45042421051338893,0
2024-11-07,2024-11-06,EGARCH-Normal,6279,0.5462418399678057,0
2024-11-08,2024-11-07,GARCH-Normal,6280,0.37872085468173367,0
2024-11-08,2024-11-07,GJR-GARCH-Normal,6280,0.4412518354210897,0
2024-11-08,2024-11-07,EGARCH-Normal,6280,0.5579846723586005,0
2024-11-11,2024-11-08,GARCH-Normal,6281,0.4396563456095292,0
2024-11-11,2024-11-08,GJR-GARCH-Normal,6281,0.5384545576525874,0
2024-11-11,2024-11-08,EGARCH-Normal,6281,0.6778959047172216,0
2024-11-12,2024-11-11,GARCH-Normal,6282,0.4486163497389157,0
2024-11-12,2024-11-11,GJR-GARCH-Normal,6282,0.502362460311074,0
2024-11-12,2024-11-11,EGARCH-Normal,6282,0.6160461171980792,0
2024-11-13,2024-11-12,GARCH-Normal,6283,0.5960194537650697,0
2024-11-13,2024-11-12,GJR-GARCH-Normal,6283,0.7329888393638443,0
2024-11-13,2024-11-12,EGARCH-Normal,6283,0.8338697371315569,0
2024-11-14,2024-11-13,GARCH-Normal,6284,0.5392468918491431,0
2024-11-14,2024-11-13,GJR-GARCH-Normal,6284,0.6748191331707821,0
2024-11-14,2024-11-13,EGARCH-Normal,6284,0.7597635202463765,0
2024-11-15,2024-11-14,GARCH-Normal,6285,0.5164826359256101,0
2024-11-15,2024-11-14,GJR-GARCH-Normal,6285,0.623416392034594,0
2024-11-15,2024-11-14,EGARCH-Normal,6285,0.6901524238495709,0
2024-11-18,2024-11-15,GARCH-Normal,6286,0.47242295745087065,0
2024-11-18,2024-11-15,GJR-GARCH-Normal,6286,0.5791122222722879,0
2024-11-18,2024-11-15,EGARCH-Normal,6286,0.6483488298271627,0
2024-11-19,2024-11-18,GARCH-Normal,6287,0.4653763425397247,0
2024-11-19,2024-11-18,GJR-GARCH-Normal,6287,0.5384961668294485,0
2024-11-19,2024-11-18,EGARCH-Normal,6287,0.5902842030361335,0
2024-11-20,2024-11-19,GARCH-Normal,6288,0.4293446533893507,0
2024-11-20,2024-11-19,GJR-GARCH-Normal,6288,0.5049438341895196,0
2024-11-20,2024-11-19,EGARCH-Normal,6288,0.5634243269740324,0
2024-11-21,2024-11-20,GARCH-Normal,6289,0.4000294035418005,0
2024-11-21,2024-11-20,GJR-GARCH-Normal,6289,0.47737695501988814,0
2024-11-21,2024-11-20,EGARCH-Normal,6289,0.5467343800369954,0
2024-11-22,2024-11-21,GARCH-Normal,6290,0.43637622186991526,0
2024-11-22,2024-11-21,GJR-GARCH-Normal,6290,0.44817966930062914,0
2024-11-22,2024-11-21,EGARCH-Normal,6290,0.49803432687065713,0
2024-11-25,2024-11-22,GARCH-Normal,6291,0.6092448086947734,0
2024-11-25,2024-11-22,GJR-GARCH-Normal,6291,0.42256330319010404,0
2024-11-25,2024-11-22,EGARCH-Normal,6291,0.4512299917280789,0
2024-11-26,2024-11-25,GARCH-Normal,6292,0.562947802908346,0
2024-11-26,2024-11-25,GJR-GARCH-Normal,6292,0.39936529177380753,0
2024-11-26,2024-11-25,EGARCH-Normal,6292,0.41463294991251776,0
2024-11-27,2024-11-26,GARCH-Normal,6293,0.5323158923830721,0
2024-11-27,2024-11-26,GJR-GARCH-Normal,6293,0.4059401155068117,0
2024-11-27,2024-11-26,EGARCH-Normal,6293,0.44647699617788733,0
2024-11-28,2024-11-27,GARCH-Normal,6294,0.48746737231598564,0
2024-11-28,2024-11-27,GJR-GARCH-Normal,6294,0.38454128100202606,0
2024-11-28,2024-11-27,EGARCH-Normal,6294,0.41125474770470055,0
2024-11-29,2024-11-28,GARCH-Normal,6295,0.4458513686407196,0
2024-11-29,2024-11-28,GJR-GARCH-Normal,6295,0.36548011059845864,0
2024-11-29,2024-11-28,EGARCH-Normal,6295,0.3800268610077699,0
2024-12-02,2024-11-29,GARCH-Normal,6296,0.4098052843438995,0
2024-12-02,2024-11-29,GJR-GARCH-Normal,6296,0.3485041493641487,0
2024-12-02,2024-11-29,EGARCH-Normal,6296,0.35167310003157076,0
2024-12-03,2024-12-02,GARCH-Normal,6297,0.3871619981288119,0
2024-12-03,2024-12-02,GJR-GARCH-Normal,6297,0.3334213055275215,0
2024-12-03,2024-12-02,EGARCH-Normal,6297,0.32470244694577377,0
2024-12-04,2024-12-03,GARCH-Normal,6298,0.3905426511662886,0
2024-12-04,2024-12-03,GJR-GARCH-Normal,6298,0.32010699055432695,0
2024-12-04,2024-12-03,EGARCH-Normal,6298,0.2991336047455343,0
2024-12-05,2024-12-04,GARCH-Normal,6299,0.3731265995048701,0
2024-12-05,2024-12-04,GJR-GARCH-Normal,6299,0.32165264875979366,0
2024-12-05,2024-12-04,EGARCH-Normal,6299,0.3157533258313888,0
2024-12-06,2024-12-05,GARCH-Normal,6300,0.34854387460333097,0
2024-12-06,2024-12-05,GJR-GARCH-Normal,6300,0.30946692081944627,0
2024-12-06,2024-12-05,EGARCH-Normal,6300,0.29274374819297205,0
2024-12-09,2024-12-06,GARCH-Normal,6301,0.35674139650190556,0
2024-12-09,2024-12-06,GJR-GARCH-Normal,6301,0.3398571516047062,0
2024-12-09,2024-12-06,EGARCH-Normal,6301,0.3406650288010098,0
2024-12-10,2024-12-09,GARCH-Normal,6302,0.36004180089468074,0
2024-12-10,2024-12-09,GJR-GARCH-Normal,6302,0.32576637428786287,0
2024-12-10,2024-12-09,EGARCH-Normal,6302,0.3137555374781179,0
2024-12-11,2024-12-10,GARCH-Normal,6303,0.4274416722575108,0
2024-12-11,2024-12-10,GJR-GARCH-Normal,6303,0.4417723542742947,0
2024-12-11,2024-12-10,EGARCH-Normal,6303,0.4272954085495011,0
2024-12-12,2024-12-11,GARCH-Normal,6304,0.3993334142537243,0
2024-12-12,2024-12-11,GJR-GARCH-Normal,6304,0.4162265974790454,0
2024-12-12,2024-12-11,EGARCH-Normal,6304,0.39346061953843214,0
2024-12-13,2024-12-12,GARCH-Normal,6305,0.3701910764197,0
2024-12-13,2024-12-12,GJR-GARCH-Normal,6305,0.3935203486356051,0
2024-12-13,2024-12-12,EGARCH-Normal,6305,0.36354686104291717,0
2024-12-16,2024-12-13,GARCH-Normal,6306,0.34735817804965535,0
2024-12-16,2024-12-13,GJR-GARCH-Normal,6306,0.37646752567782416,0
2024-12-16,2024-12-13,EGARCH-Normal,6306,0.35586712186739633,0
2024-12-17,2024-12-16,GARCH-Normal,6307,0.352245055849259,0
2024-12-17,2024-12-16,GJR-GARCH-Normal,6307,0.39456739152878034,0
2024-12-17,2024-12-16,EGARCH-Normal,6307,0.3991131444878903,0
2024-12-18,2024-12-17,GARCH-Normal,6308,0.4106282725686255,0
2024-12-18,2024-12-17,GJR-GARCH-Normal,6308,0.4882809780851269,0
2024-12-18,2024-12-17,EGARCH-Normal,6308,0.5078222849998131,0
2024-12-19,2024-12-18,GARCH-Normal,6309,0.37899672873067014,0
2024-12-19,2024-12-18,GJR-GARCH-Normal,6309,0.4574939531288174,0
2024-12-19,2024-12-18,EGARCH-Normal,6309,0.46721567071069925,0
2024-12-20,2024-12-19,GARCH-Normal,6310,0.5124615985703135,0
2024-12-20,2024-12-19,GJR-GARCH-Normal,6310,0.659413705106466,0
2024-12-20,2024-12-19,EGARCH-Normal,6310,0.6545364721216053,0
2024-12-23,2024-12-20,GARCH-Normal,6311,0.47647277125352666,0
2024-12-23,2024-12-20,GJR-GARCH-Normal,6311,0.620341205809392,0
2024-12-23,2024-12-20,EGARCH-Normal,6311,0.647063476110491,0
2024-12-24,2024-12-23,GARCH-Normal,6312,0.44023854528561734,0
2024-12-24,2024-12-23,GJR-GARCH-Normal,6312,0.574842498836338,0
2024-12-24,2024-12-23,EGARCH-Normal,6312,0.5912121895193843,0
2024-12-27,2024-12-24,GARCH-Normal,6313,0.42225961890330427,0
2024-12-27,2024-12-24,GJR-GARCH-Normal,6313,0.5345681301587482,0
2024-12-27,2024-12-24,EGARCH-Normal,6313,0.5399545249085095,0
2024-12-30,2024-12-27,GARCH-Normal,6314,0.3909501926724414,0
2024-12-30,2024-12-27,GJR-GARCH-Normal,6314,0.4987667857838245,0
2024-12-30,2024-12-27,EGARCH-Normal,6314,0.4955147453623439,0
2024-12-31,2024-12-30,GARCH-Normal,6315,0.37902881829529883,0
2024-12-31,2024-12-30,GJR-GARCH-Normal,6315,0.4881265647265147,0
2024-12-31,2024-12-30,EGARCH-Normal,6315,0.5159670206535778,0
2025-01-02,2024-12-31,GARCH-Normal,6316,0.39400407887867905,0
2025-01-02,2024-12-31,GJR-GARCH-Normal,6316,0.45763608215908147,0
2025-01-02,2024-12-31,EGARCH-Normal,6316,0.4712852232314239,0
2025-01-03,2025-01-02,GARCH-Normal,6317,0.4861369447128618,0
2025-01-03,2025-01-02,GJR-GARCH-Normal,6317,0.4307135844547333,0
2025-01-03,2025-01-02,EGARCH-Normal,6317,0.4290624508576528,0
2025-01-06,2025-01-03,GARCH-Normal,6318,0.4696812737774023,0
2025-01-06,2025-01-03,GJR-GARCH-Normal,6318,0.4390969480639629,0
2025-01-06,2025-01-03,EGARCH-Normal,6318,0.46702478182010687,0
2025-01-07,2025-01-06,GARCH-Normal,6319,0.43917873710746197,0
2025-01-07,2025-01-06,GJR-GARCH-Normal,6319,0.41396074244109227,0
2025-01-07,2025-01-06,EGARCH-Normal,6319,0.4290343316514478,0
2025-01-08,2025-01-07,GARCH-Normal,6320,0.4046021857082234,0
2025-01-08,2025-01-07,GJR-GARCH-Normal,6320,0.3919774309701856,0
2025-01-08,2025-01-07,EGARCH-Normal,6320,0.4034217533268902,0
2025-01-09,2025-01-08,GARCH-Normal,6321,0.3740070660806978,0
2025-01-09,2025-01-08,GJR-GARCH-Normal,6321,0.37200233368371205,0
2025-01-09,2025-01-08,EGARCH-Normal,6321,0.37278410052581434,0
2025-01-10,2025-01-09,GARCH-Normal,6322,0.4202324040525111,0
2025-01-10,2025-01-09,GJR-GARCH-Normal,6322,0.3544781154404923,0
2025-01-10,2025-01-09,EGARCH-Normal,6322,0.3415683404918303,0
2025-01-13,2025-01-10,GARCH-Normal,6323,0.4784412580560893,0
2025-01-13,2025-01-10,GJR-GARCH-Normal,6323,0.46568029443432174,0
2025-01-13,2025-01-10,EGARCH-Normal,6323,0.45607846435429356,0
2025-01-14,2025-01-13,GARCH-Normal,6324,0.44996461861961967,0
2025-01-14,2025-01-13,GJR-GARCH-Normal,6324,0.4521570165882588,0
2025-01-14,2025-01-13,EGARCH-Normal,6324,0.4679787792494278,0
2025-01-15,2025-01-14,GARCH-Normal,6325,0.4239629998621113,0
2025-01-15,2025-01-14,GJR-GARCH-Normal,6325,0.43831223295110544,0
2025-01-15,2025-01-14,EGARCH-Normal,6325,0.4760025257332564,0
2025-01-16,2025-01-15,GARCH-Normal,6326,0.5489611885137985,0
2025-01-16,2025-01-15,GJR-GARCH-Normal,6326,0.41370667231401814,0
2025-01-16,2025-01-15,EGARCH-Normal,6326,0.43258133174146746,0
2025-01-17,2025-01-16,GARCH-Normal,6327,0.6267409081951753,0
2025-01-17,2025-01-16,GJR-GARCH-Normal,6327,0.39174846928450596,0
2025-01-17,2025-01-16,EGARCH-Normal,6327,0.39412753329944517,0
2025-01-20,2025-01-17,GARCH-Normal,6328,0.7631674629163812,0
2025-01-20,2025-01-17,GJR-GARCH-Normal,6328,0.3724801063294968,0
2025-01-20,2025-01-17,EGARCH-Normal,6328,0.358777539261659,0
2025-01-21,2025-01-20,GARCH-Normal,6329,0.6862021529650802,0
2025-01-21,2025-01-20,GJR-GARCH-Normal,6329,0.3547422012641735,0
2025-01-21,2025-01-20,EGARCH-Normal,6329,0.3316613209102196,0
2025-01-22,2025-01-21,GARCH-Normal,6330,0.6272676745120247,0
2025-01-22,2025-01-21,GJR-GARCH-Normal,6330,0.3389767432895791,0
2025-01-22,2025-01-21,EGARCH-Normal,6330,0.3064501975860187,0
2025-01-23,2025-01-22,GARCH-Normal,6331,0.5671108490567824,0
2025-01-23,2025-01-22,GJR-GARCH-Normal,6331,0.32508434556903865,0
2025-01-23,2025-01-22,EGARCH-Normal,6331,0.2890101933822271,0
2025-01-24,2025-01-23,GARCH-Normal,6332,0.5192489720603626,0
2025-01-24,2025-01-23,GJR-GARCH-Normal,6332,0.312524994273081,0
2025-01-24,2025-01-23,EGARCH-Normal,6332,0.2680847967243808,0
2025-01-27,2025-01-24,GARCH-Normal,6333,0.5407261151984473,0
2025-01-27,2025-01-24,GJR-GARCH-Normal,6333,0.39462527932125213,0
2025-01-27,2025-01-24,EGARCH-Normal,6333,0.355439598180658,0
2025-01-28,2025-01-27,GARCH-Normal,6334,0.4917933188878219,0
2025-01-28,2025-01-27,GJR-GARCH-Normal,6334,0.37434533636823447,0
2025-01-28,2025-01-27,EGARCH-Normal,6334,0.32956729034488186,0
2025-01-29,2025-01-28,GARCH-Normal,6335,0.4612602851574508,0
2025-01-29,2025-01-28,GJR-GARCH-Normal,6335,0.35635783638799545,0
2025-01-29,2025-01-28,EGARCH-Normal,6335,0.30446840667177005,0
2025-01-30,2025-01-29,GARCH-Normal,6336,0.4299260631816801,0
2025-01-30,2025-01-29,GJR-GARCH-Normal,6336,0.3403277061447061,0
2025-01-30,2025-01-29,EGARCH-Normal,6336,0.28198968784204176,0
2025-01-31,2025-01-30,GARCH-Normal,6337,0.5109419693819053,0
2025-01-31,2025-01-30,GJR-GARCH-Normal,6337,0.3265599888279286,0
2025-01-31,2025-01-30,EGARCH-Normal,6337,0.25872401675416185,0
2025-02-03,2025-01-31,GARCH-Normal,6338,0.4749214665733049,0
2025-02-03,2025-01-31,GJR-GARCH-Normal,6338,0.31384534717689977,0
2025-02-03,2025-01-31,EGARCH-Normal,6338,0.24013895217461292,0
2025-02-04,2025-02-03,GARCH-Normal,6339,0.5683003317361567,0
2025-02-04,2025-02-03,GJR-GARCH-Normal,6339,0.4920842703979461,0
2025-02-04,2025-02-03,EGARCH-Normal,6339,0.3820993860901673,0
2025-02-05,2025-02-04,GARCH-Normal,6340,0.5193929753290265,0
2025-02-05,2025-02-04,GJR-GARCH-Normal,6340,0.46460166720246215,0
2025-02-05,2025-02-04,EGARCH-Normal,6340,0.3746557133775901,0
2025-02-06,2025-02-05,GARCH-Normal,6341,0.5115119253498239,0
2025-02-06,2025-02-05,GJR-GARCH-Normal,6341,0.4367316568713518,0
2025-02-06,2025-02-05,EGARCH-Normal,6341,0.3442608766775806,0
2025-02-07,2025-02-06,GARCH-Normal,6342,0.6219300818654168,0
2025-02-07,2025-02-06,GJR-GARCH-Normal,6342,0.4123998545850601,0
2025-02-07,2025-02-06,EGARCH-Normal,6342,0.31510366288644404,0
2025-02-10,2025-02-07,GARCH-Normal,6343,0.5752605162484599,0
2025-02-10,2025-02-07,GJR-GARCH-Normal,6343,0.40625231624742375,0
2025-02-10,2025-02-07,EGARCH-Normal,6343,0.33464286169190394,0
2025-02-11,2025-02-10,GARCH-Normal,6344,0.5838442263917911,0
2025-02-11,2025-02-10,GJR-GARCH-Normal,6344,0.38495918382345234,0
2025-02-11,2025-02-10,EGARCH-Normal,6344,0.30774292474737125,0
2025-02-12,2025-02-11,GARCH-Normal,6345,0.5297838559521343,0
2025-02-12,2025-02-11,GJR-GARCH-Normal,6345,0.3658004182559055,0
2025-02-12,2025-02-11,EGARCH-Normal,6345,0.2854423770338572,0
2025-02-13,2025-02-12,GARCH-Normal,6346,0.4931767311974977,0
2025-02-13,2025-02-12,GJR-GARCH-Normal,6346,0.3487908623805431,0
2025-02-13,2025-02-12,EGARCH-Normal,6346,0.2643712820089995,0
2025-02-14,2025-02-13,GARCH-Normal,6347,0.4814052853576349,0
2025-02-14,2025-02-13,GJR-GARCH-Normal,6347,0.3740827979993422,0
2025-02-14,2025-02-13,EGARCH-Normal,6347,0.3112353388328617,0
2025-02-17,2025-02-14,GARCH-Normal,6348,0.4588037847301037,0
2025-02-17,2025-02-14,GJR-GARCH-Normal,6348,0.3791813137595525,0
2025-02-17,2025-02-14,EGARCH-Normal,6348,0.34007047211232766,0
2025-02-18,2025-02-17,GARCH-Normal,6349,0.4367286565705139,0
2025-02-18,2025-02-17,GJR-GARCH-Normal,6349,0.36069335489104065,0
2025-02-18,2025-02-17,EGARCH-Normal,6349,0.31375840615995176,0
2025-02-19,2025-02-18,GARCH-Normal,6350,0.40198018230808463,0
2025-02-19,2025-02-18,GJR-GARCH-Normal,6350,0.34419012036464963,0
2025-02-19,2025-02-18,EGARCH-Normal,6350,0.292799396357233,0
2025-02-20,2025-02-19,GARCH-Normal,6351,0.42033720084797416,0
2025-02-20,2025-02-19,GJR-GARCH-Normal,6351,0.395505287174104,0
2025-02-20,2025-02-19,EGARCH-Normal,6351,0.3616835711918349,0
2025-02-21,2025-02-20,GARCH-Normal,6352,0.42895063037136566,0
2025-02-21,2025-02-20,GJR-GARCH-Normal,6352,0.43072767839368165,0
2025-02-21,2025-02-20,EGARCH-Normal,6352,0.4234020495521677,0
2025-02-24,2025-02-21,GARCH-Normal,6353,0.39559115555598623,0
2025-02-24,2025-02-21,GJR-GARCH-Normal,6353,0.406657445941363,0
2025-02-24,2025-02-21,EGARCH-Normal,6353,0.39655720285732005,0
2025-02-25,2025-02-24,GARCH-Normal,6354,0.3661934885291879,0
2025-02-25,2025-02-24,GJR-GARCH-Normal,6354,0.3850237051320136,0
2025-02-25,2025-02-24,EGARCH-Normal,6354,0.3670134276266422,0
2025-02-26,2025-02-25,GARCH-Normal,6355,0.34124881282349334,0
2025-02-26,2025-02-25,GJR-GARCH-Normal,6355,0.36579188319407396,0
2025-02-26,2025-02-25,EGARCH-Normal,6355,0.3396608093519282,0
2025-02-27,2025-02-26,GARCH-Normal,6356,0.3733129379301889,0
2025-02-27,2025-02-26,GJR-GARCH-Normal,6356,0.3489080330964859,0
2025-02-27,2025-02-26,EGARCH-Normal,6356,0.31207242508503724,0
2025-02-28,2025-02-27,GARCH-Normal,6357,0.3538202877509376,0
2025-02-28,2025-02-27,GJR-GARCH-Normal,6357,0.33368255940481895,0
2025-02-28,2025-02-27,EGARCH-Normal,6357,0.2889521543644528,0
2025-03-03,2025-02-28,GARCH-Normal,6358,0.3677803044583254,0
2025-03-03,2025-02-28,GJR-GARCH-Normal,6358,0.32026970982424124,0
2025-03-03,2025-02-28,EGARCH-Normal,6358,0.2665801398568277,0
2025-03-04,2025-03-03,GARCH-Normal,6359,0.39226442743176265,0
2025-03-04,2025-03-03,GJR-GARCH-Normal,6359,0.30840860597419684,0
2025-03-04,2025-03-03,EGARCH-Normal,6359,0.2459762126420628,0
2025-03-05,2025-03-04,GARCH-Normal,6360,0.5587085683398412,0
2025-03-05,2025-03-04,GJR-GARCH-Normal,6360,0.5774714858539991,0
2025-03-05,2025-03-04,EGARCH-Normal,6360,0.4352004443576802,0
2025-03-06,2025-03-05,GARCH-Normal,6361,0.5076676170575162,0
2025-03-06,2025-03-05,GJR-GARCH-Normal,6361,0.5369806515627306,0
2025-03-06,2025-03-05,EGARCH-Normal,6361,0.40641025806365083,0
2025-03-07,2025-03-06,GARCH-Normal,6362,0.5495306759726476,0
2025-03-07,2025-03-06,GJR-GARCH-Normal,6362,0.62119397329417,0
2025-03-07,2025-03-06,EGARCH-Normal,6362,0.5199182895775276,0
2025-03-10,2025-03-07,GARCH-Normal,6363,0.49976005462861117,0
2025-03-10,2025-03-07,GJR-GARCH-Normal,6363,0.5758827296457838,0
2025-03-10,2025-03-07,EGARCH-Normal,6363,0.4828058149255033,0
2025-03-11,2025-03-10,GARCH-Normal,6364,0.5603279720646167,0
2025-03-11,2025-03-10,GJR-GARCH-Normal,6364,0.6814743522463349,0
2025-03-11,2025-03-10,EGARCH-Normal,6364,0.6176411131290245,0
2025-03-12,2025-03-11,GARCH-Normal,6365,0.6877303026472741,0
2025-03-12,2025-03-11,GJR-GARCH-Normal,6365,0.8851883943020968,0
2025-03-12,2025-03-11,EGARCH-Normal,6365,0.831929128414502,0
2025-03-13,2025-03-12,GARCH-Normal,6366,0.6469722076354154,0
2025-03-13,2025-03-12,GJR-GARCH-Normal,6366,0.8104131980725718,0
2025-03-13,2025-03-12,EGARCH-Normal,6366,0.7542453172295824,0
2025-03-14,2025-03-13,GARCH-Normal,6367,0.5836364393723715,0
2025-03-14,2025-03-13,GJR-GARCH-Normal,6367,0.7439754443597704,0
2025-03-14,2025-03-13,EGARCH-Normal,6367,0.6883761946292595,0
2025-03-17,2025-03-14,GARCH-Normal,6368,0.6459964147037595,0
2025-03-17,2025-03-14,GJR-GARCH-Normal,6368,0.6855406518281582,0
2025-03-17,2025-03-14,EGARCH-Normal,6368,0.6236782873737173,0
2025-03-18,2025-03-17,GARCH-Normal,6369,0.6139902382113145,0
2025-03-18,2025-03-17,GJR-GARCH-Normal,6369,0.6332851866655298,0
2025-03-18,2025-03-17,EGARCH-Normal,6369,0.5684986015196641,0
2025-03-19,2025-03-18,GARCH-Normal,6370,0.5625675726021082,0
2025-03-19,2025-03-18,GJR-GARCH-Normal,6370,0.586801504162785,0
2025-03-19,2025-03-18,EGARCH-Normal,6370,0.5205506025891444,0
2025-03-20,2025-03-19,GARCH-Normal,6371,0.5107577847720154,0
2025-03-20,2025-03-19,GJR-GARCH-Normal,6371,0.5454739564179999,0
2025-03-20,2025-03-19,EGARCH-Normal,6371,0.47901959318680487,0
2025-03-21,2025-03-20,GARCH-Normal,6372,0.4667209408549305,0
2025-03-21,2025-03-20,GJR-GARCH-Normal,6372,0.5091593739731999,0
2025-03-21,2025-03-20,EGARCH-Normal,6372,0.44937541410553744,0
2025-03-24,2025-03-21,GARCH-Normal,6373,0.47866987146230483,0
2025-03-24,2025-03-21,GJR-GARCH-Normal,6373,0.545337135665891,0
2025-03-24,2025-03-21,EGARCH-Normal,6373,0.5237974671710715,0
2025-03-25,2025-03-24,GARCH-Normal,6374,0.44010582916375535,0
2025-03-25,2025-03-24,GJR-GARCH-Normal,6374,0.5102514248409017,0
2025-03-25,2025-03-24,EGARCH-Normal,6374,0.4981464891634991,0
2025-03-26,2025-03-25,GARCH-Normal,6375,0.41269863232828324,0
2025-03-26,2025-03-25,GJR-GARCH-Normal,6375,0.4774001604922034,0
2025-03-26,2025-03-25,EGARCH-Normal,6375,0.45734184244104353,0
2025-03-27,2025-03-26,GARCH-Normal,6376,0.3888656714109964,0
2025-03-27,2025-03-26,GJR-GARCH-Normal,6376,0.448157214061511,0
2025-03-27,2025-03-26,EGARCH-Normal,6376,0.42055905091071166,0
2025-03-28,2025-03-27,GARCH-Normal,6377,0.37065763822712783,0
2025-03-28,2025-03-27,GJR-GARCH-Normal,6377,0.4343862668756235,0
2025-03-28,2025-03-27,EGARCH-Normal,6377,0.43015163771551723,0
2025-03-31,2025-03-28,GARCH-Normal,6378,0.34586824363997487,0
2025-03-31,2025-03-28,GJR-GARCH-Normal,6378,0.4109142160747192,0
2025-03-31,2025-03-28,EGARCH-Normal,6378,0.40918183236294214,0
2025-04-01,2025-03-31,GARCH-Normal,6379,0.4185641136069514,0
2025-04-01,2025-03-31,GJR-GARCH-Normal,6379,0.522032168385916,0
2025-04-01,2025-03-31,EGARCH-Normal,6379,0.5315356122362289,0
2025-04-02,2025-04-01,GARCH-Normal,6380,0.423283248654427,0
2025-04-02,2025-04-01,GJR-GARCH-Normal,6380,0.4879097862448837,0
2025-04-02,2025-04-01,EGARCH-Normal,6380,0.485757754570601,0
2025-04-03,2025-04-02,GARCH-Normal,6381,0.40295354641831227,0
2025-04-03,2025-04-02,GJR-GARCH-Normal,6381,0.47308000346771045,0
2025-04-03,2025-04-02,EGARCH-Normal,6381,0.49785936174959344,0
2025-04-04,2025-04-03,GARCH-Normal,6382,0.6638820268112879,0
2025-04-04,2025-04-03,GJR-GARCH-Normal,6382,0.8649921871374757,0
2025-04-04,2025-04-03,EGARCH-Normal,6382,0.7939276462667367,0
2025-04-07,2025-04-04,GARCH-Normal,6383,3.7622907458242563,0
2025-04-07,2025-04-04,GJR-GARCH-Normal,6383,5.443043513075933,0
2025-04-07,2025-04-04,EGARCH-Normal,6383,3.089892809717592,0
2025-04-08,2025-04-07,GARCH-Normal,6384,5.777315298114573,0
2025-04-08,2025-04-07,GJR-GARCH-Normal,6384,8.50492617752471,0
2025-04-08,2025-04-07,EGARCH-Normal,6384,5.3173484827055875,0
2025-04-09,2025-04-08,GARCH-Normal,6385,5.8277989061491065,0
2025-04-09,2025-04-08,GJR-GARCH-Normal,6385,7.547315344561946,0
2025-04-09,2025-04-08,EGARCH-Normal,6385,4.598053835452027,0
2025-04-10,2025-04-09,GARCH-Normal,6386,6.121788629527573,0
2025-04-10,2025-04-09,GJR-GARCH-Normal,6386,8.291679344668497,0
2025-04-10,2025-04-09,EGARCH-Normal,6386,5.7535134635014495,0
2025-04-11,2025-04-10,GARCH-Normal,6387,6.350468465560008,0
2025-04-11,2025-04-10,GJR-GARCH-Normal,6387,7.362146474508607,0
2025-04-11,2025-04-10,EGARCH-Normal,6387,4.962964599083553,0
2025-04-14,2025-04-11,GARCH-Normal,6388,5.503795005356419,0
2025-04-14,2025-04-11,GJR-GARCH-Normal,6388,6.531699369252812,0
2025-04-14,2025-04-11,EGARCH-Normal,6388,4.315372528445193,0
2025-04-15,2025-04-14,GARCH-Normal,6389,5.268842195665234,0
2025-04-15,2025-04-14,GJR-GARCH-Normal,6389,5.803140768260772,0
2025-04-15,2025-04-14,EGARCH-Normal,6389,3.7487801762115645,0
2025-04-16,2025-04-15,GARCH-Normal,6390,4.7663429865628215,0
2025-04-16,2025-04-15,GJR-GARCH-Normal,6390,5.158079670244535,0
2025-04-16,2025-04-15,EGARCH-Normal,6390,3.2724963913479375,0
2025-04-17,2025-04-16,GARCH-Normal,6391,4.117478812289815,0
2025-04-17,2025-04-16,GJR-GARCH-Normal,6391,4.58745335558536,0
2025-04-17,2025-04-16,EGARCH-Normal,6391,2.877602768421868,0
2025-04-22,2025-04-17,GARCH-Normal,6392,3.552256010270382,0
2025-04-22,2025-04-17,GJR-GARCH-Normal,6392,4.08309357565654,0
2025-04-22,2025-04-17,EGARCH-Normal,6392,2.542617447452749,0
2025-04-23,2025-04-22,GARCH-Normal,6393,3.1124299149710764,0
2025-04-23,2025-04-22,GJR-GARCH-Normal,6393,3.637043126768872,0
2025-04-23,2025-04-22,EGARCH-Normal,6393,2.245814534980908,0
2025-04-24,2025-04-23,GARCH-Normal,6394,2.7808042708603584,0
2025-04-24,2025-04-23,GJR-GARCH-Normal,6394,3.242307794812836,0
2025-04-24,2025-04-23,EGARCH-Normal,6394,1.9860325368749054,0
2025-04-25,2025-04-24,GARCH-Normal,6395,2.405651178584757,0
2025-04-25,2025-04-24,GJR-GARCH-Normal,6395,2.8922058932501487,0
2025-04-25,2025-04-24,EGARCH-Normal,6395,1.7696690999003168,0
2025-04-28,2025-04-25,GARCH-Normal,6396,2.0836962930955467,0
2025-04-28,2025-04-25,GJR-GARCH-Normal,6396,2.5817971115996463,0
2025-04-28,2025-04-25,EGARCH-Normal,6396,1.5804463543533265,0
2025-04-29,2025-04-28,GARCH-Normal,6397,1.806449400689693,0
2025-04-29,2025-04-28,GJR-GARCH-Normal,6397,2.3064451159134536,0
2025-04-29,2025-04-28,EGARCH-Normal,6397,1.415509187304189,0
2025-04-30,2025-04-29,GARCH-Normal,6398,1.601078193185393,0
2025-04-30,2025-04-29,GJR-GARCH-Normal,6398,2.0625457071057656,0
2025-04-30,2025-04-29,EGARCH-Normal,6398,1.2657260557470211,0
2025-05-01,2025-04-30,GARCH-Normal,6399,1.4058792686524573,0
2025-05-01,2025-04-30,GJR-GARCH-Normal,6399,1.845960985617679,0
2025-05-01,2025-04-30,EGARCH-Normal,6399,1.1356255632761763,0
2025-05-02,2025-05-01,GARCH-Normal,6400,1.2239473849410674,0
2025-05-02,2025-05-01,GJR-GARCH-Normal,6400,1.6535357697326298,0
2025-05-02,2025-05-01,EGARCH-Normal,6400,1.0237872056827368,0
2025-05-06,2025-05-02,GARCH-Normal,6401,1.2311139713338177,0
2025-05-06,2025-05-02,GJR-GARCH-Normal,6401,1.4862491028489135,0
2025-05-06,2025-05-02,EGARCH-Normal,6401,0.9171091701691786,0
2025-05-07,2025-05-06,GARCH-Normal,6402,1.0752304163194608,0
2025-05-07,2025-05-06,GJR-GARCH-Normal,6402,1.3346823027509676,0
2025-05-07,2025-05-06,EGARCH-Normal,6402,0.8304479173444088,0
2025-05-08,2025-05-07,GARCH-Normal,6403,0.9705191912907706,0
2025-05-08,2025-05-07,GJR-GARCH-Normal,6403,1.236212761650874,0
2025-05-08,2025-05-07,EGARCH-Normal,6403,0.8530963797696574,0
2025-05-09,2025-05-08,GARCH-Normal,6404,0.8683596715312106,0
2025-05-09,2025-05-08,GJR-GARCH-Normal,6404,1.1322935005270771,0
2025-05-09,2025-05-08,EGARCH-Normal,6404,0.8454898256465098,0
2025-05-12,2025-05-09,GARCH-Normal,6405,0.7719085266475066,0
2025-05-12,2025-05-09,GJR-GARCH-Normal,6405,1.0216004726961199,0
2025-05-12,2025-05-09,EGARCH-Normal,6405,0.7648123841536383,0
2025-05-13,2025-05-12,GARCH-Normal,6406,0.7215185383331993,0
2025-05-13,2025-05-12,GJR-GARCH-Normal,6406,0.9247617436778965,0
2025-05-13,2025-05-12,EGARCH-Normal,6406,0.6913715861270843,0
2025-05-14,2025-05-13,GARCH-Normal,6407,0.6400295892920391,0
2025-05-14,2025-05-13,GJR-GARCH-Normal,6407,0.8379714201689927,0
2025-05-14,2025-05-13,EGARCH-Normal,6407,0.6328006887661747,0
2025-05-15,2025-05-14,GARCH-Normal,6408,0.5776906935930003,0
2025-05-15,2025-05-14,GJR-GARCH-Normal,6408,0.7690968634816083,0
2025-05-15,2025-05-14,EGARCH-Normal,6408,0.6161610827364921,0
2025-05-16,2025-05-15,GARCH-Normal,6409,0.5540404630921542,0
2025-05-16,2025-05-15,GJR-GARCH-Normal,6409,0.7020403137891937,0
2025-05-16,2025-05-15,EGARCH-Normal,6409,0.5593962102280386,0
2025-05-19,2025-05-16,GARCH-Normal,6410,0.5369465845995844,0
2025-05-19,2025-05-16,GJR-GARCH-Normal,6410,0.643182365300916,0
2025-05-19,2025-05-16,EGARCH-Normal,6410,0.5087299469803336,0
2025-05-20,2025-05-19,GARCH-Normal,6411,0.4855141390931554,0
2025-05-20,2025-05-19,GJR-GARCH-Normal,6411,0.5899462458186145,0
2025-05-20,2025-05-19,EGARCH-Normal,6411,0.46496971518194014,0
2025-05-21,2025-05-20,GARCH-Normal,6412,0.5444562684257019,0
2025-05-21,2025-05-20,GJR-GARCH-Normal,6412,0.5472826347013657,0
2025-05-21,2025-05-20,EGARCH-Normal,6412,0.42400492427127634,0
2025-05-22,2025-05-21,GARCH-Normal,6413,0.4904020143035757,0
2025-05-22,2025-05-21,GJR-GARCH-Normal,6413,0.5057506983998965,0
2025-05-22,2025-05-21,EGARCH-Normal,6413,0.3894700077465874,0
2025-05-23,2025-05-22,GARCH-Normal,6414,0.48634877496296897,0
2025-05-23,2025-05-22,GJR-GARCH-Normal,6414,0.5239866769540319,0
2025-05-23,2025-05-22,EGARCH-Normal,6414,0.4486614141497436,0
2025-05-27,2025-05-23,GARCH-Normal,6415,0.45088465463467986,0
2025-05-27,2025-05-23,GJR-GARCH-Normal,6415,0.4970227573509426,0
2025-05-27,2025-05-23,EGARCH-Normal,6415,0.45214946789560106,0
2025-05-28,2025-05-27,GARCH-Normal,6416,0.4652992958434075,0
2025-05-28,2025-05-27,GJR-GARCH-Normal,6416,0.4637933967856466,0
2025-05-28,2025-05-27,EGARCH-Normal,6416,0.41278109446929306,0
2025-05-29,2025-05-28,GARCH-Normal,6417,0.4738045186424015,0
2025-05-29,2025-05-28,GJR-GARCH-Normal,6417,0.49975866366342225,0
2025-05-29,2025-05-28,EGARCH-Normal,6417,0.4831009753262894,0
2025-05-30,2025-05-29,GARCH-Normal,6418,0.4331606009463828,0
2025-05-30,2025-05-29,GJR-GARCH-Normal,6418,0.4675692005254582,0
2025-05-30,2025-05-29,EGARCH-Normal,6418,0.4606771376822115,0
2025-06-02,2025-05-30,GARCH-Normal,6419,0.44262959717023764,0
2025-06-02,2025-05-30,GJR-GARCH-Normal,6419,0.43780768763391265,0
2025-06-02,2025-05-30,EGARCH-Normal,6419,0.4205620397885637,0
2025-06-03,2025-06-02,GARCH-Normal,6420,0.4040556885267489,0
2025-06-03,2025-06-02,GJR-GARCH-Normal,6420,0.41101062182805315,0
2025-06-03,2025-06-02,EGARCH-Normal,6420,0.3868702852855442,0
2025-06-04,2025-06-03,GARCH-Normal,6421,0.37272252395405386,0
2025-06-04,2025-06-03,GJR-GARCH-Normal,6421,0.3874758385022504,0
2025-06-04,2025-06-03,EGARCH-Normal,6421,0.3559352343918622,0
2025-06-05,2025-06-04,GARCH-Normal,6422,0.3465730105229133,0
2025-06-05,2025-06-04,GJR-GARCH-Normal,6422,0.3667955340463722,0
2025-06-05,2025-06-04,EGARCH-Normal,6422,0.32790555529795706,0
2025-06-06,2025-06-05,GARCH-Normal,6423,0.32292151470119795,0
2025-06-06,2025-06-05,GJR-GARCH-Normal,6423,0.34860239954772865,0
2025-06-06,2025-06-05,EGARCH-Normal,6423,0.302664799630848,0
2025-06-09,2025-06-06,GARCH-Normal,6424,0.31141620910867474,0
2025-06-09,2025-06-06,GJR-GARCH-Normal,6424,0.33272843242946326,0
2025-06-09,2025-06-06,EGARCH-Normal,6424,0.2793132394312092,0
2025-06-10,2025-06-09,GARCH-Normal,6425,0.2934723159762555,0
2025-06-10,2025-06-09,GJR-GARCH-Normal,6425,0.31935379646487294,0
2025-06-10,2025-06-09,EGARCH-Normal,6425,0.266443940625889,0
2025-06-11,2025-06-10,GARCH-Normal,6426,0.2821127367786602,0
2025-06-11,2025-06-10,GJR-GARCH-Normal,6426,0.30698484601723425,0
2025-06-11,2025-06-10,EGARCH-Normal,6426,0.24659488362592766,0
2025-06-12,2025-06-11,GARCH-Normal,6427,0.2683464161488291,0
2025-06-12,2025-06-11,GJR-GARCH-Normal,6427,0.2960695211275862,0
2025-06-12,2025-06-11,EGARCH-Normal,6427,0.22875583013687223,0
2025-06-13,2025-06-12,GARCH-Normal,6428,0.26045642399187524,0
2025-06-13,2025-06-12,GJR-GARCH-Normal,6428,0.28651294154758383,0
2025-06-13,2025-06-12,EGARCH-Normal,6428,0.2123617650882834,0
2025-06-16,2025-06-13,GARCH-Normal,6429,0.2717986209420302,0
2025-06-16,2025-06-13,GJR-GARCH-Normal,6429,0.30622077744606185,0
2025-06-16,2025-06-13,EGARCH-Normal,6429,0.24665136626473522,0
2025-06-17,2025-06-16,GARCH-Normal,6430,0.26602262520660747,0
2025-06-17,2025-06-16,GJR-GARCH-Normal,6430,0.2955095592407466,0
2025-06-17,2025-06-16,EGARCH-Normal,6430,0.2286206581485756,0
2025-06-18,2025-06-17,GARCH-Normal,6431,0.28583033102703914,0
2025-06-18,2025-06-17,GJR-GARCH-Normal,6431,0.3268274759760172,0
2025-06-18,2025-06-17,EGARCH-Normal,6431,0.2748493092855521,0
2025-06-19,2025-06-18,GARCH-Normal,6432,0.27097875726189985,0
2025-06-19,2025-06-18,GJR-GARCH-Normal,6432,0.31359736480129136,0
2025-06-19,2025-06-18,EGARCH-Normal,6432,0.254573038602521,0
2025-06-20,2025-06-19,GARCH-Normal,6433,0.3074866798886751,0
2025-06-20,2025-06-19,GJR-GARCH-Normal,6433,0.3668239209262258,0
2025-06-20,2025-06-19,EGARCH-Normal,6433,0.32120899705518813,0
2025-06-23,2025-06-20,GARCH-Normal,6434,0.2954213942181804,0
2025-06-23,2025-06-20,GJR-GARCH-Normal,6434,0.3556995336611388,0
2025-06-23,2025-06-20,EGARCH-Normal,6434,0.324273317348973,0
2025-06-24,2025-06-23,GARCH-Normal,6435,0.2848829997171155,0
2025-06-24,2025-06-23,GJR-GARCH-Normal,6435,0.34560447213567586,0
2025-06-24,2025-06-23,EGARCH-Normal,6435,0.3264746750916114,0
2025-06-25,2025-06-24,GARCH-Normal,6436,0.2694383128488384,0
2025-06-25,2025-06-24,GJR-GARCH-Normal,6436,0.3300530147975106,0
2025-06-25,2025-06-24,EGARCH-Normal,6436,0.30145401430923613,0
2025-06-26,2025-06-25,GARCH-Normal,6437,0.28775063949597895,0
2025-06-26,2025-06-25,GJR-GARCH-Normal,6437,0.3561070219816033,0
2025-06-26,2025-06-25,EGARCH-Normal,6437,0.3474761116692947,0
2025-06-27,2025-06-26,GARCH-Normal,6438,0.2750111934166319,0
2025-06-27,2025-06-26,GJR-GARCH-Normal,6438,0.3392717084586818,0
2025-06-27,2025-06-26,EGARCH-Normal,6438,0.3199281730319794,0
2025-06-30,2025-06-27,GARCH-Normal,6439,0.32215447882295856,0
2025-06-30,2025-06-27,GJR-GARCH-Normal,6439,0.3247165506245754,0
2025-06-30,2025-06-27,EGARCH-Normal,6439,0.29432732972906545,0
2025-07-01,2025-06-30,GARCH-Normal,6440,0.32898064695029966,0
2025-07-01,2025-06-30,GJR-GARCH-Normal,6440,0.3466285409481986,0
2025-07-01,2025-06-30,EGARCH-Normal,6440,0.33567585788231846,0
2025-07-02,2025-07-01,GARCH-Normal,6441,0.3143869572957642,0
2025-07-02,2025-07-01,GJR-GARCH-Normal,6441,0.33093870521702845,0
2025-07-02,2025-07-01,EGARCH-Normal,6441,0.3092012879065854,0
2025-07-03,2025-07-02,GARCH-Normal,6442,0.2974426359701046,0
2025-07-03,2025-07-02,GJR-GARCH-Normal,6442,0.3197070564672785,0
2025-07-03,2025-07-02,EGARCH-Normal,6442,0.30195860394729107,0
2025-07-04,2025-07-03,GARCH-Normal,6443,0.31443568224137436,0
2025-07-04,2025-07-03,GJR-GARCH-Normal,6443,0.3073822023521185,0
2025-07-04,2025-07-03,EGARCH-Normal,6443,0.27835886618331374,0
2025-07-07,2025-07-04,GARCH-Normal,6444,0.29454092544478366,0
2025-07-07,2025-07-04,GJR-GARCH-Normal,6444,0.2963490982622937,0
2025-07-07,2025-07-04,EGARCH-Normal,6444,0.25792613718493573,0
2025-07-08,2025-07-07,GARCH-Normal,6445,0.2836732426532485,0
2025-07-08,2025-07-07,GJR-GARCH-Normal,6445,0.29299122899372587,0
2025-07-08,2025-07-07,EGARCH-Normal,6445,0.2630302025775026,0
2025-07-09,2025-07-08,GARCH-Normal,6446,0.3011807504469403,0
2025-07-09,2025-07-08,GJR-GARCH-Normal,6446,0.2838576878335034,0
2025-07-09,2025-07-08,EGARCH-Normal,6446,0.24324212806498527,0
2025-07-10,2025-07-09,GARCH-Normal,6447,0.2845702909315179,0
2025-07-10,2025-07-09,GJR-GARCH-Normal,6447,0.27560952065385086,0
2025-07-10,2025-07-09,EGARCH-Normal,6447,0.22577152271014905,0
2025-07-11,2025-07-10,GARCH-Normal,6448,0.44983504425581833,0
2025-07-11,2025-07-10,GJR-GARCH-Normal,6448,0.2696280471079902,0
2025-07-11,2025-07-10,EGARCH-Normal,6448,0.20922640664178221,0
2025-07-14,2025-07-11,GARCH-Normal,6449,0.43215863540966826,0
2025-07-14,2025-07-11,GJR-GARCH-Normal,6449,0.2912513904849248,0
2025-07-14,2025-07-11,EGARCH-Normal,6449,0.24353847512532065,0
2025-07-15,2025-07-14,GARCH-Normal,6450,0.44078682339201997,0
2025-07-15,2025-07-14,GJR-GARCH-Normal,6450,0.28249995689754737,0
2025-07-15,2025-07-14,EGARCH-Normal,6450,0.22540973740008888,0
2025-07-16,2025-07-15,GARCH-Normal,6451,0.4650533942350854,0
2025-07-16,2025-07-15,GJR-GARCH-Normal,6451,0.35864619912095375,0
2025-07-16,2025-07-15,EGARCH-Normal,6451,0.3040521154074594,0
2025-07-17,2025-07-16,GARCH-Normal,6452,0.42588161119657064,0
2025-07-17,2025-07-16,GJR-GARCH-Normal,6452,0.34452423189097797,0
2025-07-17,2025-07-16,EGARCH-Normal,6452,0.29883772974271594,0
2025-07-18,2025-07-17,GARCH-Normal,6453,0.4186205829373868,0
2025-07-18,2025-07-17,GJR-GARCH-Normal,6453,0.32917179431612875,0
2025-07-18,2025-07-17,EGARCH-Normal,6453,0.2756082549028746,0
2025-07-21,2025-07-18,GARCH-Normal,6454,0.38724606431867065,0
2025-07-21,2025-07-18,GJR-GARCH-Normal,6454,0.31553503199076904,0
2025-07-21,2025-07-18,EGARCH-Normal,6454,0.2551495624042786,0
2025-07-22,2025-07-21,GARCH-Normal,6455,0.36131493293099176,0
2025-07-22,2025-07-21,GJR-GARCH-Normal,6455,0.3035350292038035,0
2025-07-22,2025-07-21,EGARCH-Normal,6455,0.23657155504098615,0
2025-07-23,2025-07-22,GARCH-Normal,6456,0.3351893353371808,0
2025-07-23,2025-07-22,GJR-GARCH-Normal,6456,0.29293548669600894,0
2025-07-23,2025-07-22,EGARCH-Normal,6456,0.2199054436339383,0
2025-07-24,2025-07-23,GARCH-Normal,6457,0.3307272538078186,0
2025-07-24,2025-07-23,GJR-GARCH-Normal,6457,0.28370450540233166,0
2025-07-24,2025-07-23,EGARCH-Normal,6457,0.20422506192951742,0
2025-07-25,2025-07-24,GARCH-Normal,6458,0.3923763969128055,0
2025-07-25,2025-07-24,GJR-GARCH-Normal,6458,0.2760339604804363,0
2025-07-25,2025-07-24,EGARCH-Normal,6458,0.1895884218779879,0
2025-07-28,2025-07-25,GARCH-Normal,6459,0.3676401783864512,0
2025-07-28,2025-07-25,GJR-GARCH-Normal,6459,0.2760554831917586,0
2025-07-28,2025-07-25,EGARCH-Normal,6459,0.19941325996670275,0
2025-07-29,2025-07-28,GARCH-Normal,6460,0.36706895115943206,0
2025-07-29,2025-07-28,GJR-GARCH-Normal,6460,0.3031656030794247,0
2025-07-29,2025-07-28,EGARCH-Normal,6460,0.2394149315116364,0
2025-07-30,2025-07-29,GARCH-Normal,6461,0.3803862024285669,0
2025-07-30,2025-07-29,GJR-GARCH-Normal,6461,0.29283455725598573,0
2025-07-30,2025-07-29,EGARCH-Normal,6461,0.22173384559432002,0
2025-07-31,2025-07-30,GARCH-Normal,6462,0.35053565477540755,0
2025-07-31,2025-07-30,GJR-GARCH-Normal,6462,0.28346486762023415,0
2025-07-31,2025-07-30,EGARCH-Normal,6462,0.20655906895411427,0
2025-08-01,2025-07-31,GARCH-Normal,6463,0.3258616585816075,0
2025-08-01,2025-07-31,GJR-GARCH-Normal,6463,0.27554151279309647,0
2025-08-01,2025-07-31,EGARCH-Normal,6463,0.19733254865021685,0
2025-08-04,2025-08-01,GARCH-Normal,6464,0.374390701272126,0
2025-08-04,2025-08-01,GJR-GARCH-Normal,6464,0.3624168179093082,0
2025-08-04,2025-08-01,EGARCH-Normal,6464,0.2802869480553546,0
2025-08-05,2025-08-04,GARCH-Normal,6465,0.3947289504802948,0
2025-08-05,2025-08-04,GJR-GARCH-Normal,6465,0.3448730381397942,0
2025-08-05,2025-08-04,EGARCH-Normal,6465,0.25861573551336614,0
2025-08-06,2025-08-05,GARCH-Normal,6466,0.36451562245132785,0
2025-08-06,2025-08-05,GJR-GARCH-Normal,6466,0.32918674336291986,0
2025-08-06,2025-08-05,EGARCH-Normal,6466,0.23978481758823905,0
2025-08-07,2025-08-06,GARCH-Normal,6467,0.34205648078049455,0
2025-08-07,2025-08-06,GJR-GARCH-Normal,6467,0.315409281188095,0
2025-08-07,2025-08-06,EGARCH-Normal,6467,0.22255597107835542,0
2025-08-08,2025-08-07,GARCH-Normal,6468,0.38616212610625056,0
2025-08-08,2025-08-07,GJR-GARCH-Normal,6468,0.3946134948755564,0
2025-08-08,2025-08-07,EGARCH-Normal,6468,0.3058632005865768,0
2025-08-11,2025-08-08,GARCH-Normal,6469,0.3563661996819772,0
2025-08-11,2025-08-08,GJR-GARCH-Normal,6469,0.3733991153875976,0
2025-08-11,2025-08-08,EGARCH-Normal,6469,0.2899255776885274,0
2025-08-12,2025-08-11,GARCH-Normal,6470,0.3445802152911774,0
2025-08-12,2025-08-11,GJR-GARCH-Normal,6470,0.35430872084833875,0
2025-08-12,2025-08-11,EGARCH-Normal,6470,0.2677398934350807,0
2025-08-13,2025-08-12,GARCH-Normal,6471,0.32330494366063656,0
2025-08-13,2025-08-12,GJR-GARCH-Normal,6471,0.33747069575386673,0
2025-08-13,2025-08-12,EGARCH-Normal,6471,0.24800803574846908,0
2025-08-14,2025-08-13,GARCH-Normal,6472,0.30484147405673245,0
2025-08-14,2025-08-13,GJR-GARCH-Normal,6472,0.3226535933913522,0
2025-08-14,2025-08-13,EGARCH-Normal,6472,0.23013035655791408,0
2025-08-15,2025-08-14,GARCH-Normal,6473,0.2871866672947081,0
2025-08-15,2025-08-14,GJR-GARCH-Normal,6473,0.3095942531320892,0
2025-08-15,2025-08-14,EGARCH-Normal,6473,0.21400076953878935,0
2025-08-18,2025-08-15,GARCH-Normal,6474,0.2973496368219539,0
2025-08-18,2025-08-15,GJR-GARCH-Normal,6474,0.3309214034058161,0
2025-08-18,2025-08-15,EGARCH-Normal,6474,0.2528401187943885,0
2025-08-19,2025-08-18,GARCH-Normal,6475,0.28330590621008306,0
2025-08-19,2025-08-18,GJR-GARCH-Normal,6475,0.31684972006152035,0
2025-08-19,2025-08-18,EGARCH-Normal,6475,0.23447156903564342,0
2025-08-20,2025-08-19,GARCH-Normal,6476,0.27977222664097834,0
2025-08-20,2025-08-19,GJR-GARCH-Normal,6476,0.30449990716866615,0
2025-08-20,2025-08-19,EGARCH-Normal,6476,0.2175134600227708,0
2025-08-21,2025-08-20,GARCH-Normal,6477,0.4021198495252417,0
2025-08-21,2025-08-20,GJR-GARCH-Normal,6477,0.2943416074553126,0
2025-08-21,2025-08-20,EGARCH-Normal,6477,0.2013736909222412,0
2025-08-22,2025-08-21,GARCH-Normal,6478,0.3733869709050416,0
2025-08-22,2025-08-21,GJR-GARCH-Normal,6478,0.2846955275068482,0
2025-08-22,2025-08-21,EGARCH-Normal,6478,0.18757845567425852,0
2025-08-26,2025-08-22,GARCH-Normal,6479,0.34545923295458747,0
2025-08-26,2025-08-22,GJR-GARCH-Normal,6479,0.2761539882682478,0
2025-08-26,2025-08-22,EGARCH-Normal,6479,0.17514383363742053,0
2025-08-27,2025-08-26,GARCH-Normal,6480,0.3719979383670586,0
2025-08-27,2025-08-26,GJR-GARCH-Normal,6480,0.3361733511706219,0
2025-08-27,2025-08-26,EGARCH-Normal,6480,0.23910462428037252,0
2025-08-28,2025-08-27,GARCH-Normal,6481,0.34589067265585705,0
2025-08-28,2025-08-27,GJR-GARCH-Normal,6481,0.3236735161702748,0
2025-08-28,2025-08-27,EGARCH-Normal,6481,0.2356276636267025,0
2025-08-29,2025-08-28,GARCH-Normal,6482,0.3473145874521043,0
2025-08-29,2025-08-28,GJR-GARCH-Normal,6482,0.3433691826513005,0
2025-08-29,2025-08-28,EGARCH-Normal,6482,0.27482817062484816,0
2025-09-01,2025-08-29,GARCH-Normal,6483,0.33829453440080154,0
2025-09-01,2025-08-29,GJR-GARCH-Normal,6483,0.3469297504442171,0
2025-09-01,2025-08-29,EGARCH-Normal,6483,0.2988510545264066,0
2025-09-02,2025-09-01,GARCH-Normal,6484,0.31492735866533395,0
2025-09-02,2025-09-01,GJR-GARCH-Normal,6484,0.3308489140385194,0
2025-09-02,2025-09-01,EGARCH-Normal,6484,0.27639164100541375,0
2025-09-03,2025-09-02,GARCH-Normal,6485,0.399060178913491,0
2025-09-03,2025-09-02,GJR-GARCH-Normal,6485,0.4591392647547611,0
2025-09-03,2025-09-02,EGARCH-Normal,6485,0.3961255980913307,0
2025-09-04,2025-09-03,GARCH-Normal,6486,0.41766362742467505,0
2025-09-04,2025-09-03,GJR-GARCH-Normal,6486,0.429746777759158,0
2025-09-04,2025-09-03,EGARCH-Normal,6486,0.36265824496524235,0
2025-09-05,2025-09-04,GARCH-Normal,6487,0.40116502662820336,0
2025-09-05,2025-09-04,GJR-GARCH-Normal,6487,0.4037624004838449,0
2025-09-05,2025-09-04,EGARCH-Normal,6487,0.3331194388499054,0
2025-09-08,2025-09-05,GARCH-Normal,6488,0.3700997980045966,0
2025-09-08,2025-09-05,GJR-GARCH-Normal,6488,0.38245108439387443,0
2025-09-08,2025-09-05,EGARCH-Normal,6488,0.32050476805020706,0
2025-09-09,2025-09-08,GARCH-Normal,6489,0.34301130825501597,0
2025-09-09,2025-09-08,GJR-GARCH-Normal,6489,0.3621188863473747,0
2025-09-09,2025-09-08,EGARCH-Normal,6489,0.2958810673098959,0
2025-09-10,2025-09-09,GARCH-Normal,6490,0.32320268123965173,0
2025-09-10,2025-09-09,GJR-GARCH-Normal,6490,0.3442430490818758,0
2025-09-10,2025-09-09,EGARCH-Normal,6490,0.27343131078590005,0
2025-09-11,2025-09-10,GARCH-Normal,6491,0.30774548832541837,0
2025-09-11,2025-09-10,GJR-GARCH-Normal,6491,0.3348147970690922,0
2025-09-11,2025-09-10,EGARCH-Normal,6491,0.27784716449346314,0
2025-09-12,2025-09-11,GARCH-Normal,6492,0.35904075123430496,0
2025-09-12,2025-09-11,GJR-GARCH-Normal,6492,0.3204870746744701,0
2025-09-12,2025-09-11,EGARCH-Normal,6492,0.2560163302037184,0
2025-09-15,2025-09-12,GARCH-Normal,6493,0.3366281603265261,0
2025-09-15,2025-09-12,GJR-GARCH-Normal,6493,0.31193384133654234,0
2025-09-15,2025-09-12,EGARCH-Normal,6493,0.25712763973753805,0
2025-09-16,2025-09-15,GARCH-Normal,6494,0.31431286441014755,0
2025-09-16,2025-09-15,GJR-GARCH-Normal,6494,0.3008370409921765,0
2025-09-16,2025-09-15,EGARCH-Normal,6494,0.2468985629495101,0
2025-09-17,2025-09-16,GARCH-Normal,6495,0.4008295232088773,0
2025-09-17,2025-09-16,GJR-GARCH-Normal,6495,0.43604802021974526,0
2025-09-17,2025-09-16,EGARCH-Normal,6495,0.3655720400467394,0
2025-09-18,2025-09-17,GARCH-Normal,6496,0.368970378553325,0
2025-09-18,2025-09-17,GJR-GARCH-Normal,6496,0.4091910967909039,0
2025-09-18,2025-09-17,EGARCH-Normal,6496,0.33654587422886,0
2025-09-19,2025-09-18,GARCH-Normal,6497,0.3445709839302949,0
2025-09-19,2025-09-18,GJR-GARCH-Normal,6497,0.3856097385244207,0
2025-09-19,2025-09-18,EGARCH-Normal,6497,0.31020885226284983,0
2025-09-22,2025-09-19,GARCH-Normal,6498,0.3229223740289385,0
2025-09-22,2025-09-19,GJR-GARCH-Normal,6498,0.36763309066898836,0
2025-09-22,2025-09-19,EGARCH-Normal,6498,0.30360206635427844,0
2025-09-23,2025-09-22,GARCH-Normal,6499,0.3019328221072299,0
2025-09-23,2025-09-22,GJR-GARCH-Normal,6499,0.3490375432104013,0
2025-09-23,2025-09-22,EGARCH-Normal,6499,0.2807522963214205,0
2025-09-24,2025-09-23,GARCH-Normal,6500,0.28397871017999515,0
2025-09-24,2025-09-23,GJR-GARCH-Normal,6500,0.332882332495605,0
2025-09-24,2025-09-23,EGARCH-Normal,6500,0.2645273722613089,0
2025-09-25,2025-09-24,GARCH-Normal,6501,0.276482557770277,0
2025-09-25,2025-09-24,GJR-GARCH-Normal,6501,0.31845387908813827,0
2025-09-25,2025-09-24,EGARCH-Normal,6501,0.24490695650477803,0
2025-09-26,2025-09-25,GARCH-Normal,6502,0.28508106177251935,0
2025-09-26,2025-09-25,GJR-GARCH-Normal,6502,0.3346900420762207,0
2025-09-26,2025-09-25,EGARCH-Normal,6502,0.28014019230750126,0
2025-09-29,2025-09-26,GARCH-Normal,6503,0.336947052091672,0
2025-09-29,2025-09-26,GJR-GARCH-Normal,6503,0.3202881302173015,0
2025-09-29,2025-09-26,EGARCH-Normal,6503,0.25817083689225295,0
2025-09-30,2025-09-29,GARCH-Normal,6504,0.31510580033840097,0
2025-09-30,2025-09-29,GJR-GARCH-Normal,6504,0.3073134743188874,0
2025-09-30,2025-09-29,EGARCH-Normal,6504,0.23944341306026287,0
2025-10-01,2025-09-30,GARCH-Normal,6505,0.3272202459681814,0
2025-10-01,2025-09-30,GJR-GARCH-Normal,6505,0.2960258526703284,0
2025-10-01,2025-09-30,EGARCH-Normal,6505,0.22167285721571714,0
2025-10-02,2025-10-01,GARCH-Normal,6506,0.42863233063616135,0
2025-10-02,2025-10-01,GJR-GARCH-Normal,6506,0.2866105443584817,0
2025-10-02,2025-10-01,EGARCH-Normal,6506,0.20497914387621796,0
2025-10-03,2025-10-02,GARCH-Normal,6507,0.39810703462551095,0
2025-10-03,2025-10-02,GJR-GARCH-Normal,6507,0.28496077210140197,0
2025-10-03,2025-10-02,EGARCH-Normal,6507,0.21422235986379157,0
2025-10-06,2025-10-03,GARCH-Normal,6508,0.41670270482527083,0
2025-10-06,2025-10-03,GJR-GARCH-Normal,6508,0.2765169957875802,0
2025-10-06,2025-10-03,EGARCH-Normal,6508,0.19866841392026682,0
2025-10-07,2025-10-06,GARCH-Normal,6509,0.3844728263126654,0
2025-10-07,2025-10-06,GJR-GARCH-Normal,6509,0.2718095328626984,0
2025-10-07,2025-10-06,EGARCH-Normal,6509,0.1997615408455338,0
2025-10-08,2025-10-07,GARCH-Normal,6510,0.3536154507501168,0
2025-10-08,2025-10-07,GJR-GARCH-Normal,6510,0.2645672707583373,0
2025-10-08,2025-10-07,EGARCH-Normal,6510,0.18648296406527343,0
2025-10-09,2025-10-08,GARCH-Normal,6511,0.3809885327447223,0
2025-10-09,2025-10-08,GJR-GARCH-Normal,6511,0.25857769220668914,0
2025-10-09,2025-10-08,EGARCH-Normal,6511,0.17345226370727723,0
2025-10-10,2025-10-09,GARCH-Normal,6512,0.37643782522914365,0
2025-10-10,2025-10-09,GJR-GARCH-Normal,6512,0.28516902300002245,0
2025-10-10,2025-10-09,EGARCH-Normal,6512,0.21073651760137102,0
2025-10-13,2025-10-10,GARCH-Normal,6513,0.44987007315922706,0
2025-10-13,2025-10-10,GJR-GARCH-Normal,6513,0.41705864409394083,0
2025-10-13,2025-10-10,EGARCH-Normal,6513,0.32273690794962034,0
2025-10-14,2025-10-13,GARCH-Normal,6514,0.41136093431707677,0
2025-10-14,2025-10-13,GJR-GARCH-Normal,6514,0.3923988415344624,0
2025-10-14,2025-10-13,EGARCH-Normal,6514,0.29775149467455053,0
2025-10-15,2025-10-14,GARCH-Normal,6515,0.3771389325698261,0
2025-10-15,2025-10-14,GJR-GARCH-Normal,6515,0.37072662794633315,0
2025-10-15,2025-10-14,EGARCH-Normal,6515,0.27537550822606854,0
2025-10-16,2025-10-15,GARCH-Normal,6516,0.36138110491409386,0
2025-10-16,2025-10-15,GJR-GARCH-Normal,6516,0.3680464121002355,0
2025-10-16,2025-10-15,EGARCH-Normal,6516,0.29574193932024667,0
2025-10-17,2025-10-16,GARCH-Normal,6517,0.33483233351905023,0
2025-10-17,2025-10-16,GJR-GARCH-Normal,6517,0.34931219061417246,0
2025-10-17,2025-10-16,EGARCH-Normal,6517,0.2735797043487386,0
2025-10-20,2025-10-17,GARCH-Normal,6518,0.4147025460010853,0
2025-10-20,2025-10-17,GJR-GARCH-Normal,6518,0.47377227553747486,0
2025-10-20,2025-10-17,EGARCH-Normal,6518,0.39196866706164607,0
2025-10-21,2025-10-20,GARCH-Normal,6519,0.40944618527534177,0
2025-10-21,2025-10-20,GJR-GARCH-Normal,6519,0.44247299384702377,0
2025-10-21,2025-10-20,EGARCH-Normal,6519,0.35927341457398754,0
2025-10-22,2025-10-21,GARCH-Normal,6520,0.3806558501029647,0
2025-10-22,2025-10-21,GJR-GARCH-Normal,6520,0.41484792674555815,0
2025-10-22,2025-10-21,EGARCH-Normal,6520,0.3305706232364406,0
2025-10-23,2025-10-22,GARCH-Normal,6521,0.4515101809935104,0
2025-10-23,2025-10-22,GJR-GARCH-Normal,6521,0.39090548646178136,0
2025-10-23,2025-10-22,EGARCH-Normal,6521,0.3033515658893205,0
2025-10-24,2025-10-23,GARCH-Normal,6522,0.4610434907626049,0
2025-10-24,2025-10-23,GJR-GARCH-Normal,6522,0.36964808294567447,0
2025-10-24,2025-10-23,EGARCH-Normal,6522,0.27930564599598545,0
2025-10-27,2025-10-24,GARCH-Normal,6523,0.47417058754802266,0
2025-10-27,2025-10-24,GJR-GARCH-Normal,6523,0.35095410775443553,0
2025-10-27,2025-10-24,EGARCH-Normal,6523,0.25761749042693993,0
2025-10-28,2025-10-27,GARCH-Normal,6524,0.4303431442124088,0
2025-10-28,2025-10-27,GJR-GARCH-Normal,6524,0.3342970957826664,0
2025-10-28,2025-10-27,EGARCH-Normal,6524,0.23893070121941,0
2025-10-29,2025-10-28,GARCH-Normal,6525,0.4136813808011506,0
2025-10-29,2025-10-28,GJR-GARCH-Normal,6525,0.3196914484267727,0
2025-10-29,2025-10-28,EGARCH-Normal,6525,0.22134948953527817,0
2025-10-30,2025-10-29,GARCH-Normal,6526,0.4202209461642225,0
2025-10-30,2025-10-29,GJR-GARCH-Normal,6526,0.30691169902359533,0
2025-10-30,2025-10-29,EGARCH-Normal,6526,0.2052661322380032,0
2025-10-31,2025-10-30,GARCH-Normal,6527,0.38409323069866785,0
2025-10-31,2025-10-30,GJR-GARCH-Normal,6527,0.29545852217445173,0
2025-10-31,2025-10-30,EGARCH-Normal,6527,0.19134296482245985,0
2025-11-03,2025-10-31,GARCH-Normal,6528,0.3819794937629322,0
2025-11-03,2025-10-31,GJR-GARCH-Normal,6528,0.3215396296629028,0
2025-11-03,2025-10-31,EGARCH-Normal,6528,0.23265461287212702,0
2025-11-04,2025-11-03,GARCH-Normal,6529,0.35656182468969894,0
2025-11-04,2025-11-03,GJR-GARCH-Normal,6529,0.31330576799020304,0
2025-11-04,2025-11-03,EGARCH-Normal,6529,0.23634278627053265,0
2025-11-05,2025-11-04,GARCH-Normal,6530,0.3311470948266841,0
2025-11-05,2025-11-04,GJR-GARCH-Normal,6530,0.3010490515238927,0
2025-11-05,2025-11-04,EGARCH-Normal,6530,0.21956990448571728,0
2025-11-06,2025-11-05,GARCH-Normal,6531,0.3537607423321378,0
2025-11-06,2025-11-05,GJR-GARCH-Normal,6531,0.2904709348905181,0
2025-11-06,2025-11-05,EGARCH-Normal,6531,0.20347165263284342,0
2025-11-07,2025-11-06,GARCH-Normal,6532,0.35415695985080525,0
2025-11-07,2025-11-06,GJR-GARCH-Normal,6532,0.31447691877199285,0
2025-11-07,2025-11-06,EGARCH-Normal,6532,0.24273958720370045,0
2025-11-10,2025-11-07,GARCH-Normal,6533,0.37092136903540585,0
2025-11-10,2025-11-07,GJR-GARCH-Normal,6533,0.35826996123464583,0
2025-11-10,2025-11-07,EGARCH-Normal,6533,0.30199000396417097,0
2025-11-11,2025-11-10,GARCH-Normal,6534,0.4784234822430194,0
2025-11-11,2025-11-10,GJR-GARCH-Normal,6534,0.34125668470751613,0
2025-11-11,2025-11-10,EGARCH-Normal,6534,0.27773502862793975,0
2025-11-12,2025-11-11,GARCH-Normal,6535,0.5884254049168269,0
2025-11-12,2025-11-11,GJR-GARCH-Normal,6535,0.3263895776472055,0
2025-11-12,2025-11-11,EGARCH-Normal,6535,0.25679099176018566,0
2025-11-13,2025-11-12,GARCH-Normal,6536,0.5280638680959577,0
2025-11-13,2025-11-12,GJR-GARCH-Normal,6536,0.3126068511260443,0
2025-11-13,2025-11-12,EGARCH-Normal,6536,0.23776501452091567,0
2025-11-14,2025-11-13,GARCH-Normal,6537,0.6260492607587633,0
2025-11-14,2025-11-13,GJR-GARCH-Normal,6537,0.5084883963676614,0
2025-11-14,2025-11-13,EGARCH-Normal,6537,0.3927741281723881,0
2025-11-17,2025-11-14,GARCH-Normal,6538,0.7292144440747209,0
2025-11-17,2025-11-14,GJR-GARCH-Normal,6538,0.709268807540865,0
2025-11-17,2025-11-14,EGARCH-Normal,6538,0.5811046720088798,0
2025-11-18,2025-11-17,GARCH-Normal,6539,0.6565426575235037,0
2025-11-18,2025-11-17,GJR-GARCH-Normal,6539,0.6596842729476643,0
2025-11-18,2025-11-17,EGARCH-Normal,6539,0.5734444574087573,0
2025-11-19,2025-11-18,GARCH-Normal,6540,0.8051654576644638,0
2025-11-19,2025-11-18,GJR-GARCH-Normal,6540,0.9146101769123078,0
2025-11-19,2025-11-18,EGARCH-Normal,6540,0.8191608426155437,0
2025-11-20,2025-11-19,GARCH-Normal,6541,0.744327875498087,0
2025-11-20,2025-11-19,GJR-GARCH-Normal,6541,0.8712641276939693,0
2025-11-20,2025-11-19,EGARCH-Normal,6541,0.8480913530973475,0
2025-11-21,2025-11-20,GARCH-Normal,6542,0.6640870877504353,0
2025-11-21,2025-11-20,GJR-GARCH-Normal,6542,0.7917416850827369,0
2025-11-21,2025-11-20,EGARCH-Normal,6542,0.764464583774791,0
2025-11-24,2025-11-21,GARCH-Normal,6543,0.5929161490026115,0
2025-11-24,2025-11-21,GJR-GARCH-Normal,6543,0.7220200072893285,0
2025-11-24,2025-11-21,EGARCH-Normal,6543,0.6912100715502539,0
2025-11-25,2025-11-24,GARCH-Normal,6544,0.5322452783384963,0
2025-11-25,2025-11-24,GJR-GARCH-Normal,6544,0.6612909223369987,0
2025-11-25,2025-11-24,EGARCH-Normal,6544,0.6364528174431037,0
2025-11-26,2025-11-25,GARCH-Normal,6545,0.5494285338454272,0
2025-11-26,2025-11-25,GJR-GARCH-Normal,6545,0.6076420454309472,0
2025-11-26,2025-11-25,EGARCH-Normal,6545,0.5770901055739126,0
2025-11-27,2025-11-26,GARCH-Normal,6546,0.5780677394552401,0
2025-11-27,2025-11-26,GJR-GARCH-Normal,6546,0.5604497719444623,0
2025-11-27,2025-11-26,EGARCH-Normal,6546,0.5243041529039612,0
2025-11-28,2025-11-27,GARCH-Normal,6547,0.5186813711534347,0
2025-11-28,2025-11-27,GJR-GARCH-Normal,6547,0.5187959203289639,0
2025-11-28,2025-11-27,EGARCH-Normal,6547,0.47870295801845353,0
2025-12-01,2025-11-28,GARCH-Normal,6548,0.47518274774247027,0
2025-12-01,2025-11-28,GJR-GARCH-Normal,6548,0.4821452488708492,0
2025-12-01,2025-11-28,EGARCH-Normal,6548,0.437577680145265,0
2025-12-02,2025-12-01,GARCH-Normal,6549,0.4371590396498061,0
2025-12-02,2025-12-01,GJR-GARCH-Normal,6549,0.4562462732261753,0
2025-12-02,2025-12-01,EGARCH-Normal,6549,0.431660104738487,0
2025-12-03,2025-12-02,GARCH-Normal,6550,0.39873276389736306,0
2025-12-03,2025-12-02,GJR-GARCH-Normal,6550,0.4270520375262114,0
2025-12-03,2025-12-02,EGARCH-Normal,6550,0.3967680424399713,0
2025-12-04,2025-12-03,GARCH-Normal,6551,0.36803818129298455,0
2025-12-04,2025-12-03,GJR-GARCH-Normal,6551,0.4031677506242008,0
2025-12-04,2025-12-03,EGARCH-Normal,6551,0.3798863007065613,0
2025-12-05,2025-12-04,GARCH-Normal,6552,0.3426078854505754,0
2025-12-05,2025-12-04,GJR-GARCH-Normal,6552,0.38027609638111926,0
2025-12-05,2025-12-04,EGARCH-Normal,6552,0.3491824672013435,0
2025-12-08,2025-12-05,GARCH-Normal,6553,0.3481803995970025,0
2025-12-08,2025-12-05,GJR-GARCH-Normal,6553,0.3984978680179021,0
2025-12-08,2025-12-05,EGARCH-Normal,6553,0.3935607978262163,0
2025-12-09,2025-12-08,GARCH-Normal,6554,0.3312866087215493,0
2025-12-09,2025-12-08,GJR-GARCH-Normal,6554,0.38572589779453076,0
2025-12-09,2025-12-08,EGARCH-Normal,6554,0.39748129470732557,0
2025-12-10,2025-12-09,GARCH-Normal,6555,0.3086651866608812,0
2025-12-10,2025-12-09,GJR-GARCH-Normal,6555,0.36506815394269965,0
2025-12-10,2025-12-09,EGARCH-Normal,6555,0.36973557581884625,0
2025-12-11,2025-12-10,GARCH-Normal,6556,0.29010182316560307,0
2025-12-11,2025-12-10,GJR-GARCH-Normal,6556,0.34668003905892547,0
2025-12-11,2025-12-10,EGARCH-Normal,6556,0.34001885613719574,0
2025-12-12,2025-12-11,GARCH-Normal,6557,0.29947802598551054,0
2025-12-12,2025-12-11,GJR-GARCH-Normal,6557,0.3305614382777353,0
2025-12-12,2025-12-11,EGARCH-Normal,6557,0.31289813298999974,0
2025-12-15,2025-12-12,GARCH-Normal,6558,0.3261942954705141,0
2025-12-15,2025-12-12,GJR-GARCH-Normal,6558,0.3750830523013339,0
2025-12-15,2025-12-12,EGARCH-Normal,6558,0.37606383325102444,0
2025-12-16,2025-12-15,GARCH-Normal,6559,0.4356534903838488,0
2025-12-16,2025-12-15,GJR-GARCH-Normal,6559,0.35586081987128826,0
2025-12-16,2025-12-15,EGARCH-Normal,6559,0.34482742046937803,0
2025-12-17,2025-12-16,GARCH-Normal,6560,0.46297022869295185,0
2025-12-17,2025-12-16,GJR-GARCH-Normal,6560,0.42635653698935166,0
2025-12-17,2025-12-16,EGARCH-Normal,6560,0.4319047945796362,0
2025-12-18,2025-12-17,GARCH-Normal,6561,0.519498737092918,0
2025-12-18,2025-12-17,GJR-GARCH-Normal,6561,0.4008976911936832,0
2025-12-18,2025-12-17,EGARCH-Normal,6561,0.3948435626845427,0
2025-12-19,2025-12-18,GARCH-Normal,6562,0.515787349645253,0
2025-12-19,2025-12-18,GJR-GARCH-Normal,6562,0.378361365364073,0
2025-12-19,2025-12-18,EGARCH-Normal,6562,0.36196479689161337,0
2025-12-22,2025-12-19,GARCH-Normal,6563,0.5060801362325055,0
2025-12-22,2025-12-19,GJR-GARCH-Normal,6563,0.35850977134199413,0
2025-12-22,2025-12-19,EGARCH-Normal,6563,0.33250107302155274,0
2025-12-23,2025-12-22,GARCH-Normal,6564,0.4729239086409256,0
2025-12-23,2025-12-22,GJR-GARCH-Normal,6564,0.35983628798675255,0
2025-12-23,2025-12-22,EGARCH-Normal,6564,0.3543941661107446,0
2025-12-24,2025-12-23,GARCH-Normal,6565,0.4337465892674741,0
2025-12-24,2025-12-23,GJR-GARCH-Normal,6565,0.3420804429957524,0
2025-12-24,2025-12-23,EGARCH-Normal,6565,0.3261439221238012,0
2025-12-29,2025-12-24,GARCH-Normal,6566,0.4017758596992398,0
2025-12-29,2025-12-24,GJR-GARCH-Normal,6566,0.33297530121336644,0
2025-12-29,2025-12-24,EGARCH-Normal,6566,0.32789285232921506,0
2025-12-30,2025-12-29,GARCH-Normal,6567,0.36895878240427493,0
2025-12-30,2025-12-29,GJR-GARCH-Normal,6567,0.31870736942756367,0
2025-12-30,2025-12-29,EGARCH-Normal,6567,0.30830289329363575,0
2025-12-31,2025-12-30,GARCH-Normal,6568,0.4045677287114207,0
2025-12-31,2025-12-30,GJR-GARCH-Normal,6568,0.30607935012581045,0
2025-12-31,2025-12-30,EGARCH-Normal,6568,0.2840194697779326,0
2026-01-02,2025-12-31,GARCH-Normal,6569,0.3726803539739,0
2026-01-02,2025-12-31,GJR-GARCH-Normal,6569,0.2963117045219233,0
2026-01-02,2025-12-31,EGARCH-Normal,6569,0.27514689417090804,0
2026-01-05,2026-01-02,GARCH-Normal,6570,0.3466195914365727,0
2026-01-05,2026-01-02,GJR-GARCH-Normal,6570,0.2860576613201756,0
2026-01-05,2026-01-02,EGARCH-Normal,6570,0.2546709326377696,0
2026-01-06,2026-01-05,GARCH-Normal,6571,0.3527065601197464,0
2026-01-06,2026-01-05,GJR-GARCH-Normal,6571,0.2771676012550236,0
2026-01-06,2026-01-05,EGARCH-Normal,6571,0.23575274669900015,0
2026-01-07,2026-01-06,GARCH-Normal,6572,0.49018635082776285,0
2026-01-07,2026-01-06,GJR-GARCH-Normal,6572,0.2702008858984171,0
2026-01-07,2026-01-06,EGARCH-Normal,6572,0.2185523870823278,0
2026-01-08,2026-01-07,GARCH-Normal,6573,0.519857368994917,0
2026-01-08,2026-01-07,GJR-GARCH-Normal,6573,0.36577122866024614,0
2026-01-08,2026-01-07,EGARCH-Normal,6573,0.3087943816453049,0
2026-01-09,2026-01-08,GARCH-Normal,6574,0.4693495328409492,0
2026-01-09,2026-01-08,GJR-GARCH-Normal,6574,0.34750476861022783,0
2026-01-09,2026-01-08,EGARCH-Normal,6574,0.2897978127593518,0
2026-01-12,2026-01-09,GARCH-Normal,6575,0.49797040244719887,0
2026-01-12,2026-01-09,GJR-GARCH-Normal,6575,0.3315179026764575,0
2026-01-12,2026-01-09,EGARCH-Normal,6575,0.26757853610844684,0
2026-01-13,2026-01-12,GARCH-Normal,6576,0.45197018972044495,0
2026-01-13,2026-01-12,GJR-GARCH-Normal,6576,0.3171384761685303,0
2026-01-13,2026-01-12,EGARCH-Normal,6576,0.24777773695659236,0
2026-01-14,2026-01-13,GARCH-Normal,6577,0.41156563198335233,0
2026-01-14,2026-01-13,GJR-GARCH-Normal,6577,0.304654214955849,0
2026-01-14,2026-01-13,EGARCH-Normal,6577,0.2338652665527211,0
2026-01-15,2026-01-14,GARCH-Normal,6578,0.3993790820791145,0
2026-01-15,2026-01-14,GJR-GARCH-Normal,6578,0.29355258279936947,0
2026-01-15,2026-01-14,EGARCH-Normal,6578,0.21703838174394238,0
2026-01-16,2026-01-15,GARCH-Normal,6579,0.397254918025916,0
2026-01-16,2026-01-15,GJR-GARCH-Normal,6579,0.28381480177468366,0
2026-01-16,2026-01-15,EGARCH-Normal,6579,0.2017209143702243,0
2026-01-19,2026-01-16,GARCH-Normal,6580,0.3649539231149256,0
2026-01-19,2026-01-16,GJR-GARCH-Normal,6580,0.2752895854362109,0
2026-01-19,2026-01-16,EGARCH-Normal,6580,0.19189958806392943,0
2026-01-20,2026-01-19,GARCH-Normal,6581,0.35997870556729117,0
2026-01-20,2026-01-19,GJR-GARCH-Normal,6581,0.29626908904473614,0
2026-01-20,2026-01-19,EGARCH-Normal,6581,0.22651873781321297,0
2026-01-21,2026-01-20,GARCH-Normal,6582,0.39682636975675323,0
2026-01-21,2026-01-20,GJR-GARCH-Normal,6582,0.37167439955723097,0
2026-01-21,2026-01-20,EGARCH-Normal,6582,0.30621069595359574,0
2026-01-22,2026-01-21,GARCH-Normal,6583,0.3646027908682052,0
2026-01-22,2026-01-21,GJR-GARCH-Normal,6583,0.3523720791096377,0
2026-01-22,2026-01-21,EGARCH-Normal,6583,0.28282528306386484,0
2026-01-23,2026-01-22,GARCH-Normal,6584,0.33724563366618354,0
2026-01-23,2026-01-22,GJR-GARCH-Normal,6584,0.33538619726618035,0
2026-01-23,2026-01-22,EGARCH-Normal,6584,0.26171362752128297,0
2026-01-26,2026-01-23,GARCH-Normal,6585,0.3144063242571273,0
2026-01-26,2026-01-23,GJR-GARCH-Normal,6585,0.32124628255185184,0
2026-01-26,2026-01-23,EGARCH-Normal,6585,0.25096311637159663,0
2026-01-27,2026-01-26,GARCH-Normal,6586,0.2935695923022681,0
2026-01-27,2026-01-26,GJR-GARCH-Normal,6586,0.307951366388008,0
2026-01-27,2026-01-26,EGARCH-Normal,6586,0.2329552040902534,0
2026-01-28,2026-01-27,GARCH-Normal,6587,0.3129550909270977,0
2026-01-28,2026-01-27,GJR-GARCH-Normal,6587,0.2964212394833706,0
2026-01-28,2026-01-27,EGARCH-Normal,6587,0.2160562504946563,0
2026-01-29,2026-01-28,GARCH-Normal,6588,0.33235307856783675,0
2026-01-29,2026-01-28,GJR-GARCH-Normal,6588,0.3377135504846173,0
2026-01-29,2026-01-28,EGARCH-Normal,6588,0.270687321901488,0
2026-01-30,2026-01-29,GARCH-Normal,6589,0.3110757112510372,0
2026-01-30,2026-01-29,GJR-GARCH-Normal,6589,0.32243920536397264,0
2026-01-30,2026-01-29,EGARCH-Normal,6589,0.250664153105483,0
2026-02-02,2026-01-30,GARCH-Normal,6590,0.3186215518684907,0
2026-02-02,2026-01-30,GJR-GARCH-Normal,6590,0.3091069140958191,0
2026-02-02,2026-01-30,EGARCH-Normal,6590,0.23214984740699035,0
2026-02-03,2026-02-02,GARCH-Normal,6591,0.45376492169645183,0
2026-02-03,2026-02-02,GJR-GARCH-Normal,6591,0.2980484320369983,0
2026-02-03,2026-02-02,EGARCH-Normal,6591,0.2153058336766904,0
2026-02-04,2026-02-03,GARCH-Normal,6592,0.4236085868637465,0
2026-02-04,2026-02-03,GJR-GARCH-Normal,6592,0.3004250565929657,0
2026-02-04,2026-02-03,EGARCH-Normal,6592,0.23245125787666882,0
2026-02-05,2026-02-04,GARCH-Normal,6593,0.4695267587686309,0
2026-02-05,2026-02-04,GJR-GARCH-Normal,6593,0.2900862114717607,0
2026-02-05,2026-02-04,EGARCH-Normal,6593,0.21579277779889905,0
2026-02-06,2026-02-05,GARCH-Normal,6594,0.5370825069647226,0
2026-02-06,2026-02-05,GJR-GARCH-Normal,6594,0.43230981061505575,0
2026-02-06,2026-02-05,EGARCH-Normal,6594,0.3356662937997586,0
2026-02-09,2026-02-06,GARCH-Normal,6595,0.5213564398006977,0
2026-02-09,2026-02-06,GJR-GARCH-Normal,6595,0.40592765655672997,0
2026-02-09,2026-02-06,EGARCH-Normal,6595,0.30904486003652254,0
2026-02-10,2026-02-09,GARCH-Normal,6596,0.4717347944474683,0
2026-02-10,2026-02-09,GJR-GARCH-Normal,6596,0.3825516301568363,0
2026-02-10,2026-02-09,EGARCH-Normal,6596,0.28508063486291707,0
2026-02-11,2026-02-10,GARCH-Normal,6597,0.4432054820277996,0
2026-02-11,2026-02-10,GJR-GARCH-Normal,6597,0.3803395508784393,0
2026-02-11,2026-02-10,EGARCH-Normal,6597,0.3075875585951558,0
2026-02-12,2026-02-11,GARCH-Normal,6598,0.5560106991475554,0
2026-02-12,2026-02-11,GJR-GARCH-Normal,6598,0.3606585737375001,0
2026-02-12,2026-02-11,EGARCH-Normal,6598,0.2843050371742833,0
2026-02-13,2026-02-12,GARCH-Normal,6599,0.5625267590407567,0
2026-02-13,2026-02-12,GJR-GARCH-Normal,6599,0.42644447579557476,0
2026-02-13,2026-02-12,EGARCH-Normal,6599,0.36645313124751516,0
2026-02-16,2026-02-13,GARCH-Normal,6600,0.5237029017123679,0
2026-02-16,2026-02-13,GJR-GARCH-Normal,6600,0.4007112660949711,0
2026-02-16,2026-02-13,EGARCH-Normal,6600,0.3366331630887569,0
2026-02-17,2026-02-16,GARCH-Normal,6601,0.4782960738651345,0
2026-02-17,2026-02-16,GJR-GARCH-Normal,6601,0.3780248997017365,0
2026-02-17,2026-02-16,EGARCH-Normal,6601,0.3098488755422125,0
2026-02-18,2026-02-17,GARCH-Normal,6602,0.5037324658563436,0
2026-02-18,2026-02-17,GJR-GARCH-Normal,6602,0.35828611837293434,0
2026-02-18,2026-02-17,EGARCH-Normal,6602,0.28601640709561077,0
2026-02-19,2026-02-18,GARCH-Normal,6603,0.6327781873742028,0
2026-02-19,2026-02-18,GJR-GARCH-Normal,6603,0.34130439654163186,0
2026-02-19,2026-02-18,EGARCH-Normal,6603,0.2663836942550615,0
2026-02-20,2026-02-19,GARCH-Normal,6604,0.6095138700533392,0
2026-02-20,2026-02-19,GJR-GARCH-Normal,6604,0.3837955156078672,0
2026-02-20,2026-02-19,EGARCH-Normal,6604,0.3283119246565339,0
2026-02-23,2026-02-20,GARCH-Normal,6605,0.5797824866251443,0
2026-02-23,2026-02-20,GJR-GARCH-Normal,6605,0.363276371144998,0
2026-02-23,2026-02-20,EGARCH-Normal,6605,0.30260245657284257,0
2026-02-24,2026-02-23,GARCH-Normal,6606,0.5202749938490595,0
2026-02-24,2026-02-23,GJR-GARCH-Normal,6606,0.34517367340934735,0
2026-02-24,2026-02-23,EGARCH-Normal,6606,0.28170118335550043,0
2026-02-25,2026-02-24,GARCH-Normal,6607,0.4699031203218043,0
2026-02-25,2026-02-24,GJR-GARCH-Normal,6607,0.3294306538193811,0
2026-02-25,2026-02-24,EGARCH-Normal,6607,0.2652811372140611,0
2026-02-26,2026-02-25,GARCH-Normal,6608,0.5880771807017698,0
2026-02-26,2026-02-25,GJR-GARCH-Normal,6608,0.3159279566734169,0
2026-02-26,2026-02-25,EGARCH-Normal,6608,0.2476211075638215,0
2026-02-27,2026-02-26,GARCH-Normal,6609,0.5409614318221584,0
2026-02-27,2026-02-26,GJR-GARCH-Normal,6609,0.3034711876528467,0
2026-02-27,2026-02-26,EGARCH-Normal,6609,0.22950125080524478,0
2026-03-02,2026-02-27,GARCH-Normal,6610,0.5247504351239557,0
2026-03-02,2026-02-27,GJR-GARCH-Normal,6610,0.29260437612662277,0
2026-03-02,2026-02-27,EGARCH-Normal,6610,0.21369001908820162,0
2026-03-03,2026-03-02,GARCH-Normal,6611,0.6677095235461948,0
2026-03-03,2026-03-02,GJR-GARCH-Normal,6611,0.554509304759087,0
2026-03-03,2026-03-02,EGARCH-Normal,6611,0.40245788675033156,0
2026-03-04,2026-03-03,GARCH-Normal,6612,1.6105114643029865,0
2026-03-04,2026-03-03,GJR-GARCH-Normal,6612,1.988351761057354,0
2026-03-04,2026-03-03,EGARCH-Normal,6612,1.2378222990628889,0
2026-03-05,2026-03-04,GARCH-Normal,6613,1.4685171453573393,0
2026-03-05,2026-03-04,GJR-GARCH-Normal,6613,1.7704337780982762,0
2026-03-05,2026-03-04,EGARCH-Normal,6613,1.1041552805917323,0
2026-03-06,2026-03-05,GARCH-Normal,6614,1.5645567491803214,0
2026-03-06,2026-03-05,GJR-GARCH-Normal,6614,1.9893543459584917,0
2026-03-06,2026-03-05,EGARCH-Normal,6614,1.4423491844673064,0
2026-03-09,2026-03-06,GARCH-Normal,6615,1.5679732601653553,0
2026-03-09,2026-03-06,GJR-GARCH-Normal,6615,2.0681599883635524,0
2026-03-09,2026-03-06,EGARCH-Normal,6615,1.6947114483035481,0
2026-03-10,2026-03-09,GARCH-Normal,6616,1.3785058724867,0
2026-03-10,2026-03-09,GJR-GARCH-Normal,6616,1.8636204371500893,0
2026-03-10,2026-03-09,EGARCH-Normal,6616,1.601557982813126,0
2026-03-11,2026-03-10,GARCH-Normal,6617,1.5005208709478846,0
2026-03-11,2026-03-10,GJR-GARCH-Normal,6617,1.6638465399061486,0
2026-03-11,2026-03-10,EGARCH-Normal,6617,1.4297129834042561,0
2026-03-12,2026-03-11,GARCH-Normal,6618,1.3488149579523692,0
2026-03-12,2026-03-11,GJR-GARCH-Normal,6618,1.5472763281223911,0
2026-03-12,2026-03-11,EGARCH-Normal,6618,1.4366922168492287,0
2026-03-13,2026-03-12,GARCH-Normal,6619,1.2069741841344197,0
2026-03-13,2026-03-12,GJR-GARCH-Normal,6619,1.4271085526398544,0
2026-03-13,2026-03-12,EGARCH-Normal,6619,1.4134257735038815,0
2026-03-16,2026-03-13,GARCH-Normal,6620,1.0810613926111219,0
2026-03-16,2026-03-13,GJR-GARCH-Normal,6620,1.3144682117435802,0
2026-03-16,2026-03-13,EGARCH-Normal,6620,1.3790660476431837,0
2026-03-17,2026-03-16,GARCH-Normal,6621,0.9796035424321585,0
2026-03-17,2026-03-16,GJR-GARCH-Normal,6621,1.1809685597444908,0
2026-03-17,2026-03-16,EGARCH-Normal,6621,1.2258159059098948,0
2026-03-18,2026-03-17,GARCH-Normal,6622,0.9395652746995911,0
2026-03-18,2026-03-17,GJR-GARCH-Normal,6622,1.0638155228098842,0
2026-03-18,2026-03-17,EGARCH-Normal,6622,1.095780876811731,0
2026-03-19,2026-03-18,GARCH-Normal,6623,0.9496964741498158,0
2026-03-19,2026-03-18,GJR-GARCH-Normal,6623,1.1311396178326756,0
2026-03-19,2026-03-18,EGARCH-Normal,6623,1.2493885585539106,0
2026-03-20,2026-03-19,GARCH-Normal,6624,1.573538818339764,0
2026-03-20,2026-03-19,GJR-GARCH-Normal,6624,2.085413300653568,0
2026-03-20,2026-03-19,EGARCH-Normal,6624,1.981878888566113,0
2026-03-23,2026-03-20,GARCH-Normal,6625,1.648336424243137,0
2026-03-23,2026-03-20,GJR-GARCH-Normal,6625,2.2577032450568053,0
2026-03-23,2026-03-20,EGARCH-Normal,6625,2.3055651016767875,0
2026-03-24,2026-03-23,GARCH-Normal,6626,1.4391763923342555,0
2026-03-24,2026-03-23,GJR-GARCH-Normal,6626,2.019969891603588,0
2026-03-24,2026-03-23,EGARCH-Normal,6626,2.1045525393238442,0
2026-03-25,2026-03-24,GARCH-Normal,6627,1.3098130620932813,0
2026-03-25,2026-03-24,GJR-GARCH-Normal,6627,1.800710090926582,0
2026-03-25,2026-03-24,EGARCH-Normal,6627,1.8517995477728144,0
2026-03-26,2026-03-25,GARCH-Normal,6628,1.3809136360572583,0
2026-03-26,2026-03-25,GJR-GARCH-Normal,6628,1.6088252289592033,0
2026-03-26,2026-03-25,EGARCH-Normal,6628,1.6431524183425932,0
2026-03-27,2026-03-26,GARCH-Normal,6629,1.4430192161400066,0
2026-03-27,2026-03-26,GJR-GARCH-Normal,6629,1.7790736273334724,0
2026-03-27,2026-03-26,EGARCH-Normal,6629,1.926893095177915,0
2026-03-30,2026-03-27,GARCH-Normal,6630,1.255755841188923,0
2026-03-30,2026-03-27,GJR-GARCH-Normal,6630,1.5896741089542865,0
2026-03-30,2026-03-27,EGARCH-Normal,6630,1.708187278273833,0
2026-03-31,2026-03-30,GARCH-Normal,6631,1.404643492702782,0
2026-03-31,2026-03-30,GJR-GARCH-Normal,6631,1.423590387482255,0
2026-03-31,2026-03-30,EGARCH-Normal,6631,1.5214259057973634,0
2026-04-01,2026-03-31,GARCH-Normal,6632,1.2468061872859197,0
2026-04-01,2026-03-31,GJR-GARCH-Normal,6632,1.2770555941507242,0
2026-04-01,2026-03-31,EGARCH-Normal,6632,1.3486193301935339,0
2026-04-02,2026-04-01,GARCH-Normal,6633,1.4970113021144575,0
2026-04-02,2026-04-01,GJR-GARCH-Normal,6633,1.149180387093879,0
2026-04-02,2026-04-01,EGARCH-Normal,6633,1.2121252548558397,0
2026-04-07,2026-04-02,GARCH-Normal,6634,1.3544281629389248,0
2026-04-07,2026-04-02,GJR-GARCH-Normal,6634,1.0359549665737449,0
2026-04-07,2026-04-02,EGARCH-Normal,6634,1.0826853628070299,0
2026-04-08,2026-04-07,GARCH-Normal,6635,1.2776829706948831,0
2026-04-08,2026-04-07,GJR-GARCH-Normal,6635,1.070258211116493,0
2026-04-08,2026-04-07,EGARCH-Normal,6635,1.2023868597550433,0
2026-04-09,2026-04-08,GARCH-Normal,6636,1.8726031770401659,0
2026-04-09,2026-04-08,GJR-GARCH-Normal,6636,0.9686817727767368,0
2026-04-09,2026-04-08,EGARCH-Normal,6636,1.0913993024062363,0
2026-04-10,2026-04-09,GARCH-Normal,6637,1.6216326278921325,0
2026-04-10,2026-04-09,GJR-GARCH-Normal,6637,0.8777721435162467,0
2026-04-10,2026-04-09,EGARCH-Normal,6637,0.9847120875672644,0
2026-04-13,2026-04-10,GARCH-Normal,6638,1.4078253049601268,0
2026-04-13,2026-04-10,GJR-GARCH-Normal,6638,0.7973759198598108,0
2026-04-13,2026-04-10,EGARCH-Normal,6638,0.8859609143928321,0
2026-04-14,2026-04-13,GARCH-Normal,6639,1.2304885784739195,0
2026-04-14,2026-04-13,GJR-GARCH-Normal,6639,0.731660261716844,0
2026-04-14,2026-04-13,EGARCH-Normal,6639,0.8318808472912202,0
2026-04-15,2026-04-14,GARCH-Normal,6640,1.0796066579446622,0
2026-04-15,2026-04-14,GJR-GARCH-Normal,6640,0.6686090314897547,0
2026-04-15,2026-04-14,EGARCH-Normal,6640,0.7474194351967173,0
2026-04-16,2026-04-15,GARCH-Normal,6641,0.977841577041929,0
2026-04-16,2026-04-15,GJR-GARCH-Normal,6641,0.6547540360445864,0
2026-04-16,2026-04-15,EGARCH-Normal,6641,0.7785631416906431,0
2026-04-17,2026-04-16,GARCH-Normal,6642,0.8664605612032211,0
2026-04-17,2026-04-16,GJR-GARCH-Normal,6642,0.6010140861791227,0
2026-04-17,2026-04-16,EGARCH-Normal,6642,0.7009538194648572,0
2026-04-20,2026-04-17,GARCH-Normal,6643,0.8244499044241713,0
2026-04-20,2026-04-17,GJR-GARCH-Normal,6643,0.554161002229759,0
2026-04-20,2026-04-17,EGARCH-Normal,6643,0.6357813924228791,0
2026-04-21,2026-04-20,GARCH-Normal,6644,0.7717321694842402,0
2026-04-21,2026-04-20,GJR-GARCH-Normal,6644,0.5702047188254543,0
2026-04-21,2026-04-20,EGARCH-Normal,6644,0.6924970095828902,0
2026-04-22,2026-04-21,GARCH-Normal,6645,0.8340113976929052,0
2026-04-22,2026-04-21,GJR-GARCH-Normal,6645,0.7367979724073771,0
2026-04-22,2026-04-21,EGARCH-Normal,6645,0.8806846671497606,0
2026-04-23,2026-04-22,GARCH-Normal,6646,0.7436450165460758,0
2026-04-23,2026-04-22,GJR-GARCH-Normal,6646,0.6815033813058546,0
2026-04-23,2026-04-22,EGARCH-Normal,6646,0.8371483086983478,0
2026-04-24,2026-04-23,GARCH-Normal,6647,0.6653693434755377,0
2026-04-24,2026-04-23,GJR-GARCH-Normal,6647,0.6314316055674212,0
2026-04-24,2026-04-23,EGARCH-Normal,6647,0.7932541854817191,0
2026-04-27,2026-04-24,GARCH-Normal,6648,0.6708515653140383,0
2026-04-27,2026-04-24,GJR-GARCH-Normal,6648,0.6867845687843055,0
2026-04-27,2026-04-24,EGARCH-Normal,6648,0.8952698688358794,0
2026-04-28,2026-04-27,GARCH-Normal,6649,0.6425069573915329,0
2026-04-28,2026-04-27,GJR-GARCH-Normal,6649,0.6889943347626264,0
2026-04-28,2026-04-27,EGARCH-Normal,6649,0.9416296740198594,0
2026-04-29,2026-04-28,GARCH-Normal,6650,0.5735928171872998,0
2026-04-29,2026-04-28,GJR-GARCH-Normal,6650,0.6313976585242537,0
2026-04-29,2026-04-28,EGARCH-Normal,6650,0.8422949036299192,0
2026-04-30,2026-04-29,GARCH-Normal,6651,0.6982825703672402,0
2026-04-30,2026-04-29,GJR-GARCH-Normal,6651,0.8377749201237739,0
2026-04-30,2026-04-29,EGARCH-Normal,6651,1.0676893664181883,0
2026-05-01,2026-04-30,GARCH-Normal,6652,0.9341613470471677,0
2026-05-01,2026-04-30,GJR-GARCH-Normal,6652,0.762599104741418,0
2026-05-01,2026-04-30,EGARCH-Normal,6652,0.9644313273712253,0
2026-05-05,2026-05-01,GARCH-Normal,6653,0.825714131167558,0
2026-05-05,2026-05-01,GJR-GARCH-Normal,6653,0.6999708617597116,0
2026-05-05,2026-05-01,EGARCH-Normal,6653,0.8965608650169429,0
2026-05-06,2026-05-05,GARCH-Normal,6654,0.9937560995802543,0
2026-05-06,2026-05-05,GJR-GARCH-Normal,6654,1.0160459895757854,0
2026-05-06,2026-05-05,EGARCH-Normal,6654,1.203815650336561,0
2026-05-07,2026-05-06,GARCH-Normal,6655,1.4271996402701115,0
2026-05-07,2026-05-06,GJR-GARCH-Normal,6655,0.9199280507487663,0
2026-05-07,2026-05-06,EGARCH-Normal,6655,1.0876787533444434,0
2026-05-08,2026-05-07,GARCH-Normal,6656,1.566871971154103,0
2026-05-08,2026-05-07,GJR-GARCH-Normal,6656,1.2979377314599334,0
2026-05-08,2026-05-07,EGARCH-Normal,6656,1.4585781513481297,0
2026-05-11,2026-05-08,GARCH-Normal,6657,1.3868781675444986,0
2026-05-11,2026-05-08,GJR-GARCH-Normal,6657,1.200354484565217,0
2026-05-11,2026-05-08,EGARCH-Normal,6657,1.4204761220302764,0
2026-05-12,2026-05-11,GARCH-Normal,6658,1.219317363493592,0
2026-05-12,2026-05-11,GJR-GARCH-Normal,6658,1.0800244786482247,0
2026-05-12,2026-05-11,EGARCH-Normal,6658,1.2598506615693246,0
2026-05-13,2026-05-12,GARCH-Normal,6659,1.0649639602259953,0
2026-05-13,2026-05-12,GJR-GARCH-Normal,6659,0.9748587306672721,0
2026-05-13,2026-05-12,EGARCH-Normal,6659,1.128941015539995,0
2026-05-14,2026-05-13,GARCH-Normal,6660,0.9707284955980069,0
2026-05-14,2026-05-13,GJR-GARCH-Normal,6660,0.8823896128697626,0
2026-05-14,2026-05-13,EGARCH-Normal,6660,1.0092417675536345,0
2026-05-15,2026-05-14,GARCH-Normal,6661,0.8751362170982289,0
2026-05-15,2026-05-14,GJR-GARCH-Normal,6661,0.8011965193874453,0
2026-05-15,2026-05-14,EGARCH-Normal,6661,0.9040201250487948,0
2026-05-18,2026-05-15,GARCH-Normal,6662,1.16587968763311,0
2026-05-18,2026-05-15,GJR-GARCH-Normal,6662,1.2949793642073562,0
2026-05-18,2026-05-15,EGARCH-Normal,6662,1.327801879058119,0
2026-05-19,2026-05-18,GARCH-Normal,6663,1.2059120871370594,0
2026-05-19,2026-05-18,GJR-GARCH-Normal,6663,1.16382584807418,0
2026-05-19,2026-05-18,EGARCH-Normal,6663,1.1877138541335588,0
2026-05-20,2026-05-19,GARCH-Normal,6664,1.0531035905471657,0
2026-05-20,2026-05-19,GJR-GARCH-Normal,6664,1.048202118548913,0
2026-05-20,2026-05-19,EGARCH-Normal,6664,1.0562555167610175,0
2026-05-21,2026-05-20,GARCH-Normal,6665,1.0354141640538856,0
2026-05-21,2026-05-20,GJR-GARCH-Normal,6665,0.9469844849321453,0
2026-05-21,2026-05-20,EGARCH-Normal,6665,0.9490728683238273,0
2026-05-22,2026-05-21,GARCH-Normal,6666,0.9085003348872975,0
2026-05-22,2026-05-21,GJR-GARCH-Normal,6666,0.8579445448232893,0
2026-05-22,2026-05-21,EGARCH-Normal,6666,0.8490497443342206,0
2026-05-26,2026-05-22,GARCH-Normal,6667,0.8038645545442135,0
2026-05-26,2026-05-22,GJR-GARCH-Normal,6667,0.7797519476125788,0
2026-05-26,2026-05-22,EGARCH-Normal,6667,0.7623807296049409,0
2026-05-27,2026-05-26,GARCH-Normal,6668,0.7156737315921683,0
2026-05-27,2026-05-26,GJR-GARCH-Normal,6668,0.7110470098739518,0
2026-05-27,2026-05-26,EGARCH-Normal,6668,0.6864605192677261,0
2026-05-28,2026-05-27,GARCH-Normal,6669,0.6363301406093914,0
2026-05-28,2026-05-27,GJR-GARCH-Normal,6669,0.6506457452937917,0
2026-05-28,2026-05-27,EGARCH-Normal,6669,0.6189980221587306,0
2026-05-29,2026-05-28,GARCH-Normal,6670,0.6476309077734982,0
2026-05-29,2026-05-28,GJR-GARCH-Normal,6670,0.7058334415481827,0
2026-05-29,2026-05-28,EGARCH-Normal,6670,0.7264942429378469,0
2026-06-01,2026-05-29,GARCH-Normal,6671,0.5823019890308518,0
2026-06-01,2026-05-29,GJR-GARCH-Normal,6671,0.6510136521191432,0
2026-06-01,2026-05-29,EGARCH-Normal,6671,0.6877742564163306,0
2026-06-02,2026-06-01,GARCH-Normal,6672,0.5867822563003343,0
2026-06-02,2026-06-01,GJR-GARCH-Normal,6672,0.6851504647327161,0
2026-06-02,2026-06-01,EGARCH-Normal,6672,0.774300869483777,0
2026-06-03,2026-06-02,GARCH-Normal,6673,0.5366134877487365,0
2026-06-03,2026-06-02,GJR-GARCH-Normal,6673,0.6279462194486835,0
2026-06-03,2026-06-02,EGARCH-Normal,6673,0.6974259980431251,0
2026-06-04,2026-06-03,GARCH-Normal,6674,0.5068842647784437,0
2026-06-04,2026-06-03,GJR-GARCH-Normal,6674,0.6077917955462337,0
2026-06-04,2026-06-03,EGARCH-Normal,6674,0.7150033853170645,0
2026-06-05,2026-06-04,GARCH-Normal,6675,0.4643054655971645,0
2026-06-05,2026-06-04,GJR-GARCH-Normal,6675,0.5599641874349386,0
2026-06-05,2026-06-04,EGARCH-Normal,6675,0.6448269699530178,0
2026-06-08,2026-06-05,GARCH-Normal,6676,0.42123300775474326,0
2026-06-08,2026-06-05,GJR-GARCH-Normal,6676,0.5179043326507639,0
2026-06-08,2026-06-05,EGARCH-Normal,6676,0.5817200671723787,0
2026-06-09,2026-06-08,GARCH-Normal,6677,0.3843278120460573,0
2026-06-09,2026-06-08,GJR-GARCH-Normal,6677,0.48092481605864595,0
2026-06-09,2026-06-08,EGARCH-Normal,6677,0.5257931306671553,0
2026-06-10,2026-06-09,GARCH-Normal,6678,0.6224690971989725,0
2026-06-10,2026-06-09,GJR-GARCH-Normal,6678,0.829194775641708,0
2026-06-10,2026-06-09,EGARCH-Normal,6678,0.8145099543761398,0
2026-06-11,2026-06-10,GARCH-Normal,6679,0.5629796921521304,0
2026-06-11,2026-06-10,GJR-GARCH-Normal,6679,0.7544051621582465,0
2026-06-11,2026-06-10,EGARCH-Normal,6679,0.7322194810167316,0
2026-06-12,2026-06-11,GARCH-Normal,6680,0.5301270711576462,0
2026-06-12,2026-06-11,GJR-GARCH-Normal,6680,0.6888394221140033,0
2026-06-12,2026-06-11,EGARCH-Normal,6680,0.6614554672268071,0
2026-06-15,2026-06-12,GARCH-Normal,6681,0.7929251582785879,0
2026-06-15,2026-06-12,GJR-GARCH-Normal,6681,0.6316035243269583,0
2026-06-15,2026-06-12,EGARCH-Normal,6681,0.6070047882048468,0
2026-06-16,2026-06-15,GARCH-Normal,6682,0.7247978560570579,0
2026-06-16,2026-06-15,GJR-GARCH-Normal,6682,0.6103625235422218,0
2026-06-16,2026-06-15,EGARCH-Normal,6682,0.6294445877989295,0
2026-06-17,2026-06-16,GARCH-Normal,6683,0.684550787263693,0
2026-06-17,2026-06-16,GJR-GARCH-Normal,6683,0.5623670004792598,0
2026-06-17,2026-06-16,EGARCH-Normal,6683,0.5718490291460865,0
2026-06-18,2026-06-17,GARCH-Normal,6684,0.6104241330430902,0
2026-06-18,2026-06-17,GJR-GARCH-Normal,6684,0.5201456161357654,0
2026-06-18,2026-06-17,EGARCH-Normal,6684,0.5181347476676018,0
2026-06-19,2026-06-18,GARCH-Normal,6685,0.6933183751468162,0
2026-06-19,2026-06-18,GJR-GARCH-Normal,6685,0.6887252558637283,0
2026-06-19,2026-06-18,EGARCH-Normal,6685,0.6978683140323506,0
2026-06-22,2026-06-19,GARCH-Normal,6686,0.6356903041852494,0
2026-06-22,2026-06-19,GJR-GARCH-Normal,6686,0.6544703628153415,0
2026-06-22,2026-06-19,EGARCH-Normal,6686,0.704615836815818,0
2026-06-23,2026-06-22,GARCH-Normal,6687,0.6260170099012834,0
2026-06-23,2026-06-22,GJR-GARCH-Normal,6687,0.6011517378111374,0
2026-06-23,2026-06-22,EGARCH-Normal,6687,0.6388643627121102,0
2026-06-24,2026-06-23,GARCH-Normal,6688,0.5613113030304688,0
2026-06-24,2026-06-23,GJR-GARCH-Normal,6688,0.5556775651733219,0
2026-06-24,2026-06-23,EGARCH-Normal,6688,0.593704844626589,0
2026-06-25,2026-06-24,GARCH-Normal,6689,0.5138349124295657,0
2026-06-25,2026-06-24,GJR-GARCH-Normal,6689,0.5143146549907323,0
2026-06-25,2026-06-24,EGARCH-Normal,6689,0.5385034449347995,0
2026-06-26,2026-06-25,GARCH-Normal,6690,0.5112759743286931,0
2026-06-26,2026-06-25,GJR-GARCH-Normal,6690,0.47802642068654944,0
2026-06-26,2026-06-25,EGARCH-Normal,6690,0.4916096436033738,0
2026-06-29,2026-06-26,GARCH-Normal,6691,0.4692209150203277,0
2026-06-29,2026-06-26,GJR-GARCH-Normal,6691,0.45432123085840026,0
2026-06-29,2026-06-26,EGARCH-Normal,6691,0.48409054136011515,0
2026-06-30,2026-06-29,GARCH-Normal,6692,0.43454980767751505,0
2026-06-30,2026-06-29,GJR-GARCH-Normal,6692,0.43500969622093566,0
2026-06-30,2026-06-29,EGARCH-Normal,6692,0.48060957666462545,0
2026-07-01,2026-06-30,GARCH-Normal,6693,0.3970395132482842,0
2026-07-01,2026-06-30,GJR-GARCH-Normal,6693,0.4082250434332124,0
2026-07-01,2026-06-30,EGARCH-Normal,6693,0.4371891094994412,0
2026-07-02,2026-07-01,GARCH-Normal,6694,0.37006549926811494,0
2026-07-02,2026-07-01,GJR-GARCH-Normal,6694,0.39080946005872724,0
2026-07-02,2026-07-01,EGARCH-Normal,6694,0.4285389953077858,0
2026-07-03,2026-07-02,GARCH-Normal,6695,0.6705627017888626,0
2026-07-03,2026-07-02,GJR-GARCH-Normal,6695,0.37044342595902435,0
2026-07-03,2026-07-02,EGARCH-Normal,6695,0.3999126111632035,0
2026-07-06,2026-07-03,GARCH-Normal,6696,0.6028208494986099,0
2026-07-06,2026-07-03,GJR-GARCH-Normal,6696,0.3515735791919039,0
2026-07-06,2026-07-03,EGARCH-Normal,6696,0.3662056520152883,0
2026-07-07,2026-07-06,GARCH-Normal,6697,0.5506347381485462,0
2026-07-07,2026-07-06,GJR-GARCH-Normal,6697,0.3473699823136773,0
2026-07-07,2026-07-06,EGARCH-Normal,6697,0.3758450274869268,0
2026-07-08,2026-07-07,GARCH-Normal,6698,0.4965039344490391,0
2026-07-08,2026-07-07,GJR-GARCH-Normal,6698,0.3312461055811328,0
2026-07-08,2026-07-07,EGARCH-Normal,6698,0.3441640747768373,0
2026-07-09,2026-07-08,GARCH-Normal,6699,0.817043425242496,0
2026-07-09,2026-07-08,GJR-GARCH-Normal,6699,0.8448998398698062,0
2026-07-09,2026-07-08,EGARCH-Normal,6699,0.6859668979094228,0
2026-07-10,2026-07-09,GARCH-Normal,6700,0.7271000386518689,0
2026-07-10,2026-07-09,GJR-GARCH-Normal,6700,0.7729845129880689,0
2026-07-10,2026-07-09,EGARCH-Normal,6700,0.6510653922560987,0
2026-07-13,2026-07-10,GARCH-Normal,6701,0.6508678215819869,0
2026-07-13,2026-07-10,GJR-GARCH-Normal,6701,0.7053527272080626,0
2026-07-13,2026-07-10,EGARCH-Normal,6701,0.588998944577888,0
2026-07-14,2026-07-13,GARCH-Normal,6702,0.5811055865372527,0
2026-07-14,2026-07-13,GJR-GARCH-Normal,6702,0.6460584425413989,0
2026-07-14,2026-07-13,EGARCH-Normal,6702,0.5330759917106755,0
2026-07-15,2026-07-14,GARCH-Normal,6703,0.5299184692032478,0
2026-07-15,2026-07-14,GJR-GARCH-Normal,6703,0.5940592952325481,0
2026-07-15,2026-07-14,EGARCH-Normal,6703,0.4850621528806566,0
2026-07-16,2026-07-15,GARCH-Normal,6704,0.4813205078363755,0
2026-07-16,2026-07-15,GJR-GARCH-Normal,6704,0.5515115948440465,0
2026-07-16,2026-07-15,EGARCH-Normal,6704,0.46360071649704143,0
2026-07-17,2026-07-16,GARCH-Normal,6705,0.467310556845615,0
2026-07-17,2026-07-16,GJR-GARCH-Normal,6705,0.5110382806714833,0
2026-07-17,2026-07-16,EGARCH-Normal,6705,0.42452326724671596,0
2026-07-20,2026-07-17,GARCH-Normal,6706,0.4309932901791476,0
2026-07-20,2026-07-17,GJR-GARCH-Normal,6706,0.47542229782216217,0
2026-07-20,2026-07-17,EGARCH-Normal,6706,0.3884100475336739,0
2026-07-21,2026-07-20,GARCH-Normal,6707,0.46466532627824575,0
2026-07-21,2026-07-20,GJR-GARCH-Normal,6707,0.5402550013706457,0
2026-07-21,2026-07-20,EGARCH-Normal,6707,0.48497154345908877,0
2026-07-22,2026-07-21,GARCH-Normal,6708,0.458945670653663,0
2026-07-22,2026-07-21,GJR-GARCH-Normal,6708,0.5011509800674081,0
2026-07-22,2026-07-21,EGARCH-Normal,6708,0.4437811614816467,0
2026-07-23,2026-07-22,GARCH-Normal,6709,0.5958567908319516,0
2026-07-23,2026-07-22,GJR-GARCH-Normal,6709,0.46696402082765925,0
2026-07-23,2026-07-22,EGARCH-Normal,6709,0.4104016232220646,0
2026-07-24,2026-07-23,GARCH-Normal,6710,0.6077463215019501,0
2026-07-24,2026-07-23,GJR-GARCH-Normal,6710,0.5363458321629805,0
2026-07-24,2026-07-23,EGARCH-Normal,6710,0.510191466202669,0
2026-07-27,2026-07-24,GARCH-Normal,6711,0.6391167185231765,0
2026-07-27,2026-07-24,GJR-GARCH-Normal,6711,0.4978124073867613,0
2026-07-27,2026-07-24,EGARCH-Normal,6711,0.4679712454543004,0
2026-07-28,2026-07-27,GARCH-Normal,6712,0.5896114193641265,0
2026-07-28,2026-07-27,GJR-GARCH-Normal,6712,0.46381572863512416,0
2026-07-28,2026-07-27,EGARCH-Normal,6712,0.4278632314613998,0
2026-07-29,2026-07-28,GARCH-Normal,6713,0.6061798734407312,0
2026-07-29,2026-07-28,GJR-GARCH-Normal,6713,0.4340113137823536,0
2026-07-29,2026-07-28,EGARCH-Normal,6713,0.39411993562315084,0
2026-07-30,2026-07-29,GARCH-Normal,6714,0.5545652228149465,0
2026-07-30,2026-07-29,GJR-GARCH-Normal,6714,0.40769026937680214,0
2026-07-30,2026-07-29,EGARCH-Normal,6714,0.3615883451065827,0
2026-07-31,2026-07-30,GARCH-Normal,6715,0.5013608889780348,0
2026-07-31,2026-07-30,GJR-GARCH-Normal,6715,0.38650117096038694,0
2026-07-31,2026-07-30,EGARCH-Normal,6715,0.34669166599244244,0
2026-08-03,2026-07-31,GARCH-Normal,6716,0.4652948735210229,0
2026-08-03,2026-07-31,GJR-GARCH-Normal,6716,0.37948507824886807,0
2026-08-03,2026-07-31,EGARCH-Normal,6716,0.35967682848823607,0
2026-08-04,2026-08-03,GARCH-Normal,6717,0.42497838738019267,0
2026-08-04,2026-08-03,GJR-GARCH-Normal,6717,0.3614303100560368,0
2026-08-04,2026-08-03,EGARCH-Normal,6717,0.3440645808635573,0
2026-08-05,2026-08-04,GARCH-Normal,6718,0.3915592339272904,0
2026-08-05,2026-08-04,GJR-GARCH-Normal,6718,0.34376848972691965,0
2026-08-05,2026-08-04,EGARCH-Normal,6718,0.3162406654974079,0
2026-08-06,2026-08-05,GARCH-Normal,6719,0.35996225081953803,0
2026-08-06,2026-08-05,GJR-GARCH-Normal,6719,0.3281906745366105,0
2026-08-06,2026-08-05,EGARCH-Normal,6719,0.29081797337963405,0
2026-08-07,2026-08-06,GARCH-Normal,6720,0.3391319914886725,0
2026-08-07,2026-08-06,GJR-GARCH-Normal,6720,0.32117753794697307,0
2026-08-07,2026-08-06,EGARCH-Normal,6720,0.29425369879000596,0
2026-08-10,2026-08-07,GARCH-Normal,6721,0.32386593590724977,0
2026-08-10,2026-08-07,GJR-GARCH-Normal,6721,0.3083170004340599,0
2026-08-10,2026-08-07,EGARCH-Normal,6721,0.2718919793636976,0
2026-08-11,2026-08-10,GARCH-Normal,6722,0.32133570384745064,0
2026-08-11,2026-08-10,GJR-GARCH-Normal,6722,0.3208069802546753,0
2026-08-11,2026-08-10,EGARCH-Normal,6722,0.30158930241620496,0
2026-08-12,2026-08-11,GARCH-Normal,6723,0.3050744133277729,0
2026-08-12,2026-08-11,GJR-GARCH-Normal,6723,0.3133631786066853,0
2026-08-12,2026-08-11,EGARCH-Normal,6723,0.30149265053062413,0
2026-08-13,2026-08-12,GARCH-Normal,6724,0.2882246987008037,0
2026-08-13,2026-08-12,GJR-GARCH-Normal,6724,0.3033474594987833,0
2026-08-13,2026-08-12,EGARCH-Normal,6724,0.291523585840765,0
2026-08-14,2026-08-13,GARCH-Normal,6725,0.3165608310306175,0
2026-08-14,2026-08-13,GJR-GARCH-Normal,6725,0.35181531700705565,0
2026-08-14,2026-08-13,EGARCH-Normal,6725,0.35568302534228147,0
2026-08-17,2026-08-14,GARCH-Normal,6726,0.30330409963100624,0
2026-08-17,2026-08-14,GJR-GARCH-Normal,6726,0.3435434890835147,0
2026-08-17,2026-08-14,EGARCH-Normal,6726,0.3584144852879032,0
2026-08-18,2026-08-17,GARCH-Normal,6727,0.2967564377190937,0
2026-08-18,2026-08-17,GJR-GARCH-Normal,6727,0.342471280154633,0
2026-08-18,2026-08-17,EGARCH-Normal,6727,0.37216049842536386,0
2026-08-19,2026-08-18,GARCH-Normal,6728,0.27874933504108507,0
2026-08-19,2026-08-18,GJR-GARCH-Normal,6728,0.3269217111052387,0
2026-08-19,2026-08-18,EGARCH-Normal,6728,0.34063328606427307,0
2026-08-20,2026-08-19,GARCH-Normal,6729,0.26460127868663175,0
2026-08-20,2026-08-19,GJR-GARCH-Normal,6729,0.31323473903774324,0
2026-08-20,2026-08-19,EGARCH-Normal,6729,0.3127207975458216,0
2026-08-21,2026-08-20,GARCH-Normal,6730,0.2510583857723673,0
2026-08-21,2026-08-20,GJR-GARCH-Normal,6730,0.3011602860029461,0
2026-08-21,2026-08-20,EGARCH-Normal,6730,0.2872443789578055,0
2026-08-24,2026-08-21,GARCH-Normal,6731,0.28467580295724454,0
2026-08-24,2026-08-21,GJR-GARCH-Normal,6731,0.29075430562758603,0
2026-08-24,2026-08-21,EGARCH-Normal,6731,0.2670611983644922,0
2026-08-25,2026-08-24,GARCH-Normal,6732,0.28034665308148854,0
2026-08-25,2026-08-24,GJR-GARCH-Normal,6732,0.2814233464232018,0
2026-08-25,2026-08-24,EGARCH-Normal,6732,0.24750724330785318,0
2026-08-26,2026-08-25,GARCH-Normal,6733,0.27270996931512853,0
2026-08-26,2026-08-25,GJR-GARCH-Normal,6733,0.27316619098836736,0
2026-08-26,2026-08-25,EGARCH-Normal,6733,0.22961988545296014,0
2026-08-27,2026-08-26,GARCH-Normal,6734,0.25950078830193074,0
2026-08-27,2026-08-26,GJR-GARCH-Normal,6734,0.2669050828035968,0
2026-08-27,2026-08-26,EGARCH-Normal,6734,0.2215240362213463,0
2026-08-28,2026-08-27,GARCH-Normal,6735,0.3335338805968122,0
2026-08-28,2026-08-27,GJR-GARCH-Normal,6735,0.37828466794587556,0
2026-08-28,2026-08-27,EGARCH-Normal,6735,0.32420556744321727,0
