Date,GARCH-t,GJR-GARCH-t,EGARCH-t,EWMA
2018-01-02,0.018114448918021112,0.00013131425614953019,0.002650319150281687,0.0010548303710692171
2018-01-03,0.09842052134138204,0.04262823547609487,0.03226071058999869,0.043436620830151644
2018-01-04,0.07500253752470827,0.03171611048742462,0.020485883211359638,0.033086594381655766
2018-01-05,0.049175942817286246,0.01813499963684634,0.008464967930104742,0.019720817837509567
2018-01-08,0.044610035497794805,0.016594303884048967,0.0061854553795058255,0.01895256510050578
2018-01-09,0.017464131718794153,0.005187933841472178,0.0014384990419803426,0.003415233414258154
2018-01-10,0.07507754025031886,0.04377190188150679,0.027615856978909767,0.04155320193393054
2018-01-11,0.07303543273996865,0.04627324178234039,0.02744596589745899,0.04337478479837157
2018-01-12,0.059698048995804415,0.03961913067012195,0.020721546960893508,0.035880674950661266
2018-01-15,0.06419508984903573,0.04673172536973873,0.024230323659213193,0.04159305560713309
2018-01-16,0.05049132958014415,0.03898675981300582,0.02062894308542015,0.03158574691653447
2018-01-17,0.007622548425290905,0.004836384948471124,0.0005986526186839688,0.0016583249461790607
2018-01-18,0.022139709484839797,0.02163956319251787,0.013030972654689268,0.008735412883326717
2018-01-19,0.009676015255789703,0.01159058758308332,0.008009306995716175,0.0015027788179755737
2018-01-22,0.04215933510691064,0.042688649074569374,0.03186364852530204,0.021269295278503197
2018-01-23,0.0365809622641771,0.039837921036617506,0.03322442893205872,0.017361751336256413
2018-01-24,1.203587777707627,1.181746235065889,1.2386728612008115,1.3302405757311762
2018-01-25,0.05647578598948646,0.11506358471790609,0.06014622504536485,0.01150951768603253
2018-01-26,0.00437600770113625,0.0014884885648423242,0.0003395199403322219,0.0366363372593906
2018-01-29,0.1320505554562699,0.17965883331362484,0.12910281093108136,0.05620292019820727
2018-01-30,0.7352896124292635,0.6345941763412286,0.7427161143740619,0.9385087915700121
2018-01-31,0.003922297610061583,0.005970568843622814,8.847494569672015e-05,0.053171100943204534
2018-02-01,0.021964845319174486,0.0984081736744847,0.07629110237981811,0.0008875194720768895
2018-02-02,0.0067196189378852,0.06660376631586509,0.07658004760877832,0.008739495154698835
2018-02-05,2.7791359285818107,2.1819228621719104,1.9650892538083244,3.399792627607926
2018-02-06,41.78054981158732,37.71059079597136,37.08359621035811,45.372515244130426
2018-02-07,4.924167050396402,2.0175292817902806,3.0597239460493038,8.0663511969494
2018-02-08,0.3380757242687936,0.05724026009090234,0.3487856260656426,1.6129915440882203
2018-02-09,0.311899322597897,1.0794814663671997,0.7011653064685786,0.018435707989507288
2018-02-12,0.09123083252619728,0.6962601904867117,0.6841223789567217,0.10988488753138606
2018-02-13,2.725742678502411,4.015721595088386,3.7991203231563246,1.1699927194243596
2018-02-14,1.1541333686501511,1.9976986204998408,1.9363125321962669,0.3889457246671098
2018-02-15,1.630695106748415,2.437820477878185,2.296735865161118,0.8327428138383671
2018-02-16,0.2900191436555964,0.6487215807595665,0.5614137661741959,0.06802802949304237
2018-02-19,0.5440861568781875,0.8576240559891235,0.7249417675973912,0.25727255734967497
2018-02-20,1.1759449524739003,1.677998460433679,1.773780394973488,0.8000412632798942
2018-02-21,0.5484619924574897,0.8928487307579347,0.952838431222992,0.373849992933298
2018-02-22,0.5309352589964059,0.818630537740505,0.842914447895888,0.4131823173927581
2018-02-23,0.6529156093298027,0.9760035690265281,1.1445266059453125,0.567766342462182
2018-02-26,0.12417796959869375,0.2767061671353148,0.38550045156142,0.11128678633221284
2018-02-27,0.4806378750014936,0.6773888080234154,0.7964818276236837,0.4774285226159704
2018-02-28,0.022208484977269537,0.07630807918089247,0.12652315606692216,0.029878122570631386
2018-03-01,0.0005630871103498419,0.03163230855708404,0.10439847107979291,0.0014308467452308965
2018-03-02,2.41398887420066,1.8692863404544022,1.3337669704998172,2.420881637921026
2018-03-05,0.17748185417721513,0.5561385896430215,0.9299863760304923,0.10067069959177943
2018-03-06,0.37486505043234963,0.763916752745895,1.1010094535680606,0.2853140395863857
2018-03-07,0.5061594804167362,0.8850963000821326,1.1736591448717586,0.4421920453018763
2018-03-08,0.06954798021539252,0.22928699493616286,0.3579603231680304,0.061980004668540326
2018-03-09,0.30298673302779844,0.5110027838689835,0.6497062803730711,0.2987852369659141
2018-03-12,0.3194353747257136,0.511816188192368,0.6202427023936904,0.33982344141406623
2018-03-13,0.34800072991934405,0.19859995990250237,0.1290799407055563,0.30848526688717537
2018-03-14,0.3717900563066966,0.6734664662470249,0.8958013147810119,0.3505082837595826
2018-03-15,0.302469706633496,0.5600667210881004,0.7661079406783677,0.3068321746195646
2018-03-16,0.15411547277967833,0.3351901415662842,0.47004669308347674,0.1723424743125078
2018-03-19,5.951144342418517,5.170791229912522,4.791233738315319,5.786887769571556
2018-03-20,0.4893288404655086,1.1066348083098572,1.0971639908379578,0.33865134518457046
2018-03-21,0.355526925896627,0.8416129462101398,0.8162939215848688,0.26527644053843147
2018-03-22,0.7797978667925436,0.3366369308009457,0.28914157517312267,0.8857292742285023
2018-03-23,0.31775819117694476,0.894002097647476,1.088566560054076,0.19786385963750353
2018-03-26,0.2288521118535354,0.709329493320639,1.0199083095726404,0.1465490512130191
2018-03-27,3.6242446344813,2.4155710566857684,1.741574057149315,3.930162852727404
2018-03-28,0.2215943527442257,0.27587075842846964,0.48958064627106584,0.09399263445393145
2018-03-29,0.6324441169701256,0.6698846602946269,0.9173947186053141,0.43966347992702065
2018-04-03,0.3661304801776961,0.4052657268317137,0.5674235510939053,0.26467200027224025
2018-04-04,0.4693920194324168,0.535954627194833,0.7985831076965092,0.38245306408741103
2018-04-05,22.92140658076549,22.42026660390215,21.129029890791603,23.277122158729174
2018-04-06,1.1788396120946847,0.32698440958328046,0.43216908381514,0.6796289237556365
2018-04-09,0.9951873447300539,0.3102359580489204,0.4437900016248023,0.6392718432800978
2018-04-10,0.005567266261373427,0.20711677224331368,0.13270267513523115,0.046515427740987256
2018-04-11,0.8190607381356696,0.22965296129265697,0.2936299447589336,0.5943498981175322
2018-04-12,0.69153236605614,0.2157059853081045,0.28844333723721816,0.5509378458448817
2018-04-13,0.5489935991701669,0.18021991914316088,0.23426113442049057,0.4767378978662499
2018-04-16,0.028238333026808195,0.19392140803894084,0.15516015371768735,0.034808711610853096
2018-04-17,0.31463983324850103,0.14707624879178496,0.19540026349746267,0.2684343098832713
2018-04-18,0.8436510061844015,1.1651263090693136,1.0761018726443619,0.8766976380276669
2018-04-19,0.5288143316348859,0.18802977491818607,0.20283507058590586,0.44590011778428523
2018-04-20,0.15505806326628827,0.019873166615550084,0.021982202085317454,0.13451874756004448
2018-04-23,0.21893764361920487,0.05101408171104988,0.04843957947747986,0.20967248665980903
2018-04-24,0.21831954276963414,0.060306841683420424,0.05256144414782669,0.22608340245953046
2018-04-25,0.026385623020749566,0.0013828774118326672,0.0039085495949408265,0.034939775174695605
2018-04-26,0.05046736400872826,0.00628952101070941,0.005942786125814584,0.057560774310787856
2018-04-27,0.41490392170172535,0.6325485038959668,0.6561676324989338,0.3886625146792732
2018-04-30,0.34799215930037924,0.119610808355481,0.0990399817950306,0.33364851986734034
2018-05-01,0.27181818065556473,0.0974865855529993,0.07612396878628423,0.28100063856317276
2018-05-02,0.16260264256749488,0.050089089681667615,0.03313007628502731,0.18358429999429113
2018-05-03,0.02840151093230402,8.108906551856393e-05,0.0015518740244352604,0.04185058419938651
2018-05-04,0.07548504482924386,0.15352802666158258,0.1777924424577831,0.06169071483609579
2018-05-08,0.2384047142893741,0.10227091366636108,0.07689662518022305,0.24674258127182935
2018-05-09,1.3621087653851551,1.7157084094783162,1.830983140323948,1.31271200613804
2018-05-10,0.10300930323354258,0.0014348125335741622,0.00040115648624829435,0.08109802750256331
2018-05-11,0.2011591284892236,0.033101505413487775,0.013723603538692942,0.1808402975606211
2018-05-14,0.22022402874558666,0.053928089864299145,0.026363486811837835,0.21373342792998698
2018-05-15,0.19101197812229082,0.05492387180815719,0.031064502188378484,0.19487489369353747
2018-05-16,0.16140169506993834,0.05147030455675567,0.026902125857054277,0.17483991927769818
2018-05-17,0.008479291657149774,0.05869425281567195,0.09580273828412925,0.00441902921002218
2018-05-18,0.15148144594102653,0.04686773062359157,0.020030853636118607,0.16327129830945294
2018-05-21,0.46842872074561115,0.6915934808377745,0.8096313697468218,0.44031257462266504
2018-05-22,0.15618138222362044,0.02761833757171847,0.007846796780774774,0.14403447601471603
2018-05-23,0.7730875624695388,1.1669162059885723,1.3507423756469268,0.7798724963094416
2018-05-24,0.10416246679521726,0.16630727102664333,0.3266304241387929,0.15330409025614136
2018-05-25,0.3087468212688405,0.29667557438275366,0.1467789719753214,0.2082214668589515
2018-05-29,1.174578586631018,1.1807133410711799,1.5356662782760508,1.3405307242850608
2018-05-30,0.014531518566116376,0.055897981965910344,0.00206243478137807,0.0005837629740882827
2018-05-31,0.41069875216440205,0.49132473313258473,0.26795918454414275,0.25892437329994755
2018-06-01,0.25911965523341773,0.328336584143198,0.18175476391028655,0.16495501332050486
2018-06-04,0.08566792375151216,0.12354498131815476,0.044693519797297535,0.045910569220201945
2018-06-05,0.0008103027027739481,0.004366625509781202,0.004911743691166297,0.0012995516742669556
2018-06-06,0.18543586093913084,0.25440995928259413,0.16960462880498978,0.12582431367178717
2018-06-07,0.24055802823375153,0.3091518928713951,0.2152379604915639,0.18767134035878275
2018-06-08,0.13504538849988132,0.18873693827546809,0.13087171150587232,0.10644056381694592
2018-06-11,0.010116460615889871,0.0007897605187248058,0.004202963466578005,0.01820155489294947
2018-06-12,0.06674818795463157,0.07821081567695545,0.054685421312979134,0.047135989801748435
2018-06-13,0.1887734366265252,0.22300259263603778,0.21465361967991278,0.15482670455794137
2018-06-14,0.06075830598795633,0.0420970047679044,0.04761276009532039,0.07547449154163643
2018-06-15,6.279973918017788,6.371955218819659,6.500450131058305,6.493432545408247
2018-06-18,0.527701657635773,0.8382321954020663,0.524897282827178,0.28954030161938366
2018-06-19,0.2783577181512083,0.49973805353657386,0.2903079446969863,0.14257113603702914
2018-06-20,0.2669323926340699,0.4814551308706842,0.3459954411899168,0.15139156408624202
2018-06-21,0.09749619059782755,0.023101094222965256,0.06517327033884436,0.17111574982374497
2018-06-22,4.477990634538142,3.6382127442614776,3.8446589855027304,5.038540748662712
2018-06-25,18.65555872686789,19.386624701916606,20.02336981979353,20.584770906402134
2018-06-26,1.4456406837285916,2.220130761538643,1.2920969669072244,0.5673081867439872
2018-06-27,0.00020047522253897212,0.062005930565466376,0.006382395055252156,0.14049304751253774
2018-06-28,1.4337074249823643,1.7580740606932832,1.020772475733763,0.745758579560898
2018-06-29,0.9984968065626241,1.278463237603217,0.7421876552686336,0.5478417509219419
2018-07-02,0.16267024282787523,0.07662601614313125,0.27766869902574765,0.3604594861476355
2018-07-03,0.4517803919638727,0.7905987608248057,0.5070301378933265,0.20264057114513995
2018-07-04,0.7880084481366388,1.1288261819119756,0.7910843826141768,0.5066848700881583
2018-07-05,0.5091040385564929,0.78641042828023,0.6040534739073948,0.33955670666649596
2018-07-06,0.5783567347337228,0.8363758824306208,0.6489274436611142,0.44729438898574536
2018-07-09,0.015286541238203652,0.0005576047871527683,0.006682744466274599,0.03199869370392823
2018-07-10,0.5340250577785998,0.624771855574491,0.46257897445852497,0.45292994031768957
2018-07-11,1.1034114149959922,0.972026234347585,1.1892804593217845,1.1600292660510805
2018-07-12,0.03667756515868462,0.13837792486958544,0.07164041827450207,0.008947304918229957
2018-07-13,0.5737202400721533,0.760691509530763,0.5831160041533942,0.4557693717383369
2018-07-16,0.0028901671026208644,0.027894408060674555,0.00394437444706191,4.089021558042006e-05
2018-07-17,0.3556569185417558,0.5612016259993905,0.5102220353441994,0.2900339642770858
2018-07-18,0.050575386426983504,0.13169677733971422,0.10373771428707909,0.037646343120629304
2018-07-19,0.3849282396698805,0.5094774072358602,0.4412254907059777,0.3592525744611281
2018-07-20,0.3213167816871598,0.43558163926033827,0.37105174632616666,0.3236283121488354
2018-07-23,0.18505211703735253,0.27314129481868243,0.23466947901286925,0.20191381164975683
2018-07-24,2.421221609424903e-05,0.010175322087122941,0.010293600705186146,0.0009622481708594265
2018-07-25,0.002773519204515046,0.010186273234671906,0.007857511668813166,0.005387162494474644
2018-07-26,0.24660474008649405,0.3304581691375417,0.3675229376432357,0.25201976298756834
2018-07-27,0.04428551574621342,0.08349745308073397,0.09651332877282501,0.05291185372666276
2018-07-30,0.19322171788505327,0.24560933891399672,0.2542063453818374,0.21359009897141906
2018-07-31,0.0003253918058979541,0.005749064568583966,0.006293781228662226,0.0024959479413834067
2018-08-01,1.3106510226005417,1.2586209437892744,1.278639010957869,1.2530420381633744
2018-08-02,0.22011693327988038,0.11568851063773096,0.14980469499757104,0.2745822177582782
2018-08-03,0.3243548927507479,0.1439238947349341,0.14990447457735945,0.4394575351571018
2018-08-06,0.46361612445921063,0.5497048835730503,0.5128165657655087,0.32043983579282304
2018-08-07,0.012745871184663554,0.03160339136468214,0.02223565386579733,0.0009029512575025946
2018-08-08,0.0020110570429134693,0.0041480927060095155,0.0006564015307692054,0.0009145508848317009
2018-08-09,0.16347983282124262,0.1424070890743626,0.10841612648495115,0.1112700168910706
2018-08-10,0.13415724987493458,0.13624311032596245,0.13749041166646397,0.18210368699727503
2018-08-13,0.2832304363198693,0.3590444696791801,0.3928253534475021,0.19275049075753123
2018-08-14,0.18044708526319903,0.25003266632687043,0.3231858067471362,0.12319854383242611
2018-08-15,2.92096658176112,2.6347358893881174,2.28101318463459,3.136747541879437
2018-08-16,0.02583483659260568,0.157019657701185,0.22186591915101647,1.3599856355732821e-05
2018-08-17,0.5585308141102239,0.8297058416632603,0.9232924526788359,0.35965328541306907
2018-08-20,0.23865847066961404,0.4173656808934227,0.46892121160282363,0.14305478090073803
2018-08-21,0.26284762442576376,0.41945062395157584,0.4508068399701753,0.1829942830337686
2018-08-22,0.3259596422777706,0.500571794639514,0.6034089225799812,0.2536204929657387
2018-08-23,0.2593074850972362,0.41002549354231305,0.4836384880397562,0.2161104508147481
2018-08-24,0.20332453710620105,0.3336373354603448,0.41955141884065184,0.17844396489707104
2018-08-28,0.030066470130727083,0.08576917749828987,0.12091078565425663,0.025503429034992843
2018-08-29,0.005253557727885644,0.0003040259056783369,0.0030553693310878204,0.006885224555264596
2018-08-30,0.004487521046105932,0.03464555969489527,0.07013973963149972,0.001313412763840393
2018-08-31,0.613390409585152,0.4159964618201844,0.26959945193239665,0.6808231529650277
2018-09-03,0.13069428835380648,0.02227718712790235,1.6141937591348407e-07,0.21076366354053763
2018-09-04,0.049971207537647305,0.10912937170850685,0.19860564007781328,0.012852866618587835
2018-09-05,0.1655474721535596,0.07731643049493199,0.011011247817719425,0.264641623243105
2018-09-06,0.009807734949258443,0.00816221806959935,0.0987901487319134,0.0566408682716018
2018-09-07,0.13914338118567213,0.36113630487073545,0.7977533408823242,0.04891127596860347
2018-09-10,0.44316939687896695,0.8085916683983583,1.5633005892433718,0.2783899935706743
2018-09-11,0.3555626707264608,0.6650706535312966,1.257130995753897,0.2401969617532257
2018-09-12,0.06195494550420685,0.20664196818405842,0.5483587699991387,0.0281450109492506
2018-09-13,0.11320519842456361,0.2519339119091104,0.5534242985543206,0.07133724766453214
2018-09-14,0.1676314492249763,0.3328562049391127,0.7343797296292471,0.12014062107654436
2018-09-17,0.21752255187540642,0.381009062472229,0.7349707462796335,0.17596458781037552
2018-09-18,0.1820819840847814,0.3245563484228151,0.6152275220584931,0.15548203197737437
2018-09-19,0.04573345790355739,0.12206978743730769,0.2925476160037527,0.037219838393319875
2018-09-20,0.017940473229353833,0.060953200374598636,0.16590352595541577,0.013719946915463114
2018-09-21,5.607846161183626,5.20691925553002,4.620407135091521,5.685359873084791
2018-09-24,0.19418079014037726,0.05999146478168803,0.11865006602941142,0.09908189646850168
2018-09-25,0.023932164767653735,2.0605405678511218e-07,0.0163288078682517,0.0019895750475901115
2018-09-26,0.32620606219279963,0.16098044472904555,0.25376226263600626,0.22234189711645938
2018-09-27,0.10151784934552505,0.030913128985500495,0.0677817262791524,0.05913370879057237
2018-09-28,0.07529018457596484,0.018878141822617187,0.04096526642304565,0.04524090113465903
2018-10-01,0.19415701703875338,0.11480563070675691,0.18405864084504955,0.14534068329522692
2018-10-02,0.13194288333994764,0.07930054831815099,0.14528248210164282,0.10001175848464813
2018-10-03,0.036021419502246715,0.01645354347925777,0.05938531890728179,0.022411653079052376
2018-10-04,1.2457253757083095,1.4017477439668595,1.1913800571158601,1.3257784508277581
2018-10-05,1.6628434730666917,1.548157009172293,1.42737287966229,1.9535591932394996
2018-10-08,0.4430923752024703,0.2460606102092721,0.21908314609198842,0.7234404371030548
2018-10-09,0.6285753610090278,1.0904841784188224,1.2590322427833753,0.3228524530653511
2018-10-10,0.8384352007885318,0.46170921837145823,0.38109459193828676,1.1997992635318055
2018-10-11,9.071769252873832,7.199704535450907,6.6199566721972225,10.52543404097463
2018-10-12,1.3549613927276192,2.9874430888367947,3.1527545485003623,0.5980487412394607
2018-10-15,0.7069119972623686,1.8538227713461592,2.064954530638634,0.2768026221873924
2018-10-16,0.6269978194972133,1.5661784572899295,1.6898918737584698,0.2875735389734554
2018-10-17,0.7872862092116356,1.678638169706066,1.7499759300877304,0.46683219351313965
2018-10-18,0.4219277559841133,1.0553253242106695,1.1269727292655707,0.2432619677402162
2018-10-19,0.4083257245764995,0.9941363466571659,1.203589706677348,0.2625081000921836
2018-10-22,0.4495062467327934,0.9867282696996296,1.145623198272022,0.3325584788853936
2018-10-23,0.9006399309628624,0.42191779173608823,0.31936717229725736,1.0294148277863044
2018-10-24,0.5282018062817412,1.2221825940027826,1.5333192903537651,0.36031338437220994
2018-10-25,0.10358247246983719,0.4505978817497938,0.6075036861155163,0.05310311837748123
2018-10-26,0.04780977375337275,0.005198301945217789,0.023642101582319136,0.0858090426384645
2018-10-29,0.7467732274881574,0.2918411022938625,0.14719439132537146,0.923582313822141
2018-10-30,0.5619726639205448,0.8012326223309525,1.0262466117363542,0.3838748257918786
2018-10-31,1.0014958222346484,0.7395219037658299,0.5829374353649441,1.1966913257523413
2018-11-01,0.5829122945700914,0.5323003827017826,0.6334570923361343,0.3985076822706326
2018-11-02,0.4118613418164411,0.39014873235532177,0.5080411824075943,0.2967258196798256
2018-11-05,0.42101195631850624,0.42053464489346004,0.5914203675563421,0.33344961031929155
2018-11-06,0.03636745208890666,0.03307899693190558,0.006728650220677263,0.0550293032050388
2018-11-07,0.27909064492076113,0.21225690513801804,0.10088753926560358,0.35443714577671576
2018-11-08,0.34932561600977485,0.2974587793682679,0.43088056009784814,0.2535382765923814
2018-11-09,0.15513583338616316,0.12587819393043181,0.19759310753467205,0.11159627129834239
2018-11-12,0.004629749837908817,0.003271587950444064,0.03657079133267744,0.0002992331940935657
2018-11-13,0.38407833435897853,0.4265649923041796,0.6964763240093467,0.31346286215821745
2018-11-14,0.23208399236441374,0.2716764638934255,0.4576508882651704,0.19870429286871577
2018-11-15,0.26948752818387034,0.3219022825391021,0.5557022852239365,0.24608926798878278
2018-11-16,0.12867833952437807,0.16850215747399053,0.3159519974733552,0.12405416882408937
2018-11-19,0.17360585326360498,0.2277538526034231,0.42864430228200306,0.17166380098394657
2018-11-20,0.02532192870458244,0.009179852126677268,0.007554692489998593,0.023594835088390866
2018-11-21,2.8343981695144835,2.508291519324495,1.8670645042773966,2.9013817734788256
2018-11-22,1.0307225018520267,1.2871379275513362,0.9179582654433456,1.2358325795631975
2018-11-23,0.5612951292553597,0.5764846199222342,0.8524203957244018,0.3489071806926228
2018-11-26,0.5228236406161526,0.49358605680380047,0.2916219996299478,0.7140662433034481
2018-11-27,0.47698911915921494,0.3344177255505848,0.4981369520753395,0.2952474644032706
2018-11-28,0.4475708571164941,0.3404804872028093,0.5421179015613259,0.30622253997737753
2018-11-29,0.1575628545893446,0.11031976013892994,0.24408435544343596,0.09612983433400438
2018-11-30,0.010633945653105258,0.029917107513818472,0.0015357592116360163,0.029179575897337415
2018-12-03,0.5518106333978604,0.5651999594662356,0.3377942700916753,0.6847788285887028
2018-12-04,0.15219380037422828,0.0651718867353244,0.15286767297834208,0.07649428219334349
2018-12-05,2.0194107473629246,2.2871492864805747,1.7782109138117936,2.3174809120220052
2018-12-06,87.64394166586116,86.40697306586297,83.67224312855349,91.10130805745578
2018-12-07,0.4842206373782127,2.16503403290953,0.8777104248236525,0.0012329680749182208
2018-12-10,1.2306310165264258,2.9016739087408157,1.4189219695006323,0.28612504525386917
2018-12-11,0.010450236255012742,0.48947926643142076,0.15105497333964585,0.15057573077608336
2018-12-12,0.2771569658572897,0.8464559396185417,0.36804846149017406,0.006726219594778062
2018-12-13,2.576400318523262,3.472314314913037,2.4173669073361865,1.4952364393480866
2018-12-14,1.4667078968652678,2.1389788297975985,1.411152756737677,0.863719615974006
2018-12-17,0.035787828538138014,0.19839918168088572,0.08220333454754786,0.0005239965935131929
2018-12-18,0.028553206665407175,0.23765315460566183,0.21232582621139298,0.001077451333313846
2018-12-19,0.14433583321379184,0.5695720978173491,0.7421975873132961,0.034866839945365526
2018-12-20,0.36409865511519046,0.7492225387850381,0.870769680998885,0.19823151323254454
2018-12-21,1.3716948807261546,2.1388301351948553,2.715597762366586,1.0846421884801658
2018-12-24,0.6257445000865315,1.1375554104712384,1.4818883986876257,0.5218942316653783
2018-12-27,1.795655912178921,1.129444499452561,0.6918929503594926,1.8933910704102197
2018-12-28,15.003877296917656,11.958614888593374,10.054160922500545,15.915572503340828
2018-12-31,2.3976798123324032,1.9999415325142662,2.635873879872504,1.610476235846773
2019-01-02,1.909314341882304,1.6439736019824436,2.1985618002710736,1.4217526245655674
2019-01-03,0.7400493220822343,0.6226960067755454,0.9150041298049312,0.5578842122225653
2019-01-04,11.67622625185791,11.841585038631484,10.188963742495677,12.188083672577369
2019-01-07,1.8519998344390356,0.7788528747026029,1.1418048859813448,1.3062176150011848
2019-01-08,0.6710948565522179,0.1757343373856234,0.4286463560046043,0.4557487207841992
2019-01-09,0.7220538446368451,0.20886652298264302,0.4234628756269029,0.5735283430788647
2019-01-10,0.8252107914687238,0.28459748724618994,0.4791524733628347,0.7471657423786906
2019-01-11,0.9178123332010409,0.37579741201170747,0.5519188074773438,0.9221797083132331
2019-01-14,0.021810794908316694,0.019570424562860237,0.0008430217358061687,0.03514207453849754
2019-01-15,0.4210969083640605,0.21119999845349383,0.4621932744451682,0.4623116149787927
2019-01-16,0.48710414601768903,0.26074091112705866,0.4821298319326622,0.573310893816723
2019-01-17,0.4744935354404998,0.2989970042036326,0.6031741550357852,0.5889880359184615
2019-01-18,8.68214685094704,9.31640551633219,7.7614771090290136,8.123051507907245
2019-01-21,1.2013916943056884,0.39694871201804915,0.7063657667182197,1.1153302137785783
2019-01-22,0.00012485931153621344,0.17121484886265317,0.05383329830023974,2.5537740729716404e-06
2019-01-23,0.07549787372572975,5.131088962903214e-05,0.04288004388252266,0.0724987648264268
2019-01-24,0.7399425589926165,0.4457971513112736,0.8786467926144413,0.7316105552424751
2019-01-25,0.7718273695985175,0.5272871534152752,1.0524549938258871,0.820387707206593
2019-01-28,0.0007023177446539592,0.022456723081899357,0.020397595092354347,0.001068764276015048
2019-01-29,0.6455345485818392,0.7199099596329681,0.25575025652762823,0.5834628996876426
2019-01-30,2.348040980564154,2.974245363878462,2.07553627861368,2.3382572947409996
2019-01-31,0.8380507374443062,0.2585799396952482,0.544852896820802,0.7287121944447568
2019-02-01,0.18945818097101239,0.005224995696013887,0.07131602041371618,0.17519372468489883
2019-02-04,0.7868996672232352,0.2749715102449935,0.46911768887876043,0.7961094476306456
2019-02-05,10.440983911760213,12.572526593978797,11.630310673633097,10.172327174105737
2019-02-06,1.361437680071976,0.2325352449733005,0.33533122664834025,1.135533438518181
2019-02-07,0.036824163890180964,0.6229230943148294,0.48778589551881507,0.05608870693716597
2019-02-08,0.9702938394379614,0.2977420605389031,0.40217826831343384,0.8453841729089875
2019-02-11,0.10395981101595787,0.002606961131464685,0.00495609468913382,0.0895838033461132
2019-02-12,0.8997929662640869,0.3180845555149893,0.4336727274850753,0.8896387255435689
2019-02-13,0.042903987815627306,0.015372497347623594,0.002144678451320624,0.057933523547553344
2019-02-14,0.6832607203872232,0.23058391217476748,0.2874935717290742,0.7532343844473568
2019-02-15,0.20217244476495622,0.022872818093108722,0.03756854080913964,0.27105490991723596
2019-02-18,0.4233942143533189,0.13476846188193894,0.15509668297378004,0.5407857262165495
2019-02-19,0.1120378191124671,0.008839530163123433,0.01962446329051915,0.18882563983692274
2019-02-20,0.02422133207391754,0.0009687261824241247,0.0020843308108710315,0.0632883250130365
2019-02-21,0.012234564441020833,0.09752759624260655,0.06558491205894351,0.00026233545371470203
2019-02-22,0.37967646761084684,0.24088708811367024,0.3201429487812408,0.4669112102896355
2019-02-25,0.33321508099539493,0.22421905350202137,0.2838969252403495,0.43777733930749685
2019-02-26,0.1039503139712718,0.057070582506149,0.08106299345929044,0.1764955395265334
2019-02-27,0.0167325426589308,0.005639073582811865,0.02364697882742116,0.04954983643015106
2019-02-28,0.08999284905037692,0.07989407087805661,0.15713467409133358,0.14315786577392284
2019-03-01,0.0830626093876011,0.08591954644845946,0.19471389915194162,0.13108738675226966
2019-03-04,0.09993090079913243,0.0966139580609927,0.18732190464735662,0.15419345242510007
2019-03-05,0.0007716802731833431,0.0013944749375920155,0.003821122277258304,0.00269892390928371
2019-03-06,0.17468522851226473,0.1389820370579724,0.20158495866601528,0.23679284476164936
2019-03-07,0.01604289758902289,0.008517271740576949,0.023109436061867085,0.040740919008571984
2019-03-08,0.020638286707051375,0.02260331309471834,0.003924424679514769,0.006833891996410769
2019-03-11,0.09691523453309685,0.12043831796649908,0.21262258445755733,0.11863569535885843
2019-03-12,0.11482779433874235,0.13473542330281105,0.21097537916604422,0.1421986539360354
2019-03-13,0.1457057109534917,0.16643785393221383,0.23168146957972802,0.18078408982761363
2019-03-14,0.05288563083542726,0.06775647469356354,0.10113795155097019,0.07769568261660828
2019-03-15,5.41678261662543e-05,0.00024037141351239852,0.003249091944664514,0.0016899492329818027
2019-03-18,0.3581012149858353,0.3650499149737024,0.3352613281438406,0.31334440843188144
2019-03-19,0.09416630315938074,0.04615381106435706,0.049607564960744976,0.09704832338695296
2019-03-20,0.037249721890343375,0.011819623234062503,0.011063414237821602,0.041593781630137217
2019-03-21,0.1440693172140487,0.19040792713460838,0.1751095326741366,0.140858528624398
2019-03-22,13.535818267241796,14.421067034867923,14.406733274094943,13.665450182310451
2019-03-25,0.47052955180144324,0.7354012700834345,0.3210115451985426,0.21715066854405513
2019-03-26,0.5303047770245154,0.8167771722482302,0.48400103520626475,0.2962677914479263
2019-03-27,0.5208437912634386,0.7839100278661089,0.47709242745805364,0.33465514423070386
2019-03-28,0.11866242513763774,0.25175432472876,0.10750178857661662,0.0555437571121889
2019-03-29,0.05652773340065761,0.1300179025002054,0.03744550717755757,0.021801667879328246
2019-04-01,0.10561932296128236,0.16759088465939626,0.06143974567302347,0.06134600049241654
2019-04-02,0.18950203320235848,0.14043127170476885,0.28149644739605845,0.24754104719373946
2019-04-03,0.23169646531862953,0.19951348231249386,0.08543723766039878,0.16135905564421346
2019-04-04,0.2722479523243488,0.239593570340762,0.11620237971179766,0.2148726406355554
2019-04-05,0.025340529365007386,0.020086262626856893,0.000688941999378897,0.013769067403717009
2019-04-08,0.25978521266745297,0.2200084262131217,0.12498225124456736,0.22388722682132728
2019-04-09,0.11854176998686479,0.10024380400424354,0.041813668437777195,0.10515970474897347
2019-04-10,0.19683902210356372,0.1879164145436623,0.12546788374501752,0.18262026951815666
2019-04-11,0.1657539118026528,0.16463805017010802,0.1115865095468696,0.1611398183900236
2019-04-12,0.09714688236728089,0.10099470293769255,0.06390907703712372,0.09857852839233402
2019-04-15,0.12491057637504875,0.1304506030292853,0.08575684473202497,0.13050434673513242
2019-04-16,0.017147780832771665,0.020945081109656,0.005766969704945389,0.020608558002192506
2019-04-17,0.1026654615638763,0.10379758744456394,0.06192188723547378,0.10931045494120244
2019-04-18,0.07535659196169703,0.07989962528052072,0.04305621226454599,0.08283929475171206
2019-04-23,0.18506376873094646,0.17298335366077816,0.22914451454664464,0.17459539007628916
2019-04-24,0.018272142671316584,0.034368440368192005,0.06553329608419232,0.022274503441484118
2019-04-25,0.012035208992942402,0.009844807084552008,0.001114673643357904,0.0051869457769826745
2019-04-26,0.13210060664591833,0.1410162871878501,0.11195622294101829,0.10065833600444961
2019-04-29,0.09894239933351802,0.11048582092663235,0.08891613046394835,0.07632213720379286
2019-04-30,0.05173357125269265,0.06179164945980288,0.043490489509796594,0.03851052762929554
2019-05-01,0.012460130134122211,0.020032926961321515,0.015063978674869498,0.006179190116723263
2019-05-02,0.010019494214736144,0.02076045110857406,0.022243485661502437,0.003427341961410937
2019-05-03,0.025572300827927132,0.04730392082680301,0.06158024209452878,0.012039674811093935
2019-05-07,5.675248927115186,5.465299437295723,5.386003154157288,5.906259465285844
2019-05-08,0.32564487535350084,0.6235014396165107,0.43523174137578335,0.14923081071107966
2019-05-09,0.05468567336367111,0.0008748768736158273,0.023424567436038334,0.15042965442232537
2019-05-10,0.33323650136908955,0.6666318025148881,0.5611341754587462,0.16325086184326937
2019-05-13,0.0503568294876461,0.20046892711570574,0.1546493402374891,0.0062650047409357765
2019-05-14,0.42386044441011833,0.18041305500694887,0.17414433608473504,0.6264293961182814
2019-05-15,7.589413192101315e-05,0.010911640483436959,0.008813196808125753,0.02403618605218992
2019-05-16,1.1885072974944888e-05,0.001327933189309622,0.0001758442654106607,0.025547831946446407
2019-05-17,0.34823035450181117,0.3348205109878653,0.2963201353239589,0.1938000004727314
2019-05-20,0.07651208321379513,0.07624663885907905,0.06275069294091545,0.02362514620265506
2019-05-21,0.2164850897596749,0.23903179061114732,0.2567962015751409,0.12149753454513824
2019-05-22,0.22909615392572738,0.25433755239514816,0.2617228143543492,0.1466077624258877
2019-05-23,2.4514254337811026,2.354174586067962,2.356584763378738,2.699558392266105
2019-05-24,0.04741237958813089,0.14509096582549663,0.10203183137339551,0.0024311029355083154
2019-05-28,0.3576191779940626,0.5119999311703157,0.4194721862841177,0.1993283625154951
2019-05-29,0.612701583194374,0.44535746676376203,0.5085177932123474,0.8232393288436559
2019-05-30,0.20483357151781625,0.4212659942611836,0.38935432878867404,0.07824313327328114
2019-05-31,2.9620282574168067e-08,0.02826510131802124,0.01805924615994873,0.02128067401540216
2019-06-03,0.2803525871501827,0.5286074136981223,0.5762243165365224,0.141896786622195
2019-06-04,0.17222313022402727,0.3524626501568578,0.3750036433015318,0.0840399581231559
2019-06-05,0.28937443043014194,0.48039607171800797,0.48890291137348146,0.1881067237340911
2019-06-06,0.038318377589378234,0.1181953158134963,0.11712056412476189,0.012927967366383913
2019-06-07,0.242820282912233,0.143574345713302,0.1536042022469671,0.3207503623780505
2019-06-10,0.033804174461882656,0.03969702732978611,0.02962200350621367,0.00809997411729355
2019-06-11,0.17940214947920158,0.17145953742721307,0.14280831992354961,0.11504895765748745
2019-06-12,0.09457445949233188,0.09008094024872437,0.06667635499925649,0.057896823561443995
2019-06-13,0.21500336658261304,0.22537232673777402,0.21978668543694443,0.16092928987972147
2019-06-14,0.10814358269898545,0.12029092701748578,0.11192414941812291,0.0790923309849744
2019-06-17,0.14355939336857532,0.16588761555856507,0.17863079611320684,0.11284915922031423
2019-06-18,0.9380776721319413,0.8781005780801948,0.8679859835976851,1.0019037940134063
2019-06-19,0.03762674247974055,0.009392393156995417,0.007282020578760635,0.013725839895883106
2019-06-20,0.15360524082790272,0.10835435955757569,0.11941184945561358,0.09847345568159332
2019-06-21,0.1488041569123467,0.10993465831795661,0.11342617131355547,0.10401401851189736
2019-06-24,0.15518914620196053,0.1261905741197661,0.14307730044926698,0.11538696297762466
2019-06-25,0.13795584891716559,0.1179366709892342,0.12648568425528137,0.10811655063980442
2019-06-26,0.11683170995087519,0.10471772915208657,0.10641183942326007,0.09513750816287223
2019-06-27,0.08285525843760033,0.07734338450598462,0.07998781564478306,0.06773642481000128
2019-06-28,0.04320576218444692,0.042796743738615695,0.049680499630258786,0.033157255913400345
2019-07-01,0.4032961388349278,0.40651906607219923,0.40158137229332885,0.43377260925867356
2019-07-02,0.09397082112466111,0.1544662066873167,0.16353598126257157,0.13122657987395966
2019-07-03,0.0011815449451941034,0.02849462408187001,0.03735939909821991,0.011061569617546282
2019-07-04,0.1641769555600288,0.06339088663649818,0.04682808111445419,0.11014644994163159
2019-07-05,0.00420602874119838,0.03808023225926992,0.05223258431648088,0.015994607849436793
2019-07-08,0.1605657431059472,0.10068290743286722,0.08226467556057086,0.10409686861713995
2019-07-09,0.1177775406469135,0.07595763633338778,0.06066604896160933,0.07673951158411645
2019-07-10,0.11713227445005968,0.08385509437928491,0.07368235206335318,0.08024012877442255
2019-07-11,0.060806866528102785,0.04241495366895705,0.03614894856133814,0.038008325214913055
2019-07-12,0.09551408858981998,0.07988915915314686,0.0795367399439162,0.06653242918970675
2019-07-15,0.03025608651308125,0.02445283400492139,0.023632912935797553,0.01643254788204589
2019-07-16,0.006665937854833789,0.01016923816544483,0.013041917469463123,0.01573210607716896
2019-07-17,6.25654072969235e-05,0.0027487128943493033,0.005965037322751362,0.0035627432261910565
2019-07-18,1.685467582047655e-05,0.00042215356584409275,0.0011874640972182851,0.00489260820557834
2019-07-19,0.08301062966099994,0.08872841605544951,0.0906823944851023,0.043840899391170154
2019-07-22,0.09213293846908717,0.09981068884981102,0.09579817826653932,0.05441104948859979
2019-07-23,0.00047227140302459755,1.9568125262916518e-05,0.00035795391273707233,0.007147535773496911
2019-07-24,0.05910003408875659,0.062355706116965726,0.07556784206336,0.096259506156114
2019-07-25,0.09934031451651176,0.12070494669727705,0.10739520653916185,0.04946032287469356
2019-07-26,0.0992451729828881,0.07761921305278308,0.08102579479705693,0.16027009031734338
2019-07-29,8.398100752830256,8.523519901714304,8.635026378047764,8.985939899249956
2019-07-30,0.15700206861431432,0.002817797845665978,0.00022556433969282146,0.02917342336518825
2019-07-31,0.0002425336575477993,0.07051402217042618,0.07981393348623587,0.03628085955877882
2019-08-01,0.42190314189878514,0.19840113305500431,0.1940353566676522,0.19435282566910317
2019-08-02,25.37432514126233,27.140697948847187,27.21216105177546,27.16019678065105
2019-08-05,26.120937399965115,23.878993302853466,28.08195923354853,30.739513594620337
2019-08-06,1.4972945241338338,3.452712117372289,1.3931092666278555,0.285623563851659
2019-08-07,2.183048158934197,4.406554042985888,2.627206301344384,0.7869662503524224
2019-08-08,7.221999180136565e-06,0.3221294681656755,0.01435482245252423,0.22528460895319913
2019-08-09,1.5599378607228507,2.650347700572294,1.4391674795864087,0.6558035728156469
2019-08-12,1.3699983862288905,2.372064879313989,1.5332522239248263,0.6623521414635632
2019-08-13,1.1632440853940411,2.059537211963123,1.5276737313950453,0.631052027543868
2019-08-14,0.9456702342033121,0.4169279995210779,0.7026585814820537,1.4123308411283446
2019-08-15,0.00992763883252117,0.11509089772332405,0.05166540788020825,0.13383193154211317
2019-08-16,0.5165575710956513,1.4642460889098068,1.5199447316548391,0.2031381836556698
2019-08-19,0.01254981890809834,0.2716163932535463,0.2668427771698242,0.010505531105977944
2019-08-20,0.09308939163527866,0.3436156169867859,0.3094135502982639,0.012922382478641017
2019-08-21,0.013164358608828669,0.04137905533592389,0.0847477929173503,0.08517935379753148
2019-08-22,0.00011355416533546651,0.028620380560611173,0.04897556994848334,0.0314457541676459
2019-08-23,0.8183266672934907,1.3258043067187646,1.709924045761662,0.5390963168650452
2019-08-27,1.05538331975438,1.630351880523009,2.266377159260473,0.8141932976681527
2019-08-28,0.6451201282458776,1.0854912982632883,1.5797595090118168,0.5315593571334801
2019-08-29,0.010639888716026996,0.013026190473988019,0.0852152608835957,0.01889445539757921
2019-08-30,0.5666504106676519,0.751587211645473,1.011031879519953,0.5143815692694508
2019-09-02,0.08197914219379829,0.03210992376402076,0.004402835569025819,0.08280845395288791
2019-09-03,0.5941072018326213,0.5987215815694199,0.7333822308435268,0.5734413943514951
2019-09-04,0.14628416044365153,0.15901031652359646,0.25317390568382747,0.1581834292377126
2019-09-05,0.15291556049839722,0.14802834212862434,0.21707566764277414,0.17720215273932674
2019-09-06,0.4111168690857199,0.44079134489310834,0.6367057622678647,0.45548590695398533
2019-09-09,0.0368887522897497,0.04918534208569396,0.11161147986074288,0.06116964999587608
2019-09-10,0.15950081269680907,0.2117150752286915,0.3875255984483309,0.1986239421131999
2019-09-11,0.1296125471332603,0.0980572972482089,0.03187781356381168,0.09160644407777051
2019-09-12,0.3489593871100125,0.30445401732462474,0.4314581179210361,0.3917766766952462
2019-09-13,0.20038861633937022,0.17834806352346907,0.2594100089649105,0.2506298466436629
2019-09-16,0.011736305693867024,0.007587107408402063,0.02431060775410512,0.02981309984822404
2019-09-17,0.25637171380819307,0.2697879116745182,0.39084028608889726,0.3092591905938322
2019-09-18,0.20664426065398042,0.2255719481281278,0.32104275647499386,0.26575913322791855
2019-09-19,0.008368275800511468,0.013914083596029013,0.04328440910177728,0.02542604864584538
2019-09-20,0.15653058912290682,0.15703413986552953,0.21670956450071666,0.20972375184772077
2019-09-23,0.1048844029346648,0.11085028777572556,0.168187204310077,0.1515332463934621
2019-09-24,0.02031119292683909,0.025953757868869175,0.06482617883662106,0.04251241914441567
2019-09-25,0.13541702592674926,0.16365362460573984,0.2752095579400347,0.1754426473900243
2019-09-26,0.12721588885463433,0.10037971646800328,0.04530968360875956,0.09152614996056217
2019-09-27,0.4216574877233006,0.4559728023153928,0.3540116306641241,0.3855043636719715
2019-09-30,0.15850018034928842,0.07828640598300284,0.11398587969647374,0.15257464053491424
2019-10-01,3.599362164313763e-05,0.007910149349041929,0.000316924338923329,2.7793195155856525e-05
2019-10-02,106.97440649257922,108.04629460080179,106.16355875709444,107.33253369495986
2019-10-03,1.459969057884557,3.5491233970591316,1.172773483944335,0.41917732715169476
2019-10-04,0.080675751503338,0.8701650395925373,0.10697507492970312,0.034844877520186265
2019-10-07,1.1849444886200717,2.4607871477514953,1.0055470166526703,0.4475741177840376
2019-10-08,0.5384550465862546,1.3233599443694124,0.3951979133562874,0.1581192335324237
2019-10-09,1.2963724188476067,2.4491927998680314,1.4371697829041274,0.7219274786907567
2019-10-10,1.0902472833462562,2.058233730388906,1.1982054130150264,0.6853181545650044
2019-10-11,0.09143262910659636,0.4383762633008031,0.12047879663060385,0.021786141085147037
2019-10-14,0.5762791954471563,1.0552231730287476,0.5312091217621665,0.3972112852577171
2019-10-15,0.8138870751799844,1.3661591568459557,0.9372836236235712,0.6523738830544653
2019-10-16,0.19755812374037035,0.4855278998583855,0.26847876253477854,0.1538099519884542
2019-10-17,0.5432900950294277,0.9940026389126753,0.8258625581433717,0.4853609961951725
2019-10-18,0.2576255678035793,0.5623153271718697,0.438571073567916,0.248937211821585
2019-10-21,0.3939327208225538,0.7510599643895095,0.7190636988330483,0.3990049385531388
2019-10-22,0.018826008752923548,0.12957974568657876,0.11227046248386055,0.02688174679171598
2019-10-23,0.021038167449901515,0.09641113470870492,0.075833514762424,0.03002672460599821
2019-10-24,0.07958696598449475,0.027597765949004767,0.04404041053601658,0.06365350934429748
2019-10-25,0.367287193275724,0.4037284555902039,0.3383551575645167,0.38312895912847855
2019-10-28,0.2964370874673245,0.3369618858004464,0.28759945543158694,0.3316780804125609
2019-10-29,0.14940918581690144,0.18298601438909848,0.14529230278094293,0.18773973830964374
2019-10-30,0.13155521490991112,0.1716138655101256,0.16402753825167932,0.16966573204647523
2019-10-31,0.6966955016052157,0.6231508250803836,0.6511117673990258,0.6060911234912039
2019-11-01,1.5326640583778034e-05,0.017530373099111398,0.011458350060626009,2.4365936541640417e-05
2019-11-04,0.08055392547141763,0.045057195321568454,0.06137600917909173,0.08723308926991503
2019-11-05,0.2787696317310594,0.269363991206487,0.22384415682028433,0.25181109588936734
2019-11-06,0.2777510042644729,0.2749020517410088,0.22526665891679576,0.27075860287778925
2019-11-07,0.22614948900165158,0.23215034361358258,0.18450839583835082,0.2356950028081268
2019-11-08,0.0020671681334105824,0.0034680324163634786,1.5148566195701893e-05,0.004659297070031463
2019-11-11,0.08149610688441267,0.10862071360226343,0.0952921034239992,0.08549773909700008
2019-11-12,0.037632478994401655,0.06322703802362069,0.0718885459963674,0.03985441262632604
2019-11-13,0.155741362690865,0.1860456991162782,0.18962963308036201,0.16214478804299995
2019-11-14,0.05480211504514467,0.03681729798591009,0.0286792741630782,0.04858666706375355
2019-11-15,0.18212020079846186,0.2608410944830275,0.3116499538556713,0.1679545622791282
2019-11-18,0.1642821845010313,0.23776836279613928,0.2728280812655858,0.16005565268718108
2019-11-19,0.10769870045838273,0.1677229753972126,0.18756627884530727,0.11019298259240916
2019-11-20,0.12648522624137148,0.0777797475728959,0.07118024380497401,0.11971799833659717
2019-11-21,0.09005185473623357,0.17530855864811803,0.20245636363587366,0.07429482888719736
2019-11-22,1.158290478742013,0.915640938423008,0.7996744905527271,1.2141649314602332
2019-11-25,0.14702819072829265,0.17382402266528554,0.1420133132131852,0.21191533483358094
2019-11-26,0.2948561543673873,0.18846525905527403,0.20778633080501763,0.2026443861097772
2019-11-27,0.13856438004948526,0.08078628277316663,0.08746162494485997,0.09119874527387196
2019-11-28,0.19038470400762636,0.12642681525763175,0.12655188875673637,0.14507772040141967
2019-11-29,0.2139355670473231,0.27586630045484845,0.2611065298335324,0.25617435501198305
2019-12-02,0.03334085971889058,0.030612425264865517,0.02615601739226884,0.07027665693187124
2019-12-03,6.535008544279931,6.2435533739718965,6.021638430912572,7.076750268952454
2019-12-04,0.4509966685839978,0.8720384787775548,0.7325344767101608,0.1807092387042723
2019-12-05,0.07511735594852162,0.2558550874606196,0.18127667120072538,0.0051860284333100455
2019-12-06,1.5584997577856508,0.9986910308329214,0.9871264958909828,2.0698882389268998
2019-12-09,0.7777657457818792,0.8319416249537097,0.8015797213058057,0.4180685924600437
2019-12-10,0.5213732185470014,0.5817605494467202,0.5771461454126122,0.28814371771879943
2019-12-11,0.5326465133060058,0.6121241925031033,0.6751694606118697,0.33733247679565176
2019-12-12,0.0013421600015615192,0.00906738612597222,0.015398261621901247,0.005806180166952515
2019-12-13,0.2869007155636376,0.283963047575046,0.27091486308413254,0.41199218657354675
2019-12-16,18.068385825663423,18.979386107927425,19.021154545150612,19.144007492789534
2019-12-17,1.3391167740614827,0.310159809419154,0.2782703549283699,0.7156650971210912
2019-12-18,0.9964031934448058,0.23024623804756333,0.19885222683920636,0.5770945436284357
2019-12-19,0.554430535484225,0.0866269059805118,0.06519104059993215,0.3200714438763549
2019-12-20,0.7118177176185707,0.19236594335492568,0.15453888853598016,0.5031052519139451
2019-12-23,0.22988137780429035,0.01682561223924651,0.006490121078227714,0.15031144701994154
2019-12-24,0.5043056101210459,0.14644924837456125,0.10690090516101426,0.41466923361473096
2019-12-27,0.39180027538854195,0.11818865625726312,0.081118260558036,0.3485497359538512
2019-12-30,0.000309603131160116,0.05108848354349595,0.08327006997511502,4.389988854142407e-05
2019-12-31,0.0669668979248734,0.0074856468936685345,0.0011328784886269659,0.05430585201555824
2020-01-02,0.00538852992883561,0.03867195707019738,0.04725505954920983,0.00996591376756452
2020-01-03,0.30053330310568105,0.14683402271723386,0.12328818361831927,0.2680017531575828
2020-01-06,0.02849493501911968,0.0007292127300872915,0.00012120213422489537,0.025266550176483212
2020-01-07,0.3023791152469978,0.2074511739484337,0.19882728651055717,0.28437667336155287
2020-01-08,0.2509557497588593,0.181086289776408,0.17132847953431413,0.251442947297109
2020-01-09,0.13242520454041604,0.09311136326164296,0.08255036604077146,0.14289115729091445
2020-01-10,0.1666375883055349,0.12704693961890356,0.10922512766720707,0.18559016046993676
2020-01-13,0.058488142728286875,0.04158608424945679,0.03578372058703743,0.07311167031513188
2020-01-14,0.1386041465982082,0.11078175107732526,0.09527747961382514,0.16225497794221128
2020-01-15,0.07588166750443662,0.06130355992277181,0.047073201575305784,0.09682857752503897
2020-01-16,0.01938127851227904,0.013432182903013583,0.006050396163834387,0.031221620984004772
2020-01-17,0.1531670502936215,0.15616257193451466,0.17118890091782,0.1337023483616601
2020-01-20,0.08037786280347245,0.046763353681283586,0.03432347248293573,0.0804367277446666
2020-01-21,0.005554506193547194,0.0006863110357893796,0.0001800726967391502,0.005446680323550149
2020-01-22,0.011344715545532508,0.007543642240340919,0.008671991163266765,0.008572943000169529
2020-01-23,0.12414681942155566,0.12092440454717154,0.10072945501396921,0.141939136561016
2020-01-24,0.4175270794066087,0.3479710229590546,0.3011469990801147,0.49784300514746455
2020-01-27,23.76966628390878,24.250675402141066,24.04219131900665,24.649624819061472
2020-01-28,0.04747171880639729,0.29427795694371517,0.03360153398620505,0.01893711897506023
2020-01-29,1.0764993301970402,1.5822391891890302,0.8492346681888661,0.5153219969061215
2020-01-30,0.8822845760148066,0.5296943334094554,1.0675339547404947,1.4214036118829858
2020-01-31,0.43923470703911827,0.11444154532923347,0.3582597521862011,0.9324469134255774
2020-02-03,0.6989492388613396,1.5681009469528775,1.1710078037495322,0.25151350768674763
2020-02-04,1.7325468044850818,0.9161610336381519,1.2642289932496396,2.5208840858395725
2020-02-05,0.73209112377355,0.8974452810899304,0.595792403375564,0.29528892529494943
2020-02-06,0.9973231751179898,1.1392006377074755,0.8053574826655637,0.56216204166144
2020-02-07,0.5190143098834428,0.6254962104017542,0.3966755547501379,0.2854770405202947
2020-02-10,0.7060656488176774,0.8705827764114026,0.733813708480346,0.47717380172590645
2020-02-11,0.11169525749609133,0.1886121549755428,0.16802828812862686,0.051215162576236005
2020-02-12,0.3310643995621342,0.39699001989331373,0.3538954659034902,0.23957128014094936
2020-02-13,0.226986803842227,0.18898101683244156,0.22706626253377776,0.28343779250374396
2020-02-14,0.2202168930255356,0.3542231308469048,0.35287881612912175,0.14100575818032837
2020-02-17,0.43246384896317,0.6437061906794089,0.7656907527243196,0.3363672303319643
2020-02-18,0.04739365461924151,0.12259550420901191,0.16451786241139948,0.029554183100460606
2020-02-19,0.1113281974931535,0.030638845914708567,0.0026190344633640946,0.14488826337574964
2020-02-20,0.42136611104753724,0.48956109041879753,0.6287040801540185,0.3469057633954269
2020-02-21,0.22087735853737467,0.2812252321554803,0.4313877567675337,0.1887772256809279
2020-02-24,118.72588184875772,117.0839483131731,113.36709412758631,119.23097345005148
2020-02-25,3.9725957111761914,1.3049824363997613,3.363644830049175,6.673919669281491
2020-02-26,3.8451342360075786,8.988460212982897,5.958485754472613,1.6649765461970407
2020-02-27,116.53270850331917,97.07727517649096,107.72699151392528,128.07470707354247
2020-02-28,53.73563022146547,31.49182635312251,44.61079953834278,70.51424271044672
2020-03-02,7.080004340633003,24.313128347366142,14.691165067519746,1.5817093076390791
2020-03-03,7.237926112877479,21.49565782341098,12.562921277641871,2.391795798885118
2020-03-04,1.4009462354577151,8.2746780881834,3.289217257180491,0.07736543264586668
2020-03-05,0.1898506121291581,3.150467012708856,0.5486932319683455,0.10493246699698691
2020-03-06,111.5052800470491,83.72310028964375,96.48335145159757,126.55534255425263
2020-03-09,3569.2792628380466,3310.696200628466,3424.9363173088577,3715.3978247242876
2020-03-10,122.30586825120183,303.91675448995795,137.67487936361627,44.57060884958114
2020-03-11,59.251641760371534,182.89925556961205,67.39080256352628,18.354428994932558
2020-03-12,15318.599796086155,13999.23099693535,15029.157301057503,16000.240550368604
2020-03-13,293.532886901832,972.5666628341418,279.17702192304574,59.7956588720903
2020-03-16,16.56912502612236,263.7770633183304,5.800334440040122,12.730228124368823
2020-03-17,158.80049643250786,617.0193135064118,178.80511874826524,33.476282949311994
2020-03-18,2.1243560205677956,139.22073761520596,0.4791526168474105,16.39629366007799
2020-03-19,266.1313484876561,724.8756548464027,316.39627080356405,128.52243052617987
2020-03-20,244.02204789724175,631.3148224369812,263.08898998356057,144.19019180978682
2020-03-23,0.47693494842216216,63.2266193671507,0.33215483394421935,9.561147185874376
2020-03-24,3702.7568776458947,2699.2265537171643,3472.3820204205767,3976.4770614240447
2020-03-25,4.333727326860557,3.0911479352416698,28.894208247767025,9.623709607058109
2020-03-26,244.70151249454756,183.52998562498374,43.586392470537426,123.28549594204054
2020-03-27,110.93439549595674,159.59631017590502,369.91338033051204,188.96556858533847
2020-03-30,350.97977341755984,363.74889412511766,157.27390067227,232.43263505518846
2020-03-31,185.63397351091828,199.3721180598512,61.62644977006491,133.27701250552752
2020-04-01,0.11817624211937029,0.4010424845559596,28.661602394255983,0.49835788837834283
2020-04-02,232.99618916496792,280.97024831959914,137.13859691290145,207.11741036546152
2020-04-03,148.66413940358544,188.5828325177484,78.72205870705318,152.19732469633504
2020-04-06,8.36032273047996,20.706751915298867,0.36132404601624035,14.392347600598864
2020-04-07,48.49748952719514,57.76805468223856,13.860545705035136,65.57889498526839
2020-04-08,110.42294029776886,115.20589299650682,49.14264143164676,145.72953991292422
2020-04-09,1.5115814368470262,2.5484346818433523,2.6099286639092734,11.309116785453742
2020-04-14,70.7669192847907,63.540098088629726,23.986059753783465,112.07858582085264
2020-04-15,11.607259154194228,13.123703505915413,37.11073629795858,0.6861020212215433
2020-04-16,67.60423044053177,79.54531050339634,45.492210786234324,109.890674826178
2020-04-17,0.05025518533601433,0.24289126601737732,2.573106071237467,5.909036077195669
2020-04-20,52.48930540851429,50.97677923437636,25.791722505053713,96.22265110426088
2020-04-21,6.056318511357256,6.083561308665515,19.344589628313063,0.1747534444652246
2020-04-22,2.723730170742373,5.466268091668364,0.48757785320212277,17.926442634359674
2020-04-23,31.530779356759385,33.19102046658311,17.068887156214654,67.35195360136184
2020-04-24,17.536114764501647,18.62605083488003,7.61539050822706,48.93786914216286
2020-04-27,7.082170716573508,8.79614596327472,3.5799757565270416,30.986373388394195
2020-04-28,1.8984629865957332,2.071580729042267,0.1422416054039619,18.594070945891385
2020-04-29,3.996862826395054,5.116156246706092,10.904449717802642,0.787891414527541
2020-04-30,60.41698053401924,75.2730295943489,94.10786853977524,26.20730860684049
2020-05-01,0.048879971906086186,0.12074326967366378,1.0370328248934544,5.203086174927169
2020-05-04,33.157773941328195,39.98089835631941,28.80526381482181,59.684982407413194
2020-05-05,5.613813166705885,8.772866449423683,4.4283258702897,20.909678575141598
2020-05-06,22.630839090111397,25.702274930440353,17.54934998543984,49.11399001872354
2020-05-07,5.005901877973959,6.706361995394716,3.049931129945212,21.611412079407437
2020-05-11,15.057590184391374,16.407526424979192,10.387721588565185,39.82229990875314
2020-05-12,6.535291976635101,7.665097402189237,3.9880982980243966,25.83817506343769
2020-05-13,0.5747006265024831,0.8323044362457911,0.03280627547526669,10.933270046697828
2020-05-14,23.080720919562708,19.99139530812579,24.31329855505701,5.6005710555789046
2020-05-15,6.493449409091395,11.543834694345781,8.434344197469693,20.735925394923918
2020-05-18,207.2590913040305,187.44878743101265,201.78639680277576,152.31918344422084
2020-05-19,18.038848479214764,8.757137280394243,5.616160734680388,29.687535337031672
2020-05-20,10.062481141190993,4.538542238073653,3.214176102967701,20.743926217933797
2020-05-21,10.21622994255364,4.881704743216476,3.4509278150518523,22.121881130314044
2020-05-22,11.702832136199374,6.988467961937296,6.338943667349034,25.25059417973583
2020-05-26,2.6321117121938253,0.9747676294283794,0.946226259944747,11.099260428104152
2020-05-27,1.8666495586504679,0.47024193620152926,0.3952203207695124,9.536777290883874
2020-05-28,1.6946852365341365,0.32913636562706594,0.23451779083303134,9.120552861297366
2020-05-29,7.664971287662825,12.450286879213564,13.256351411149165,1.1221970250018856
2020-06-01,0.5787478282080554,0.2306717608026966,0.0823320195775641,4.852694511047083
2020-06-02,4.19338344500737,2.6002351600577707,1.938186277861493,12.0472944787355
2020-06-03,16.72003120018989,20.34818245606324,22.4523107375329,6.86621135672037
2020-06-04,6.57428624869479,2.259225667322176,1.5511260611784865,14.110418215143223
2020-06-05,5.223436385031089,9.999458752428552,10.698089675360672,1.0395072211077385
2020-06-08,8.274120371355435,2.561888055940778,2.1274908413419213,15.799779717976593
2020-06-09,3.994876975878116,9.562005242751695,10.109342893765197,0.6415804337866035
2020-06-10,7.831469052255719,4.673747956944689,3.999350663809264,14.487236236993423
2020-06-11,198.27106291106523,213.27014848937708,216.94910815260928,168.30240311198875
2020-06-12,15.101953243694739,20.555652106717368,11.313678513957498,17.207160287061445
2020-06-15,10.199542122622448,14.539532563303048,7.380542148252814,13.507131756929322
2020-06-16,26.160722508586595,20.07539400929909,27.956386222507692,20.067407299942875
2020-06-17,14.212277116094471,12.056008269858673,7.076951796568206,17.124917732471356
2020-06-18,9.801520619214912,8.542145141888783,4.702847131893161,13.683420503214396
2020-06-19,3.1909089527398655,2.772218875912092,1.2226488660145423,6.240959016399217
2020-06-22,4.722913899455424,3.950209850855752,2.101124536126075,8.761609748402437
2020-06-23,1.1361893711328641,0.9575457468727282,0.4200636727489785,3.7034205667065554
2020-06-24,57.69415484699297,60.60195314344276,65.8726277464118,45.056949344997406
2020-06-25,9.63257705628556,13.042220063190047,8.271171637336296,12.324014048002846
2020-06-26,8.075045269647761,11.103724367889116,6.9489670762894855,11.601343706859401
2020-06-29,1.94444957846081,3.5156490814139434,1.4985740627954598,4.358901757708714
2020-06-30,2.410843088163621,3.622093459077563,1.6431536555752668,5.273564023848785
2020-07-01,4.675516450987871,6.565176431984472,4.717330250449032,8.6549795722604
2020-07-02,0.03373198589914134,0.33445486747265735,0.07460901565151785,1.0704376360043086
2020-07-03,0.01378540949661152,0.09964699310229883,2.6114613451513712e-05,0.8877098168712361
2020-07-06,5.576241870912165,4.174851886117812,4.759196073503572,2.52786686537126
2020-07-07,0.04516307427666296,0.1276839290370011,0.28389183863987727,0.16784273139656322
2020-07-08,3.576454847805578,3.776153138792277,3.6406052806401026,6.030118112288246
2020-07-09,1.1551169237058598,0.9537669522759069,0.7798595137919694,0.19788254361632407
2020-07-10,2.374984757936607,3.4253558121931507,4.254120157617909,4.260759891389846
2020-07-13,0.036623920289004464,0.19806082975643446,0.3535806257239645,0.6005814240531566
2020-07-14,3.556750804648497,3.8481059355672733,4.208509542565997,6.0479900732451215
2020-07-15,2.5702930845553635,2.2650085879156516,2.0775283261333266,0.926565568288299
2020-07-16,1.9306063456162856,1.3336523691668098,1.3669055926309674,3.703285287346736
2020-07-17,1.6575763803358865,1.2835026556998075,1.6029880635358624,3.454294704401197
2020-07-20,1.7551118314367182,1.3807012774014378,1.6220651484042201,3.745372449173708
2020-07-21,1.888984098163761,1.6297669902325587,2.116354333600568,4.050702051039648
2020-07-22,0.053108620622547675,0.0272415075721725,0.09860767245382285,0.8136929023177589
2020-07-23,1.488715896304766,1.5452476287695838,2.2121429557506107,3.422824938871556
2020-07-24,0.8598237515819341,0.7851091944557188,0.4593803255219651,0.07481278934814752
2020-07-27,1.2514767623583511,1.6857657994219866,2.441380750050142,2.7713644706010405
2020-07-28,0.8762748969962436,1.2579250226812069,2.0312457553551253,2.253897742586481
2020-07-29,0.9797541124594262,1.3457133599225322,2.0015307438558425,2.461881949180964
2020-07-30,20.852854410587486,19.332309761208357,17.464250913429034,15.801496082543665
2020-07-31,0.9572785805357761,0.2183192775776877,0.19819503321992044,0.47823390644961256
2020-08-03,12.791448717949962,8.680959071865548,7.8007273716776035,11.379389763915851
2020-08-04,3.730201497107438,3.870442166993955,4.169725078938839,3.8257187037769427
2020-08-05,0.18786663012016871,0.2459550134668653,0.29927003854195294,0.31402415963922087
2020-08-06,9.658322056653175e-05,0.0016052072804068611,0.0006579470464322854,0.026400393749272243
2020-08-07,2.747766587808509,3.0313197302413695,3.531893989794856,3.204558368023737
2020-08-10,1.922328010624705,2.2109252474085133,2.546842796506177,2.5526088423034854
2020-08-11,2.4474087465773513,2.1287343613807965,1.8979190842229314,1.672408304125559
2020-08-12,6.805742403915363,7.836787558447109,7.62482581487029,5.867746781319875
2020-08-13,0.2901547873511525,1.2595447570387812,1.2648532574098974,0.23165955403712174
2020-08-14,0.35146136149067264,0.8894729055185521,0.8179263006011437,0.3360541617755491
2020-08-17,2.363135854890996,1.9719747779568815,2.309734791727463,2.2690618560359193
2020-08-18,1.079340688198461,0.8359199507329922,0.9881174315080796,1.2049850547245782
2020-08-19,1.6518340668271239,1.5438804747037849,2.102349577994119,1.9252295212418005
2020-08-20,1.383789614225379,1.4904466902222449,1.1173629066021404,1.0177363768289995
2020-08-21,2.5148875973945097,3.0102212774004586,3.840556735543117,2.776246392234662
2020-08-24,2.065933503104373,1.6306822447768474,1.0667024424519829,1.6434107366408992
2020-08-25,0.12271070978868687,0.044665354367825524,0.15064951737374005,0.1896899852174153
2020-08-26,2.387507984879423,2.3167538154511673,3.2955502239373513,2.665915693074742
2020-08-27,0.671399395961645,0.6771033938459383,1.1450725401096462,0.9639692037362416
2020-08-28,0.8840445641273755,0.9987628094142035,1.819692644972396,1.2675731049667438
2020-09-01,3.0015639619960433,2.6807568901260503,1.4570308884417953,2.3051130293593904
2020-09-02,0.12985381536023002,0.005109693969450649,0.15560832890275206,0.07169123599702665
2020-09-03,0.7706706565775485,0.6139940135426079,0.16726683323265562,0.6394086335577402
2020-09-04,0.6083502342550694,1.0667280480463552,2.2495136249693646,0.6287436388718706
2020-09-07,16.502339767162162,14.17085912543277,10.07673535661438,16.14919994873056
2020-09-08,3.655843305780646,2.5770313984029753,4.273521426751247,3.1080389425974975
2020-09-09,0.039018980550799665,0.1942987359938116,1.9288336112588546e-05,0.056283367688655196
2020-09-10,2.8742901032508272,1.7034606006018183,2.7490578220538224,2.7580393928586946
2020-09-11,1.6983414758306388,0.9650600661647369,1.7739447589680564,1.8415593825388363
2020-09-14,1.8900846473633883,1.1905174298197785,1.9221151822008682,2.236266956464662
2020-09-15,0.22122576086789525,0.49274487667821365,0.1762991864662355,0.08401775645292765
2020-09-16,1.1722968652649284,0.5163564162594814,0.8925447503782888,1.5274645397038489
2020-09-17,0.8907462315786132,0.42153322356645917,0.8571731567897048,1.2899383019910344
2020-09-18,0.3202729659390149,0.11132413622999614,0.43391667094007635,0.6177850550007132
2020-09-21,116.113541937115,119.5977124698562,111.28848834799592,111.33686460150044
2020-09-22,4.255564934840647,7.2765507150788205,5.251073031330725,2.8503298541550524
2020-09-23,0.3539946982906145,1.3856092032225087,0.6183813645828432,0.12816310006604326
2020-09-24,0.052147151814882664,0.40046677795262625,0.059366297849963515,0.0024534498896732187
2020-09-25,3.2379667129297367,5.268456300827161,4.420372999694794,2.669366296029988
2020-09-28,0.14777335762983723,0.005996670050825439,0.014051114678860051,0.1968022044246072
2020-09-29,2.1795412479628733,2.8816262562389716,2.1939127151878095,2.00071744378341
2020-09-30,1.6808020553486027,2.3576426698105335,2.0969425515601987,1.713351949217005
2020-10-01,1.9370802554152273,2.7085275584089676,2.808978114921221,2.1413878701152953
2020-10-02,1.3067150235196492,1.9295231870719312,1.9615906477275578,1.6394756802324202
2020-10-05,0.47542146480802433,0.8412976189233075,0.8306070786562963,0.7677319130737619
2020-10-06,1.1502798960504366,1.5595851526202305,1.499657772091856,1.6495635878086774
2020-10-07,0.937192539260409,1.306736364396825,1.237123343201898,1.4822733101147336
2020-10-08,0.3460599947808399,0.5793356491085248,0.550823781936636,0.7489245509409476
2020-10-09,0.15333851970676324,0.28575410974951637,0.2542072598427897,0.46209610737856593
2020-10-12,0.492389794405954,0.645019022811425,0.5806929666511426,0.9812049485966968
2020-10-13,0.1748911146398874,0.27565573938506605,0.2778825266523881,0.511903972183966
2020-10-14,0.10761076341552779,0.20354693644664654,0.267122480446092,0.3783968645555339
2020-10-15,5.74454427902944,5.089835725339514,4.528040028082188,4.514680971225451
2020-10-16,1.5883975753545727,0.8727366228154594,0.7568782505372375,1.3309263311358497
2020-10-19,0.5189792666841044,0.6370883860447806,0.682409995413157,0.58244069350674
2020-10-20,0.9910278940382309,1.2145530119282768,1.4816112128242607,1.126127915689893
2020-10-21,8.044817480299498,7.42505507289071,6.920835019615041,7.453579193112229
2020-10-22,1.4616115924892992,2.429243080864918,2.483989959047067,1.3038086916460239
2020-10-23,0.28927470228562735,0.0430892675051917,0.041992837773913,0.2944721042942974
2020-10-26,0.04727108554663002,0.00545827066900434,0.010025952983999099,0.05909439448266909
2020-10-27,2.9044878727151918e-08,0.05313067872230922,0.09349679975510106,0.002530122255459706
2020-10-28,29.94971268048741,26.77867037918489,24.82407975469358,30.62190133751308
2020-10-29,3.3968479173986452,6.527439958080282,6.458348268443793,2.1919524874331966
2020-10-30,2.6568642823162585,5.259198577439642,5.141051669475877,1.9196355852316929
2020-11-02,0.20914466849498162,0.025607197876098265,0.021528703802686934,0.36637300988461974
2020-11-03,14.521296780420878,11.799143114228977,12.17032000854404,15.704587576629086
2020-11-04,0.6952053251199461,1.0826704742951554,1.3034138344554504,1.3275681941707511
2020-11-05,3.336998757157787,1.9124688949946473,1.5753541651417893,2.2535518442977813
2020-11-06,3.1116353165236013,1.9186787646639012,1.5787016858326848,2.4270501066363
2020-11-09,372.7137689925827,384.8243085319054,389.6748704877127,376.6857318503614
2020-11-10,0.28857463394286464,3.9579824692399854,4.710653132495906,0.25707258983263337
2020-11-11,3.159715705051606,0.5741142812940111,0.8918276921631851,0.7348093232922741
2020-11-12,8.37545144686021,0.24570687350347942,0.09640374678737089,4.625703163599233
2020-11-13,8.389987692648123,0.6908839323793885,0.5333124019418299,5.553424233808727
2020-11-16,0.0004474257110594072,3.294450526391405,3.4402221471950707,0.13791733119397762
2020-11-17,3.6216542586160148,0.0031197430632814572,6.627622473546012e-07,2.5493140372666745
2020-11-18,5.573080372167999,0.6321863239910006,0.6492111539895753,4.711764286000423
2020-11-19,2.3989666760138353,0.03182333542771247,0.03108804883883413,2.249445827436989
2020-11-20,3.7842898843801667,0.6254335703269989,0.7351296043536262,3.9013738641059006
2020-11-23,2.955723430211386,0.5078279397073776,0.5801059848351471,3.427978802085189
2020-11-24,0.5911281407024028,2.6793555719416036,2.4061260039829757,0.3117639824688977
2020-11-25,1.6111251943293865,0.07307789796688954,0.10537872710513824,2.0760738360805755
2020-11-26,1.8217942700613772,0.2565064366486341,0.3801966538152954,2.464154784455736
2020-11-27,1.9464627672457855,0.4577254865392288,0.6933373088384701,2.774493455653989
2020-11-30,1.7686165000547214,3.7977822762466196,3.2992761822445607,1.011305420660523
2020-12-01,4.39084768385446,6.109041827765503,5.7533872571931095,3.527798968188436
2020-12-02,0.017252070004639356,0.30559778861036835,0.267565494260647,0.05922836496311847
2020-12-03,2.058435367357745,0.4819496876869691,0.49821144022620056,2.4246509679268216
2020-12-04,0.36213467277265093,0.0025319415832567925,0.0026999927379485846,0.6275910881007162
2020-12-07,1.8684451375247257,0.5214769426962444,0.49697020928715224,2.5038846122616762
2020-12-08,1.4919378719391188,0.4450933243389368,0.4140360843341941,2.223178937253817
2020-12-09,1.1779763594137964,0.37246514552936555,0.3380310244509625,1.9522608828636483
2020-12-10,0.46960970867246643,0.07803896762566645,0.06035159821336916,1.0599324691543572
2020-12-11,0.06305845277541332,0.014856288371402415,0.02687774307617699,0.3703203099448467
2020-12-14,0.6983711854635339,0.308619403702864,0.3011746113638473,1.3677884344974442
2020-12-15,0.5240500384108157,0.2418907207427647,0.26374409638667523,1.148161132139532
2020-12-16,0.0017049493854133747,0.0528903119122094,0.0314348868316729,0.09763829865957706
2020-12-17,0.42100519988399965,0.17224456619303102,0.19981797925049755,0.9562073811912933
2020-12-18,0.3211652760919049,0.14122860041361293,0.1905250008531158,0.8066404737655819
2020-12-21,5.831213020486974,6.589648409664257,6.1376324936271445,4.352071863976406
2020-12-22,0.3551923094307261,0.4308272705941452,0.3724660812713759,0.5676145761092665
2020-12-23,0.18201132300596148,0.21631909286486656,0.1686220886009988,0.36312907945201794
2020-12-24,0.6492254995273719,0.6609935696430741,0.563139508829862,0.9816492207211925
2020-12-29,2.637091146123988,2.5705569262553087,2.7771352304608015,2.0066336572181944
2020-12-30,0.16016456017704908,0.0342930382866006,0.01126742086979543,0.2678711472429257
2020-12-31,1.6035401686569308,1.999359871509855,2.0576724690315866,1.3216301137875572
2021-01-04,3.550320013143245,3.494894741398996,3.652800205254457,3.456510044139867
2021-01-05,0.7438423759016559,0.3438286488403561,0.27183486009709296,0.6393741834736402
2021-01-06,110.4625986615046,116.0489391712361,117.602287438709,110.7552388625564
2021-01-07,5.00394088399849,0.5749168364702524,0.43188829442938437,2.9243199146976
2021-01-08,3.8808003658448165,0.4669241715357258,0.33867285335616865,2.559006771076317
2021-01-11,0.36450729263386256,0.26796119157855236,0.38303700441245087,0.1315791951482256
2021-01-12,1.725958893199299,0.17050940112852414,0.11589234617585521,1.2298707384035605
2021-01-13,2.517305463895666,0.6949577073126502,0.6944908443502908,2.118603738833406
2021-01-14,0.5381133512244913,0.007367478420216575,0.010833267077705207,0.47432043873438867
2021-01-15,0.1472705975874734,0.05860476295388243,0.058019422570857446,0.14723875656214283
2021-01-18,1.595676722257303,0.6137231207024618,0.6943628686696959,1.6139034531681589
2021-01-19,1.359252707159574,0.5772155463679721,0.7046877506161097,1.51470188129526
2021-01-20,0.7924419481040891,0.2984600475586648,0.40274005610738556,1.0082409665950423
2021-01-21,0.6754673894707361,0.2674960449534253,0.3426066140131832,0.9442139560284044
2021-01-22,0.620125063294223,0.2898943432248561,0.41837490912238545,0.9212676501962536
2021-01-25,0.008366024422309814,0.012440438089663837,0.00072305297926614,0.08025923704302351
2021-01-26,0.5723689840785513,0.3981446319482655,0.6623236913636777,0.8561400041101519
2021-01-27,0.9717829875567968,1.1824148274508177,0.8699772307861894,0.6316578786644775
2021-01-28,0.21625675192146085,0.24243929618614699,0.4193328696771542,0.3283620772166236
2021-01-29,6.483020893021163,6.172335724201009,5.113257327603079,5.927441801405693
2021-02-01,0.08469666378835494,0.33192636351658106,0.5382468807523644,0.059278352351893236
2021-02-02,0.2431465795365642,0.4644560158448025,0.6365869667283562,0.21691415869245695
2021-02-03,1.0389799359791783,1.3126596618941655,1.512243664885489,1.0394369130708763
2021-02-04,0.8633645795250394,1.1215916852589711,1.3463040882315442,0.9468541678313459
2021-02-05,0.6232922297706217,0.8475980802745918,1.0415057114799813,0.7560589055361574
2021-02-08,0.2355981695824982,0.38290566986315994,0.5595304626287185,0.34831530044737224
2021-02-09,0.48575238772192225,0.6457105952677763,0.8206907807336475,0.6653189738300918
2021-02-10,0.3986481349271416,0.5456054906048444,0.6760994590297541,0.5928441446490198
2021-02-11,0.3366237842539811,0.4733931910148059,0.606831745616466,0.535223885363198
2021-02-12,0.11407004328933544,0.05300139395899154,0.02439741544308404,0.030861492194070653
2021-02-15,31.81948207629173,31.61582107880085,31.048323825410076,30.348043946587776
2021-02-16,1.364135888126386,0.28689662802635835,0.3029329344307865,1.043954272387931
2021-02-17,0.5441395377026449,0.03650484808284434,0.046487791236684464,0.42638469116054506
2021-02-18,0.9809526456260097,2.0865754633824047,1.9024523225558916,1.0907863581756807
2021-02-19,1.21831874381207,0.6994797020402679,0.7411235877131351,0.9697191594984174
2021-02-22,0.9330645511471155,0.5540687561258807,0.5762437612251748,0.8179715968421506
2021-02-23,0.7350356661338887,0.45738600675092683,0.5132922109576376,0.7040954968876582
2021-02-24,0.3179159475567579,0.17109593539604878,0.19458687071492634,0.3402161578574727
2021-02-25,0.5526433931454569,0.35967311065935,0.3754520631988168,0.6170685637338238
2021-02-26,34.90175633028893,36.28295364490277,35.99699902489557,34.12092523363313
2021-03-01,1.5055359029957827,0.8062477594933594,1.733618151010938,2.2079859443737972
2021-03-02,1.7848841963872082,1.9171294248180133,0.9547386334461035,1.0862017876681531
2021-03-03,0.2233010419899174,0.2766306416769697,0.022406101431664563,0.0698624207883859
2021-03-04,1.304163882812397,1.2652765873409628,0.5916515656649758,0.9494666253160959
2021-03-05,1.1373574851855333,1.1619586934374333,0.6650011051699232,0.9175275634625986
2021-03-08,0.503470328924646,0.45774297182617557,0.7446944104809126,0.5886294383309095
2021-03-09,1.20141405671052,0.9271403365871962,0.5971507184780999,1.0263082702871222
2021-03-10,1.0071859477813254,0.8107588580266757,0.5215325634954342,0.9509031503897123
2021-03-11,0.7704593489525708,0.6421716972032525,0.42260311413806845,0.7971488066006411
2021-03-12,0.4694115980787893,0.39651962155397213,0.23653610336683142,0.5419491911529026
2021-03-15,0.5138081144994683,0.4482276245858803,0.2819814674437071,0.6292689931377821
2021-03-16,0.0022046947041713923,0.0003316882182736835,0.007295269608281043,0.02060561356702456
2021-03-17,0.09821878182584787,0.05640182858422223,0.016894512650930598,0.16321421375114958
2021-03-18,0.35374787108555233,0.3124338403255636,0.2520542654263111,0.4627971302971663
2021-03-19,0.2580051256066162,0.2844908634163872,0.3519319682018813,0.16468114791605515
2021-03-22,0.37037778217263717,0.4398694968049729,0.3853685420421494,0.4352840579290607
2021-03-23,0.20808992514767383,0.2617095657725605,0.21589901198404643,0.27739357734973
2021-03-24,0.29054572362152714,0.36939799742562945,0.37229332164332185,0.3769166432819184
2021-03-25,0.042710377524324654,0.07605560620897402,0.07267666576344642,0.08694526637341542
2021-03-26,0.19197363629130032,0.1215098499258289,0.09323987469244802,0.13044342183720936
2021-03-29,0.3251845101613148,0.3176945550155544,0.34260904554686994,0.38260150639834384
2021-03-30,0.05810934674699716,0.06006380238723582,0.07309557212950911,0.09191806131628937
2021-03-31,0.062023900023260393,0.06872332168853001,0.06323125728598486,0.034301452511589385
2021-04-01,0.18120628221388183,0.21874281787684247,0.25560066970892886,0.20651782834743432
2021-04-06,1.2293333918365874,1.1488659226680722,1.0982087314611693,1.142038694339903
2021-04-07,0.0318335328206909,0.09055090859996001,0.08954109082645205,0.03794361115840966
2021-04-08,0.000582073835874572,0.041167590048614776,0.04713576142812307,0.002518156291943353
2021-04-09,0.26323464393681456,0.08880862627401308,0.07311747598736389,0.23522544753896663
2021-04-12,0.21716035559738517,0.08529801672294458,0.08774067044506494,0.2038030623741708
2021-04-13,0.33434370558452525,0.19422799182509204,0.2264797392975453,0.32898497401831805
2021-04-14,0.00048393879256884617,0.008305549082418266,0.004452260703973073,0.0012531466708848693
2021-04-15,0.017101566775233085,9.116729212031274e-05,2.68457841037345e-06,0.019538723613274526
2021-04-16,0.06510508215732595,0.01027548112490576,0.009050691428271123,0.07005663453414814
2021-04-19,0.1777615890085135,0.07237744425807008,0.06297900408702944,0.19060731623814517
2021-04-20,13.15493389153067,14.07216187650622,14.060709417623022,13.004621283239725
2021-04-21,0.3902552251435462,0.6052637842405003,0.2498262216181234,0.1922160872894458
2021-04-22,0.19337201706482374,0.3215893492169147,0.0937181002354877,0.08546892705069661
2021-04-23,0.6071972808869135,0.7580073696588517,0.3891369377136574,0.43490791779038146
2021-04-26,0.33533853355923415,0.4538490072107216,0.19951071629921152,0.2457198621643222
2021-04-27,0.335367397797046,0.4426558262996194,0.2039815734328783,0.2729556940744259
2021-04-28,0.2747358298514994,0.3788082103239634,0.20371357355429084,0.2367251636351636
2021-04-29,0.2989837950200511,0.40138767851613066,0.2274045238195407,0.27948116098810827
2021-04-30,0.2358117726573672,0.32831056054326563,0.18619745871033183,0.23400558869007365
2021-05-04,5.5430976931801504e-05,0.008906229394615902,0.001676619424372929,0.0003568409129772828
2021-05-05,5.25068196487287,4.750994648868368,5.16659203898955,5.280727484845155
2021-05-06,0.19788902426046354,0.07320315356787443,0.026736195211750358,0.11042471443469745
2021-05-07,0.011499922357591225,0.003804923836547191,0.028915588507216233,0.00033833413313239777
2021-05-10,0.4337803784076625,0.2155514912890776,0.1243720610331939,0.33354099997188874
2021-05-11,31.71513222206193,33.57791673118801,34.70896778690379,32.3392046099197
2021-05-12,0.34458474126980754,0.7021191025753554,0.0787605492188732,0.054253975082303896
2021-05-13,0.6863479742457397,1.018623464560069,0.24294669720173914,0.2782429992153319
2021-05-14,0.04685590236296837,0.0002658137090946124,0.16852746873147698,0.22008481488123333
2021-05-17,1.196497116491939,1.3454361276776206,0.6171062062153365,0.7234897790133806
2021-05-18,1.0099720876917015,1.1727539366226427,0.5920601469929133,0.6762072548899911
2021-05-19,0.29159344559857686,0.2058555134696118,0.5504618880327771,0.4488038645013537
2021-05-20,0.00018813524584338138,0.027073079854923087,0.004883169700563631,0.032164021778550864
2021-05-21,0.9559597563895524,1.1149747201199063,0.682269881910206,0.6784664952897426
2021-05-24,0.426652221792668,0.5463460155268378,0.283651835812869,0.300400294340011
2021-05-25,0.5143953186347862,0.6221122311619384,0.3493726971116706,0.41744269557669017
2021-05-26,0.5554770132032116,0.6849337504304327,0.4756956416219428,0.4921053297389033
2021-05-27,0.44311842499790943,0.5655516225254521,0.39811163350894335,0.42328790520660303
2021-05-28,0.3761429166453079,0.4936877510028493,0.3674342472989753,0.38486169422189337
2021-06-01,0.013349087188629365,0.0005939789658691437,0.01387663100013513,0.007983114108814889
2021-06-02,0.1799724074500848,0.20323692902138363,0.12367552025791101,0.19355879470969317
2021-06-03,0.024719683661859705,0.03187227575636113,0.006213238637355392,0.03431586433091694
2021-06-04,0.2820297784117967,0.3371213800429929,0.27717709674359897,0.30081642700611394
2021-06-07,0.22551921160020838,0.2799096492972227,0.2238770535560796,0.2563961960666117
2021-06-08,0.14704023193889487,0.19413314936186804,0.1462129918801505,0.18114088757107275
2021-06-09,0.14104876049663503,0.18543090497092615,0.13598868519259288,0.18003618205353755
2021-06-10,0.14276758771374293,0.19071636956687635,0.15840743872288113,0.1832624043841262
2021-06-11,0.0033968780567068583,3.7191880090891717e-06,0.0017050619519339482,1.514277698580681e-05
2021-06-14,0.11597518196725505,0.13121338945206923,0.09608621949347644,0.1457939094672233
2021-06-15,0.04647880358514264,0.05783590574570586,0.03380821287342318,0.06770638658990906
2021-06-16,0.09062955939146021,0.10204831899145315,0.06613281965095968,0.11842337374123135
2021-06-17,0.01331379867131135,0.018724465214675766,0.004987078221518148,0.025445025035796473
2021-06-18,11.320149269376161,11.081471287731457,11.374524057423205,11.120719070267892
2021-06-21,0.09298570130258654,0.3205565656598841,0.07671779348061578,0.01941704360959252
2021-06-22,0.27791457684827864,0.540812403402929,0.21420419640997537,0.14646965423313715
2021-06-23,0.3352050981998039,0.5840994162828511,0.25945780927461,0.21398599462557574
2021-06-24,0.10412208246228453,0.25186866925751245,0.08939960017500928,0.05243963124464022
2021-06-25,0.1729629367510506,0.31783992205513356,0.13676680694339347,0.11372670257600029
2021-06-28,0.07614636689771112,0.020933130361053567,0.10844268534946189,0.11396349738983187
2021-06-29,0.26953103471744616,0.47817773105582806,0.2990359710759543,0.18403713991745843
2021-06-30,0.00013102299909626257,0.03000959048544672,0.0012069680082470349,0.003299643556062172
2021-07-01,1.0060057334824897,0.6729672280107329,0.8147997120926856,1.176392511094591
2021-07-02,0.4070756516344222,0.43263787711176394,0.3178267655866818,0.26377390722278704
2021-07-05,0.05812247344997857,0.07284551941474984,0.03419649466041858,0.02085429544609716
2021-07-06,0.06031376527371472,0.05793709909722915,0.10875232756274082,0.10906435920896952
2021-07-07,0.012162000908740528,0.02916690529988862,0.012885785279232679,1.0926723525465842e-07
2021-07-08,5.206412960664498,5.124117213533248,5.425372696236128,5.682518880897243
2021-07-09,0.6287416743632807,0.35276260083772804,0.5812330348890494,1.0473887172726286
2021-07-12,0.8989735275432473,0.948221111128909,0.6391035481827229,0.48530085270759
2021-07-13,0.7291825296657212,0.7978865949240009,0.5329040462048251,0.4318524079832999
2021-07-14,0.299795938831791,0.3567180280396876,0.20089427732399787,0.15657402906253762
2021-07-15,0.2894243887876504,0.21957689186634774,0.3038683272305413,0.44544533441672074
2021-07-16,0.6356556667037147,0.8943045428445056,0.8213031284699098,0.3981991833201412
2021-07-19,23.650775780450594,22.24679287788205,22.514918394528053,24.902807370596538
2021-07-20,0.9834160490675131,2.1799462851887537,1.4050683409417135,0.3717283221886185
2021-07-21,2.8341747417558736,1.574122984120105,2.3535810991621835,3.9727783766133213
2021-07-22,1.3382524507987403,1.609402233692046,0.9640258836856156,0.6306510862299045
2021-07-23,0.2545051706400788,0.4048499421646693,0.20433176906797257,0.04534925395276958
2021-07-26,1.354063215029535,1.518206321794612,1.0948246507917152,0.8414084219018743
2021-07-27,0.7558707803196801,0.9023100194898142,0.6171707726378373,0.47411947239808977
2021-07-28,0.7647635471413418,0.9464766224142342,0.7893746792121917,0.5421418745991496
2021-07-29,0.010264185179666707,0.039537667485681494,0.01268187783705077,7.681370184973921e-05
2021-07-30,0.18679808323282074,0.21126685605027373,0.1326029602525131,0.122686316768216
2021-08-02,0.1130234640893036,0.15903252114601898,0.1443459686248963,0.07084183273667785
2021-08-03,0.4588995309406549,0.49164228443630115,0.447125704350916,0.39157170012606346
2021-08-04,0.43431229717189074,0.4683985075661052,0.4160637344171116,0.4060795708134028
2021-08-05,0.4328551906004256,0.4737135081777973,0.41471449175644254,0.43828131637098494
2021-08-06,0.35788784391392076,0.4054483854086175,0.36161288098398875,0.3886132601033902
2021-08-09,0.2786373279321603,0.32845431917066487,0.2862036201966691,0.32523572530127404
2021-08-10,0.11291202568024528,0.14877930206959047,0.11823112828040358,0.15352756817723742
2021-08-11,0.04288786881180389,0.02795306014313765,0.04647668757324757,0.021303847687673443
2021-08-12,0.12673413919201149,0.11218990823295143,0.07628294790638765,0.15921804858786898
2021-08-13,0.11999106744017102,0.1178501703710624,0.10191214697100175,0.1514610238807093
2021-08-16,0.13554174986225972,0.13888712471740827,0.1638667394606448,0.10210063053134685
2021-08-17,0.1294611311123363,0.16848031114262604,0.15426716062458007,0.13488919556566983
2021-08-18,0.19782662966618,0.23746120596504358,0.21236491024302687,0.21265471502384223
2021-08-19,3.886678671426001,3.7008780981123484,3.728432499872452,3.79392751619627
2021-08-20,0.2574516127288264,0.4924810264424093,0.3672514630642873,0.1675278678498424
2021-08-23,0.2899031190671404,0.5038233325074749,0.37575831600086096,0.21573780921603278
2021-08-24,0.27102315236517976,0.4600455354384131,0.33866148323976497,0.22019591926330007
2021-08-25,0.170537524001691,0.3142696716118737,0.2165362053708939,0.1450934504348888
2021-08-26,0.13603085916645213,0.2513037794698812,0.16452393046805874,0.12270170565107699
2021-08-27,0.1321583777507005,0.24737849986838945,0.19934768971369207,0.12184891602293803
2021-08-31,0.07822383342088989,0.16005985522295005,0.11853488247082004,0.0754184460220226
2021-09-01,0.05977339516890407,0.13582857974114637,0.12546240574332493,0.05642449017481813
2021-09-02,0.13369770569225634,0.22044281649012748,0.1983994470640527,0.13136902467634767
2021-09-03,0.061675980222302855,0.12028420967251861,0.09992673773092149,0.06368707424660296
2021-09-06,0.009939819757043786,4.380061102658486e-06,1.7054402394268585e-05,0.009960203556966942
2021-09-07,0.010770380176610002,0.0250508780703614,0.021395228201761082,0.00851732461841878
2021-09-08,0.03411922093099856,0.012948046356141454,0.008475609137952894,0.043208476459801026
2021-09-09,0.351460020580851,0.23994349621892241,0.19096957332158807,0.41304486972637694
2021-09-10,0.2570137584206553,0.44359409253153154,0.5501496831067327,0.16875296694663203
2021-09-13,0.025182144032273916,0.09651898428373537,0.13812918002934094,0.006714384757335672
2021-09-14,0.048851245670653444,0.11399100271966131,0.14409246602611098,0.022402286071684305
2021-09-15,0.14984215533851983,0.26271774875510795,0.3578002026167236,0.09894272940909211
2021-09-16,0.15811826981762783,0.2717377514956717,0.39720708430177326,0.11149036286695982
2021-09-17,0.1973958055481319,0.10672260312804908,0.05625356228701299,0.24598692224054736
2021-09-20,0.0801445778012701,0.015056488092549506,1.1878905922997284e-05,0.13926330739975878
2021-09-21,0.5263847901672462,0.28209321459693665,0.13331694201519695,0.710334798792806
2021-09-22,2.3491829844268235,2.166762201174998,1.8052636628679393,2.820198053673993
2021-09-23,0.557239684608951,0.35448198070803694,0.47127979628215305,0.2882609932174218
2021-09-24,0.2860709827223263,0.1703476167236162,0.25256022748979423,0.1330057514587237
2021-09-27,0.36779221349380703,0.2663122756162606,0.41031603671936323,0.21101038000641567
2021-09-28,0.10691389773936431,0.06524625215941156,0.1289112854258782,0.0437719831982268
2021-09-29,0.5279078318862293,0.5887777810667315,0.3922353697545136,0.6999283177260522
2021-09-30,0.29405937990210457,0.1503350307512948,0.24510412515521096,0.1628305692358265
2021-10-01,0.01329249084271258,0.05685169474812213,0.011499275082996264,0.05405520938263458
2021-10-04,0.32306641986337153,0.25843372741585946,0.4484687985602399,0.1892220831107557
2021-10-05,0.09525962707572819,0.12214920220057038,0.029859282088252947,0.17561373366612051
2021-10-06,0.5245996151774099,0.7006378869379872,0.4840954590767004,0.7141225563581608
2021-10-07,0.42975021271497355,0.4468200297055609,0.27312081131862465,0.6787483346246858
2021-10-08,0.5094209400249398,0.33446800451825615,0.4732166467907835,0.2757423301044597
2021-10-11,0.03448163361192763,0.005347336559451493,0.026403438449545288,0.0013203317354891558
2021-10-12,0.4003279714074962,0.24455916553266102,0.3137407993600434,0.24837892423807686
2021-10-13,0.36530937921318185,0.24459782402414346,0.3389703872779207,0.24678794357748504
2021-10-14,0.07249732171489091,0.12837581935077702,0.08278131766259754,0.1226880145743075
2021-10-15,0.223713006616873,0.10301211706486745,0.1353118085404292,0.14573532965124306
2021-10-18,0.14958299344667822,0.0624486148380954,0.07916810670835646,0.10016474667208058
2021-10-19,0.2485444257868027,0.15564277661570047,0.20796401537814563,0.19045843399568788
2021-10-20,0.23455887469516704,0.1585675440943002,0.19764158940862114,0.19387703479668206
2021-10-21,0.05846244077989741,0.03003883410490497,0.04282997710021739,0.04526760890969804
2021-10-22,0.15948029451735335,0.12735249366988452,0.174567996406199,0.13518105070847303
2021-10-25,0.11716065987223563,0.09593813805605741,0.12622523542476619,0.10331942513740515
2021-10-26,0.03699547032320468,0.04776009790796991,0.03519758235644261,0.042233521994363366
2021-10-27,0.08623670172086667,0.04959634616595464,0.05557978419318438,0.07089643379278997
2021-10-28,0.14932163999419756,0.11266456224830966,0.13619151976799415,0.12917434505413194
2021-10-29,0.11111826241245386,0.08702420786091805,0.10561585462125254,0.09834549913626547
2021-11-01,0.023900303273726782,0.03284348682302322,0.020515646974524834,0.029339053030729305
2021-11-02,0.1062501141936564,0.06859439364641788,0.07935275899969345,0.0876946914378745
2021-11-03,0.04573067723484962,0.027078664478216552,0.037561313157205026,0.03499829146805327
2021-11-04,0.023090277960207826,0.01453089500143379,0.027916320511192198,0.014629325925335628
2021-11-05,0.04730618333251073,0.03241733900533101,0.04404702361598854,0.03480790201871634
2021-11-08,0.09656094212852888,0.07548180038042306,0.08419091834493242,0.07962345342756061
2021-11-09,0.02616317762816642,0.018368670918493934,0.02164819704459015,0.01861339270015742
2021-11-10,0.27950375942575717,0.29146903429843746,0.2629777630788639,0.3150620441169935
2021-11-11,5.534780195844407e-06,0.007532116884191148,0.006175203701283075,0.004098028767417563
2021-11-12,0.014291277681732625,0.0003131020827092079,0.00012605939430027785,0.0029323874459789598
2021-11-15,0.13231957487138807,0.085380546169933,0.09006954655450139,0.08456392736476491
2021-11-16,0.050316141006002194,0.02796119278121593,0.027254376461818067,0.025990053400008865
2021-11-17,0.008318468595752688,0.0027147359813590685,0.00442866716703965,0.0007148696455542274
2021-11-18,0.010909422575206338,0.007831380972558245,0.014785405311972541,0.0009506295554860358
2021-11-19,0.02082045885930327,0.022167921511765734,0.0416606773621992,0.0039572282660432735
2021-11-22,0.02297583876469669,0.02983701741435888,0.06357204750721351,0.0042578889600078966
2021-11-23,0.09886172432850696,0.10438491238023434,0.1465275742722292,0.05368639451541154
2021-11-24,0.059066626198195846,0.06562444489333195,0.09043947660344623,0.02857511465282617
2021-11-25,0.03640810680833624,0.04138828124373171,0.054336620598564665,0.014984354272902886
2021-11-26,182.0054671737494,181.77368204919776,181.35513215612673,183.7695974871231
2021-11-29,0.850610039166173,3.2162982509186957,0.44852635774578714,0.028131325940273833
2021-11-30,1.3744299220072127,3.587293181183223,0.743711310575989,0.2697005630088219
2021-12-01,0.6374089532599505,0.009499628157708578,0.8322142583314635,1.8496282626033842
2021-12-02,1.7618225189811092,3.0282290170153874,0.952939236956449,0.5968562278970103
2021-12-03,2.201144928264091,3.5950338931870416,1.6948419647814315,1.044735092517629
2021-12-06,1.0291436892167476,0.3856717669828526,1.2926054971612468,1.9011219848915688
2021-12-07,0.5591402116614497,0.37404882252023003,1.221190516564878,1.2725516457112407
2021-12-08,2.254630881704031,2.0322010701850344,0.9126518396266954,1.2531136926826867
2021-12-09,1.6737922663487848,1.562237233518988,0.6889263355041515,1.0103613820156336
2021-12-10,1.0911895358224808,1.0585169405332897,0.47166675894222626,0.6890629986220027
2021-12-13,0.16926622930186125,0.18064504558027494,0.03040897362169599,0.06322871206841414
2021-12-14,1.0822640879555108,1.2319400009753076,0.9186111270438093,0.8043072758378969
2021-12-15,0.2765503158999973,0.3681511120698273,0.2516701144353209,0.187489718293065
2021-12-16,0.3912632348840888,0.2626979761151294,0.278849735346174,0.4905938122757386
2021-12-17,0.9405099089041101,0.8682313038397315,0.7971535817881755,0.763994748182449
2021-12-20,0.010074363343829813,0.014221785941858887,0.026119715285538834,0.022467193942312134
2021-12-21,0.9342482156751983,0.8307682790309976,0.7883161381101985,1.069118316207749
2021-12-22,0.41770938563373455,0.27250542827303126,0.266703841100114,0.2945587146951349
2021-12-23,0.5769740747645075,0.397699629079452,0.37351100151371275,0.4788866852146171
2021-12-24,0.7489313380406881,0.5609753402720755,0.5185082747869854,0.696709861572748
2021-12-29,0.12179397389136741,0.06674211625617024,0.053894223451111466,0.12469411218676858
2021-12-30,0.4744290078229128,0.3364864616262318,0.2943405393366805,0.49936490170101383
2021-12-31,0.3847619785732663,0.28877110207190004,0.28438647379455023,0.4338623942454545
2022-01-04,4.002647639508623,4.247595832231754,4.136936598049755,3.7901240393383198
2022-01-05,0.6617682718197667,0.25481300924669553,0.25171990391067856,0.5995611704658236
2022-01-06,0.001043949503946866,0.08846824626554152,0.09480663824001423,0.0014069529300033117
2022-01-07,0.31249503070842816,0.1440965867184612,0.15528742860051012,0.28725873003574726
2022-01-10,0.18910938029774194,0.07153543267938753,0.07223564560526173,0.1893243421733066
2022-01-11,0.0950762003141526,0.0344594218084356,0.0536923588376937,0.09927249181802564
2022-01-12,0.00030541492950623267,0.01351296109958663,0.00783216755610292,0.0011880938209892701
2022-01-13,0.4027700513940574,0.2157668359400523,0.22424267788359098,0.4212982514075443
2022-01-14,0.2751197506222811,0.1454582511006254,0.14538346923759546,0.3131824694188133
2022-01-17,0.06370448210011313,0.13483045650534098,0.11648912405489932,0.04307768685732571
2022-01-18,0.037523244773539306,0.000492699972718777,0.0008074803356614092,0.04905442898689429
2022-01-19,0.21535842678009282,0.11700724354098153,0.1432945893277845,0.2333912099341217
2022-01-20,0.28794896621650057,0.18273784182566696,0.2023013144940803,0.32370308852352253
2022-01-21,0.91992251872254,1.0979572864613552,1.0490329448270084,0.8371437671322666
2022-01-24,41.8578818058379,41.66588296378562,41.735474049217366,42.1918886621814
2022-01-25,0.10099868732916431,0.6114188279243883,0.09777334558050903,0.0018478157073900804
2022-01-26,0.20362725597624629,0.013378746410316951,0.31493201812388644,0.5913123456211318
2022-01-27,0.0061383639487994435,0.050101932179083285,0.04180627605864987,0.05444727498367539
2022-01-28,0.0026375014922429547,0.0006387819959710163,0.18744391556746873,0.11105433421125835
2022-01-31,1.8132473243760032,2.1690516602439294,1.3663397845903915,1.1352317896421062
2022-02-01,0.08931292343305308,0.1870909604714059,0.02606234327621501,0.0091722426019805
2022-02-02,0.6064387685309403,0.6876121254986328,0.31906061221757465,0.3677818769261632
2022-02-03,0.3243345947293276,0.3564343343874744,0.1187351936148648,0.1983572156344803
2022-02-04,1.0156307698484404,1.1638419601917074,0.8572946461242846,0.8209021298755977
2022-02-07,0.1309874658276975,0.19611661393951096,0.11176528942849477,0.09369413243094175
2022-02-08,0.7900788898236389,0.850370147644757,0.6526118261884347,0.7281761137068117
2022-02-09,0.038957945792685474,0.023447662518200463,0.05900783800290022,0.038908201812351606
2022-02-10,0.47030854393480703,0.4102106945848676,0.2920212805690513,0.45928412982976363
2022-02-11,0.5451534183412267,0.4888173788202813,0.35854871193483984,0.5750830801918023
2022-02-14,4.885770709744159,4.984029624285113,5.304758397984239,4.695730083975028
2022-02-15,0.008221072316115331,0.005806914275544739,0.007743500358538927,0.031574952518249697
2022-02-16,0.9111305402712336,1.0357613272067443,0.7206722137607808,0.7588766248425273
2022-02-17,0.009085656181564997,0.027918716027123917,0.0006514982661431998,0.0029258379136018623
2022-02-18,0.5925296312948054,0.7966631538929959,0.6894386260402995,0.5185436716584583
2022-02-21,0.41670953004583067,0.5997744452729583,0.5919475758366112,0.38968160992530604
2022-02-22,0.5238198991834667,0.7399148501811107,0.8366950478990125,0.5212570435949768
2022-02-23,0.44754226139279313,0.644529860950661,0.7131757572865375,0.48065180536041735
2022-02-24,227.41088376492073,223.46255104840603,222.5211162958761,226.0564009845083
2022-02-25,157.0503965260064,130.57216646211836,158.86348461186458,174.94844966334145
2022-02-28,11.537884776400086,8.279808239585039,2.917237220427786,4.734931553275871
2022-03-01,0.03342791339589052,0.04760946056688189,1.3741861903363057,0.6111112366546024
2022-03-02,1.8279275888226285,1.4928315017488945,0.21783337335673414,0.20467352512259784
2022-03-03,14.201154110181964,16.162330877491005,22.54386461507796,20.448391492612835
2022-03-04,83.2174450660303,78.9537643985292,93.06173197046803,100.46854158616007
2022-03-07,18.18435774813105,28.24808723210012,18.004782813333687,8.735142139619835
2022-03-08,15.423786775715115,24.40264291354311,16.680792814193886,8.587743377772304
2022-03-09,45.835826428437265,33.71625543379396,43.957450951049,56.1582658544879
2022-03-10,6.378963448074112,5.610422205265663,2.2250082465523757,2.4492159558651783
2022-03-11,10.58917759582302,10.720259796012385,7.475605091040931,6.181896957684105
2022-03-14,10.383439586960879,10.480268728032371,7.241699799302928,7.2173913785032004
2022-03-15,9.420954695957132,9.66729523248816,6.625596388892081,7.524069017697462
2022-03-16,0.04670629481255732,0.09050891946907351,0.014069025920910453,0.0046434786138923965
2022-03-17,1.2359648753331656,0.9368838634679193,0.28104740462276545,1.0178250324829023
2022-03-18,6.388142208655437,5.182245978329383,3.3745072014382385,6.28182777109746
2022-03-21,4.219750237515008,3.468597300971635,2.1019583934655826,4.695451046864251
2022-03-22,3.487064913153958,2.913330534438546,1.732039576402385,4.340365218300278
2022-03-23,3.3170133596488744,2.856432356100212,1.7493638319384746,4.508469133664181
2022-03-24,2.75834628983605,2.4760622496067,1.6666776021379945,4.137510959467963
2022-03-25,2.073486524086937,1.9255995402399335,1.27183799859296,3.513863848559863
2022-03-28,1.7086948569786011,1.6409591372334364,1.0820128702479255,3.2001634209655467
2022-03-29,0.20537257828733876,0.20427835172976452,0.06993719667941557,0.9385974755172469
2022-03-30,0.6885017475136822,0.6027966005424018,0.34775792055460913,1.798047055137458
2022-03-31,0.11517283781212981,0.07976487486782685,0.010638449558965002,0.7446759778277593
2022-04-01,0.8619208074714191,0.8742907448348314,0.7102658165136846,2.025453754216733
2022-04-04,0.7011984608882492,0.7288955273793477,0.5821050221463528,1.8154500709587928
2022-04-05,0.09186185429406185,0.10737559763369055,0.05700706886824531,0.6759053117500953
2022-04-06,0.45631547944889544,0.43713416336436606,0.3210654449691279,1.3867379428455
2022-04-07,0.2533548722662547,0.2599359204983105,0.2214772444050712,0.9980660987146671
2022-04-08,2.924865240436167,2.821586042579412,2.7544840579151764,1.5174340716524208
2022-04-11,0.17923123522956114,0.04584574379388538,0.04088734892903555,0.620182196221896
2022-04-12,0.2936272942357371,0.15591913686247266,0.19349416471353206,0.7936483733554148
2022-04-13,0.6283087066575006,0.47825472116234596,0.6290412789725305,1.2866284213230992
2022-04-14,0.24690491874500314,0.17592589690901983,0.2552499975241359,0.7219282368639346
2022-04-19,0.39342613447478897,0.30282784721989964,0.37897584337935286,0.958050944416028
2022-04-20,0.2255030750051983,0.17534100274303066,0.25496171387400623,0.680997588840343
2022-04-21,0.31730601220798416,0.26241670599375483,0.33562266171230043,0.8275465028005222
2022-04-22,2.123913410614855,2.230045312893287,2.0575662779359805,1.2410529452163699
2022-04-25,8.359844139025228,7.80331130849049,7.762354350193672,7.124259426202451
2022-04-26,1.0779190481559435,1.855685210700719,1.5731456774038624,1.1586167767192956
2022-04-27,0.4262935042490868,0.9192861566475423,0.7325445393335166,0.5398352777615277
2022-04-28,0.1492762517109775,0.015364852825213786,0.05308207949530608,0.07823182366389395
2022-04-29,0.47020885336261625,0.6531781583491411,0.4751573349911376,0.591778472133545
2022-05-03,0.6183957519563716,0.7934764803713652,0.5962901584642638,0.8017825423795971
2022-05-04,0.0030824261333958266,0.0023169755088981118,0.004383782960493918,0.006288490831519888
2022-05-05,0.5812374194892249,0.8389287867828082,0.7608343384867646,0.7547185182975106
2022-05-06,2.8840337563261893,2.39886084135982,2.5434673807422326,2.4605312492200064
2022-05-09,21.06879513661154,18.45697775655653,19.00114799074887,20.93700983233303
2022-05-10,1.7156992805902627,3.7498401086979998,2.8285158964841304,1.1384793763102514
2022-05-11,0.5660443185315394,0.03315310233275798,0.18179088330443494,0.8344806899997025
2022-05-12,1.187800699635168,0.5935652044774102,1.0557423336252727,1.6109909065502572
2022-05-13,23.631198639350885,19.372193233349407,20.78430919458832,26.028790720443727
2022-05-16,2.6697728627393866,1.9370550866913367,1.4019071197294792,1.4001284759883825
2022-05-17,1.7494715898939006,1.2132088729032664,0.8016184881469129,0.9850921695233971
2022-05-18,0.2771977470965383,0.09501449252756516,0.010721441314346864,0.08517427291422563
2022-05-19,3.041333157730254,3.396111796428601,3.688099075631924,3.793471560921229
2022-05-20,0.18365238178785337,0.3325888876664447,0.27925623218753226,0.01743104274171614
2022-05-23,0.9258938258354732,0.8935499044412761,1.054308785006122,1.4548073229805678
2022-05-24,2.9584278967055617,2.1811070615599006,1.8483399775405174,2.1290026612143316
2022-05-25,2.0132837654554745,1.5348122366838746,1.4773228748231109,1.5856516941833092
2022-05-26,1.4586740611133269,1.1007042193819103,1.0222683358280982,1.2862273496611538
2022-05-27,1.711711339738862,1.3487525413131467,1.2340540095963333,1.6992843918544125
2022-05-30,1.443410765878296,1.1798005878899016,1.0634459205148075,1.593475159038461
2022-05-31,1.2065721949410249,1.0256589244955285,0.9139128410814208,1.4727630034780403
2022-06-01,0.00032578841393308684,0.0016755132537141224,0.009463841840741073,0.03135192642936938
2022-06-06,0.0003763126027192957,0.0017188300528030492,0.003592048871746229,0.02354003618718512
2022-06-07,0.972992636027125,0.8524267348032413,0.8423679975498121,1.2453655342573322
2022-06-08,0.7998342610954053,0.7301419079109231,0.7611661333766099,1.119215897794158
2022-06-09,2.538660970198566,2.605161126941341,2.5094799622920982,1.9674684072741606
2022-06-10,12.91660116974904,11.904014050697109,11.868902556434286,12.382808542393304
2022-06-13,0.8755434497675696,0.24896701549108174,0.38139461099227945,1.1458282657258285
2022-06-14,2.2058993824550854,4.1873081458290295,4.228867633576412,1.6779283867914614
2022-06-15,0.00047564055213423633,0.25548699962817273,0.3369220574140929,0.016682490016618055
2022-06-16,77.37076361242191,71.3524155098832,70.88744614294127,79.02675117797374
2022-06-17,4.924041800406905,10.302757892828911,7.6552450127848415,2.744915623099023
2022-06-20,0.008484175964293423,0.6993079531425229,0.3086738131023506,0.25340307549378865
2022-06-21,3.78926725291971,6.641476588180215,5.118728762095868,2.4773754680575597
2022-06-22,1.2604884139477412,2.8965045082814056,1.9434518627114454,0.7734661253338992
2022-06-23,0.6999755347465673,2.0444749856245,1.7595382002095632,0.43389395298924893
2022-06-24,28.144441406889584,22.000009121101193,21.154050839915357,29.572727820442108
2022-06-27,3.2068176669003607,2.6333980197216276,2.616082683412205,2.032011364989602
2022-06-28,1.5664417337161298,1.1897666032483865,1.1180887950522063,1.0220388620488965
2022-06-29,3.51825815603553,2.834992961147851,2.636578372301726,2.9741652504020943
2022-06-30,4.8799955415445515,5.52957070914356,5.609422317977999,5.091574423957985
2022-07-01,3.8090812915847567,4.3967076025311655,4.32357820542577,3.1663632603165155
2022-07-04,0.8919915344782562,1.2174723779999945,1.171764133225749,0.7792508739212278
2022-07-05,46.602830529325466,45.38181290190971,46.04624343021518,46.62958515065127
2022-07-06,1.0838814620771715,2.844627923295128,1.7117674208885518,0.4530710968878521
2022-07-07,0.943154905839724,2.090214270348752,1.1140932537906985,0.4838394529678184
2022-07-08,4.54342869430551,6.044024115576699,4.261689887780411,3.7543570762305825
2022-07-11,3.6163959049094467,4.953078948480791,3.459314747806488,3.352827535987442
2022-07-12,2.7448529233684056,3.900101586351393,2.6906992922605957,2.8464709463967677
2022-07-13,0.9073244352564336,1.5889844107682916,0.902387368247434,1.1348220854673308
2022-07-14,1.6571835679155573,0.9144088749689312,1.2338341580390615,1.3052448186888808
2022-07-15,1.5605340526682694,0.583084018475984,0.6732722503397102,1.42704918355231
2022-07-18,0.8009308639437545,1.1257410869308095,0.9165719945426046,0.8086745525688861
2022-07-19,0.32673238258459625,0.44456910285752393,0.2970293352093832,0.3949669724871749
2022-07-20,1.7454266172058879,1.7659050723765957,1.4187603104263915,1.9922072210376789
2022-07-21,1.871646472471417,1.982762283743154,1.8808322240235738,2.2882243069659585
2022-07-22,1.4908281767049774,1.6315885287080405,1.5326311886304622,2.023863168919143
2022-07-25,0.8627812966618774,0.995711251773788,0.9157651654340537,1.3822394925815749
2022-07-26,0.9930217906798814,1.1246570973285828,1.0246857768392257,1.6213093259424123
2022-07-27,0.3202768518254741,0.40780572941068205,0.35287565010572375,0.7567285970538068
2022-07-28,0.6906270519176209,0.7737692654916657,0.6826954656565828,1.306804317412187
2022-07-29,0.1368351720386354,0.0981697387047774,0.12596669676859404,0.001806761439563491
2022-08-01,0.5958034643914779,0.5208700425814616,0.44049084086194173,1.1246686893700342
2022-08-02,0.5057942142296616,0.46093420996263523,0.41911175805773,1.0234939359491175
2022-08-03,0.16214234986191645,0.14811500885998485,0.13261048102409037,0.5062599887984716
2022-08-04,0.366369018379821,0.33385208716626974,0.299841802861627,0.8292184178893155
2022-08-05,0.28751041268982663,0.2719467827061361,0.2388043320726949,0.7128129890420815
2022-08-08,0.03012324604603375,0.028808230720000414,0.02322272445819269,0.22927643211958992
2022-08-09,0.2327545482803369,0.20869481387994585,0.1833154939627562,0.595404852560036
2022-08-10,0.14581786958184498,0.13484498211455048,0.11137910992642851,0.4459417021764634
2022-08-11,0.011998709692263188,0.009913833056199053,0.003527007056043918,0.15085747723523044
2022-08-12,0.04024446970094645,0.04697600121822719,0.04270684427257317,0.20179368729246547
2022-08-15,0.15470237376526436,0.15628661713593983,0.1397972080242486,0.3953592218739803
2022-08-16,0.0602518701440264,0.06464902362907465,0.05100142027727648,0.2260177938237439
2022-08-17,0.08014185741235061,0.08237764148355255,0.062311994826957304,0.2520018172457096
2022-08-18,0.04857760181756618,0.05481144359481789,0.047382796293180006,0.1801641244075119
2022-08-19,0.0984312144382205,0.10390008605476558,0.08733053116259067,0.2565229807701411
2022-08-22,0.06527393336223508,0.07244323362764205,0.05502609229039849,0.193896027559138
2022-08-23,0.006152291736038411,0.0033697408878395887,0.006030429447631302,0.008492894301934192
2022-08-24,0.07456876485214936,0.10178065154378209,0.09993405116696596,0.1661184673945741
2022-08-25,0.0876596061226976,0.11945372861667954,0.12929851199112669,0.1766884543797193
2022-08-26,0.042539608845938603,0.024398162014944495,0.023601629795406448,0.007586586241568583
2022-08-30,0.20747759795910772,0.14079095415844492,0.1270718660054137,0.14217564785603382
2022-08-31,0.5012026903023612,0.33731910343445276,0.30078815378940627,0.46536116952953904
2022-09-01,9.135161038774223,8.012384457148329,7.747747299744265,9.36594381692459
2022-09-02,6.2097897787838505,4.318320906843556,4.711128393391665,7.417600653575332
2022-09-05,1.3561499377328958,1.384287829034238,1.1174379270918997,0.6654092117663442
2022-09-06,1.0182368457593474,1.0806241863104065,0.8627566599855243,0.5509500097541256
2022-09-07,0.035287058267445555,0.05304927186337362,0.01579507772638502,0.00014764312772229952
2022-09-08,0.6596684347163516,0.8314001511642232,0.7974192174038031,0.3817693300314203
2022-09-09,0.4191347949460153,0.30608953204044537,0.3354062751137357,0.6250489666786513
2022-09-12,3.229346653428976,3.448307402453596,3.6190416800995453,3.858500399898485
2022-09-13,0.07172710742783033,0.359765639621369,0.44595633927951267,0.2662806814069675
2022-09-14,1.07891879696137,1.507275297243691,1.5970075823216214,1.702528827729517
2022-09-15,1.6683413232098006,1.652110177767957,1.5900791815716733,0.9280309536674433
2022-09-16,0.5760348750825759,0.6002089783912329,0.5588812470436764,0.269122467387663
2022-09-20,0.4936175271539279,0.5762031400353065,0.6880363121278208,0.2568728084258765
2022-09-21,0.38314809934869287,0.5030375149011967,0.755484659391399,0.21260881775607984
2022-09-22,0.05790684266655107,0.033137468412116435,0.003055996999567574,0.12704424964089475
2022-09-23,8.809504880743718,7.982141198587731,6.878283057069631,9.663536310526936
2022-09-26,1.8206956048855736,3.0780667462447138,3.5476446476177173,1.0556005890907474
2022-09-27,0.860964070587116,1.7142121701706874,2.0019645574620997,0.48548009275796805
2022-09-28,1.0265383625857427,1.9245130892644293,2.535206551389458,0.7001055969038986
2022-09-29,4.797322294897217,3.412065980578031,2.816003817773854,5.309223647757199
2022-09-30,1.5201179989671434,3.109861832728306,3.7928628913947695,0.963963186942695
2022-10-03,1.1626782245406182,2.458508139218736,2.9516902493121138,0.822719171663363
2022-10-04,29.630890947715358,24.93284656792879,23.738685797019052,30.79721608830675
2022-10-05,1.9101893043512697,1.181521477228723,1.298208645016945,1.0057858617545725
2022-10-06,0.7032398871679922,0.3790474903980411,0.5706169407546503,0.30577359018293615
2022-10-07,1.8608266962115503,1.5072338258032068,2.162365432820036,1.280564815256581
2022-10-10,1.024446344296573,0.8332419887673702,1.3214061756138817,0.7460298506411711
2022-10-11,0.0010382488996359305,0.007953256798490228,0.04430150889276471,0.015911400072472763
2022-10-12,0.1543652111141911,0.18791103615605878,0.6649236261373064,0.08218966975692005
2022-10-13,0.9573218141559129,1.1647044747110296,2.410585821643541,0.7848561508069223
2022-10-14,0.9573657596705588,1.1554571982775956,2.194796714598415,0.8865939642512946
2022-10-17,0.008861546675157334,0.038187182095897096,0.30079192680620653,0.01127735241912639
2022-10-18,0.6740841344006432,0.7119088570452445,1.2921242392760204,0.7012162564404703
2022-10-19,0.5804926251359749,0.6277290293108436,1.089968962537539,0.6648122443606095
2022-10-20,0.4098877002904257,0.46442848299905376,0.8815617112284635,0.5193399679205498
2022-10-21,0.2615586624399785,0.3073457964609097,0.5994676439475382,0.3771884167453363
2022-10-24,0.03857762813342516,0.05459962425211848,0.17545980674507808,0.09822358972670577
2022-10-25,0.33762472505508767,0.34197537829977276,0.5417058169485196,0.4844059275116258
2022-10-26,0.025452377418560258,0.029905756998565965,0.09291624964477417,0.0826999940671167
2022-10-27,0.20496421274503535,0.19171770979440564,0.29404098726861994,0.3305887602041859
2022-10-28,0.11375818088344299,0.10789622213489006,0.16973334865595174,0.21802708422215422
2022-10-31,0.00016774007045263287,0.0004411823458402622,0.017757979841659992,0.01862454717409864
2022-11-01,1.4220053501290713,1.4906831706455792,1.2872498483581802,1.1729439043999732
2022-11-02,0.06264896603523637,0.0033088952259796647,0.013294146332473116,0.08183656954460984
2022-11-03,0.03965550946748969,0.0034620189327980995,0.021405901994912515,0.052236650500669536
2022-11-04,12.150052867948663,13.23599157271594,12.770150320013174,11.924688475007297
2022-11-07,0.5389789687861342,0.027470823513657795,0.03865464642550605,0.33808463518627446
2022-11-08,0.7769030755943767,0.16427173434650646,0.2161556467461158,0.5863883219085422
2022-11-09,0.6038618418500092,0.13604023954081998,0.17120096223523829,0.5023605900957309
2022-11-10,0.1957999665382922,0.626707719473996,0.5477484343630857,0.22609437608189778
2022-11-11,0.02543196037744421,0.06754155036283425,0.05387347429879708,0.010914948954572257
2022-11-14,0.004660955734390419,0.15278672766130116,0.12289012967977106,0.016652612430638154
2022-11-15,0.5332257149545163,0.13712051957771265,0.15197380481610487,0.44675586169907594
2022-11-16,0.41413364748320847,0.11474562760666258,0.14129257114894295,0.37579725068800257
2022-11-17,0.40996974288447635,0.14761175148257272,0.19360673395684705,0.4010597704923348
2022-11-18,0.09181912856189367,0.007461334310237588,0.019405379628175564,0.10179738639836604
2022-11-21,0.29383589675954547,0.1108862528493121,0.1347873106822681,0.3211115549727521
2022-11-22,0.29216762804978597,0.51312352057552,0.4599855075860869,0.2515766863968585
2022-11-23,0.2963857988421895,0.0830178200490626,0.09252284059327905,0.30107026195094716
2022-11-24,0.2705492446665892,0.09040238271631126,0.09262561706277049,0.29491784421334577
2022-11-25,0.161152731868444,0.04645633825408558,0.0437031718060332,0.19233229769881474
2022-11-28,0.16780392812125947,0.0611351891273843,0.052571744813806554,0.20765540544675198
2022-11-29,0.022445341307794086,0.00021011830516856037,2.5041845115207805e-05,0.03999365398454465
2022-11-30,0.06620040136080842,0.15545263087594782,0.17394418109558754,0.044540796684238
2022-12-01,0.15797914205244498,0.04690648343881214,0.03220640983246549,0.1769048913967825
2022-12-02,0.16329636982713197,0.06383165516981551,0.05046986762234228,0.18634578707125854
2022-12-05,0.12308911727239032,0.04992765932277751,0.03677223586517553,0.14774292170036485
2022-12-06,0.0007582973808318643,0.018206698634200436,0.03081779741044201,0.00010528219983689218
2022-12-07,0.03469996802872715,0.014307478208304577,0.006683916858484309,0.03958553439586305
2022-12-08,0.1000533310387083,0.07522776718758417,0.06552434204705337,0.10204465173357853
2022-12-09,0.11907105399511776,0.10046061970900301,0.09880946253603827,0.1214213441564394
2022-12-12,0.023983376989256604,0.018694509132573513,0.015579992969806871,0.026509283432607125
2022-12-13,0.06502494655742981,0.06534241039735447,0.06133482329632243,0.06670643449462738
2022-12-14,0.1245415575821769,0.08996040237939867,0.08475169616175562,0.1076027630958048
2022-12-15,0.28735296309231956,0.3320017602760656,0.33824603971494116,0.3087439435141107
2022-12-16,1.44826112312644,1.3888959424913427,1.4414082781902366,1.6277204878709586
2022-12-19,0.18503900275819257,0.31850356366516835,0.24718855235965903,0.07234912029137955
2022-12-20,0.2817555669785646,0.41738815302190757,0.3322506354593807,0.15592002723877663
2022-12-21,5.797816136526653,5.273664972364447,5.594789222331215,6.339292606104171
2022-12-22,0.3979874792634773,0.17899676872669035,0.11271119877892548,0.15855021417223933
2022-12-23,0.5029690954542442,0.29786675696992626,0.25211527349973994,0.2619808433840823
2022-12-28,0.2868944782697852,0.16245963864555368,0.12758253741051695,0.14368080848512743
2022-12-29,0.2963167716418285,0.18399356780845716,0.14262864430294464,0.17487878303860147
2022-12-30,0.016878302399895417,0.05065874469917027,0.07859436173252374,0.052404737171789326
2023-01-03,1.670109470665448,1.7592107321368808,1.8539313718515191,1.9973165122991123
2023-01-04,0.3009613250496426,0.10834631199913838,0.07621353854480202,0.13357539194840753
2023-01-05,0.06656414752732452,0.0036186688850364007,1.6733638836258573e-06,0.011979297893460302
2023-01-06,0.01100547357803552,0.09549552076208127,0.14102612263191414,0.05539133152475751
2023-01-09,0.2944701881595643,0.08777294923361356,0.04874854749235232,0.16927933777383403
2023-01-10,0.1949543073558591,0.050475776549240015,0.021128643542962507,0.11542371345030106
2023-01-11,0.1648384462408754,0.05392103414994869,0.03269486651519906,0.10133569058283497
2023-01-12,0.07089241288625249,0.1804918486574713,0.2334319648960508,0.11223178377993437
2023-01-13,0.021959849224781284,0.004175089487669986,0.01775199855215446,0.004261438744254467
2023-01-16,0.25619951452187045,0.08209148988672041,0.044315715746162464,0.1852420763032569
2023-01-17,0.23703053199996896,0.08905334377194424,0.047662262086796164,0.18720784535111562
2023-01-18,0.15358211948504855,0.054500001008929384,0.02660908073621801,0.12468387215824928
2023-01-19,0.5128994890611752,0.7149881676032425,0.8082713343703306,0.558861737803252
2023-01-20,0.19972902594130376,0.17055344456789176,0.1003527838677041,0.12504756218823335
2023-01-23,0.2142198470746368,0.1889345331250196,0.1143916406387581,0.15188078900815474
2023-01-24,0.10941055126607667,0.09763299194226717,0.046868476689112946,0.0760570759482541
2023-01-25,0.16613180023173307,0.1649316318731999,0.11746749552335005,0.1271976958325663
2023-01-26,0.12877289834478234,0.13422928133479248,0.10367202807770813,0.1008660049651345
2023-01-27,0.13746695778243193,0.14594362396917115,0.1103169718895104,0.11519968677975764
2023-01-30,0.07887736308711524,0.0888929877368287,0.05976198569666655,0.06637771116499977
2023-01-31,0.08777861718278064,0.09832351900352931,0.06465092078775356,0.07705033817192607
2023-02-01,0.08360671956650785,0.09738756457153606,0.07160433958540495,0.0734918821704805
2023-02-02,0.08089202999107294,0.06617134345586133,0.08464501552870758,0.09122033175891466
2023-02-03,0.556031779833785,0.5991621469220874,0.6729285444412436,0.6177159101210558
2023-02-06,0.06880195868240309,0.15494033833780496,0.2057820493323795,0.11946770932368533
2023-02-07,0.12079491675939219,0.07868310497751356,0.04466571912310957,0.05394936634625008
2023-02-08,0.14204696096988734,0.09926091658873654,0.058269904552819315,0.07715703196916422
2023-02-09,0.09251737513620553,0.06364953031580181,0.03064779750507489,0.048622819302834575
2023-02-10,0.0656943233851915,0.04361762785615806,0.01626036551129048,0.03369176529860077
2023-02-13,0.089609886438643,0.10706522632571529,0.14822970634818833,0.13828085508271867
2023-02-14,0.16917327199813934,0.10559052177411646,0.06600199202000012,0.1028236478860895
2023-02-15,0.0065125715648878665,0.0001368326406296079,0.003573208665445689,2.2531725077413748e-05
2023-02-16,0.12210604676950647,0.07097972723357301,0.03530825782129156,0.07490811963036585
2023-02-17,0.11927542686799635,0.07656930018531342,0.03775223471946931,0.07882799077663677
2023-02-20,0.10013573904180731,0.06880532267731286,0.035248478882651896,0.06701346597337778
2023-02-21,0.010130864824856452,0.0034066039429353546,0.00041354669183389544,0.0025245537888237742
2023-02-22,0.0012002001143230111,0.002968529203738543,0.01433223545320459,0.00931556661082709
2023-02-23,0.06713185899053033,0.07200496038047142,0.04663108202196053,0.031602769416228166
2023-02-24,0.03831772141587832,0.04611805775159555,0.03405627122446242,0.013395483321023022
2023-02-27,0.03308105893008107,0.022896551783987532,0.024793835208502746,0.0702354718863948
2023-02-28,0.0390362285118923,0.04615214889560131,0.05552226728999268,0.08615273682193869
2023-03-01,0.026102874009702615,0.03475413963450712,0.0314164973492904,0.001465947874293835
2023-03-02,0.06583613461787072,0.06963567580361173,0.05908917409491077,0.019688565686713247
2023-03-03,0.13751992144021657,0.13917340368398382,0.11752180811311144,0.07025408970210707
2023-03-06,0.08783655198153137,0.09340602054658201,0.0728013715403605,0.041282199802626346
2023-03-07,0.09605901901394992,0.10688543915562367,0.09544832326312545,0.04910231783444711
2023-03-08,0.08424185738247683,0.09752765432285096,0.09218476635427492,0.04324955981812794
2023-03-09,0.012235566875693974,0.00731042075177908,0.01066211068428131,0.034509736079771654
2023-03-10,6.320373825065365,6.064058074152564,6.0755955985320265,6.825265503248775
2023-03-13,38.224106510642876,35.37979125064025,37.41522170855579,41.52702397299174
2023-03-14,0.0016444771587978066,0.507994098586397,0.01212421564233542,0.34966980837830053
2023-03-15,192.54043493333467,179.59930067719813,194.9938406771156,209.06172271276054
2023-03-16,5.2277176524595355,14.105005608326637,4.599841151610958,0.7778525394835478
2023-03-17,3.0646004328627265,9.130510381326852,2.3899576646009937,0.3522585130063911
2023-03-20,2.888833630067329,8.63247721616155,3.3739361401662014,0.5152154804019246
2023-03-21,0.6317333124245612,0.06549537345435001,0.5866657416500362,2.5542351721928047
2023-03-22,5.042354775058662,8.235073161318608,3.6297836593270465,2.1619952025335953
2023-03-23,1.785127067663295,3.675022524614435,1.0799030736568036,0.5633833390682235
2023-03-24,0.14751368644575555,0.9722315847846691,0.13119319981570018,0.008654799883111053
2023-03-27,1.3176586669654935,3.304948621037035,2.0422538898848552,0.507640694403128
2023-03-28,3.1226326125455257,5.346797370776086,3.7321893880522894,2.062681101197513
2023-03-29,0.20634087765044842,0.9372089070246761,0.3794605725834602,0.0612614859654612
2023-03-30,0.9508672426179736,1.7915220616237744,0.9904693064287654,0.6677168087543413
2023-03-31,1.9008107726307855,2.795824685706264,1.8126833614151094,1.6696160219348706
2023-04-03,0.9009445423536978,1.5207217930705381,0.8773263695302269,0.8935673409955984
2023-04-04,0.7657337541927164,1.256037647124819,0.7122645003185782,0.8589890334853522
2023-04-05,0.8075239775394222,1.3250074931070193,0.9792165175242469,0.9729306828055687
2023-04-06,0.012171903623006044,0.014402391135095142,0.001075493429226656,0.0004410196363715377
2023-04-11,0.3867605826799007,0.5353431354995166,0.33109213986134783,0.5492789593036322
2023-04-12,0.3875578691902504,0.4967486342498046,0.30721234665358266,0.5904185976963962
2023-04-13,0.5585075536448423,0.6586136096534044,0.44549730970905954,0.8406230829993242
2023-04-14,0.3491830339242783,0.4325877530140194,0.27406776332944804,0.618833817124771
2023-04-17,0.422311029423917,0.5044069838634926,0.33955038153252265,0.7425309111318231
2023-04-18,0.20128284636453642,0.26378515795537966,0.15640985091133375,0.4567918641291077
2023-04-19,0.27954472455243584,0.3411568609215087,0.2208872312594982,0.578779426915506
2023-04-20,0.24534226344014534,0.3076039252231801,0.22037809338481518,0.5340694025113382
2023-04-21,0.1846701826407718,0.2416038602012782,0.16816806472078147,0.44638483144559327
2023-04-24,0.16874748295764677,0.22369649612533754,0.15443664702057855,0.4206851951109895
2023-04-25,0.09305884511168702,0.13523424080997717,0.08705879095176844,0.29047305253585176
2023-04-26,0.014030798180053842,0.03406753306930117,0.019958557842205033,0.11473181274875896
2023-04-27,0.08598198952254106,0.13876992326095924,0.13144934207868433,0.23609210735145522
2023-04-28,0.010263012906804607,0.0331849818733606,0.03947136327556712,0.07935001700493531
2023-05-02,1.4653279204352043,1.337198468504872,1.3317976422045674,1.0930446991426985
2023-05-03,0.23373727586942314,0.4092491563046083,0.34873831812449757,0.28633450122420934
2023-05-04,0.5633905047062626,0.36597233540441243,0.4302440535842801,0.46913882207263835
2023-05-05,0.13418931046312582,0.022237481339587997,0.034348085451364446,0.14115322458742952
2023-05-09,0.36637889835928555,0.49607542161249174,0.42888470196708195,0.3271260735620016
2023-05-10,0.24452364632364926,0.3546462732129143,0.3369397742511168,0.2352248437988862
2023-05-11,0.2693006166555041,0.38905691515408736,0.4242293452924632,0.2738028010862471
2023-05-12,0.15607492136146311,0.24860523612440066,0.2962477114896934,0.1721523069313372
2023-05-15,0.1342374009284125,0.21085615552665996,0.24087087255344553,0.15810731694325392
2023-05-16,0.0931295754786692,0.15104756034634087,0.16604904220487593,0.1189389108739965
2023-05-17,0.07547492418225293,0.13187384307235955,0.17313714891741247,0.0970453168312587
2023-05-18,0.10889183448657401,0.1791763442642556,0.25907672539797294,0.13093735463189665
2023-05-19,0.10809360352753256,0.17171588537062102,0.2318633173664482,0.1337035086747994
2023-05-22,0.09337238827353818,0.14928881233136498,0.19114284391051076,0.11987335289356554
2023-05-23,0.09320338475100355,0.14568762170241176,0.17437040161911957,0.12098352071777727
2023-05-24,7.9672710826582405,7.552951852765153,7.3355668331045925,7.737276575764824
2023-05-25,0.015209241118503152,0.16159682167216982,0.06027820618114283,0.0018072756678746578
2023-05-26,0.015982888609924747,0.17578749205409394,0.12306400242041593,0.001755969048735752
2023-05-30,1.5898456891306234,1.096596277419797,1.258638664590011,2.004370695651493
2023-05-31,0.03551146103467132,0.01932407947145207,0.005380857903316623,0.19075702992746485
2023-06-01,0.287266283060615,0.8226102746156526,0.8865187453248997,0.07311758966790285
2023-06-02,2.4887620037641844,1.6104081300392277,1.567189210049807,3.2323716461306806
2023-06-05,0.9991951260102316,1.0321217024877753,1.0045981557140737,0.4943633241741696
2023-06-06,0.5786649385378984,0.6309021094711457,0.6452841159789321,0.2850891403137903
2023-06-07,0.6532493508766053,0.7093456448524407,0.7082462194981441,0.40401335629347707
2023-06-08,0.3846493147816925,0.44249916377867476,0.45423488858767486,0.24554819695578148
2023-06-09,0.17900251517547242,0.23217763718914353,0.2906453711116353,0.10768240417160639
2023-06-12,0.38412444212762215,0.4876105632122229,0.6602670611354093,0.2899954875416352
2023-06-13,0.21906283067849572,0.30138691987709926,0.41588169652511453,0.17407616452866057
2023-06-14,0.262333602325882,0.34315509188584437,0.4385497325817155,0.23270193272128334
2023-06-15,0.1306190972410931,0.19033804075475105,0.24781520992101236,0.12338364598315298
2023-06-16,0.16515840082699085,0.22260301826599646,0.267159748032602,0.16614857899002583
2023-06-19,0.010107195771297423,0.0013195777960381694,2.1565361173746595e-05,0.007707951558386746
2023-06-20,0.14215304677298427,0.22364825311639086,0.28968411188470816,0.12946567879851847
2023-06-21,0.156608376156448,0.24232557186201778,0.33976142830815725,0.14789991252879975
2023-06-22,0.03774414402032484,0.010035591633816955,4.8163632680490274e-06,0.03905467874457637
2023-06-23,0.020317563000489015,0.07243543534456388,0.16009887843227827,0.010802496752582262
2023-06-26,0.17719896232785995,0.3117887414678048,0.5360392139583808,0.13880501669870163
2023-06-27,0.15036268605624836,0.26843427994842745,0.4757697948729322,0.12346488864101758
2023-06-28,0.009020808909321576,0.047508687313779135,0.13189887124976754,0.00486341534068839
2023-06-29,0.04745161725297115,0.0941110952313399,0.1796115923404384,0.03584506663409368
2023-06-30,0.07614353335598392,0.03302887261654732,0.0013428318949099773,0.09579095531759514
2023-07-03,0.15788311969892688,0.17633868387936164,0.28541096143138667,0.11657371183059143
2023-07-04,0.12854731660710592,0.1492498946735982,0.24172538094003473,0.09850288243816009
2023-07-05,0.5380744039177981,0.4919925946914211,0.3581752863740247,0.5941428600805978
2023-07-06,19.026550732618798,18.127715471671113,17.336476884238273,19.963975045559543
2023-07-07,0.8381827281191176,1.7972512237294687,1.280833662841977,0.2643406533962092
2023-07-10,0.7505706513594493,1.6025475426062463,1.3231672017598755,0.2858003639970567
2023-07-11,0.6526750693381734,1.3771104786656416,1.1338983090477153,0.2941376965160831
2023-07-12,6.609483205353947,4.987527038108719,5.448959658061569,7.732343148600173
2023-07-13,0.8652351420571341,0.7491002363992109,0.5584208621398494,0.3430124625973724
2023-07-14,0.8492183753725262,0.7645725938430744,0.5805510186252608,0.42266388531121096
2023-07-17,0.46466000178048494,0.43171265665034064,0.32523328543956,0.2231279260090502
2023-07-18,0.1247399363933149,0.1256832117119645,0.10811262069070371,0.03355260850602705
2023-07-19,6.139509823323608,6.2728820987017615,6.449612022736839,6.868943943983217
2023-07-20,0.18640251765680615,0.0033662671229102432,1.5915139428609648e-06,0.024621193181434672
2023-07-21,0.8182110875998363,0.2822533587458291,0.21800236921863592,0.45216230262368706
2023-07-24,0.667968897289093,0.25053952101775934,0.18911954940421188,0.41889480282420044
2023-07-25,0.5409666123613811,0.2191219150810282,0.16095517215666755,0.3802131830509923
2023-07-26,0.42074029759326614,0.17974418110611726,0.1264877448696201,0.32663536189119313
2023-07-27,0.3362838489980458,0.15602582068861376,0.12329313966921086,0.2830438091719274
2023-07-28,0.31754334116661764,0.1666184497351218,0.12917639772004727,0.2943330865368945
2023-07-31,0.2552842844785988,0.143052492403981,0.10644784171394198,0.25599825872142484
2023-08-01,0.0766195816635281,0.03026899977912653,0.013968632733490331,0.08665940961511162
2023-08-02,2.0806538567795405,2.291757260460686,2.3830968770413015,2.041003481244548
2023-08-03,0.21706364699935532,0.2886478649686331,0.1724993976073435,0.13225342782050642
2023-08-04,0.1551381363999723,0.2296663982684596,0.17507803074884992,0.09528556830428611
2023-08-07,0.30834341331034676,0.38512654658539197,0.3094887933237798,0.24064847092359537
2023-08-08,0.1534800282642949,0.211919417651512,0.17695467549828645,0.12189009964148623
2023-08-09,0.018604571146234015,0.0034787818684029565,0.00302700000154772,0.029206745027964255
2023-08-10,0.11879630168256688,0.12651422014925692,0.11875433911461213,0.0888617185830939
2023-08-11,1.1486291454287507,1.1415685643927656,1.1859443926053859,1.2206784036440317
2023-08-14,0.3438952823619799,0.4913028466186742,0.4167885734411993,0.21606153011316634
2023-08-15,3.6497669707646643,3.2236680797064174,3.276108498270774,4.019289250256044
2023-08-16,0.4126879904203982,0.8509457776356174,0.7069380654620592,0.16949380561253805
2023-08-17,0.13772718811473553,0.4155725359758632,0.42008596782067137,0.03174606899036465
2023-08-18,0.10176206655521067,0.3595560462133413,0.48099581828059,0.020339559030013204
2023-08-21,0.5254153032881799,1.0262245333796969,1.422603122046597,0.3140741857533627
2023-08-22,0.38745269657151676,0.7921551498332035,1.1319983808625491,0.24878820265830356
2023-08-23,0.016087985043492747,0.13923868484605864,0.27140959355402944,0.00135472912089682
2023-08-24,0.3024475270102756,0.5335610090081292,0.7189252087869007,0.2178188665972967
2023-08-25,0.27380749377951036,0.47822316727969133,0.6229292647891735,0.21718301943685714
2023-08-29,5.941493073749436,5.192832255301482,4.82856472764882,6.118890562754592
2023-08-30,0.5640723244053666,0.32799268917256696,0.38392596996318734,0.3335796927248905
2023-08-31,0.22061904651371986,0.1056049140511401,0.129709660976579,0.11638358367705454
2023-09-01,0.2805428571846929,0.18174905528444874,0.25372758930633676,0.17625305208021094
2023-09-04,0.3218620266900798,0.227480447691606,0.2875479046169736,0.23640123473684468
2023-09-05,0.2493318034548232,0.18544637402301745,0.25304184875241054,0.19500734942009337
2023-09-06,0.22159702774826337,0.17744688846504733,0.2597459924440162,0.18485017865700715
2023-09-07,0.16969473530592752,0.14282641028805,0.22579321410775707,0.1484685421337436
2023-09-08,0.03248871180307828,0.02411479878333065,0.0541057820286467,0.02783534544958464
2023-09-11,0.1196883109234895,0.09504832349021253,0.13306891979288668,0.11145721473218233
2023-09-12,0.045780980923569185,0.03360331148223372,0.04978266942134012,0.04421255397870828
2023-09-13,0.13353027760180486,0.10886872922225183,0.12472307358514091,0.13189961061541886
2023-09-14,11.619275241751296,11.787625126173875,11.680807738064361,11.595104219849183
2023-09-15,0.23985476040020795,0.002825479568710688,0.0017838181401653352,0.08891674770496875
2023-09-18,0.011129530022608261,0.0852019471166362,0.0996856186484309,0.0026720585205402057
2023-09-19,0.467053534459916,0.14502999711936934,0.12633294426572197,0.2727083514964609
2023-09-20,0.057984887717201554,0.24660717758031064,0.2793111901857611,0.13190843360556648
2023-09-21,0.03190020189022099,0.01654403009335445,0.03033022364078433,0.0021932423285572567
2023-09-22,0.41843514889460093,0.17330366901031968,0.14803243165845037,0.26439554909550134
2023-09-25,0.0006608878815629061,0.04766252166164482,0.06499791185702311,0.015467370349084884
2023-09-26,0.3722662883543874,0.2392513867015664,0.218164979528124,0.2450921645861255
2023-09-27,0.1359972459469147,0.07419631251411456,0.060488460380577744,0.08034139622143982
2023-09-28,0.2625201456436524,0.20016404587562986,0.2079629969331979,0.18987147485493788
2023-09-29,0.2219136529796517,0.17846347174117866,0.17820636401195636,0.17310833283858337
2023-10-02,1.499298927330199,1.5847762234410916,1.6062356523823924,1.5937322106367497
2023-10-03,0.09920386570951244,0.1620642704595523,0.1104066793407065,0.03281399792143289
2023-10-04,0.00016930125578463524,0.008605851097235356,0.006922834284387437,0.01921758065042623
2023-10-05,0.11211854644597243,0.2276596904686791,0.27574809853262483,0.03824709053517086
2023-10-06,0.06028802322236694,0.1259889983079886,0.14956066006060031,0.016021285385053957
2023-10-09,0.3085335549568094,0.39594972627368163,0.41709434813943663,0.20302801237027396
2023-10-10,7.460205115641952,7.05615210619018,6.962048929583683,7.905195261112249
2023-10-11,0.6546689225477536,0.2747311984280332,0.2637042733195152,0.3383813694940857
2023-10-12,0.39788972501196573,0.15442848833508735,0.1567209078918601,0.20502167128661652
2023-10-13,0.10133081745513357,0.012384906415242489,0.01081769903452662,0.03223891194033522
2023-10-16,0.2348981097495846,0.11193578545605122,0.1319895202715367,0.12582022788309025
2023-10-17,0.06859708616912329,0.015587480929286383,0.01953480717538422,0.02544207436872699
2023-10-18,0.5300504857597951,0.7617347854296717,0.7611764090707175,0.6659069541593374
2023-10-19,0.4753129842056447,0.5201841161719255,0.5551865219807957,0.701889123832483
2023-10-20,0.8431175780189678,0.7109209268982923,0.7329013905871515,1.2546695323698118
2023-10-23,0.616468013938116,0.9598858573777179,0.982534058378342,0.2698635874638716
2023-10-24,0.6411461891688445,0.9908754927551289,1.1585238705064267,0.34117919228502386
2023-10-25,0.41554996322715415,0.6851935646274022,0.7987984094247008,0.22977695516516794
2023-10-26,0.0011148080875677995,0.03934166115676928,0.0620214851023629,0.008567974165236279
2023-10-27,0.00200842428981083,0.023981044542087337,0.07767788889633694,0.03262426439970999
2023-10-30,0.23358410670108548,0.5188186332191882,0.8461875116555663,0.11122311636604296
2023-10-31,0.449904507828469,0.7553744101569126,1.0714616554647352,0.3040016642787789
2023-11-01,0.2820826505034856,0.5158770552336416,0.7786167326430129,0.19769887919294044
2023-11-02,2.026533849222481,1.5720702248982779,1.2446182200281148,2.2032846092051983
2023-11-03,0.328718214557081,0.2668517937183874,0.379566497227651,0.19058364787543555
2023-11-06,0.4507472612787917,0.4120515043067651,0.6156733917214021,0.3141877237665303
2023-11-07,0.35244388223082646,0.33518687888167165,0.49496012878503715,0.26607719928244955
2023-11-08,0.2878510060734589,0.28519924725088297,0.4372724146902707,0.23366138968962658
2023-11-09,0.0007614024530148744,0.00039969859217948127,0.012007709622711835,0.003777500921417984
2023-11-10,1.293716355647974,1.3832589755717963,1.1553708428421618,1.38617463135147
2023-11-13,0.01177382166518938,0.0005967527017270195,0.0018546302365061913,0.05591537122017554
2023-11-14,0.41677687731600266,0.4221777980667033,0.4815829457158959,0.2666153065369634
2023-11-15,0.05404505830940331,0.06010255696080692,0.0771906862414601,0.019043154396771494
2023-11-16,0.19387693654697746,0.20903958363424968,0.19407105118854828,0.2725325085682091
2023-11-17,0.7984863670506503,0.6899346625469839,0.6259653580413422,1.035662428292099
2023-11-20,0.5831489124742979,0.4374339873856046,0.4566784963219273,0.3569919037068155
2023-11-21,0.4356092481013414,0.3395996464044668,0.37444661780748656,0.28704156235609407
2023-11-22,0.36647033851498506,0.3028350513337897,0.3647720442402273,0.262787945629759
2023-11-23,0.2927908710133097,0.2541881508812296,0.3312371961737129,0.22492490259051892
2023-11-24,0.2713477468037442,0.24580196616691036,0.30439696124108223,0.22809906956311007
2023-11-27,0.11666561449740113,0.10795141975377893,0.1381704467085878,0.10071230146531582
2023-11-28,0.2019768494374295,0.20607622008150986,0.2789441355450155,0.18338758094334598
2023-11-29,0.05567381163355165,0.061560950050668535,0.10313995992969804,0.05126033181488827
2023-11-30,0.05910702231420782,0.07400589329958183,0.14058417155218259,0.052203100777571516
2023-12-01,0.39288934869456943,0.3708893013158682,0.27920118663499166,0.4066293098890649
2023-12-04,0.1783035474894273,0.11346309377138433,0.15316459124542503,0.13794087768561067
2023-12-05,0.11650217852711996,0.07624932181117187,0.11914936463341134,0.09060818746454771
2023-12-06,0.08906468533160686,0.06431770634602194,0.1172929120708769,0.06873602434526181
2023-12-07,0.15289771328857651,0.12154374462833795,0.17372618003036572,0.13130639212294196
2023-12-08,0.00462419647042877,0.0014047037611937332,0.008998192411004136,0.0022915658692268955
2023-12-11,0.12059358016063934,0.08895494962085923,0.1128532472602885,0.10374233506344387
2023-12-12,0.11481755342738645,0.09156831794523017,0.11807350853251176,0.10122545570659829
2023-12-13,0.0963983534918287,0.08102797129223328,0.10038499918095524,0.08663413599903722
2023-12-14,2.1256591750680225,2.1747574412845676,2.121407719477161,2.1626920004637884
2023-12-15,0.1945933956887226,0.4102977650682192,0.4149642863383106,0.29060784479710006
2023-12-18,0.0852983922272446,0.033517265001901345,0.022750565511445064,0.02284481965272731
2023-12-19,0.17872751088840946,0.09709412771347252,0.0731244704032236,0.08924747073852918
2023-12-20,0.29771328186352236,0.4133242817472861,0.4770258409777056,0.42076604253455785
2023-12-21,0.22271758509825873,0.08156840283616182,0.05075387757500825,0.1158808691059395
2023-12-22,0.25576718297026646,0.12541048304377334,0.09970997845523773,0.15440533954766572
2023-12-27,0.11172439625968494,0.043698944635839496,0.027337574119498345,0.05929802606512945
2023-12-28,0.18683700106317447,0.10134975256644443,0.07114513992337347,0.1261627544263238
2023-12-29,0.14382912409867804,0.08177046890923119,0.054968551675524356,0.10005082638676246
2024-01-02,0.11850600909594618,0.07180507647213548,0.044282542621832656,0.08576966047948267
2024-01-03,0.007210581675654805,0.0006206476249138439,0.0005100514963989976,0.00153422124467667
2024-01-04,0.005526283229194697,0.0018741918136116343,0.00010234555845078304,0.00023401311453116202
2024-01-05,0.028044036611893523,0.014247446501392588,0.005720872453896705,0.011231815566461908
2024-01-08,0.12477774077363848,0.10780462803311287,0.09247398280906431,0.08123363910721143
2024-01-09,0.09790076190785367,0.0885537375990216,0.07080214161292106,0.06446150603271718
2024-01-10,0.018149009985499644,0.016378321527508666,0.011056341628531542,0.006385821347047067
2024-01-11,0.43538599845154347,0.4219931794304908,0.4266334260788289,0.5241115782355614
2024-01-12,0.00021045772553828225,0.008695719128222227,0.004721386600111301,0.011862159241515331
2024-01-15,0.07271531032549977,0.09385444335989405,0.07357870177673351,0.021322509171268187
2024-01-16,0.03196051218212403,0.05188348581633996,0.05178738798551917,0.003518647076999558
2024-01-17,3.305022098679698,3.0736473113431813,2.949096401411949,3.7622263187100815
2024-01-18,0.3876484857782394,0.7018057829872306,0.6171160797552714,0.14137124282715122
2024-01-19,0.3454988137145584,0.6194810850590696,0.5408743384948741,0.14556136034720407
2024-01-22,0.171116744879026,0.3600548368758812,0.3026236301520765,0.058034610734370516
2024-01-23,0.24389984533387604,0.4323434531377458,0.3654393932834019,0.11893811579828396
2024-01-24,0.01909395912651499,0.08504483197160617,0.06050320430534813,0.00014049802045627678
2024-01-25,0.19645916919296477,0.309633589160985,0.25397373431321113,0.10463825154231066
2024-01-26,2.327776470045809,2.0088239221554485,2.1625023816655453,2.6489298657490377
2024-01-29,0.3401694388472423,0.22763013736923923,0.16726864771497968,0.16115427373264848
2024-01-30,0.1132067781106352,0.06370765537743067,0.03625776704261104,0.03437700665801867
2024-01-31,0.07919364340952814,0.03924199544946517,0.01711494167211219,0.022306692497501158
2024-02-01,0.2235072272087291,0.17683447279595554,0.148348281293636,0.11980245472855279
2024-02-02,0.19128877532505995,0.15978699127313975,0.14165246490322714,0.10873830568841453
2024-02-05,0.16688409666791873,0.1467148800075048,0.13481759259685253,0.10019592103402421
2024-02-06,0.17274040689328432,0.1857938511507004,0.20024755935199973,0.24441440809730183
2024-02-07,0.0011089045400076896,0.015032326808886649,0.023674164015392213,0.018671182499517196
2024-02-08,0.0703578341246491,0.04976002951519846,0.042688934004591624,0.02108432285590398
2024-02-09,0.12470106868894923,0.11221132902156948,0.12220558703284126,0.05602103999696298
2024-02-12,0.176781586928691,0.17392304484449952,0.20913215429924836,0.09824978822872427
2024-02-13,0.07624821353289529,0.07378316499611981,0.05906871420969093,0.13524666326205273
2024-02-14,0.012654877205860731,0.0034788873547174667,0.0002372376682210907,0.055989568114451424
2024-02-15,0.0984367721861364,0.09764230006458016,0.11349020730668803,0.03379912722896332
2024-02-16,3.2071835913219475,3.2298808260773866,3.1905487704298605,3.632116239403194
2024-02-19,0.352646930883105,0.12571348364906984,0.11685927745882935,0.14982969750388095
2024-02-20,0.32200290790412994,0.1317226423103478,0.11666988918868498,0.1573798770387328
2024-02-21,0.00018068977828957405,0.03404956253219464,0.038419065822592975,0.02437511785704141
2024-02-22,0.220579814007163,0.1308912615776703,0.132911344313285,0.09895784923887543
2024-02-23,0.182757072331151,0.11186102865483248,0.10688010754609913,0.08859492459484399
2024-02-26,0.15008648362895813,0.0942670164944727,0.08404120716513637,0.07745491826311313
2024-02-27,0.1944210445296925,0.14592912067830469,0.15081984304433038,0.11768683611798803
2024-02-28,0.028685041527649276,0.045834239087144006,0.045165961463131184,0.06323639973794778
2024-02-29,0.1953097905414572,0.19917944958464187,0.21284646319745154,0.11125494672919127
2024-03-01,0.003757863984260926,0.0024716990631046066,0.0019113316793526848,0.0232180154085714
2024-03-04,0.014493368661540985,0.008221053782787197,0.006662428448813639,0.0005558351873007529
2024-03-05,0.1794865789529091,0.17924680888924288,0.1962424290194604,0.10214521050563154
2024-03-06,0.043215228025443725,0.04625906670740601,0.0505164185763131,0.014351928553373793
2024-03-07,0.12360271333774235,0.12093084465808354,0.11862043830716092,0.07273833012946383
2024-03-08,0.029320575512564853,0.02989771689405246,0.025642823827276905,0.010086394683220775
2024-03-11,0.11431778828577063,0.12724943777993494,0.13609133145680163,0.06844805662715077
2024-03-12,0.5057911798075753,0.47447472216292463,0.4722727793963187,0.605921551723078
2024-03-13,0.10047299905338437,0.05465395896036572,0.04714116940975538,0.04373314842259361
2024-03-14,0.06298613223367609,0.031053523989159098,0.02231832876969852,0.02424415939949489
2024-03-15,0.11460483608366827,0.0824552525053917,0.07878365418157303,0.05972318699708633
2024-03-18,0.1255384364025349,0.10074634387930559,0.1053997698027732,0.07160055103881274
2024-03-19,0.0851918219269631,0.07050748478244326,0.07400290249601829,0.04585728562194124
2024-03-20,0.09782154605759107,0.08570020390725448,0.08262915449275199,0.05875996179280282
2024-03-21,10.011714203601231,10.087553819084121,10.163003742642443,10.424309712668382
2024-03-22,0.07816711861701826,0.010311137470976377,0.019027843669685067,0.002357461827402196
2024-03-25,0.3572075717464442,0.05478419078522426,0.03452635386065193,0.1525943801478847
2024-03-26,0.29367402232095524,0.05334043882500169,0.03665910732960128,0.1345202744989868
2024-03-27,0.26938692623977173,0.06292890519839342,0.04126413305811135,0.13927774467684365
2024-03-28,0.16446878795434458,0.03100184607927748,0.014854614976331556,0.0804814109843403
2024-04-02,0.15137163081430935,0.035364976870532215,0.01586088138812626,0.08146134187529427
2024-04-03,0.16695266088324362,0.05753531753395025,0.03508573487491733,0.0998434721634013
2024-04-04,0.020389628542003792,9.600540486988395e-09,0.0034791725561865204,0.004061271358964354
2024-04-05,0.08576598324978721,0.1891066291300707,0.253075655396824,0.13643399948355256
2024-04-08,0.06794029065402005,0.034377546480435645,0.008391914533434235,0.022555695982785774
2024-04-09,0.15607002950430315,0.10273203890503205,0.049989549545579375,0.08713087482148842
2024-04-10,0.07136753991641422,0.04329417369852894,0.015139301462035175,0.03209279800918409
2024-04-11,0.018688655320414336,0.006633083930649295,5.689871773749142e-05,0.003248019187874179
2024-04-12,0.20368918192793262,0.23087830523994346,0.30485999576465095,0.28986550303374375
2024-04-15,0.07697742978769032,0.030550782830526653,0.008689679462515486,0.027342890920218552
2024-04-16,8.843308730673256,9.299002111407798,9.673463927924058,9.49892050452579
2024-04-17,0.4256514881848177,0.6864132232442072,0.26293598267606155,0.12851946005515066
2024-04-18,0.32594871738448233,0.5287801164487724,0.19257479474716088,0.10505502894403936
2024-04-19,0.3514457586199911,0.532236262140345,0.21580981511418773,0.14809536044729293
2024-04-22,3.9791961350366556,3.4902185950471316,4.4590627602364385,4.6976366123074484
2024-04-23,0.5568817441991192,0.3494362235489994,0.12384300504346255,0.23130531933596113
2024-04-24,0.5363601584473193,0.3623845727228097,0.14407427340356477,0.2670422771439948
2024-04-25,0.18893414320527524,0.10894267465348556,0.017854723863634674,0.06789236624899925
2024-04-26,0.003131070789617674,0.0022947180669198957,0.05528086977797395,0.008256826414940282
2024-04-29,0.3719295601195132,0.22180026296270317,0.08370378556860257,0.22160483050970903
2024-04-30,0.3115540382842413,0.19743104278521,0.07427618538204976,0.20164994312090503
2024-05-01,0.18469784974661527,0.11379885137828483,0.03247293004188452,0.11839886410787129
2024-05-02,0.007108689328805649,0.0002174415054886221,0.01260987097669061,0.00011727073425800784
2024-05-03,0.04826803877463347,0.016282764431474854,1.7097117265022743e-07,0.021895087447402765
2024-05-07,1.0261452284107808,1.2337724773388636,1.5351425861885752,1.1601567295591924
2024-05-08,0.11434899667288886,0.01112805421799761,0.0007784953862963686,0.04965695029373958
2024-05-09,0.18984836020935114,0.046915236866218346,0.006912760713828666,0.11425363643478574
2024-05-10,0.012936268218705747,0.0065549694925639,0.045816870919051594,0.001278168631964087
2024-05-13,0.19908365122897498,0.059577311728621775,0.012097308525052218,0.13855916677278826
2024-05-14,0.19076111156633124,0.07174143866870464,0.022435302910862515,0.14100461524477131
2024-05-15,0.14406273127983404,0.05561072542031652,0.013671737878843269,0.11099385601593349
2024-05-16,0.1485529708505637,0.0685902660910862,0.020087182930172778,0.1225764889619151
2024-05-17,0.10012855852079626,0.04555906648284526,0.010139661304000128,0.08324736424518785
2024-05-20,0.11765403257145143,0.06774187809083103,0.025656326013674145,0.10031068818608564
2024-05-21,0.09751646742195272,0.06001934194194936,0.020394512869329237,0.08497081531526439
2024-05-22,3.0285650111938997e-06,0.0030897160853465017,0.022933746211257416,0.0004247594411321701
2024-05-23,0.03390053447532085,0.025977479305893156,0.004761550771091083,0.021038042157898618
2024-05-24,0.06425559486827458,0.06106158111387872,0.030164085651142248,0.043112801396336144
2024-05-28,0.07600851158594447,0.074002459154828,0.10698058777136961,0.10433639591999298
2024-05-29,0.14765017857987203,0.11335560262792617,0.1524569264219792,0.21770838706378956
2024-05-30,0.007912799309864745,0.035252198691104075,0.02049272232907224,0.00103898696499536
2024-05-31,0.01987992027234374,0.04100832150661717,0.022524318112814426,0.0005586273094187392
2024-06-03,0.1588365095467481,0.18719734512547256,0.13946921722300365,0.08243673678745798
2024-06-04,0.06379697800170246,0.08445083914178908,0.06301101584523897,0.02360734952398028
2024-06-05,0.12130015846949499,0.15748221419787195,0.15136376078540378,0.06287559974066416
2024-06-06,0.0195832528266484,0.035103059507196784,0.029362958111600355,0.0029342764054782465
2024-06-07,0.01344693856029061,0.020842912851792274,0.01384994102195647,0.0010606033678947353
2024-06-10,0.09819866048001909,0.12895916685883818,0.12978567895368695,0.049082253104129704
2024-06-11,0.4028276750009555,0.34332653497936366,0.3211661598154249,0.5198691105074907
2024-06-12,0.0632441455237804,0.01874918600152416,0.015241347880510426,0.1529534853252639
2024-06-13,0.0045552998572246095,0.011410864283603836,0.010673402198071788,0.006887476598189154
2024-06-14,0.19098915263873334,0.25531300555874986,0.29428020170089114,0.07818658524484341
2024-06-17,0.1951502426418046,0.2621097930104729,0.3274155109927603,0.09117363957004292
2024-06-18,0.002283439495051598,0.013727494709975559,0.03141022013803704,0.005520114413764672
2024-06-19,0.14726999257557988,0.17395911872934483,0.2093677467474026,0.06931964076690449
2024-06-20,0.08306019776755016,0.06424212986910001,0.05085884623193407,0.15480093393599254
2024-06-21,0.05873425804998933,0.04498985272078117,0.04887761926405449,0.01481592039430736
2024-06-24,0.016440139048311368,0.014187134807688158,0.024478971423814,9.295300894375163e-05
2024-06-25,0.05653448680754171,0.044022363226672766,0.05303384456431311,0.015449170088929173
2024-06-26,0.1034416724767309,0.09837463840251776,0.13017777640285802,0.04387651357503469
2024-06-27,0.004582317127313244,0.005082441696515261,0.019238329220651076,0.0014084825503523548
2024-06-28,0.12422654050800314,0.14565245268882143,0.22707787116345995,0.056326380182227395
2024-07-01,0.13254409092695932,0.15853614178635858,0.2547940783274885,0.06679190857165282
2024-07-02,0.0006103633883967501,0.003760191866009751,0.0224650270322735,0.0048275116304072095
2024-07-03,0.0003832226906106734,0.001498242007428836,0.02371476990079317,0.016137380759771027
2024-07-04,0.13333188509654761,0.11815680396818665,0.06470242009314045,0.22655702267569164
2024-07-05,0.042962952001585834,0.025089778424716,0.049108360965403115,0.006006296768962306
2024-07-08,0.15442631104677498,0.13630077562996984,0.20980615625778093,0.06950371192989553
2024-07-09,0.0027585491189821448,0.004397720866389061,0.0006786263869508788,0.02838280500169582
2024-07-10,0.0006739956956276958,1.4119325971076408e-05,0.012530694888500865,0.02507904649949387
2024-07-11,0.08136051603942358,0.0725342386111425,0.12857955842604166,0.023019247708847876
2024-07-12,0.0707909378078715,0.061230361058713156,0.10018480621584716,0.02111499436122212
2024-07-15,0.12091602531463405,0.13597351957346382,0.10111261621896658,0.20958127241724847
2024-07-16,0.15095679458288705,0.18005359717274522,0.2320073757925239,0.05960024531000384
2024-07-17,0.11089246775128533,0.14008831058469867,0.20404614362109935,0.04084984891753995
2024-07-18,0.1142805750692791,0.14093372528410678,0.18960552029003136,0.04898273191738916
2024-07-19,2.0614477633519984e-05,0.0010206542178319432,0.005898004865939625,0.011800313507479898
2024-07-22,0.010041009602391356,0.026185091519446913,0.05510273571303717,0.0003302093420903252
2024-07-23,0.0523036511042532,0.06945360930431808,0.10007354910485135,0.01287797105650318
2024-07-24,0.1155642663442613,0.14896233878423293,0.2177285265151541,0.05095321577508365
2024-07-25,0.03444483357280919,0.05470118231300716,0.10530279438777349,0.006428157318541694
2024-07-26,1.2499688128367352,1.1736807909209381,1.0273402327931727,1.4838635295981877
2024-07-29,0.2099017647530708,0.11785787446586535,0.1483745195956959,0.09127124010520572
2024-07-30,0.14303415282255202,0.08052456090655141,0.0978610861400018,0.0591940119888434
2024-07-31,0.7511075162150236,0.8858415681739988,0.8076681678178907,0.9788243614746287
2024-08-01,0.2845879697847319,0.52368809017436,0.4977409177781989,0.4861548834443842
2024-08-02,1.352749387525975,1.5744943487322687,1.5953736224794515,1.870867337795023
2024-08-05,12.225288879535125,11.902705205422317,12.29393419043808,14.25332031708627
2024-08-06,1.2416896322289175,2.1405767807350435,1.4335535999183702,0.4000080270846049
2024-08-07,3.830833484984823,2.676621640950663,3.5203451547551814,5.52550099085587
2024-08-08,1.39949723330221,1.3431732057775119,0.8357422231354157,0.513653819740521
2024-08-09,1.0911610251749124,1.0931671728008439,0.774720913340441,0.44300634563027724
2024-08-12,0.5504236653323732,0.5665491415237727,0.3596949568893152,0.19387703559779937
2024-08-13,0.6932566796474842,0.6917686937536895,0.47046552673951136,0.3454367132559597
2024-08-14,0.27600883002037274,0.28153254714003095,0.1552815762777314,0.11239443404205567
2024-08-15,0.020153966734100547,0.016740097409765398,8.388240129225242e-06,0.00014039789179995903
2024-08-16,0.3321996945649473,0.2629265614611631,0.14497448892504658,0.19181880190633116
2024-08-19,0.1710030764899622,0.14433929159368786,0.09432635093635303,0.09026106389658303
2024-08-20,0.11650455129347638,0.15111130728580546,0.21604539201983483,0.18523747097730037
2024-08-21,0.5091587400448367,0.5618289785282492,0.49027876806682,0.3497590702411146
2024-08-22,0.42691863173325106,0.48396698801873395,0.4184595694789356,0.3223120818158416
2024-08-23,0.13204081128282588,0.1689716859617469,0.13195166267061958,0.09439909891814142
2024-08-27,0.263818637839201,0.29582925598363097,0.24088060772247435,0.22394656201878704
2024-08-28,0.26026538477533967,0.2946606303832681,0.23814892812942878,0.2396568265620437
2024-08-29,0.08023047515641037,0.10269340321168612,0.07343180977720662,0.07743325677489911
2024-08-30,0.194616986010676,0.2165862635627821,0.16837529819598662,0.19586279623309755
2024-09-02,0.14650160900732498,0.16944830765750638,0.131553625307265,0.15516300800935195
2024-09-03,0.05583988092753454,0.04109606631616917,0.054494278554543245,0.0487065768401147
2024-09-04,0.09351091675188357,0.14595616888600485,0.13620682683939847,0.08133361154429689
2024-09-05,0.08749652614174991,0.14262366938537502,0.16023369827941794,0.07594556820530786
2024-09-06,0.02065882166746925,0.0033169683440422417,5.740501710902414e-06,0.026963051297344685
2024-09-09,0.5579628904033301,0.39560835983767073,0.2916777169664166,0.6325951985747649
2024-09-10,0.00980063891023484,0.01217472728574661,0.0024943042331638625,0.03528879907755223
2024-09-11,0.28021844970106874,0.32296114267956844,0.4398837800351202,0.1766731295428616
2024-09-12,0.031027417643774834,0.0485217298382661,0.10756467423314695,0.007807112905966769
2024-09-13,0.11619924063057907,0.12704669085988085,0.19386228902452868,0.0678327067737158
2024-09-16,0.21021728534112527,0.2179865032228366,0.2827347432518461,0.1535446037822419
2024-09-17,0.0779139833340737,0.08659215329944572,0.11961454327926138,0.052076117745925486
2024-09-18,0.0034335104729259274,0.002578127774599188,0.00023467611917195688,0.010353565664672227
2024-09-19,0.15127741463495936,0.11933763750866495,0.08017879695893888,0.20558232680896482
2024-09-20,0.888704488047416,0.9621209036701324,0.8871786323863406,1.059125549821681
2024-09-23,0.2308114328260914,0.302987295355947,0.3149019806234733,0.10500294259793153
2024-09-24,0.23572496045986369,0.297940031703069,0.2992530908396438,0.12699806632307303
2024-09-25,0.23886775783265016,0.29696552505758467,0.28978647019973414,0.14742076250680727
2024-09-26,0.19216669907349093,0.2477619985760673,0.2645332632512768,0.1236460315567101
2024-09-27,0.06319478454270035,0.09568894592534063,0.10025562349448291,0.033086638500623565
2024-09-30,0.3663142159105676,0.31758344584048925,0.3224824120998949,0.4444269526967286
2024-10-01,0.07856479231987143,0.15407556762433228,0.15233536390659447,0.02780451718483037
2024-10-02,0.21015848258739886,0.29660391460156255,0.2831844805620006,0.12855164473094496
2024-10-03,0.1909994742802202,0.27002360650391816,0.2516222625439898,0.12683393528153467
2024-10-04,0.16963023249005205,0.24280958131429156,0.23839175096579002,0.11869332096621586
2024-10-07,0.09183663494297681,0.14569005944958124,0.14223038275135733,0.061225976686419055
2024-10-08,2.3106111665624494,2.101897990943241,2.1416749408718885,2.458322717758045
2024-10-09,0.019404789131759314,0.11207831845458034,0.06126410206791181,0.0001956856338229069
2024-10-10,0.2934563428314717,0.46627892586440306,0.3515911939641582,0.15931309084660888
2024-10-11,0.2125529785605103,0.3538277719178772,0.2755369340896077,0.11754027072103929
2024-10-14,0.055425627605846475,0.12935410420593646,0.08430169076816058,0.01896195478677395
2024-10-15,0.027084338964428703,0.06851181097510706,0.03573222947186689,0.005824451929127596
2024-10-16,0.23705200847702534,0.14164104734341995,0.16327273203236034,0.33607140082753256
2024-10-17,0.0025021124203557675,0.0036399803661860434,0.00035148885868747465,0.004510203548849963
2024-10-18,0.15776414436375366,0.13714539065164347,0.10210934749104021,0.08032380444551604
2024-10-21,0.05735165563293879,0.05265179570167121,0.0448532274802795,0.018937137380612274
2024-10-22,0.19510769583230483,0.20666954294855971,0.224031069498017,0.11615820120276266
2024-10-23,0.008447939272419644,0.01245781702831191,0.020737294920667067,3.268220358205217e-05
2024-10-24,0.1748288898981083,0.21500973334917925,0.2813550020029397,0.10417305886175322
2024-10-25,0.11441670816563179,0.14833312218091121,0.19151203701260047,0.06669812105009164
2024-10-28,0.032621473223983156,0.053916051256797916,0.09366726714142674,0.011414250447215338
2024-10-29,0.0735155250574099,0.05614730375443917,0.033270420643052634,0.11630477418520233
2024-10-30,0.013400980091736292,0.0014083035826122194,0.001299421189355005,0.04740262459463626
2024-10-31,0.007111147229742216,0.03818027105380405,0.09331626091744255,0.0014570954196629993
2024-11-01,0.04617572992600068,0.007309130125287622,0.004912633636637289,0.1186986713254007
2024-11-04,0.23654864291138084,0.29179439352526887,0.43991258167174435,0.1209191850528704
2024-11-05,0.18494675018643872,0.23589854074206004,0.3480294518593399,0.09820267685726294
2024-11-06,0.1699945110703294,0.22075080699353453,0.3394450383688006,0.09642399766056232
2024-11-07,0.08038861444106417,0.11665370161960828,0.2027180009916363,0.038055338374231105
2024-11-08,0.1152134557946592,0.07600551269669537,0.020564559574941754,0.1804679548035478
2024-11-11,3.219696113901935e-05,0.013214188712509432,0.07285433235025274,0.013110685184332777
2024-11-12,1.1610925467065436,1.0304002331098434,0.792326608350347,1.434513429699821
2024-11-13,0.336968120457775,0.5549070224733627,0.7294452502568396,0.1490990137613398
2024-11-14,0.07348906412651426,0.18152432983275804,0.2700990739752087,0.011666100039991007
2024-11-15,0.24738010889312467,0.38310681162034155,0.47845533813564706,0.1230267964416687
2024-11-18,0.020861870781142256,0.0678830314152234,0.11569781794658866,0.00036854699603203043
2024-11-19,0.19298069174544435,0.26971266990808906,0.3346293502421036,0.10321905853928352
2024-11-20,0.152931962134171,0.2209552911454683,0.29120472496837496,0.08331736643764696
2024-11-21,0.05456217737331865,0.0240924427000555,0.0051193295550084105,0.10543659269305841
2024-11-22,2.146133537459694,2.1066114600987182,1.93656671689918,2.4630487269945074
2024-11-25,0.2131176902150853,0.0797167903769871,0.09876693790172587,0.08212975428238521
2024-11-26,0.14874959521643114,0.05056756374669818,0.058886496254005265,0.05630480052187808
2024-11-27,0.23019927916406996,0.1260698864130865,0.15976675358573003,0.11878048033292588
2024-11-28,0.2199545761378125,0.1324552183989857,0.15580996314001405,0.12701570561729397
2024-11-29,0.18427481128115825,0.11801957534961692,0.13155683982641023,0.11260449238187689
2024-12-02,0.09258880514488618,0.055303105186006306,0.05927835751708079,0.05094934738333679
2024-12-03,0.004244784429959254,6.735410150183639e-06,2.2337367406510195e-06,1.478544978676496e-05
2024-12-04,0.08875636846731418,0.0480858091695243,0.04063763014593364,0.05180555198119638
2024-12-05,0.11206652837335913,0.07595030978152692,0.07516626124947327,0.07145294130024157
2024-12-06,0.009338165537372826,0.002371316223380684,0.0013446228417570024,0.0014347447660637168
2024-12-09,0.005248123772479328,0.0025532083266884254,0.003053817503770591,8.367572320789705e-06
2024-12-10,0.15739265916509562,0.18990553559108747,0.1980997086009062,0.21895486030584194
2024-12-11,0.12134663115035876,0.13590741113129487,0.12403808847376023,0.05669063142489019
2024-12-12,0.1375621748382846,0.15263103382487836,0.13424350699346657,0.07513667992723704
2024-12-13,0.11433033010091907,0.13067536974359814,0.10959085692173122,0.06429942329904387
2024-12-16,0.01495757552074657,0.022441819080011777,0.01741938245583002,0.0020017297547585858
2024-12-17,0.10280690749364915,0.07698833453407673,0.07253865789540966,0.16495147016181544
2024-12-18,0.15687573928898021,0.23375602592873845,0.2547975429030553,0.07670096054558757
2024-12-19,0.9150054984172757,0.7609840348082934,0.7392427955663816,1.1264235018458244
2024-12-20,0.1880774353655095,0.3645151809699114,0.35674323569200256,0.0680619464489456
2024-12-23,0.17244099515151198,0.33322645077833757,0.3691495528098938,0.06791762952959116
2024-12-24,0.06314091990143195,0.1589913600156293,0.17519281272660006,0.013583180565659865
2024-12-27,0.14934966675643027,0.25830202559484544,0.26604390347944135,0.06932004006401499
2024-12-30,0.06496408635325075,0.13568217825025106,0.13517221962408202,0.02157222181262991
2024-12-31,0.0014763239875230636,0.0057635496392170575,0.011962585148260723,0.020739088556173516
2025-01-02,0.5509010652741614,0.4541901990471489,0.43191561816138196,0.7254021145392737
2025-01-03,0.0764494905695815,0.052161347125090844,0.05089994139357727,0.017236349248936213
2025-01-06,0.1274573360834663,0.11108864991276769,0.1310201949483091,0.047478312020600134
2025-01-07,0.17792900222012137,0.16007634347290253,0.1727575975365607,0.0895973853210404
2025-01-08,0.14959623123891447,0.14010109085721317,0.15210426392631274,0.07808625618728791
2025-01-09,0.10621447203693091,0.1092229002887351,0.10551091392117588,0.17647819619485106
2025-01-10,0.11182318108667971,0.16073079354789108,0.1695204008647485,0.1989702118235445
2025-01-13,0.14142615600468833,0.13833170272698267,0.1299123948472084,0.05399792411960848
2025-01-14,0.12988169174385752,0.13606365076130697,0.14904620241981917,0.05247736193374764
2025-01-15,1.0913403831808939,1.0526915269844153,0.9677204491461332,1.358020542462386
2025-01-16,0.42598603281365655,0.6079484183743054,0.5799031117492052,0.6754830680842545
2025-01-17,1.4232458162043067,2.013393297461775,2.0194752614286062,1.9252160526021065
2025-01-20,0.49736976805407146,0.10622829334710565,0.09207425247675134,0.21336439654191974
2025-01-21,0.3133298334031299,0.05408004944881979,0.040842621660574584,0.12988446106454976
2025-01-22,0.37085138236151716,0.10232435027305406,0.07878895632468375,0.19666984829658835
2025-01-23,0.24858021825542592,0.06301399694722581,0.044998402855445936,0.13181640984930545
2025-01-24,0.001141403511676637,0.06208783058701736,0.08745537065018247,0.021042950674151805
2025-01-27,0.28133708289173137,0.14617838764788543,0.11345978680868858,0.16398807292615372
2025-01-28,0.12805992019447496,0.05498579196500499,0.03437525639901042,0.06513294955306445
2025-01-29,0.14047894300542135,0.06871520068607666,0.04256138876189323,0.08258020465108114
2025-01-30,0.42397861335105264,0.5627207387098482,0.6589402410766583,0.5249048916212888
2025-01-31,0.15966133469110122,0.043977573824053894,0.018613580614147786,0.08637251699127614
2025-02-03,0.4033606813715253,0.6463447289647062,0.7784982282703778,0.523360451479549
2025-02-04,0.2844732545466654,0.21540802341404594,0.11543425040047157,0.15626932350688388
2025-02-05,0.018623570229292487,0.00708943598691499,0.00024242230854754383,0.000438256722886839
2025-02-06,0.8770470552562624,1.0211657350808143,1.2387195615481774,1.0911171826525559
2025-02-07,0.26092667477351034,0.09332861257511771,0.03832775074642575,0.13009700875808564
2025-02-10,0.000977091665719647,0.03964551094967666,0.07888840488618652,0.025630528443890792
2025-02-11,0.3114249350644722,0.1290887796358412,0.07366945748912102,0.1859902150851296
2025-02-12,0.16164566933102337,0.054662978449222924,0.02094375061773261,0.09056873608158389
2025-02-13,0.06076558216461562,0.009097200375455326,1.0305117174368805e-05,0.026605855242650616
2025-02-14,0.11361887761352356,0.050629651852768416,0.023635717811830954,0.06454331784456181
2025-02-17,0.08221863269042509,0.04103655886882018,0.0244789452615412,0.04396767681764609
2025-02-18,0.18354732198842463,0.12001286957828848,0.0858057070448168,0.1306670366325597
2025-02-19,9.849974652153958e-05,0.0031534630638223814,0.012118302280726037,0.0019892212662688106
2025-02-20,0.007802577352069274,0.003676009649936385,0.0005114275267343065,0.0003257657306600861
2025-02-21,0.17657035174222938,0.17873297517593503,0.16931020097925306,0.11551560733949788
2025-02-24,0.1513467655234632,0.15835564880179,0.15058526382289578,0.10316249299175426
2025-02-25,0.12050951186654492,0.1306085036084443,0.120519431548864,0.08375455140925646
2025-02-26,0.03491851682273671,0.02839200366902873,0.036220529940292616,0.05591615239518869
2025-02-27,0.079988125728218,0.06454041433967779,0.04821216254194203,0.047945330418182996
2025-02-28,0.0008087201284492755,0.0029254630198541024,0.009293109791193944,0.0072969731484031726
2025-03-03,0.0172169866582536,0.0336222852521321,0.0555691579407807,0.03793459654405673
2025-03-04,1.5540017492750406,1.7791671713735344,1.9491938839880327,1.7438072366648876
2025-03-05,0.29087311934187227,0.3324508010996796,0.17829117536220443,0.14465328073497574
2025-03-06,0.04334967403883,0.027876142166028572,0.09259614900183234,0.11703402138253816
2025-03-07,0.2861216292034909,0.3904396613015148,0.2659883399718754,0.14308002699337977
2025-03-10,0.1311926252754669,0.07521689059105842,0.13689996097030077,0.24428115912665385
2025-03-11,0.8765033801997262,0.6315352270955606,0.7425437980894007,1.2091887109528314
2025-03-12,0.15806253374819734,0.39818209496737234,0.3289174085792671,0.03001548980294173
2025-03-13,0.4057159043504748,0.6857824287372193,0.5873564954527308,0.19498067869415914
2025-03-14,0.2645451559021231,0.1122645060567183,0.15536581135555813,0.45654534848513917
2025-03-17,0.1074157083969143,0.14830055886034837,0.09962765935801184,0.022046748073720656
2025-03-18,0.2724852966425235,0.3066740470959964,0.2310298053004451,0.1332258151263582
2025-03-19,0.30699107124544095,0.34238354633987417,0.26149100302269324,0.1805042859522367
2025-03-20,0.25150657231447704,0.289201015588699,0.21706537394792624,0.15740860392929043
2025-03-21,0.0032153166452915183,0.009376837335838087,0.0013076068850926374,0.0008465263394801558
2025-03-24,0.2149575493815846,0.2832075795553558,0.26055483390757644,0.1348627321657591
2025-03-25,0.12063285524674769,0.17310711872730858,0.16637000247072928,0.07109005175321746
2025-03-26,0.102221525275551,0.14504650975575822,0.13263771310672026,0.06308018863147592
2025-03-27,0.09613636578159455,0.13260697086426826,0.1152917633863936,0.06308525657624119
2025-03-28,0.12846863323317545,0.17380562137557423,0.17494101436367193,0.09152193365347097
2025-03-31,0.1926613485672652,0.1448137518646413,0.13952253755543578,0.23812159884885603
2025-04-01,0.002178141944979419,0.02394439364326018,0.02911028688990869,0.001962338691385486
2025-04-02,0.10310117567074571,0.15148681888994836,0.15292812646232484,0.05297637277044161
2025-04-03,4.239867967182373,3.9464646900174136,3.821279333328717,4.598686417678462
2025-04-04,632.4364152051403,620.6449890071614,624.2966054304159,643.1530563939224
2025-04-07,273.5543007635234,210.29866714370345,284.81638863187527,327.9968632569991
2025-04-08,2.7512687075841757,2.564476286851054,2.5806794650680476,16.65836791279091
2025-04-09,10.210355851283945,1.0519452808244902,16.181637785708062,30.162273698657252
2025-04-10,9.337934984508992,0.20397238218924446,8.939248574554806,28.874518090072797
2025-04-11,33.61041620641362,51.600707778195456,22.554090139585735,12.475513506776283
2025-04-14,0.9934912556789524,5.177503604777916,0.0007728989255749019,0.5400159481686094
2025-04-15,10.949674590505877,16.24371682835112,3.7082918665796134,3.2808035117742884
2025-04-16,22.30355559218873,27.335583129976307,10.790563551778394,12.70055141389541
2025-04-17,17.91866739121324,22.501940532375887,8.892437556870355,11.92199374133446
2025-04-22,10.911442766450195,14.575054045885388,5.008615545131757,8.063659880874388
2025-04-23,6.240394208286816,8.80967289950467,2.3622195106146613,5.198844839482301
2025-04-24,8.820300713452177,11.240908884664233,4.215720801581057,8.619941109049156
2025-04-25,6.761983588906155,8.902264199583671,3.3271231096667577,7.581720902693358
2025-04-28,5.248989010834206,7.126768912699777,2.67725127532471,6.742009771282151
2025-04-29,2.9360961644864543,4.342797127555223,1.3602072480520995,4.586858847702947
2025-04-30,2.7618629244032578,3.9687646652288042,1.3657342844220433,4.733538328174714
2025-05-01,2.5395305540423085,3.619225194179793,1.3626345260280468,4.7601147593020015
2025-05-02,0.0018910466420087636,0.11755351589696035,0.09403089953698068,0.48054732614173334
2025-05-06,1.9215841845334451,2.3318906878410437,0.8694946742094246,4.038629677463936
2025-05-07,1.0484370185549698,1.3689444936909902,0.41691822097034126,2.862604156080088
2025-05-08,1.0013497961597395,1.347071174109123,0.5850174887550871,2.831148674014064
2025-05-09,0.8442721423710746,1.1742672299630417,0.6268734722036088,2.6016827093840393
2025-05-12,0.2930326604741406,0.48643529556096254,0.19102983334704748,1.5565269912827466
2025-05-13,0.6703663923058159,0.8778302097698373,0.48819531872085925,2.2936786413773
2025-05-14,0.46765925150123033,0.6423961060441088,0.3581437337211592,1.9066933768810927
2025-05-15,0.11115912770359164,0.20358403849483872,0.09351461759191257,1.0405614955353577
2025-05-16,0.07558251780489475,0.1277870608179387,0.04845464765115238,0.8760822269495492
2025-05-19,0.31662004309902686,0.3733189602310709,0.23019403484584522,1.4289776049201162
2025-05-20,0.1182619976912968,0.08622663500288734,0.17146125468339435,0.07636939422843753
2025-05-21,0.33115557774639726,0.2864005167109072,0.16953836916618245,1.2812353633789233
2025-05-22,0.053325766384074824,0.041548820773865985,0.00800433751192504,0.6047406399706519
2025-05-23,0.20545882000740476,0.20844022265431453,0.14658859778921876,0.9246282161241621
2025-05-27,4.602583623525258e-06,0.0002698301380819664,0.0005577898206277555,0.24152049294106964
2025-05-28,0.016160658779367437,0.009803681392012919,0.002520164201316809,0.3359074956171275
2025-05-29,0.22587942182156737,0.23218202994612622,0.21796399829774168,0.7873031782283268
2025-05-30,0.001333762316814996,0.002592449374293172,0.002473735570725185,0.19119930912389085
2025-06-02,0.20141477983493716,0.18251471630992408,0.17084205367921773,0.6711280982702681
2025-06-03,0.15118489833032883,0.14258938504375368,0.1282211989480917,0.5619287441934879
2025-06-04,0.12265000327688882,0.12005779070150782,0.10242273117861973,0.48877090713620186
2025-06-05,0.11311345643740453,0.11445262500192911,0.09291096881501389,0.4508871883224828
2025-06-06,0.05285533064813766,0.05650650062285256,0.039075918743617384,0.3029389545432798
2025-06-09,0.09271786422081393,0.09575149614297127,0.06839395085119501,0.36758003057285005
2025-06-10,0.05468301578320692,0.05954828786786642,0.039699322488157315,0.2689423729323712
2025-06-11,0.06720471575100151,0.07269176721061045,0.04712210160371304,0.27724027796238504
2025-06-12,0.04270118204781163,0.04866707813507453,0.026011636541717963,0.20963428842622503
2025-06-13,0.010087519892080099,0.012983948973329718,0.0022603585985677007,0.1116416352643898
2025-06-16,0.033627544323438244,0.043859328362322106,0.024486871566254995,0.1495011262967744
2025-06-17,0.0013263007636037274,0.003385691865958942,5.395617894457333e-06,0.050174453636539114
2025-06-18,0.06783918845207813,0.08903492963869693,0.06307051393730503,0.17264580226958995
2025-06-19,0.007589536570967255,0.002351326387543928,0.010446299913227673,0.003404497552204919
2025-06-20,0.06467821970329145,0.09979631272093165,0.0745430781033484,0.1301229705430945
2025-06-23,0.05971008734636239,0.09375357458738072,0.07832193879404302,0.11607138922457719
2025-06-24,0.07302628176597073,0.11024953959152213,0.1025652769342412,0.12702963723396246
2025-06-25,0.001862319797876094,0.010645382836418495,0.006854280787829475,0.015263079153084263
2025-06-26,0.055490714252470985,0.0941825784921557,0.09368812618141639,0.08450017625317469
2025-06-27,0.06862893143314894,0.03848247227132142,0.04317623945016121,0.04452313866913799
2025-06-30,0.013452997721296645,0.015033382939715302,0.009546279278150148,0.01866632506835277
2025-07-01,0.05449944830876043,0.06602287163344597,0.06311197188519259,0.056667345134586385
2025-07-02,0.07905952136104237,0.0909313312455519,0.08114121675208326,0.08174412530946369
2025-07-03,0.0005756227585785791,1.6051328509979682e-07,9.39497065983005e-05,0.0004200931422686662
2025-07-04,0.0868597698397521,0.08433626322249826,0.07157213062990304,0.08096720337406
2025-07-07,0.05819748587976455,0.059257532446860946,0.04578401193837428,0.05422785100076392
2025-07-08,0.0006767002350480037,0.00028108842551987024,0.0013188972539361229,0.0014658885580687963
2025-07-09,0.06775044242444515,0.059470715290692,0.04498623492692715,0.05519829484029017
2025-07-10,1.4873426454078624,1.5111016033250455,1.613274847952892,1.5447707617380302
2025-07-11,0.07350145105914252,0.00986473441606551,0.0019465024146914825,0.027925437812255108
2025-07-14,8.33310852973863e-06,0.01710357699188824,0.030434143546088012,0.00952108997927395
2025-07-15,0.0008559680327993476,0.03290053930885557,0.05554122496799706,0.01755821484221302
2025-07-16,0.18047800182644635,0.10818085316452218,0.07432052977268173,0.0917539646643528
2025-07-17,0.020224839097685788,0.004479798049607588,0.000511922130876506,0.0014216992495268668
2025-07-18,0.1239670526128161,0.07125701834436214,0.04582823968791818,0.06375639626162471
2025-07-21,0.09963010838182149,0.06000831734156586,0.0345576837437904,0.05316748098413208
2025-07-22,0.10908034010140626,0.07351938642208124,0.042442342904429754,0.06569163659970613
2025-07-23,0.021205934914649324,0.009965516189077064,0.0008710068357849877,0.006633686093663162
2025-07-24,0.1600768369102869,0.2031651748258597,0.27847955658881307,0.21507512199211093
2025-07-25,0.11006211914278743,0.04653110636301271,0.01694630748780215,0.05707080741958189
2025-07-28,0.027594156633909673,0.0053587316082084,2.5120488922932315e-06,0.006589842853635222
2025-07-29,0.00018360131923429206,0.005912256794753935,0.019739280102464035,0.010868811235292692
2025-07-30,0.1305575806935716,0.07550767650630365,0.04127471621725627,0.0703378612145982
2025-07-31,0.10978681484402866,0.06877073418787408,0.034987594994788235,0.06117125510825547
2025-08-01,0.03522821182506556,0.05857840106861718,0.0996961671827569,0.06924766816861953
2025-08-04,0.005294213458130226,0.006509655510875617,0.02678108502489939,0.032491391456691034
2025-08-05,0.12331700243836474,0.09349057678483431,0.04743019634528587,0.05581889030027084
2025-08-06,0.08508772644399346,0.06635425257091873,0.028084605602686826,0.03657648555346364
2025-08-07,0.02492728232128852,0.03437437865618596,0.0773511357106039,0.061508871734914275
2025-08-08,0.13409679679288647,0.14514283551761176,0.08278179998078031,0.061105927937512426
2025-08-11,0.040832434272175255,0.04930127198470119,0.019040629716147013,0.009273278231329165
2025-08-12,0.0840156165503703,0.09065003583954545,0.045831345215041716,0.03629137458957347
2025-08-13,0.07400797758756837,0.08162397610406485,0.03866151276602124,0.03319149315814736
2025-08-14,0.07432032773904289,0.08318433249172406,0.038834107531115124,0.0361937657157855
2025-08-15,0.009443686688263174,0.013522733773708544,0.0005190250143349099,0.00044321391560427184
2025-08-18,0.0576014880361212,0.07467730174712237,0.03846288372213088,0.023243563923306967
2025-08-19,0.02247322959012385,0.03313552887124353,0.01025266818078128,0.0045737880081619985
2025-08-20,0.7794204803240397,0.739035945597021,0.8928223888058756,0.9302618209436581
2025-08-21,0.10616470332882046,0.050040498780021196,0.016937169705428034,0.03529156144062914
2025-08-22,0.11134095185356054,0.06118934045256033,0.02263386504364967,0.04449105456787422
2025-08-26,0.0010952914778380469,0.010585138836573433,0.04108262073325956,0.02030619774765302
2025-08-27,0.11546633103629822,0.09517243496057115,0.04330266286951116,0.04477714801265561
2025-08-28,0.023261800947967474,0.017478096348896292,0.0019023770795373169,0.0012753320361370744
2025-08-29,0.05190187712682013,0.05170272575232154,0.024853993703034153,0.011313514150550262
2025-09-01,0.09806690969499099,0.10583247643817062,0.07678175299238615,0.037313979732106005
2025-09-02,0.20767610301531486,0.1925419134988877,0.24231647350013735,0.31873671708548756
2025-09-03,0.004510216870504218,2.8640718509258157e-05,0.0038559073471784674,0.05019754893927548
2025-09-04,0.048338117780204345,0.05929626763161692,0.02925617045135017,0.0035518002550933817
2025-09-05,0.13984039562411849,0.14828991338682904,0.09570152442549472,0.05107043876725894
2025-09-08,0.11121984847485587,0.12304960061247501,0.08265302206116902,0.040331290101432195
2025-09-09,0.0760156094026416,0.08807410178198072,0.053009999621827765,0.02466859507314121
2025-09-10,0.07509652633967182,0.08709648989253946,0.050460607312669596,0.0274171860505058
2025-09-11,0.09865309725264039,0.08278023889419903,0.11714056278120906,0.17454483387628864
2025-09-12,0.10031951475397967,0.07872895475155857,0.04702493439111448,0.03660135191246746
2025-09-15,0.09932360733938402,0.08469744525113716,0.057181704793984794,0.039568675077772036
2025-09-16,0.22674401864091254,0.24113426577106395,0.29087480667535176,0.34011958859666014
2025-09-17,0.13238518772258082,0.16779841295581324,0.11475728388549437,0.04307108194444161
2025-09-18,0.09429608199467758,0.12512435335721778,0.07933427892291597,0.028380392945876867
2025-09-19,0.09850186750352924,0.1284702261908625,0.08074976406124539,0.035624836626157154
2025-09-22,0.08812267427091215,0.11772199174275419,0.08014471119202711,0.03273923750001951
2025-09-23,0.08211317151865503,0.11099707212355236,0.07265597790667926,0.032574468689015944
2025-09-24,0.0339130220555985,0.05338335938310642,0.029018991101423693,0.0072134576676979555
2025-09-25,0.01128397273377383,0.02127649417811039,0.00633681706383434,0.00010948290671017456
2025-09-26,0.09970594075721183,0.07068725593376317,0.09827940527411053,0.17693298256253343
2025-09-29,0.08494502377093703,0.07738727075233516,0.048777355011236104,0.027050463119440843
2025-09-30,4.964919325682502e-06,2.0568433061975908e-05,0.004516638815942531,0.01294739769808578
2025-10-01,0.5419639791449098,0.5865483153531543,0.6988486216034676,0.7325513786170673
2025-10-02,0.1316858256393631,0.0519665638911145,0.021929383143973833,0.03982984918129936
2025-10-03,0.005876194241977956,0.03449924416198416,0.06431010029663224,0.05070282220273061
2025-10-06,0.14166070750784565,0.057817001643205454,0.027033007465945853,0.050100938092807225
2025-10-07,0.13081460143862145,0.06257281084613736,0.03301460537219793,0.050487326058932074
2025-10-08,0.01840130526759686,0.051389515353145315,0.09013664908710077,0.06626158712723476
2025-10-09,0.03549764286694808,0.004324801462393431,0.0002549125406774954,0.00325862104367188
2025-10-10,0.1524914681423458,0.23110228235743133,0.30647964093871455,0.27323478338317864
2025-10-13,0.16287946275445206,0.146065924411621,0.07983402450185172,0.05299480590801441
2025-10-14,0.14690096089186308,0.137584357213289,0.07418134802543169,0.05385024778180596
2025-10-15,0.075046456295253,0.07303715582024942,0.02974310365501949,0.019912547305329823
2025-10-16,0.11109754888139908,0.11703440852556901,0.072192601387325,0.042554643010868594
2025-10-17,0.185406403661642,0.17353708377472746,0.24236340369854015,0.2961664047981757
2025-10-20,0.01599979402146041,0.03851155159199945,0.011930633352476253,0.0010254259808412701
2025-10-21,0.11014649988101052,0.1395142854820195,0.08116242336827816,0.032787025619402325
2025-10-22,0.24729131056619263,0.20977460010167315,0.2989036538218961,0.39861350963757086
2025-10-23,0.00014880391480528456,0.00414213934231858,0.02499944821149647,0.03025867174550766
2025-10-24,0.0020618208064108984,0.016748285144914745,0.05123944222034789,0.04225898559410365
2025-10-27,0.1985509438705809,0.10825077079975927,0.05232927606608516,0.08145829572244032
2025-10-28,0.046552030877879916,0.014776115905078,0.00043955131996875624,0.0062249890564496455
2025-10-29,0.0005458308353545133,0.004985159582933029,0.03017225963276946,0.010442492803337509
2025-10-30,0.1601333898413494,0.08230314268527719,0.03258666900548424,0.07574766277099501
2025-10-31,0.03062110557603254,0.006885147165897532,0.0005901851564698129,0.004521898886791555
2025-11-03,0.1159897611468283,0.07772110372638616,0.03419907598795748,0.05268856438846624
2025-11-04,0.1049650745692776,0.07718220151866088,0.03919696123242174,0.04971085408964991
2025-11-05,0.0076077508232455975,0.014907488621917228,0.042139691845982305,0.031255534417387064
2025-11-06,0.02535908974813537,0.00867375714354682,1.6473758214519906e-05,0.003675122886147725
2025-11-07,0.0015641987605284435,7.301642807792192e-07,0.005769041038769802,0.004103673299602911
2025-11-10,0.6362935673281084,0.6514637567156957,0.7546431352913374,0.836371194950389
2025-11-11,0.7173828686518676,0.9510124689984711,1.09373994276848,1.0181173121512355
2025-11-12,0.2989533720531272,0.08889164663121168,0.04829288549806508,0.11644421499436663
2025-11-13,0.3601340201853988,0.6547256758387937,0.7940927780865978,0.5948904654190335
2025-11-14,0.42525447903332736,0.5630725466860576,0.7787024725673796,0.7650986025874087
2025-11-17,0.4237964221474639,0.43908734130423993,0.26223446417353385,0.1423871037177203
2025-11-18,0.9961698600714248,0.9462132046291156,1.1569226592990112,1.5092651378663375
2025-11-19,0.3203941365025209,0.5109619094460781,0.35828889273433806,0.06906880734766695
2025-11-20,0.47368809660001815,0.7164290393916719,0.6540293207503376,0.17937552170680454
2025-11-21,0.41269180997424587,0.6250203170730594,0.563423221230847,0.18298255730113608
2025-11-24,0.34581860565195566,0.53151049630599,0.4728273831398495,0.1725646674224078
2025-11-25,0.005604114742042463,0.0035376778118711475,0.0008855286929413771,0.04594746604091827
2025-11-26,0.031533796937902654,0.01308696584837383,0.023000378212935758,0.10103671877787529
2025-11-27,0.3255589043992616,0.3115899446470776,0.263741308538171,0.18010415215644643
2025-11-28,0.19324014415344584,0.19278370450513915,0.1540466634288832,0.10523557223700529
2025-12-01,0.1916162444548189,0.19409687405938414,0.15230896279142217,0.11948732721501869
2025-12-02,0.18948983269075773,0.20088943137745613,0.17749813644741144,0.12904674795073123
2025-12-03,0.1501130962901551,0.16563916293485909,0.14322336175885073,0.10740191451071796
2025-12-04,0.1084101290990557,0.12560907625023238,0.11287494021454127,0.07868592023255204
2025-12-05,0.018239651391895102,0.026239072201597234,0.018415750608182367,0.00920391225658171
2025-12-08,0.08613466797065808,0.11349689022782512,0.1134723717261177,0.059554717730708376
2025-12-09,0.10670997034702966,0.14026604090115652,0.15469477921499036,0.07828996932025284
2025-12-10,0.08117622609188076,0.11134575608501505,0.12130837169556538,0.05976668718316665
2025-12-11,0.0017524127318279527,0.00815422030148023,0.008689729111651539,4.255645631131923e-05
2025-12-12,0.0005178328669400309,3.283676506733886e-06,6.0588751039299196e-05,0.004195868669210892
2025-12-15,0.6329773957961036,0.5589634425293672,0.5474815110655613,0.7385179396631
2025-12-16,0.00252942890638098,0.015543703301898958,0.01752076026009986,0.02683834454242787
2025-12-17,0.15983003811081054,0.1816359197904622,0.1758567677836207,0.2829398288340741
2025-12-18,0.006395416264518193,0.0007346231711900047,0.0011862776288060657,0.005351519892858198
2025-12-19,0.017237499572744234,8.082741385859117e-06,0.0002543323108395991,0.00020307269165796403
2025-12-22,0.14915221302364487,0.060056672589656496,0.046627176593412485,0.06272660949622634
2025-12-23,0.1620065198931054,0.08610462972084527,0.08192394811674694,0.07909142407882998
2025-12-24,0.14858880178078626,0.08646615928312736,0.07665647325407858,0.08091944868177176
2025-12-29,0.15123540333671986,0.10125312433889339,0.09870422864077381,0.0903880031998123
2025-12-30,0.04083123506773799,0.06593517836527785,0.06916305593879085,0.07668683718742683
2025-12-31,0.14619774996546211,0.0794655796942904,0.06877441807413642,0.08542396456509509
2026-01-02,0.10353755756262015,0.058146089108205505,0.05055320458031638,0.05964912971177114
2026-01-05,0.0022996751418254044,0.000343073277052048,0.0020209794426952186,0.0003480024827402439
2026-01-06,1.0765640360260067,1.250066223511506,1.335153255459425,1.2260158952826568
2026-01-07,0.006011203902224065,0.08657893165674656,0.11875935396192969,0.04379240277938313
2026-01-08,0.24868179930611736,0.12492297921003892,0.0856184479489462,0.12092360164091324
2026-01-09,0.030381841800610786,0.08571517163550432,0.12303930542997217,0.08978172111976021
2026-01-12,0.20673548814780768,0.08543285157035868,0.05144035188068925,0.10292516142097186
2026-01-13,0.19002373844274614,0.09044036170414645,0.05321367223701732,0.10611941118390374
2026-01-14,0.03428624846133451,0.005539027382089654,3.486664938460726e-05,0.008707358497757113
2026-01-15,0.010349349415861157,7.368121745741129e-05,0.006915173802875952,0.0002833540618204578
2026-01-16,0.14609205711751375,0.06991716592555745,0.03381035232374814,0.08965684186704091
2026-01-19,0.04013002217965493,0.010818743825610634,0.000607025883503641,0.016937336138650068
2026-01-20,0.011460749925601066,0.030755494163807483,0.058684632865221555,0.032729513786627674
2026-01-21,0.1387881620949569,0.12228189002236976,0.08041166958360682,0.07469736112714319
2026-01-22,0.115542309056281,0.10687023712619201,0.06638803745579552,0.06520506142715071
2026-01-23,0.10417716782017067,0.10105174646385047,0.06019714985888132,0.06233329633238956
2026-01-26,0.09111656625500271,0.09255556619636589,0.05654939839497809,0.055746507539793516
2026-01-27,0.0025980893562829862,0.0017932055368055126,0.012720399899068535,0.012096884104104035
2026-01-28,0.0006327707809077738,2.3160693213864653e-05,0.005162150231969761,0.001902583888301569
2026-01-29,0.08420396732818618,0.08768216358125853,0.05324780840014645,0.04193698989222353
2026-01-30,0.001719702041125992,0.002658691971811383,0.00032350736788325576,0.0012406676927652946
2026-02-02,1.030200297156749,1.051049801863738,1.210879766532974,1.1995961117306675
2026-02-03,0.131178235090704,0.04559260699029476,0.01697717021402337,0.048971613463002224
2026-02-04,0.09780078638757927,0.18612330996960053,0.24921343283049852,0.1940151431924526
2026-02-05,0.1302839493431285,0.28535424148197963,0.3714090434320682,0.2554783742755747
2026-02-06,0.02958122080981585,0.0068241537368388845,0.00047610908427138295,0.00010812225156707473
2026-02-09,0.22689627555749783,0.13879857558871445,0.07189779820142556,0.0953358309471039
2026-02-10,0.12793028825019215,0.07536031804963683,0.029226514289103937,0.04734611126996153
2026-02-11,0.7413560260332772,0.8460560530788769,0.9946635500061125,0.9772435463504003
2026-02-12,0.008006273605197435,0.00930442374198819,0.03216775592613317,0.007136892820662878
2026-02-13,0.13463695023265393,0.05888483351403918,0.030206576931808293,0.03548768459237732
2026-02-16,0.1941350775912918,0.10540558986160944,0.06373461785367773,0.08243791937012931
2026-02-17,0.022417474987717685,0.06127456924450073,0.10415944484730007,0.0770560504905099
2026-02-18,1.018387457575033,1.3259609136094395,1.5155347786002746,1.307519712800915
2026-02-19,0.09119353617689083,0.0003828991609353689,0.004122367295956374,0.013147359321060115
2026-02-20,0.076311282935863,0.003478289161682616,4.632825072881064e-05,0.010092116254601885
2026-02-23,0.31810908866101706,0.12399023745666983,0.0794511185248047,0.16805206842209605
2026-02-24,0.2576344839290758,0.10990307174313252,0.06877887825178575,0.1476830691773366
2026-02-25,0.8273154602523761,1.113137177246408,1.2582770951658904,1.01694905104706
2026-02-26,0.1877167471582697,0.026508574274768788,0.008155626217395741,0.08103197853291826
2026-02-27,0.03334472346525354,0.0032770959586061904,0.018173591522040754,0.00373520890618758
2026-03-02,0.8762316074604289,1.3734458969277095,1.5727846460125483,1.0929624980668695
2026-03-03,50.41236917486275,51.81526003843126,54.247439935824985,53.094283718208175
2026-03-04,0.8572662212882736,1.9828691075666303,0.35803649028909984,0.07375235104945754
2026-03-05,0.5149534680546937,0.11394783973595363,1.1197283872471173,1.5958389956901948
2026-03-06,0.0003882942037312447,0.23823161241119586,0.012501439090256958,0.35309759790977346
2026-03-09,2.05384503719099,4.047754117652512,2.5420435997034585,0.7732385226531117
2026-03-10,1.215700460377028,0.3166967632304209,0.7285651212758195,2.3581115250495226
2026-03-11,1.3887911587272395,1.9387722551588453,1.2633201000497847,0.5192055839957319
2026-03-12,1.2876683996581306,1.8708354359714559,1.5238923444301222,0.5964868539549141
2026-03-13,1.0837153706562914,1.6440196431027145,1.5790273592645172,0.5841040470208033
2026-03-16,0.6458686635590463,1.0970021029495556,1.231773001149369,0.3599709807260227
2026-03-17,0.10145706859436625,0.2713527616692994,0.31687702763522607,0.03171724942252407
2026-03-18,0.003906912918730483,0.03373682006365743,0.04403105696075997,0.0021590200885960417
2026-03-19,21.753487432140734,20.068268818508514,19.04001183835407,22.846868048596413
2026-03-20,0.2922788744298011,0.00138559707481303,0.006319022828765767,0.9367092960301064
2026-03-23,2.535007036586493,5.164188831007004,5.372318219331178,1.3070790602577442
2026-03-24,0.8936161021973096,2.4726743007510668,2.786124739440343,0.3876248911416806
2026-03-25,0.4325829920632241,0.018758296007674723,0.005871763563873144,0.7996745659002523
2026-03-26,0.15973781575442592,0.02098559370291871,0.012301186287581627,0.4190872768819204
2026-03-27,2.1288359249685582,3.350174383688604,3.93793044971833,1.4082238822125253
2026-03-30,1.61512469618098,0.8476630284457614,0.6165355931716657,2.0652523107116205
2026-03-31,1.4244368256569215,1.517018644975366,1.779698663944417,0.9521954916219155
2026-04-01,4.368633136841213,4.224756250499678,3.919995669045781,4.910575190960045
2026-04-02,1.0672893156178913,0.48897651032017214,0.568175247827335,0.6493607534690702
2026-04-07,0.4384636549874601,0.11841602578756645,0.14537231451942464,0.2716520331498112
2026-04-08,23.628548724623265,25.70608073455329,24.435524214329998,24.63012751937542
2026-04-09,3.462336059175435,0.9642947867346761,1.1738318475915963,2.2320278013149606
2026-04-10,2.6577801257560756,0.7892030124305186,0.9678375256235974,1.977255846972832
2026-04-13,1.9691708557997634,0.6041995958516475,0.7440204644338091,1.6777565069578722
2026-04-14,1.4439039393780901,0.45638350396186483,0.6065793082186168,1.4023134998818938
2026-04-15,0.8054993937470522,0.2031937312177483,0.2841669258160982,0.912206365775522
2026-04-16,0.8732143580414469,0.32973345789767955,0.49674130048402004,1.0688709991157133
2026-04-17,0.13924909318508816,0.0044539094633172125,0.029952667766062886,0.2719013509376017
2026-04-20,0.3108700711978001,0.061426599986634405,0.1105250206738078,0.5195526140903791
2026-04-21,0.08978354062426427,0.28845125905678104,0.1682148441097785,0.015953719284147877
2026-04-22,0.6750604030815244,0.49470975827076086,0.7215931621344823,0.8932133240508924
2026-04-23,0.5477324316836257,0.42696890077133026,0.667383179228824,0.8030019958610428
2026-04-24,0.018832699525590166,0.005881766641501104,0.06313748326524819,0.10107303697599376
2026-04-27,0.14806509386062697,0.14557584591082412,0.3653494505214997,0.29587405495475594
2026-04-28,0.4304946139061983,0.47104422659307144,0.9155340296615345,0.6601541508510828
2026-04-29,0.5758280825000403,0.5188154606696678,0.2420313225607826,0.33771409707058214
2026-04-30,3.511528808661695,3.0120417682680167,2.2179754296189995,3.163912350509454
2026-05-01,0.8359353440488458,0.5683917253233864,0.9223633098883338,0.8055769420636688
2026-05-05,1.314787320753058,1.6154418835803992,1.1314299742241345,1.2440552077421365
2026-05-06,12.42566766331186,12.114040284973065,10.79225391997372,12.883115392811556
2026-05-07,1.0658363099841228,2.247231842514536,1.7933929314357033,1.6657541079654072
2026-05-08,1.8639111002852458,1.3240671226417149,1.6911143917824387,1.0832361949417912
2026-05-11,1.586039152835823,1.226255189749217,1.7608604854487377,1.0737151698103173
2026-05-12,1.5044948246959298,1.21854074302795,1.6494261039868108,1.205230266217679
2026-05-13,0.5504447464440471,0.42747032602833074,0.6671060704003888,0.47993343859293414
2026-05-14,0.6092109113264712,0.47081096190950195,0.6712028179183644,0.6104766493146938
2026-05-15,4.331837854415358,4.700704615304592,4.245420513557749,4.137018080022633
2026-05-18,0.1523734295395084,0.05730519289412903,0.04366819097185293,0.24915961406965792
2026-05-19,1.4595606155562835,1.403608826125927,1.4384888547175507,1.1941266851964216
2026-05-20,0.01183895259145149,0.011606298899245268,0.012238619411688297,0.005159970347988079
2026-05-21,1.0769166201166038,0.9014647687835302,0.8880681803323809,1.0316603383043788
2026-05-22,0.7752088118263408,0.6720167393444764,0.6476564852838147,0.8440472790589169
2026-05-26,0.5912369215031676,0.5295499478661597,0.49828595313148616,0.7289364409044944
2026-05-27,0.5218838141160491,0.4844363397335017,0.4464812269756919,0.7108973243170646
2026-05-28,0.008146837709229613,0.006303822662286429,0.002129019797591311,0.057369250086247575
2026-05-29,0.41371312525461434,0.46779482188397287,0.49443868190377804,0.5917767285012699
2026-06-01,0.020882408874771656,0.037443236821829054,0.05480449574766293,0.08387244341884201
2026-06-02,0.24491448394691565,0.33597248938634683,0.45450681798050957,0.38496889335947954
2026-06-03,0.15656013387010015,0.22226533511216873,0.297750256260231,0.2871216566032154
2026-06-04,0.20249397334473418,0.2881438608766128,0.4253069727862105,0.3467071286044702
2026-06-05,0.22373593576205983,0.30618066011622075,0.41693911156762664,0.38572217457039504
2026-06-08,0.18628213106749794,0.26182337240801196,0.3405575845600224,0.3446231469486273
2026-06-09,2.5960670555757153,2.346571457987049,2.1856337463693287,2.1089549349003005
2026-06-10,0.30285773855015796,0.5902998714908904,0.5682182292248125,0.32406700858479254
2026-06-11,0.11325086483542092,0.28425284285345054,0.26173745925741937,0.14368453766689737
2026-06-12,4.318784166739463,3.6767792753241646,3.784218913851826,4.100655887384384
2026-06-15,0.3876155498475197,0.22734759404236315,0.1969875472717392,0.30395357634459447
2026-06-16,0.11984511469983274,0.05820628620408836,0.0653026428781032,0.09202531730261827
2026-06-17,0.4337240823272428,0.2927187170063703,0.2965094650347396,0.40436171181807606
2026-06-18,0.22833837728652193,0.3250378333327828,0.33220409248537897,0.21957371215846785
2026-06-19,0.3197158325523652,0.32576136065584826,0.32629622668052344,0.27218938029082473
2026-06-22,0.014469550703271435,0.020870863873026106,0.036364145699368224,0.009775491605119629
2026-06-23,0.37982298964061434,0.3537203985949711,0.3924980430841713,0.35997747795198937
2026-06-24,0.21540957538593783,0.20827280955808786,0.2440665329073433,0.2241272064036486
2026-06-25,0.008433045840025626,0.007533861508498567,0.012249627810741157,0.01429063956103685
2026-06-26,0.2179717258347356,0.18338129652019206,0.19329888510744378,0.24255479225959498
2026-06-29,0.17493595354341324,0.15682096493398123,0.1824614672622783,0.2069162360346125
2026-06-30,0.1769309696480608,0.1703654733021,0.21421300864420142,0.21518778541103922
2026-07-01,0.1339052969340199,0.13461297729993954,0.16067496578036583,0.17559213890067324
2026-07-02,5.57020050683523,5.521467106037003,5.309702075734416,5.312930469900196
2026-07-03,0.3509408129034138,0.089507679035622,0.10808957299231065,0.2544678392690788
2026-07-06,0.27494293829616506,0.07484563307348426,0.08332743419630181,0.2199778869923233
2026-07-07,0.27446578551976775,0.10090288965614534,0.12146773721007788,0.23855189112904032
2026-07-08,5.323484140887897,6.148428283969884,6.069667268406074,5.3848933764392
2026-07-09,0.5994429939979516,0.6914762765780176,0.43379572783538706,0.34935294810538203
2026-07-10,0.4363435168938928,0.5258302218632056,0.35506949623859213,0.2750331028566659
2026-07-13,0.41569084268202944,0.503080549520927,0.34463156665711714,0.30120887643211586
2026-07-14,0.2413897139859489,0.3125570555783131,0.197256418297553,0.18359939179955692
2026-07-15,0.2627394314012537,0.3306951044505501,0.21574339802229553,0.22450312732379407
2026-07-16,0.038836839356089066,0.06876253879494354,0.031269511213194226,0.031239028954047517
2026-07-17,0.15634346258642054,0.18786851565424711,0.12117821989048423,0.14461508154882782
2026-07-20,0.006768590268201256,0.0020846097465190123,0.017250770426106316,0.007032411912605827
2026-07-21,0.01618470559996831,0.04081687760957183,0.021356109357999378,0.009678311878389325
2026-07-22,1.1242399660990414,1.039402608737474,1.1637011287495573,1.1824120529808462
2026-07-23,0.002588984105668085,0.005163316662866348,0.018131970075627057,0.0014480155572741847
2026-07-24,0.05188729455129094,0.08388641177338825,0.10499542795917466,0.10800477058300993
2026-07-27,0.19836048541139426,0.09813038935156755,0.07450524031527228,0.11233876432138085
2026-07-28,0.010076833732409281,0.04941836293112682,0.07186795247790477,0.03391180836891045
2026-07-29,0.22603297261233601,0.09407779477843589,0.06535947492936862,0.15037540826514798
2026-07-30,0.285446269024799,0.1491324220253119,0.1089015493458934,0.22288411795058297
2026-07-31,0.17866299684960482,0.09154379110509628,0.06591760625984179,0.146039610301852
2026-08-03,0.2038709261769047,0.1289645361280224,0.11248951713197754,0.17812768000970522
2026-08-04,0.1458686815664897,0.09579809197022682,0.08518257780691334,0.1339773726622401
2026-08-05,0.14571698862330662,0.10466550874885572,0.08781290237776555,0.14231446511867793
2026-08-06,0.10345562083434906,0.07735063907553795,0.05864191774874032,0.10636108794609457
2026-08-07,0.058974985784554006,0.04561757843760554,0.03611079779924649,0.061849533396469786
2026-08-10,0.03735354080267459,0.027794569817072106,0.01781987646496869,0.04039413606714377
2026-08-11,0.08272187865491284,0.07767022216792759,0.0690537976974174,0.08197868943886627
2026-08-12,0.08362875501012805,0.08375874539594289,0.08007988708730972,0.08252374203297475
2026-08-13,0.0009917870733451896,0.0005993208401747695,0.0008043339248791492,0.001109193952808245
2026-08-14,0.07019512611428066,0.08871482328140065,0.09489657351736873,0.05675113213163324
2026-08-17,0.047820905171156274,0.0658202192010744,0.07833929176962667,0.03647404825284302
2026-08-18,0.08051852601455707,0.10755163770583637,0.13519420188760292,0.06321374111866196
2026-08-19,0.06239193911673752,0.08709824588773275,0.10176963357399553,0.048803711474037316
2026-08-20,0.0641652968058412,0.08903630914235738,0.09476181259515513,0.05118614255232722
2026-08-21,0.026046434444012834,0.013354092910953188,0.01422885543869051,0.03525133684806895
2026-08-24,0.022439353087211653,0.02378732523737168,0.019193606615731405,0.010997940325790366
2026-08-25,0.032202170558566605,0.031948870326904154,0.023123917728626656,0.01782628322740668
2026-08-26,0.06339057140622657,0.06254392908580869,0.045515626646990714,0.04247098372738228
2026-08-27,0.14411183461054541,0.14066224620100704,0.1693438511973268,0.180502875168469
2026-08-28,0.052989151831220195,0.0795018319149339,0.05355627971950175,0.01909661049268038
