Date,GARCH-t,GJR-GARCH-t,EGARCH-t
2018-01-02,-0.06630228701950014,0.005329096342052475,-0.018149835192519337
2018-01-03,-0.2896597362128531,0.009892654511531318,0.051047915067130245
2018-01-04,-0.47982268284734453,0.018378185846779083,0.13958518887641302
2018-01-05,-0.6270597407393855,0.029073090582255046,0.2285806315923231
2018-01-08,-0.7659867470450162,0.046208262789366294,0.34118109972678135
2018-01-09,-0.8451563725606499,0.033626496852540044,0.35715578414442406
2018-01-10,-1.0449594568714837,0.0169156705378547,0.48224903527785534
2018-01-11,-1.243489773253995,-0.007001713233384499,0.6449865763725039
2018-01-12,-1.4232394015411645,-0.04083615698487819,0.8213728840637583
2018-01-15,-1.6142688241920222,-0.09160213369001913,1.0512836337168197
2018-01-16,-1.7932011544592765,-0.17058541084054768,1.2039554909746413
2018-01-17,-1.8543137137769687,-0.2062232147364753,1.2188901909958587
2018-01-18,-1.9908082467255923,-0.33865244118968585,1.1672609069341684
2018-01-19,-2.0751631875179837,-0.4380577805138576,1.0970048556990495
2018-01-22,-2.3011867796328085,-0.668464317569131,0.9669536913304135
2018-01-23,-2.5270099576059355,-0.9224404856967784,0.772352247994752
2018-01-24,-0.8587470811935036,0.951974668264698,2.06849254227765
2018-01-25,-1.1009364658226741,0.5430892161494614,1.8130635066691916
2018-01-26,-0.8923425363684923,0.7632908705705104,2.0359580307830143
2018-01-29,-1.302056644998265,0.20433599289239035,1.6371588352365851
2018-01-30,0.012645109891850304,1.8886844031463665,2.919372580000801
2018-01-31,0.21759008067807728,2.0930685703335667,3.132830975991932
2018-02-01,0.16137091827375238,1.9173839932732528,2.9853845656493836
2018-02-02,0.18444115837727437,1.849913583381754,2.906588577826875
2018-02-05,2.274903100491768,4.858283213023026,6.129193851718642
2018-02-06,8.499054389624712,13.995933452916244,15.557105063391187
2018-02-07,9.850790678908137,15.810701408761489,17.24982219936086
2018-02-08,10.256895598581396,16.259103715807957,17.65402421690358
2018-02-09,10.200252508074135,16.107861509166554,17.543897405244586
2018-02-12,10.221955735574712,16.054108839324797,17.491354118171866
2018-02-13,9.8091610875341,15.450965310897278,16.915488177181476
2018-02-14,9.567431737147247,15.054699665257315,16.528574180130075
2018-02-15,9.277781822465474,14.585706624603068,16.08641845844903
2018-02-16,9.18383299033701,14.393949331117557,15.915216898358347
2018-02-19,9.051498577158378,14.16123105667541,15.72136028102505
2018-02-20,8.858977014959665,13.790991022399924,15.323371071821038
2018-02-21,8.752442384786674,13.534480250283696,15.045679262713836
2018-02-22,8.67037225027283,13.30182631506316,14.802477277488363
2018-02-23,8.602635143940574,13.038459507187554,14.461325129288632
2018-02-26,8.590536363309962,12.914925427998046,14.278824406304702
2018-02-27,8.587276591871698,12.744338528163274,14.029023636729583
2018-02-28,8.596429784310839,12.698647938311383,13.944375912277042
2018-03-01,8.597482207101661,12.670375326756819,13.867511996312437
2018-03-02,8.605703280283192,13.184159738962883,14.689379051684625
2018-03-05,8.544546255792213,12.93668151615213,14.327358996382713
2018-03-06,8.466948351618283,12.633273391344636,13.895950510280079
2018-03-07,8.403812390934043,12.306241867957068,13.434217293384656
2018-03-08,8.395023050425099,12.164149437516386,13.219103463324362
2018-03-09,8.38982476524945,11.957584888585291,12.915939644716474
2018-03-12,8.418902551943171,11.763817467866145,12.630560637164429
2018-03-13,8.35318792190057,11.908384556876277,12.842905648212257
2018-03-14,8.324419424313207,11.58862579496828,12.382844668023658
2018-03-15,8.33132928725586,11.296821593365504,11.938172376247644
2018-03-16,8.365125819171471,11.079083649649672,11.599700712404404
2018-03-19,8.020813258555602,12.03697505847682,12.970122805542198
2018-03-20,7.870585321610362,11.53679627994347,12.473734028538768
2018-03-21,7.765543831264146,11.097850605504846,12.04718655055136
2018-03-22,7.906849526414778,11.613867844772814,12.588659820514664
2018-03-23,7.784479509146087,11.170495595628902,12.076598448700532
2018-03-26,7.690522203348259,10.773022792531071,11.563062959957707
2018-03-27,8.077294931148646,12.057569089965366,13.112800162222712
2018-03-28,7.97598881634807,11.922866062827888,12.87463057577103
2018-03-29,7.807678323964869,11.72772677711549,12.531931857066581
2018-04-03,7.703206677387286,11.589209934155202,12.27624115937056
2018-04-04,7.601565913746753,11.421725052184627,11.91057922865457
2018-04-05,8.092346973332468,12.511944669276378,14.182837049682096
2018-04-06,7.843435826970779,12.830562449185596,14.38184745564216
2018-04-09,7.633710283332088,13.16702015265029,14.55276564306419
2018-04-10,7.663269546631737,12.96563583868356,14.462604930165618
2018-04-11,7.50956709309284,13.414136564082622,14.796406686718765
2018-04-12,7.39600216636626,13.882549328290047,15.11968725909096
2018-04-13,7.326904627394724,14.355571745256999,15.465832477535763
2018-04-16,7.33431999822368,14.035045204325792,15.252636500906167
2018-04-17,7.28567065489018,14.203577266704167,15.344764924211018
2018-04-18,7.325327691425721,13.741900781026033,15.051543505629962
2018-04-19,7.245882421422993,14.135797624658837,15.411506959231925
2018-04-20,7.222750952581945,14.328590286443998,15.598613627016007
2018-04-23,7.211290309778475,14.627743976979204,15.905981954469578
2018-04-24,7.222102839093152,14.977072788775743,16.284341018855432
2018-04-25,7.235611612289739,15.039961335493171,16.336089921714052
2018-04-26,7.247086370129699,15.146523679783842,16.44372589582653
2018-04-27,7.2018662701511005,14.549054577135486,15.75990466436613
2018-04-30,7.1814509779138085,15.041842382162578,16.3421335392407
2018-05-01,7.196765226483414,15.518170248566257,16.925607042198962
2018-05-02,7.237503138661447,15.903903746008012,17.409090833111723
2018-05-03,7.267105423734275,16.023722932805754,17.518162535652188
2018-05-04,7.23568661859052,15.735114730196154,17.113435131085815
2018-05-08,7.252853974052726,16.174817759590272,17.69543720350096
2018-05-09,7.134276408234943,14.738375117713872,15.526520818442448
2018-05-10,7.0985958823390956,14.955486955495918,15.749500466840527
2018-05-11,7.06249445053599,15.429011109594887,16.386617306476758
2018-05-14,7.0493479020134195,16.00204973056862,17.22539554879452
2018-05-15,7.058341283920783,16.54879155535456,17.999595256912198
2018-05-16,7.094525179205542,17.083794039064383,18.798264038850625
2018-05-17,7.081859447582922,16.78014589152686,18.033116486072366
2018-05-18,7.116826988369854,17.348436766387174,18.965606137274662
2018-05-21,7.021076893018826,15.905894182709385,15.855905969154852
2018-05-22,6.9899090570518565,16.462333965636407,16.713114246732694
2018-05-23,7.009821522503527,14.21061406887438,11.177267636704112
2018-05-24,7.109722108574797,14.179286870032104,10.499040706433732
2018-05-25,6.934974992403236,14.022409916793961,10.650550659751149
2018-05-29,7.273388069915289,14.350007742634304,10.088908227830789
2018-05-30,7.256205437340571,14.294652976974664,10.08689070199494
2018-05-31,7.042378664870279,13.996813977292227,10.071122873868712
2018-06-01,6.887468661052176,13.756082121042741,10.038878475611119
2018-06-04,6.812723237734056,13.625795316958882,10.041580894500747
2018-06-05,6.81409447487359,13.621258522306533,10.032417251164217
2018-06-06,6.696293508687976,13.400174270173036,9.94260945661559
2018-06-07,6.577766244950419,13.161232860209047,9.877261798767858
2018-06-08,6.503393756696176,12.976178585641033,9.812909511415123
2018-06-11,6.526934944889534,13.021668875498316,9.85111802117718
2018-06-12,6.473210815293024,12.940672870126186,9.829189894482923
2018-06-13,6.374091071370784,12.758235816624062,9.665831574525699
2018-06-14,6.424127778637992,12.861770016408045,9.754642224067528
2018-06-15,7.068858217188355,13.24495738302797,9.731052048463916
2018-06-18,6.769855091924197,12.715230780632234,9.434704664991607
2018-06-19,6.568922182439997,12.315183260089164,9.220161146203436
2018-06-20,6.37610920628114,11.902966860512002,8.933040225060454
2018-06-21,6.519414881275187,12.140437815541997,9.122896223255532
2018-06-22,7.460742712254867,13.916401542000024,10.735862027586451
2018-06-25,9.319835093873106,15.1973662817147,11.398619043417412
2018-06-26,8.964579827183307,14.666228894973957,11.088174580664214
2018-06-27,9.040564363401934,14.726106923715044,11.161890491548922
2018-06-28,8.717855624566512,14.30245085340625,11.007068617707317
2018-06-29,8.465684744816588,13.94302667553021,10.881094137813923
2018-07-02,8.5992884171375,14.11732162079002,10.944366497270744
2018-07-03,8.452571178029425,13.840283918460146,10.772675163204873
2018-07-04,8.266514931403243,13.498177432842935,10.584948442285945
2018-07-05,8.135699511139878,13.215878045830314,10.395859855136864
2018-07-06,8.019364227006147,12.930182809280383,10.22694992184605
2018-07-09,8.036896539015341,12.960577511601702,10.252349919105306
2018-07-10,7.95517584608151,12.800940810299103,10.241893796246908
2018-07-11,8.022501867768725,13.00501253600613,10.204871493704946
2018-07-12,7.998007571215377,12.916648312374344,10.155375475955957
2018-07-13,7.888862429604358,12.672888844228385,10.03850262350513
2018-07-16,7.885811477723493,12.648502777501582,10.034393429376529
2018-07-17,7.815303729647751,12.411968671180713,9.833430765100585
2018-07-18,7.799356899281404,12.318444100960091,9.763504589488441
2018-07-19,7.765951730155015,12.149018287621507,9.663938446463096
2018-07-20,7.769478659106389,12.002674368316923,9.596618049259547
2018-07-23,7.799522877222451,11.895230663224943,9.543793886637744
2018-07-24,7.801381506069638,11.880137091209273,9.528526030468838
2018-07-25,7.806596131951655,11.871425298032461,9.523928367212
2018-07-26,7.817280638408975,11.737981159277055,9.33806073926513
2018-07-27,7.837122555467404,11.678183921549977,9.256417000117617
2018-07-30,7.887226772551281,11.608350058995715,9.169382943255632
2018-07-31,7.893358404506456,11.600249011421717,9.16000634172581
2018-08-01,7.728891488730071,11.58517753911028,9.089390008912666
2018-08-02,7.827761448429722,11.823814239512089,9.288642439293437
2018-08-03,8.002624385659292,12.179685301553592,9.639952238309734
2018-08-06,7.820164789042435,11.912958558683947,9.407601194858493
2018-08-07,7.802800829097783,11.87346737020275,9.378558644272513
2018-08-08,7.801495349467382,11.869377191270203,9.379132483923465
2018-08-09,7.721512448707294,11.819340703353232,9.384141604864881
2018-08-10,7.802372747286131,11.89704558521699,9.459944698312821
2018-08-13,7.671390306742611,11.681102388622621,9.21099848687558
2018-08-14,7.577437683702376,11.49848872750852,8.953372978472284
2018-08-15,7.970411873065268,12.292858153200546,10.113418026569956
2018-08-16,7.944662019965914,12.184600577279149,9.975071800323907
2018-08-17,7.725134674930644,11.7675990893294,9.504729612713353
2018-08-20,7.60062554855064,11.485571593722957,9.187168014784278
2018-08-21,7.483586651242247,11.205775272785905,8.881175489892
2018-08-22,7.363821287542275,10.879798959297657,8.464876606153503
2018-08-23,7.280134991299116,10.58309294629564,8.09060099872362
2018-08-24,7.224363692493393,10.311059052698031,7.716287658308788
2018-08-28,7.212560263474714,10.191252843847424,7.54659969945163
2018-08-29,7.217008135507937,10.207716297107728,7.558440019685673
2018-08-30,7.208986477446344,10.144905626345032,7.449228868526666
2018-08-31,7.378279511495927,10.665096675567726,8.13554600719772
2018-09-03,7.526288756964776,10.938798516583518,8.425303328642116
2018-09-04,7.467419759168486,10.813626197403394,8.226292742105041
2018-09-05,7.634046002387052,11.0811914720198,8.545415248675475
2018-09-06,7.702885781030571,11.154094979740668,8.57134544102988
2018-09-07,7.585201318803489,10.866439292018637,8.091876037787648
2018-09-10,7.353116057264796,10.334059501282113,7.230167414666588
2018-09-11,7.161531553356533,9.835029167788067,6.416995624381871
2018-09-12,7.096190159063675,9.600047940803476,5.969614562125537
2018-09-13,7.009628919793734,9.326415483735733,5.467160098343811
2018-09-14,6.903128967378502,8.979582088500836,4.813049354881654
2018-09-17,6.797442906256869,8.5943437026301,4.099920341387003
2018-09-18,6.718739597769121,8.227434260880816,3.41389400103083
2018-09-19,6.689542403325711,8.01825329089391,2.985149558543139
2018-09-20,6.673981061582114,7.889038835016426,2.6948081778463333
2018-09-21,6.971738031591339,9.381523652870438,5.28629047767323
2018-09-24,6.819403704383252,9.473491069153205,5.248768068669089
2018-09-25,6.781709308745796,9.47815780780249,5.222619785745052
2018-09-26,6.592032414257604,9.637638502967604,5.1572545537156795
2018-09-27,6.501522057107438,9.720485608986627,5.136325902028153
2018-09-28,6.431272781222785,9.805134756640063,5.148094604454709
2018-10-01,6.3096675803351046,9.901891448994887,5.049137608635462
2018-10-02,6.218766265668441,9.974241934179897,4.925538663439053
2018-10-03,6.175604290586219,9.996464342757177,4.823137828422555
2018-10-04,6.445771229861533,9.68821324783316,5.250974710210768
2018-10-05,7.058104996240745,10.478871249936764,6.201626538682012
2018-10-08,7.44432597304997,11.02628945176639,6.766113923997266
2018-10-09,7.114690418318262,10.423326295160079,6.091756797390765
2018-10-10,7.587193625080212,11.175079696604584,6.885173028845908
2018-10-11,9.03442629972441,13.590303125912428,9.495809582407775
2018-10-12,8.646100608367913,12.820143913695961,8.699464197905826
2018-10-15,8.384935627076135,12.230672701976015,8.069999328381563
2018-10-16,8.148045898380738,11.668087615967169,7.478373877847509
2018-10-17,7.889821049534527,11.034554386258439,6.8241773467402425
2018-10-18,7.7195868878431835,10.54006739919534,6.304732876963385
2018-10-19,7.561906934959253,10.035295017226904,5.721008070434217
2018-10-22,7.415915210724894,9.505576316499685,5.118043810359854
2018-10-23,7.605057973628309,10.12779884182007,5.796217449503544
2018-10-24,7.420888246762383,9.535765276278665,5.093183190724977
2018-10-25,7.355934393795247,9.228163687249078,4.717274013824699
2018-10-26,7.409210394574385,9.326379700287,4.805747976313624
2018-10-29,7.634608079217108,9.897123138967931,5.4393769067943545
2018-10-30,7.454066226661145,9.547046290293872,4.970253730006013
2018-10-31,7.688465501414605,10.008453657051877,5.532537038197227
2018-11-01,7.516338609202543,9.877720376835246,5.3223669009220895
2018-11-02,7.390700800542574,9.77318497332966,5.113719702857821
2018-11-05,7.280918445013171,9.66393851054864,4.842652048260477
2018-11-06,7.308442256061974,9.69588521390727,4.9052121934819475
2018-11-07,7.410526443956617,9.87136005850885,5.17361237127133
2018-11-08,7.298800449543164,9.816404074969732,4.985640364632367
2018-11-09,7.240496447318431,9.795989535356917,4.879507811948612
2018-11-12,7.234295753381886,9.791635157251582,4.8388173961765215
2018-11-13,7.132746882493318,9.637643406452819,4.43975661558289
2018-11-14,7.076414863163246,9.52287454761162,4.122941165783047
2018-11-15,7.031632215600354,9.390384952709473,3.7204356647216223
2018-11-16,7.021303321592076,9.301097663048692,3.428480927065549
2018-11-19,7.016506178429309,9.17932663529544,3.026254649858023
2018-11-20,7.011636199497796,9.214975853197213,3.0700164560503076
2018-11-21,7.182406739045214,10.038507836352359,4.653008478430548
2018-11-22,7.486434166946125,9.944979367850188,5.086702818502628
2018-11-23,7.256616015450651,9.702202066542355,4.653548362246686
2018-11-26,7.502983174159752,9.978519194843297,5.09474607707555
2018-11-27,7.312063110217044,9.929896092845235,4.88608860339137
2018-11-28,7.140428377682852,9.882262858657626,4.626635471154788
2018-11-29,7.053693319527906,9.859840948251078,4.448227447048052
2018-11-30,7.08295579667484,9.858536900927538,4.489062185809953
2018-12-03,7.278462510229232,10.036810058703628,4.9025060550823465
2018-12-04,7.188953821873853,10.053514605702135,4.812322770695867
2018-12-05,7.571506408056019,10.098422452278307,5.427893260949299
2018-12-06,10.619400464941906,13.93982835173638,10.670571427937967
2018-12-07,10.530065917828436,13.692027486230346,10.533199780204766
2018-12-10,10.328911633454288,13.303139151413413,10.304640317335501
2018-12-11,10.36981611419044,13.287080064398396,10.32527467558504
2018-12-12,10.309018036235901,13.145587041824342,10.249012458347705
2018-12-13,10.037562890081041,12.725183608092047,10.009352408484324
2018-12-14,9.85647932128525,12.405493746972134,9.842023445759793
2018-12-17,9.845089984905808,12.35528313265248,9.818059127631678
2018-12-18,9.836245651644715,12.298402260384382,9.766102691133923
2018-12-19,9.798383805234739,12.164537634520036,9.603072024440841
2018-12-20,9.737565294997228,12.002340094197242,9.415299878553808
2018-12-21,9.624141397473805,11.673190012982625,8.969669897880353
2018-12-24,9.575424717175128,11.447782985758035,8.658557153337442
2018-12-27,9.627089941914964,11.767092653126479,9.093743998301221
2018-12-28,10.008303897505847,12.994800182306232,10.649313757364153
2018-12-31,9.81148495544202,12.887738284149286,10.405593859883119
2019-01-02,9.665928311615229,12.816080645181286,10.190310214126443
2019-01-03,9.601141002356133,12.791583100790994,10.072995358185505
2019-01-04,9.804972566787647,12.932480786197704,10.741842452364555
2019-01-07,9.666063193218605,13.127832243456991,10.793920677274771
2019-01-08,9.602105230062335,13.243590198076188,10.803101174520512
2019-01-09,9.55308636968506,13.413457128123676,10.86171545301423
2019-01-10,9.524144380261662,13.657869775346176,10.982630083704132
2019-01-11,9.525995308356032,13.987819678087847,11.176498031264712
2019-01-14,9.532524434431277,13.989182492632459,11.194835442119345
2019-01-15,9.553011047668772,14.141231827889463,11.194892492927337
2019-01-16,9.600975762998248,14.355775335583472,11.245817418383206
2019-01-17,9.672803207711784,14.57106178787297,11.237735275116217
2019-01-18,9.273099498997002,13.583766656640476,11.452463369754836
2019-01-21,9.236009592213552,14.09892383124512,11.680321293810863
2019-01-22,9.235946922322166,13.924831390301595,11.641774829166678
2019-01-23,9.234437341582309,13.969828237209859,11.657721707245592
2019-01-24,9.230101192031567,14.153199277750439,11.58685926368674
2019-01-25,9.259242192227525,14.363339120419514,11.467488123807657
2019-01-28,9.259442755628616,14.343390458056966,11.45648611127722
2019-01-29,9.216479488444495,14.243395064117292,11.626323732968425
2019-01-30,9.210628382690025,13.759234536574823,11.769235690808303
2019-01-31,9.159938484034292,14.098904872967912,11.871183284192945
2019-02-01,9.152277301159454,14.229223691754832,11.937784349231334
2019-02-04,9.157615410286354,14.7042886173562,12.177560770970699
2019-02-05,8.974555681476797,12.058804805553006,10.90935527016877
2019-02-06,8.88441802737907,12.843624442859861,11.513602365145351
2019-02-07,8.893555719812593,12.13379162313642,11.07923193514023
2019-02-08,8.83713724821656,12.533720122003754,11.369365096015569
2019-02-11,8.82959057603257,12.591678266708927,11.42570369081498
2019-02-12,8.823953517399586,13.101471315767808,11.782099836273577
2019-02-13,8.833808369833251,13.122228961409544,11.82419284696313
2019-02-14,8.881714293179453,13.70053417564677,12.295366380441177
2019-02-15,8.93720623214128,13.99683260058832,12.559173195979847
2019-02-18,9.041741769492754,14.560157198849083,13.06928470648359
2019-02-19,9.12046658860675,14.817474106810455,13.297612658552728
2019-02-20,9.163221021108475,14.895067644834452,13.37344216488274
2019-02-21,9.148895563650266,14.700406328392477,13.262453348482964
2019-02-22,9.244948594099162,15.00501610003571,13.437151665120485
2019-02-25,9.37920757220022,15.33358408339998,13.6500615866221
2019-02-26,9.487696531247076,15.540572634379327,13.802464048202545
2019-02-27,9.540517316017938,15.617163486719473,13.842546390391188
2019-02-28,9.628599461981816,15.725330513578996,13.822968212028083
2019-03-01,9.714435383189544,15.805320781562505,13.736149539870446
2019-03-04,9.82054579878541,15.919107823552261,13.6840836910081
2019-03-05,9.82397962293754,15.920901073432292,13.6820517942537
2019-03-06,9.957288566535585,16.152614459011083,13.752918030508962
2019-03-07,10.017771133309973,16.237057040322483,13.79391466154179
2019-03-08,9.98240398606097,16.195891722959985,13.800087168786721
2019-03-11,10.03276004433437,16.192016728149863,13.638320211540147
2019-03-12,10.103089261906405,16.210018424771697,13.501364083186457
2019-03-13,10.204549424460113,16.248984768814083,13.383918376599832
2019-03-14,10.287033829690818,16.279590618647983,13.321054711602173
2019-03-15,10.292621577297053,16.28449620131025,13.316272468224636
2019-03-18,10.131731492073492,16.095475445626008,13.241640306196539
2019-03-19,10.139737964912834,16.27347416366191,13.404143123111012
2019-03-20,10.153150253028564,16.387068895818963,13.52164984782725
2019-03-21,10.142782705125617,16.199136970427713,13.398596190725257
2019-03-22,10.498517125519461,13.34848789877153,10.618695654886746
2019-03-25,10.27262186023653,12.974295557996221,10.509639092811398
2019-03-26,10.035423504356794,12.553168106818212,10.31053212153117
2019-03-27,9.81483167932389,12.12858981143911,10.133704628092762
2019-03-28,9.727161117211704,11.916976063409878,10.059441340988599
2019-03-29,9.67506596613001,11.786219644301646,10.033953665101835
2019-04-01,9.604653506873943,11.640481113202183,10.033781467704554
2019-04-02,9.705552093248809,11.810045025309062,9.963014604937491
2019-04-03,9.59965219596771,11.74900719070719,10.126612973410094
2019-04-04,9.501791521508114,11.704239202008441,10.37009095345999
2019-04-05,9.479217440635956,11.691458933336822,10.402862602474801
2019-04-08,9.406207058124863,11.700032489608471,10.688009904359463
2019-04-09,9.374486818390565,11.712419979123577,10.896977089946194
2019-04-10,9.337422345643086,11.698289426846273,11.082279253485797
2019-04-11,9.32349740564958,11.687696439597959,11.263270503329792
2019-04-12,9.328482006797573,11.679418024887774,11.405365088327521
2019-04-15,9.350385339512348,11.67962396675803,11.6153010317154
2019-04-16,9.365960162473064,11.6781698699718,11.693821103781888
2019-04-17,9.39725075129111,11.703988939074051,11.97728347734579
2019-04-18,9.437611877377464,11.719427305121352,12.249808313802733
2019-04-23,9.374330156697418,11.728699874085528,11.849420402438726
2019-04-24,9.393185519702087,11.661365774696248,11.518438907501812
2019-04-25,9.364834734437816,11.641447623257363,11.539578253011275
2019-04-26,9.233831100920979,11.478874710815838,11.488390277154569
2019-04-29,9.125774291723044,11.324159265300311,11.425107461877772
2019-04-30,9.054018935737178,11.206144911104236,11.396321372393095
2019-05-01,9.017483904996698,11.13363018211407,11.346648334081527
2019-05-02,8.979177263390934,11.047645427724829,11.254927455117855
2019-05-03,8.900649770699367,10.878984855891364,11.039597369809
2019-05-07,10.329886881862535,13.267539390256427,13.730284312854838
2019-05-08,9.972421695814282,12.604679045638544,13.237181614611146
2019-05-09,10.210559863153296,12.915774184570251,13.52272541029294
2019-05-10,9.858538582541101,12.220323487842743,12.912704520801082
2019-05-13,9.755159818088497,11.935273962222759,12.671305894284291
2019-05-14,10.276594849568513,12.779649153895123,13.521272440932396
2019-05-15,10.330096205067507,12.82030823438398,13.564200225222848
2019-05-16,10.384561055987286,12.873057309064915,13.618440779747472
2019-05-17,10.096602173973995,12.604438011532984,13.409942765342258
2019-05-20,9.982632461840165,12.490921904106454,13.320639141158857
2019-05-21,9.764426489554697,12.233699670356025,13.034918863735642
2019-05-22,9.546597946771127,11.964705354782863,12.75190276398116
2019-05-23,10.315666299219732,12.965744708118486,13.747566094933603
2019-05-24,10.243928648132533,12.79889154422217,13.617513850645427
2019-05-28,9.967257487141104,12.350400880903134,13.264624266782805
2019-05-29,10.404215760563078,13.010735818071419,13.850311088700447
2019-05-30,10.212905953232582,12.631586518007756,13.493497106490507
2019-05-31,10.252713785766215,12.644597543061636,13.515132451822552
2019-06-03,10.028645683591728,12.18790495089038,13.025232567046482
2019-06-04,9.865767864954622,11.825215100677562,12.643578757563695
2019-06-05,9.656260920328261,11.367735938851562,12.177489219180151
2019-06-06,9.595529599408192,11.185142390032176,11.99619264580014
2019-06-07,9.795006631624988,11.559564727603213,12.35613041716222
2019-06-10,9.74183477481766,11.496404698990826,12.310415467069769
2019-06-11,9.601016039583246,11.370515345812617,12.243497088236897
2019-06-12,9.51019378216934,11.289485548548294,12.219147333125695
2019-06-13,9.36547322816207,11.121233408925855,12.063433578213003
2019-06-14,9.2751387758769,10.998633690543175,11.96276757931808
2019-06-17,9.169750671554143,10.829194431672455,11.760330382890212
2019-06-18,9.421570651348688,11.280232591689234,12.241925676085055
2019-06-19,9.359903374125134,11.294451106526711,12.263673942451266
2019-06-20,9.212201550533074,11.263718458037015,12.20111908137808
2019-06-21,9.076187056914362,11.243105371226191,12.168795624511972
2019-06-24,8.939754315915403,11.2020749981619,12.069933610150908
2019-06-25,8.8219083910557,11.160093593094734,11.994114024660504
2019-06-26,8.723219914034715,11.114047255943712,11.940357017976863
2019-06-27,8.64465604028563,11.062534991219467,11.875660039622307
2019-06-28,8.586428931903303,11.006490021114002,11.78462811485741
2019-07-01,8.7788691959476,11.180059552072516,11.986976299409335
2019-07-02,8.944475958408903,11.04512843303213,11.791157522453148
2019-07-03,8.982795908760115,10.945138823696691,11.622868685789703
2019-07-04,8.78921199047558,11.210926922129111,12.033039174116896
2019-07-05,8.839086966924821,11.068817312645603,11.75851899438006
2019-07-08,8.625422761568721,11.085229370125049,11.874272384180951
2019-07-09,8.446303288837818,11.089428918063163,11.969602338746318
2019-07-10,8.264172908070929,11.068280048115836,12.01046689442697
2019-07-11,8.135725030991283,11.039706911240668,12.023240368794651
2019-07-12,7.958173368037962,10.94994331511658,11.935647757340622
2019-07-15,7.862000043972631,10.890254368150773,11.881504623386967
2019-07-16,7.930754181461354,10.93515928107473,11.904322707506877
2019-07-17,7.95602748118244,10.941756555772615,11.882673928074912
2019-07-18,7.989421754160571,10.972960044010682,11.909334179532763
2019-07-19,7.758817642495858,10.717068865431287,11.645126971838266
2019-07-22,7.5085001315616,10.428434312765354,11.376142792129004
2019-07-23,7.56206684058596,10.48459274948611,11.430387939622126
2019-07-24,7.834296879447594,10.738113107178677,11.598809528106006
2019-07-25,7.548078279031707,10.368811729880298,11.279487391272339
2019-07-26,7.954120234344693,10.86889858296897,11.766067074078927
2019-07-29,11.093353194058272,13.493842044498686,13.875693838410466
2019-07-30,10.88718632511276,13.581579058778004,13.977222593348293
2019-07-31,10.963130018096509,13.468279531832213,13.825150607270125
2019-08-01,10.576492370563189,13.458000797588323,13.825965686674012
2019-08-02,14.234760339195658,13.514347028342334,13.673293011408633
2019-08-05,16.984776012336127,16.96208377096675,15.55436876231845
2019-08-06,16.679411483773055,16.427284606613462,15.26645177535552
2019-08-07,16.275783281207204,15.722849658502728,14.785065758917362
2019-08-08,16.365944619118817,15.763982207642483,14.872157954366546
2019-08-09,16.061739254568337,15.2544592671133,14.597983466220388
2019-08-12,15.784608570581396,14.752679071699617,14.275756052922896
2019-08-13,15.541295112677002,14.26897992593073,13.91917816498536
2019-08-14,15.796144439480532,14.702562483108444,14.267864051722595
2019-08-15,15.854524320344748,14.739166065149481,14.317145309085799
2019-08-16,15.72208614489226,14.38619427124393,13.954787060925462
2019-08-19,15.722632686610751,14.318144351204781,13.887735674665768
2019-08-20,15.685355149332258,14.203197978095943,13.781660225485158
2019-08-21,15.72164401535671,14.23319412845956,13.801554108979124
2019-08-22,15.737380754979826,14.239512843756762,13.801987272982139
2019-08-23,15.607506552291326,13.945885418079166,13.41663619127983
2019-08-27,15.47932505503768,13.602446796580884,12.909874348036308
2019-08-28,15.407781166677221,13.329572081330635,12.484520177150541
2019-08-29,15.413824586247031,13.336290379352938,12.464435419522841
2019-08-30,15.376450377542639,13.187421162550454,12.194912099095317
2019-09-02,15.377138661837943,13.224774538016257,12.24827485386504
2019-09-03,15.360972234024919,13.205071864015288,12.135431778885598
2019-09-04,15.371846884510292,13.204332529310024,12.061281319887991
2019-09-05,15.396038588644497,13.23365139125052,12.02545155757617
2019-09-06,15.443840589939914,13.248964900159509,11.868125465805225
2019-09-09,15.47437111407927,13.263368162867536,11.816928264547442
2019-09-10,15.525313455125028,13.247878329990087,11.64007384637994
2019-09-11,15.469953911380252,13.239232862293264,11.70659264253587
2019-09-12,15.526268509839923,13.361817013477719,11.659582826802783
2019-09-13,15.603564204658795,13.47819449513075,11.647430264561075
2019-09-16,15.635025342840601,13.518226723755197,11.656254866298864
2019-09-17,15.728735072500612,13.586451132111929,11.539269322315155
2019-09-18,15.85076291315227,13.666024208486018,11.447317796890847
2019-09-19,15.89109702220419,13.69187929781901,11.41388520015193
2019-09-20,16.021881826512423,13.82123974649394,11.399109817518267
2019-09-23,16.152867866370478,13.933017782708625,11.360656290761234
2019-09-24,16.22209328661194,13.982424383831457,11.307004951322307
2019-09-25,16.351326828824778,14.017142184740191,11.08224906301826
2019-09-26,16.217592877063208,13.987558422360639,11.204895149599512
2019-09-27,16.103278744883394,13.74826772380567,11.292109481680491
2019-09-30,16.088857106997516,13.988454100139219,11.400034422879866
2019-10-01,16.08883455950583,13.957970751703135,11.399163684660355
2019-10-02,17.03814750931494,11.81599023522847,14.24582867232606
2019-10-03,16.742458362353926,11.2431332365362,14.010265288040735
2019-10-04,16.736532672668716,11.119872850148973,13.998503727547979
2019-10-07,16.492180953725804,10.64859134745757,13.80016023819641
2019-10-08,16.34893022801858,10.336635896068435,13.701783898300748
2019-10-09,16.110549415564616,9.825391915681367,13.420073906725616
2019-10-10,15.912573591546112,9.34626074289773,13.181011102210327
2019-10-11,15.873012940453387,9.186008397262336,13.127826495725012
2019-10-14,15.764978776958511,8.88282350345221,13.044248111124073
2019-10-15,15.654556563389729,8.513783432879508,12.863348461363483
2019-10-16,15.619166429447738,8.315179257489893,12.778785340825037
2019-10-17,15.568557561503079,7.988760837144332,12.53774629531948
2019-10-18,15.559664267445173,7.755097727759337,12.380203630072822
2019-10-21,15.565439970786612,7.465356021465669,12.110646154057575
2019-10-22,15.57613674051305,7.369152194346427,12.027621097475992
2019-10-23,15.588494590145727,7.299162011956823,11.97658735805866
2019-10-24,15.565697523793387,7.3424624026531236,12.001553045514633
2019-10-25,15.586627053097496,7.316500168378952,12.063137331136724
2019-10-28,15.641103514323389,7.308827902546822,12.132275920942343
2019-10-29,15.710236778748204,7.316765646930874,12.209625396021096
2019-10-30,15.786675195554029,7.313233665515877,12.220030202902981
2019-10-31,15.58160739272148,7.2782487322416625,12.124241706816235
2019-11-01,15.581623006382978,7.256673986059439,12.109410896545304
2019-11-04,15.592584519061905,7.318486432881529,12.149360046900881
2019-11-05,15.552103107763022,7.291715498707371,12.195654051191974
2019-11-06,15.53998870483417,7.2845006425199745,12.282811864516935
2019-11-07,15.55925779818791,7.291566622677517,12.39651558505153
2019-11-08,15.56531014317153,7.2942752565407405,12.407980134234599
2019-11-11,15.574524964965724,7.245734611715483,12.386509495105724
2019-11-12,15.580033919890646,7.194606276088043,12.318864545626319
2019-11-13,15.596884958747768,7.136672627339739,12.25284068024446
2019-11-14,15.578287836970826,7.168579294340487,12.304385812460207
2019-11-15,15.54126989404802,6.965833733331412,12.018713590795903
2019-11-18,15.528512933185189,6.7717650381100984,11.757034496870624
2019-11-19,15.537218565627223,6.607710393666379,11.548009043727745
2019-11-20,15.510458655811615,6.744591660829959,11.702446302866397
2019-11-21,15.4599544409175,6.499089079680044,11.410897259559482
2019-11-22,15.656069326143637,7.30768830312379,12.418389210425369
2019-11-25,15.805025723495612,7.400985872137029,12.576942067244712
2019-11-26,15.623762598854228,7.435908190349831,12.564867674361231
2019-11-27,15.514993620772412,7.465044523834937,12.575045777025299
2019-11-28,15.398486868017956,7.523107943470137,12.632694303977187
2019-11-29,15.523194726418867,7.455243798295224,12.616328942131219
2019-12-02,15.611277852917825,7.548628542264168,12.718030233558506
2019-12-03,16.759435692126015,9.147313109541404,14.605053997362926
2019-12-04,16.497611731639886,8.662858120034635,14.181967251242897
2019-12-05,16.423056844298603,8.474980631970485,14.034124534860716
2019-12-06,17.02317603652065,9.446484256784215,15.011308371994186
2019-12-09,16.718020685792496,9.108137655426173,14.691289190396347
2019-12-10,16.483605231010046,8.828790663798266,14.415222675640532
2019-12-11,16.256052578679782,8.531919907853165,14.069484132637438
2019-12-12,16.263333826702258,8.531159100603634,14.06283989045617
2019-12-13,16.436539951563212,8.707744012853375,14.254095833462207
2019-12-16,17.712202562157316,8.936701349950113,14.426314107157108
2019-12-17,17.403200531645524,9.3465533612833,14.889078659890398
2019-12-18,17.154923876155337,9.74737205557196,15.351413159396335
2019-12-19,16.990888217609488,10.050754375963244,15.704246019621962
2019-12-20,16.82314858422186,10.50932585861346,16.26565883062909
2019-12-23,16.747660255237786,10.723664499990306,16.51253543369355
2019-12-24,16.653388419313348,11.218145778015932,17.15366560970269
2019-12-27,16.599880180094782,11.697623084986681,17.791991833036207
2019-12-30,16.599497090875868,11.55007883561149,17.48318957767014
2019-12-31,16.581625107134418,11.638291515955952,17.590085372889334
2020-01-02,16.588414277606198,11.583618628963531,17.51519642480417
2020-01-03,16.541594686621885,11.820388606688363,17.817574313740323
2020-01-06,16.53622146867272,11.871714216189414,17.8707288338015
2020-01-07,16.505569198607,12.029197456674549,18.04940966141286
2020-01-08,16.506538267601893,12.193194760673311,18.241079479404853
2020-01-09,16.530795428485803,12.324812365844526,18.40746152216778
2020-01-10,16.580302108779076,12.497966879884697,18.648825769781364
2020-01-13,16.624066813402507,12.60165104843218,18.77630591802888
2020-01-14,16.701250222883957,12.78837980203774,19.036586336509753
2020-01-15,16.78000303113879,12.932896323522545,19.258263497089768
2020-01-16,16.829617717800335,13.012500635300224,19.383404386763623
2020-01-17,16.74547312632819,12.914237870970004,19.209094704474357
2020-01-20,16.745682175020498,13.058652546084087,19.4262557307769
2020-01-21,16.7452629773525,13.07955541347543,19.449881594897597
2020-01-22,16.734621852858858,13.083733189873826,19.449486617688187
2020-01-23,16.803214043988632,13.16378484723665,19.59527047528901
2020-01-24,17.055396616050302,13.582386089931884,20.105143960190503
2020-01-27,19.175016993982084,14.646864046620559,21.653731467205567
2020-01-28,19.16740303130676,14.559222213507669,21.652411852956575
2020-01-29,18.800350237252346,14.000112283454472,21.403562465383306
2020-01-30,19.23467103278266,14.602194111391686,21.718346756230424
2020-01-31,19.555112994108473,15.038289162532555,22.07338552443058
2020-02-03,19.318643074333007,14.562010479803826,21.68885801963879
2020-02-04,19.808456825574954,15.333321698037064,22.359946571133932
2020-02-05,19.601324631697835,15.071446341046624,22.20514018047799
2020-02-06,19.36554253006763,14.779254181234565,22.058741462936474
2020-02-07,19.216835686625366,14.578831099676101,21.98014197094966
2020-02-10,19.052739870698684,14.324891603823206,21.799616903598814
2020-02-11,19.002442426757007,14.224766014247132,21.711766205768686
2020-02-12,18.920929643965223,14.094168915631998,21.612502486304784
2020-02-13,18.977912389864926,14.184657052934382,21.669411249513878
2020-02-14,18.908616029932936,14.02596533289572,21.51150015057335
2020-02-17,18.817179666279447,13.783244174348928,21.200456667689032
2020-02-18,18.797597577202193,13.699550056051786,21.088268909716373
2020-02-19,18.83568463531457,13.808359747347277,21.21454777116372
2020-02-20,18.75837115867455,13.670321767894613,20.9732915706725
2020-02-21,18.719961621637953,13.569317471455516,20.75120965672979
2020-02-24,19.38966333216997,16.109739968971788,26.323278730175264
2020-02-25,19.980302031519372,16.976924212509413,26.996096022942847
2020-02-26,19.61978511803759,16.23191716950478,26.439209472854472
2020-02-27,21.95260706373614,20.447136941381707,29.816213577314333
2020-02-28,23.31716604218859,22.57837119171545,31.578658662003996
2020-03-02,23.053391074835886,21.975740496257274,31.12734281027636
2020-03-03,22.78633208556012,21.363116615977162,30.694738987198562
2020-03-04,22.70562660595034,21.08140772736202,30.54031554676691
2020-03-05,22.703489426734706,20.979096464195734,30.521245007508064
2020-03-06,23.757489288951298,23.067709057623013,32.23001118063986
2020-03-09,29.457243230702655,33.51439564309825,41.05190183675081
2020-03-10,28.95356338217098,32.55618390152686,40.489128560752334
2020-03-11,28.631767354805504,31.841284756655817,40.12625123649319
2020-03-12,35.102085022775626,43.639048668602456,48.26300499750835
2020-03-13,34.7536404895956,42.91093521565203,47.92836276818825
2020-03-16,34.76279119248725,42.756211353452905,47.950955121561634
2020-03-17,34.542279552618965,42.203510294007465,47.706799721173425
2020-03-18,34.57922356133655,42.12697191082412,47.74623110960935
2020-03-19,34.300216406895316,41.42829692455351,47.397405348102545
2020-03-20,34.05796202231511,40.73740339285248,47.120109839687025
2020-03-23,34.085853494805306,40.68717718086275,47.148354381819786
2020-03-24,34.88346814082233,43.024143347706044,48.445662487317094
2020-03-25,34.89522164525193,43.03732502220869,48.40015069975805
2020-03-26,34.71344461978633,42.93593472703363,48.61017301594551
2020-03-27,34.8514915276918,42.99409210578742,47.998150582556136
2020-03-30,34.66639443767474,42.79276408973121,48.1695848421627
2020-03-31,34.5678244491569,42.67198996820486,48.36897231500787
2020-04-01,34.568716041402304,42.67231332879204,48.26201770145338
2020-04-02,34.51155181884224,42.5240510024438,48.46136310048942
2020-04-03,34.520998203166364,42.436810647927366,48.71714563118789
2020-04-06,34.540091790638776,42.41920554927144,48.76836309608781
2020-04-07,34.59734648566407,42.44407723066664,48.99675326392557
2020-04-08,34.73075467739218,42.557142351826855,49.51470058879854
2020-04-09,34.77421459120987,42.595006756508546,49.54157966626131
2020-04-14,34.970274208215905,42.83595700078551,50.16685996915851
2020-04-15,34.904401981427135,42.758366798949694,49.80430916363023
2020-04-16,35.13234982837622,42.910385294050016,50.21529890990179
2020-04-17,35.166165871126005,42.94276464945635,50.22021198162292
2020-04-20,35.45540633598934,43.24585229235403,50.84253742139108
2020-04-21,35.39951629116039,43.18964347433199,50.55862360453572
2020-04-22,35.51276941952723,43.27618810288364,50.69933453268361
2020-04-23,35.80583925000833,43.5503205060368,51.20763237282038
2020-04-24,36.106631787321376,43.835474607568685,51.697314479358496
2020-04-27,36.36568702761031,44.06594027107809,52.028002255489525
2020-04-28,36.56202731383677,44.25880430276156,52.26716161452747
2020-04-29,36.499696658712466,44.17016163315254,51.98812803811564
2020-04-30,36.02841078559539,43.32296444953507,50.356654651942435
2020-05-01,36.0798192187783,43.373339315185135,50.3873078445192
2020-05-04,36.371427362342885,43.572189146626656,50.7486197326039
2020-05-05,36.5699742828057,43.71624418075051,50.97132712041709
2020-05-06,36.956627168231606,44.03941036824237,51.484806654225075
2020-05-07,37.24185897538372,44.27989015259713,51.83307543606687
2020-05-11,37.727361611225604,44.72254778545325,52.50379935286531
2020-05-12,38.17545958862244,45.1249222586873,53.082038205166896
2020-05-13,38.436747817401255,45.373318582734015,53.37692637509008
2020-05-14,37.86366565626959,44.95543278375242,52.73207691974749
2020-05-15,38.206692401064835,45.13994399474667,53.005966641105594
2020-05-18,36.59060710566134,44.29722689480002,51.635097718475386
2020-05-19,36.78795697456823,44.75953258438656,52.2456234860555
2020-05-20,37.00012022576513,45.16195906330664,52.71598543776331
2020-05-21,37.272463952503614,45.66027680450824,53.30746375838815
2020-05-22,37.63310516760362,46.25709187075066,53.948347214201085
2020-05-26,37.89618269599525,46.62296975375527,54.316497080048165
2020-05-27,38.16006194246323,46.98922255451813,54.6903124281291
2020-05-28,38.44224853690764,47.388903984071725,55.10203352557805
2020-05-29,38.124888823750176,46.555927138818895,54.13965264178221
2020-06-01,38.28242212541845,46.735985742963884,54.33118984171053
2020-06-02,38.60292459759756,47.176024817795884,54.83637368672369
2020-06-03,38.10493912575863,46.341554058326174,53.74047069846302
2020-06-04,38.401711042328145,47.0014473874612,54.51098896115741
2020-06-05,38.19422299681263,46.28958338467099,53.68483500719873
2020-06-08,38.51147893796703,47.175377908074424,54.65968638199911
2020-06-09,38.32908293994508,46.23165265574228,53.58273763198598
2020-06-10,38.63459668488482,46.79298985534681,54.22118147548762
2020-06-11,36.943175228218145,43.555572168365615,50.47110545816239
2020-06-12,37.00185128170524,43.47500915710222,50.65815672502348
2020-06-15,37.111956374698956,43.44556396424258,50.89046140756985
2020-06-16,36.87143585771661,43.44530104458616,50.56085538036939
2020-06-17,36.9633307626385,43.61819759586491,50.9952159299676
2020-06-18,37.110569068583146,43.825223933550326,51.45468606779461
2020-06-19,37.247184658292326,43.98632876521913,51.731542734145826
2020-06-22,37.45088944612571,44.24437233374018,52.163871230486755
2020-06-23,37.59842254596283,44.406584479147114,52.37856726221845
2020-06-24,36.773610277467704,43.30040705663866,50.61832741978767
2020-06-25,36.88662403050681,43.27426559638388,50.80061707900973
2020-06-26,37.06329649731268,43.295683039680966,51.050270359969595
2020-06-29,37.20717143392688,43.3385901659472,51.230898224268294
2020-06-30,37.39745055967128,43.435524435284194,51.49789487786578
2020-07-01,37.69670401842796,43.57014286831826,51.7928410635921
2020-07-02,37.78360537421739,43.62521715847994,51.87462081762773
2020-07-03,37.85920817941168,43.690366915343446,51.9521805133631
2020-07-06,37.555438896755454,43.55163410283953,51.75073833686177
2020-07-07,37.56295401218177,43.54957798997178,51.7274008498975
2020-07-08,37.76445053618948,43.73072636335236,51.92225588368386
2020-07-09,37.667992272318436,43.65884119420772,51.86971771743324
2020-07-10,37.83589868272411,43.724304795128944,51.87019687840604
2020-07-13,37.891157774699415,43.76064408719248,51.89126284804149
2020-07-14,38.155759752853506,43.98601785565116,52.07202400318334
2020-07-15,37.93805635782223,43.819768953911456,51.93457910165676
2020-07-16,38.138504065817656,44.12108140245328,52.22948087038915
2020-07-17,38.37034910973953,44.425190092726886,52.47104732799741
2020-07-20,38.66609458549449,44.80874971613179,52.79597842254458
2020-07-21,39.03973859576351,45.25432212271012,53.114146862204606
2020-07-22,39.187016204452085,45.41049117814398,53.24755340550579
2020-07-23,39.600628907633535,45.80561304011403,53.46454679458971
2020-07-24,39.376686580251494,45.61196970995264,53.37917063793201
2020-07-27,39.72363525025921,45.83106274373158,53.43566552938352
2020-07-28,40.0903063496801,46.06232200400029,53.47796765737135
2020-07-29,40.55003696381252,46.36374488929112,53.58129574585002
2020-07-30,38.593679826150975,45.22318210788488,53.138078940977785
2020-07-31,38.494822733848125,45.26257963507919,53.18012293454575
2020-08-03,38.23564374130534,45.61620514166974,53.620079741894266
2020-08-04,38.24825152449327,45.61040954242476,53.57714135447383
2020-08-05,38.2681752371397,45.62080546169215,53.579333199939924
2020-08-06,38.27245714761068,45.62479861911789,53.583508687807466
2020-08-07,38.348664666130354,45.65234504383285,53.53528591249891
2020-08-10,38.474295153988756,45.71627017835497,53.53629588287876
2020-08-11,38.28958570050164,45.61590418507715,53.48944505711792
2020-08-12,38.10053498803552,45.1585029952041,53.09342775383836
2020-08-13,38.09138716887185,44.90432119987605,52.83732461575584
2020-08-14,38.08911125341904,44.80150590124532,52.75036446425993
2020-08-17,38.0760351931542,44.84586034256915,52.74465864475477
2020-08-18,38.096283379054135,44.909757614829786,52.78051306804017
2020-08-19,38.14508396105008,44.97960939695668,52.75179604004816
2020-08-20,38.069249016275975,44.87846649666243,52.73274957608159
2020-08-21,38.11656517453048,44.839670362398145,52.57677541806231
2020-08-24,38.02525756300069,44.84214177327303,52.6744868786998
2020-08-25,38.037746666143114,44.87133088429029,52.681607165061415
2020-08-26,38.091514485444,44.93975049382283,52.57804779032378
2020-08-27,38.1588389817123,45.00560811336339,52.54264139932167
2020-08-28,38.25625294287615,45.071081188262276,52.43576736549228
2020-09-01,38.05481166320215,44.97057685056414,52.607654025564074
2020-09-02,38.041361027881095,44.98364184608625,52.602938221508744
2020-09-03,38.012016614248864,44.98897402998711,52.68467717499257
2020-09-04,38.016115372268835,44.913617926181374,52.469728405344206
2020-09-07,37.9390963367493,45.27387982034003,53.314195092235806
2020-09-08,37.85918049641171,45.36598184428236,53.15733601345052
2020-09-09,37.862200592812954,45.33749245766944,53.1665439030218
2020-09-10,37.84215946349087,45.57042444649761,53.1681267549836
2020-09-11,37.87161765485834,45.795235694179496,53.181781140046574
2020-09-14,37.95463532952844,46.105909012359014,53.25650803462723
2020-09-15,37.91493484409328,45.95504699576966,53.23098011927586
2020-09-16,38.011618196482864,46.32563862009543,53.42323777833997
2020-09-17,38.13704004931861,46.677712780689774,53.561194405077465
2020-09-18,38.24371819660988,46.898501061655026,53.622296435501774
2020-09-21,36.35644584736845,43.018666078915814,53.63792593556948
2020-09-22,36.19103682420514,42.6231986920259,53.3834593033674
2020-09-23,36.15973650854803,42.49578890835102,53.322455645795095
2020-09-24,36.15255381544502,42.451172096119265,53.314313619005844
2020-09-25,36.06789118341016,42.14881993577515,53.091105804217
2020-09-28,36.07656820522157,42.17883567410487,53.120043625792825
2020-09-29,36.04597935864833,42.04573803879985,53.08708981362438
2020-09-30,36.05243566482712,41.93511028567902,53.017757686468634
2020-10-01,36.09910446148628,41.8251408384122,52.890670445413974
2020-10-02,36.189255508357824,41.759081729634936,52.81786819073408
2020-10-05,36.2816549814758,41.739521092200185,52.801078578004805
2020-10-06,36.45772001890538,41.76696271095772,52.847679854779635
2020-10-07,36.685399301384685,41.82959518020165,52.93750728191747
2020-10-08,36.88331303432573,41.900205889725996,53.02144276996755
2020-10-09,37.0528630658009,41.98431010565013,53.12355892804295
2020-10-12,37.34949749781411,42.16656188443198,53.35060652085517
2020-10-13,37.58418212996414,42.31220554104345,53.49453872205022
2020-10-14,37.78979136968706,42.427340338528346,53.562625386694435
2020-10-15,36.74036307583917,42.026753578488,53.55463930518897
2020-10-16,36.60849620799249,42.20171634191262,53.76417748847585
2020-10-19,36.63513320018147,42.18032991110633,53.72600175866778
2020-10-20,36.698311568361646,42.142939577859174,53.59022997468591
2020-10-21,36.369672963243964,42.15703276090356,53.83111551750099
2020-10-22,36.314933635476805,41.85741616788353,53.5207073092635
2020-10-23,36.3170771927309,41.940365577763046,53.60392292113946
2020-10-26,36.321596271511275,41.95904775803517,53.621225380291065
2020-10-27,36.32253254300533,41.94532929273161,53.598109629645705
2020-10-28,36.56435783062829,43.05810366811227,55.09243026479582
2020-10-29,36.34541546255198,42.51267484812303,54.55232071699337
2020-10-30,36.18430906728682,42.01244913104093,54.06339095796194
2020-11-02,36.22574132386237,42.0916461730166,54.14306500596983
2020-11-03,36.51966494265925,42.872704547533736,54.869664784329544
2020-11-04,36.62574176492742,42.91840286005477,54.87445265789718
2020-11-05,36.46091261830873,42.98563389263236,55.01973033530116
2020-11-06,36.337294771336595,43.10249435385331,55.23349890859645
2020-11-09,37.198068065510185,40.90276802566073,51.34037174408866
2020-11-10,37.20268738624214,40.19413643507176,50.29360747795421
2020-11-11,37.08004571536094,40.08190040193945,50.00434345282353
2020-11-12,36.868750611034095,40.78056146491723,50.80241288540442
2020-11-13,36.681072473084704,41.652212017750294,51.769863617063095
2020-11-16,36.692428915593226,40.74792253418714,50.77097586409988
2020-11-17,36.607790729413786,41.19534302003478,51.22080799668856
2020-11-18,36.53063485918267,42.06175962969267,52.07666513657184
2020-11-19,36.51464625921061,42.5413230105097,52.55678146777944
2020-11-20,36.5288115894261,43.35618081941048,53.30341582988816
2020-11-23,36.59685419782207,44.19030679536903,54.08312262846191
2020-11-24,36.548762489681096,43.18398473415709,53.30074557070096
2020-11-25,36.623326928685934,43.80268648802029,53.88729099714796
2020-11-26,36.74067073613567,44.557024122520374,54.53367374540077
2020-11-27,36.91663528824622,45.44851006402889,55.22052544197191
2020-11-30,36.721298754226886,43.90257105294661,54.19765755504182
2020-12-01,36.533806040596794,43.12501503871849,53.574314799433125
2020-12-02,36.541129481199015,43.01204533722193,53.481746279631324
2020-12-03,36.60693242102627,43.603697751173506,54.062718429130385
2020-12-04,36.662725129527445,43.77958261915069,54.23846962664317
2020-12-07,36.80784711617485,44.55465853847233,55.03719379322066
2020-12-08,37.00648471077023,45.354429268607994,55.8728349504813
2020-12-09,37.25621447408848,46.16992038735755,56.735704593269396
2020-12-10,37.48059040622179,46.719740477587855,57.314390463978704
2020-12-11,37.609780595310646,46.8737804697323,57.44492972921832
2020-12-14,37.91264820585103,47.52825016945545,58.10957667352151
2020-12-15,38.24165060367505,48.1571258104254,58.706317288317095
2020-12-16,38.291512675928224,48.13863632053339,58.72086608570314
2020-12-17,38.62149920139851,48.791574658673305,59.32321600891344
2020-12-18,38.96488771779601,49.400550113534386,59.84038203686163
2020-12-21,37.7204487159288,46.88208234270474,58.163858953003405
2020-12-22,37.82606651380653,46.9461759192985,58.259518172247205
2020-12-23,37.926556721856166,47.024498067582925,58.369222620093765
2020-12-24,38.12899522496083,47.21815958291261,58.641098554906044
2020-12-29,37.669503315367976,46.81883278427355,58.0433594467686
2020-12-30,37.72700282091781,46.97296264662961,58.22422332063622
2020-12-31,37.56527511446979,46.501536169632566,57.69654995482986
2021-01-04,37.52281324215728,46.48440613637925,57.605314048703484
2021-01-05,37.486936159648394,46.61378064932841,57.77635013924754
2021-01-06,37.60068774697305,43.93879652708606,54.005649898654156
2021-01-07,37.345007005193544,44.685387386187465,54.877425871777774
2021-01-08,37.14943504853448,45.44918228441878,55.776498484093466
2021-01-11,37.10848098297963,45.285927931199964,55.46619744019039
2021-01-12,37.01630123072504,45.65764962503768,55.87991945962414
2021-01-13,36.931898785796605,46.198714067376066,56.42130719192872
2021-01-14,36.91578494327321,46.38282490566929,56.60264794681788
2021-01-15,36.915776118304805,46.38687953265904,56.60727040594742
2021-01-18,36.92103431969399,46.82516872132126,56.990781943444375
2021-01-19,36.974007208213386,47.29458075569379,57.363630100359586
2021-01-20,37.0611477749143,47.69981177602332,57.67768082948496
2021-01-21,37.186771446757156,48.140376180242676,58.03918100520034
2021-01-22,37.34870023277666,48.5941963519133,58.35560446200673
2021-01-25,37.3921462079258,48.6292425214894,58.40541247849576
2021-01-26,37.57072534601458,48.96492833634697,58.51973906406525
2021-01-27,37.31591102015883,48.48021497704123,58.35394598293144
2021-01-28,37.382810697899465,48.5300066809302,58.30903701487884
2021-01-29,37.0214080723256,48.381935043977705,58.70292428817271
2021-02-01,37.01099923413653,48.29592464330223,58.570650353973114
2021-02-02,36.999751574585346,48.20640938592671,58.433229629244195
2021-02-03,36.99996360120026,48.09365456973737,58.25188156208374
2021-02-04,37.04573449643198,48.009633862858834,58.07720458339698
2021-02-05,37.13177532098144,47.958285520838366,57.93255104477115
2021-02-08,37.21681196528172,47.93599153895163,57.81434530779705
2021-02-09,37.36785707383759,47.95039596379798,57.713067946473714
2021-02-10,37.559525843546695,47.99060580816759,57.64932795234591
2021-02-11,37.788319364207524,48.05124076820035,57.587260779059726
2021-02-12,37.67170373443666,48.02605602593606,57.59382828353982
2021-02-15,35.835005925541495,46.49251251140221,56.814237303524465
2021-02-16,35.70399650175104,47.118617766369866,57.41425200504642
2021-02-17,35.646747272756635,47.46637398077597,57.743708339797806
2021-02-18,35.7064604996184,46.43409528909516,57.00089878558551
2021-02-19,35.594625942915975,46.59369430976841,57.132288266675396
2021-02-22,35.53306217895492,46.77418631320201,57.29471921854386
2021-02-23,35.51357759543799,46.96725884806527,57.43662525153822
2021-02-24,35.530084634813534,47.118886664853136,57.562527782060606
2021-02-25,35.58365585794777,47.380261322533165,57.803197401846305
2021-02-26,34.82083099434382,44.83386997638461,55.683286413703726
2021-03-01,35.057391524127475,45.22456950506775,55.853671163307126
2021-03-02,34.86107230443969,44.99914024921172,55.90282150517543
2021-03-03,34.81086780746861,44.934555633373925,55.92342925135783
2021-03-04,34.68642206258522,44.82217030447787,56.099892062104516
2021-03-05,34.59659550954543,44.72330508811739,56.23126320884143
2021-03-08,34.63729592511529,44.784025076072176,56.14383883754085
2021-03-09,34.56251973135749,44.83209606630962,56.398361717841595
2021-03-10,34.53404963287952,44.91099279474146,56.695207009665076
2021-03-11,34.55002492143051,45.012108887730086,56.989824057887006
2021-03-12,34.60114051852234,45.121756694283256,57.26790555689904
2021-03-15,34.6947630511348,45.278014222093084,57.633843398906656
2021-03-16,34.71181383025817,45.29716888278612,57.64235139471528
2021-03-17,34.77402524528427,45.410485130844485,57.8209787104907
2021-03-18,34.8852323037927,45.57215115234549,58.06839165881368
2021-03-19,34.77395086356702,45.422490982579376,57.80464244514383
2021-03-22,34.839965396038146,45.41817194928435,57.85453138773608
2021-03-23,34.92150320012864,45.43514568791101,57.925944251346195
2021-03-24,35.03461716649766,45.44397300296177,57.93135255144752
2021-03-25,35.10136506909921,45.45863822719088,57.950763500144056
2021-03-26,35.00329857666646,45.47074687679462,57.99798225269937
2021-03-29,35.08344405786536,45.562370243854375,58.05241010166489
2021-03-30,35.13833335642791,45.613721991555344,58.0814412137283
2021-03-31,35.08955622984458,45.55138467596761,58.03027294778604
2021-04-01,35.12931206184225,45.533538463874606,57.963023840248276
2021-04-06,34.97440020064385,45.522243760486894,58.03251356222622
2021-04-07,34.982259134261874,45.43720600073568,57.94941558567794
2021-04-08,34.98463334545063,45.368624445739194,57.86716316227525
2021-04-09,34.95088494102171,45.623442796716056,58.16453598580883
2021-04-12,34.93283869636574,45.84173108968408,58.37662223990833
2021-04-13,34.92477154450409,46.10478735515833,58.56300543465028
2021-04-14,34.92612358261672,46.085772750562164,58.55468563320008
2021-04-15,34.9304134325951,46.126609438607815,58.595811522610916
2021-04-16,34.93941968149936,46.27263929885429,58.74649787697296
2021-04-19,34.96453693518413,46.59555780863464,59.11089993637001
2021-04-20,34.63348633816912,43.382185803809065,55.94629949620325
2021-04-21,34.47740721834189,43.110908930665154,55.892845849636515
2021-04-22,34.38202813956636,42.93432509348078,55.88402887762365
2021-04-23,34.21518390978424,42.6565701346614,55.93962462728008
2021-04-26,34.1127496916649,42.44888387227346,56.00481197396273
2021-04-27,34.03113881904807,42.25447175874307,56.1169670189184
2021-04-28,33.974168630025254,42.071138573990055,56.17332339543258
2021-04-29,33.940566326775105,41.89076597710461,56.27601654273606
2021-04-30,33.93693757748264,41.730242707668566,56.383497990145386
2021-05-04,33.937637604553736,41.714052108146724,56.379633460941776
2021-05-05,34.00534432377227,42.682068550891486,56.62724007930947
2021-05-06,33.90563419364022,42.738355217968966,56.77954312908685
2021-05-07,33.89197935578673,42.73197265946018,56.70831477759006
2021-05-10,33.763563781741254,42.944389352292696,57.18627965628392
2021-05-11,34.70135466523722,40.395199725975445,50.92974338603134
2021-05-12,34.57682090785528,40.17574839138046,50.91512247689178
2021-05-13,34.38367679940296,39.879325476511895,50.93898854770702
2021-05-14,34.479940785455454,39.99270986952001,50.972758026490496
2021-05-17,34.240069312176196,39.69651389634054,51.047966410681084
2021-05-18,34.039631127433516,39.42140861380641,51.11435503414796
2021-05-19,34.152789583692886,39.58265607418007,51.02047836473393
2021-05-20,34.17392352326162,39.592709094311616,51.038980359236255
2021-05-21,34.00270727297661,39.34464599616494,51.03618922762665
2021-05-24,33.91046837999438,39.182131154686964,51.050420236173835
2021-05-25,33.830242417100195,39.02712544951681,51.11711899849537
2021-05-26,33.76995942942577,38.86254785248274,51.1339935657558
2021-05-27,33.74778115526022,38.72193369774694,51.163672054737305
2021-05-28,33.7591754766734,38.5980654405963,51.1867135043239
2021-06-01,33.75094804061672,38.60798147442392,51.177637491447754
2021-06-02,33.77097915557416,38.59434241071704,51.29487322122262
2021-06-03,33.7868398535191,38.598231887107055,51.347830077747
2021-06-04,33.81858318056638,38.542106625849385,51.388113982287564
2021-06-07,33.87936425655466,38.50042806410639,51.45235048138794
2021-06-08,33.95713363826379,38.47411847327095,51.532192471353326
2021-06-09,34.05813296831764,38.46175195607328,51.64811607858714
2021-06-10,34.176805867640034,38.44273714083181,51.71747502484553
2021-06-11,34.164902645655474,38.44277066188436,51.71187771705312
2021-06-14,34.26183959365305,38.48762829646049,51.887142097983094
2021-06-15,34.340311103915845,38.52176926306954,52.02392227365646
2021-06-16,34.4520068652319,38.58423096964341,52.2637149952621
2021-06-17,34.50697547851558,38.61286599215885,52.36880101865422
2021-06-18,33.585659687068315,38.775693170125265,51.16529926017875
2021-06-21,33.49359888322838,38.52374055853394,51.09002920287378
2021-06-22,33.31564720511516,38.13157356758014,50.987908264035994
2021-06-23,33.12934958523762,37.70543533512227,50.90884388132816
2021-06-24,33.038277309108125,37.44932083750509,50.840660533788096
2021-06-25,32.92470792908008,37.149376838225905,50.792240034269284
2021-06-28,33.00675327995862,37.31695655893959,50.805552341171584
2021-06-29,32.84624351397992,36.90661900489923,50.600496676016625
2021-06-30,32.853644101184855,36.87452541092609,50.60596867550666
2021-07-01,33.21167541507054,37.67653714488452,51.25020103168647
2021-07-02,32.99526145945868,37.429738965030715,51.15724006604539
2021-07-05,32.929840828280156,37.34350104842129,51.13099490844672
2021-07-06,33.022333996173664,37.439757809009286,51.131686225124675
2021-07-07,33.00335036910107,37.39977391262684,51.11171783004584
2021-07-08,33.81108614075804,38.319691984619766,51.58524549300616
2021-07-09,34.19414710335309,38.85317257560156,51.99876093247381
2021-07-12,33.88773492630231,38.52022682552566,51.8619990899946
2021-07-13,33.62588244398363,38.21336308949836,51.75689962317667
2021-07-14,33.477058861563,38.01945084961185,51.703482763807564
2021-07-15,33.659830704064184,38.26322744433991,51.872199751673
2021-07-16,33.4280104487713,37.86192433558396,51.51319040686354
2021-07-19,34.880695915232735,40.43132601756198,53.89945207391084
2021-07-20,34.620953253511075,39.91147737448865,53.52802917055043
2021-07-21,35.192817107137344,40.82585677380365,54.256157344351365
2021-07-22,34.92856279426364,40.49213615068604,54.11103992600482
2021-07-23,34.84006952203058,40.35842263237012,54.040068953388946
2021-07-26,34.60262749990478,40.06386433728602,53.90869607969299
2021-07-27,34.44746861374392,39.84641271441514,53.82261065153868
2021-07-28,34.307040504806054,39.616736964549204,53.6690252350122
2021-07-29,34.2997519469445,39.592270509445854,53.66016143157358
2021-07-30,34.251912908206826,39.5283747105517,53.652097971117165
2021-08-02,34.21827169121745,39.46347257595397,53.596690970960054
2021-08-03,34.16089293887767,39.380751272403884,53.54880456949406
2021-08-04,34.133167447699286,39.32165839055183,53.538805176200725
2021-08-05,34.13935098073675,39.283064180814215,53.56623720746417
2021-08-06,34.18035427973149,39.26194916195167,53.60208614268084
2021-08-09,34.25308924241253,39.25730602938081,53.66224362129655
2021-08-10,34.326720064190845,39.26515307200874,53.72528753998608
2021-08-11,34.28291179728156,39.25279269342554,53.67315048468307
2021-08-12,34.343724955754375,39.34454792976209,53.855621428761694
2021-08-13,34.40847368460483,39.414141021616246,53.96345842670904
2021-08-16,34.33132254571894,39.32835625201659,53.80731311046438
2021-08-17,34.34190205456586,39.2689650518335,53.771886016735934
2021-08-18,34.37408273979805,39.21959309889485,53.77249439551913
2021-08-19,34.14354404646013,39.42810590624646,53.921450684917744
2021-08-20,34.02890780650558,39.11617573426683,53.702244467710415
2021-08-23,33.92221934653105,38.79804528917206,53.49814001327624
2021-08-24,33.83835510765354,38.49311584009127,53.32242145092482
2021-08-25,33.78997572104617,38.24635995716689,53.199361287709536
2021-08-26,33.76143305491739,38.03281873371514,53.11622671073284
2021-08-27,33.73708961754956,37.806143166793106,52.96201308106051
2021-08-31,33.729660545323235,37.63317265157311,52.86309255033945
2021-09-01,33.72012246256888,37.46178736680271,52.70952442178807
2021-09-02,33.71294836579171,37.24565228756496,52.53814641518358
2021-09-03,33.72000420449332,37.09016839816061,52.43106034768347
2021-09-06,33.720080947027824,37.121974343722385,52.462837284884536
2021-09-07,33.71212013582555,37.07155644786529,52.42228725101341
2021-09-08,33.74426638412114,37.16394729841095,52.524833328519904
2021-09-09,33.935652464438526,37.60324876871553,53.043507151770434
2021-09-10,33.72990479786931,37.1293192678263,52.463472411058184
2021-09-13,33.68042545625167,36.96061398910488,52.24561970156926
2021-09-14,33.60643284891134,36.76464112287526,52.00717229359643
2021-09-15,33.45740485433305,36.40003779082768,51.51798666554236
2021-09-16,33.30407289574073,36.00300843856373,50.94643140065061
2021-09-17,33.4885984540047,36.419516461454776,51.4468827602824
2021-09-20,33.6655577201898,36.71579906518807,51.76055822734081
2021-09-21,34.13230504988556,37.53074826664508,52.699107073265495
2021-09-22,35.044582717205174,38.68248624010348,54.21061443123152
2021-09-23,34.72017118433976,38.5808912441598,53.96881942690006
2021-09-24,34.50329178168251,38.51532718583753,53.78998336032663
2021-09-27,34.253229034662795,38.411439198926345,53.48988523483019
2021-09-28,34.136520026688416,38.36551895154401,53.34200959472409
2021-09-29,34.482779732505826,38.60614847433391,53.87387261277243
2021-09-30,34.27824921732782,38.63217372830803,53.7344972346188
2021-10-01,34.35287942281841,38.62586197631068,53.81166147986956
2021-10-04,34.13423764826775,38.49980973895231,53.453807516130624
2021-10-05,34.2880996488735,38.609339579963965,53.690067369122474
2021-10-06,34.61048879830594,38.63734771751548,54.06490055978579
2021-10-07,34.94219716265898,38.951596499043994,54.52980494777793
2021-10-08,34.68903395592549,38.87351965406254,54.30777927311587
2021-10-11,34.648917064655016,38.867439268642094,54.27606797325076
2021-10-12,34.45082011987526,38.87372595058248,54.180166903104826
2021-10-13,34.272362969967524,38.877743287615935,54.03600253187522
2021-10-14,34.361497304636856,38.8658670637885,54.10902907551233
2021-10-15,34.23707767482737,38.95708138636631,54.12926830131995
2021-10-18,34.14798737755473,39.04686265666639,54.17600203109562
2021-10-19,34.0333376237003,39.13228289515397,54.13837317860938
2021-10-20,33.94053094994856,39.229976327851716,54.12901385966871
2021-10-21,33.90558395263252,39.27747698345806,54.13602265643219
2021-10-22,33.83765224463009,39.30173051610038,54.03050936712021
2021-10-25,33.79340498980808,39.327392979363765,53.95961651489341
2021-10-26,33.81230518881631,39.30597113679746,53.98469924966782
2021-10-27,33.76234244290149,39.38984844822973,54.04286233726386
2021-10-28,33.69092908822667,39.45715388802398,54.016807157610565
2021-10-29,33.63892104977092,39.50874167615654,53.9864893520757
2021-11-01,33.66391197140294,39.49127363175894,54.02577916192534
2021-11-02,33.586808041876004,39.58762998148032,54.06531322727332
2021-11-03,33.53683514455841,39.63074589858517,54.05261256992341
2021-11-04,33.495202606774455,39.631282477710485,53.99030855866228
2021-11-05,33.43070767400283,39.64524918445649,53.941441059257784
2021-11-08,33.335839280741276,39.67149744965735,53.91401973747321
2021-11-09,33.287830453475195,39.67321094700534,53.89366617387494
2021-11-10,33.522658893191476,39.835123052374556,54.220365825789926
2021-11-11,33.54349102750617,39.81337472653536,54.207628039170736
2021-11-12,33.492042458723375,39.82992342777183,54.225586744136635
2021-11-15,33.27221650526462,39.825214361761795,54.19467258804255
2021-11-16,33.143977001050125,39.81258164530125,54.18650761359775
2021-11-17,33.10261139999766,39.79986413361527,54.164232277923574
2021-11-18,33.049595186621005,39.76091217781521,54.09515212770437
2021-11-19,32.95989181444734,39.6656093989271,53.93135189151038
2021-11-22,32.85950854574781,39.53821621867718,53.70220145727164
2021-11-23,32.60180781364377,39.25697920704485,53.27222777411833
2021-11-24,32.40503853340277,39.028614773712405,52.94309150372649
2021-11-25,32.2535926604207,38.85060484588048,52.70465069064909
2021-11-26,45.85987607134022,53.80137297041334,69.8964087231058
2021-11-29,45.66630598077946,53.370399849844084,69.77512671596492
2021-11-30,45.36646807301039,52.80411230653692,69.6108066107385
2021-12-01,45.772034022948304,53.30750127435568,69.97300179307577
2021-12-02,45.45306171080139,52.80083249358659,69.84496723423605
2021-12-03,45.08609664496715,52.19130622740214,69.60694901562445
2021-12-06,45.42827270944103,52.67588820166578,69.86753588909264
2021-12-07,45.66956282424683,52.95844779733923,69.89020720001857
2021-12-08,45.37641232212972,52.71714839296957,70.04836775944536
2021-12-09,45.1441406601353,52.51688764109653,70.2210775110788
2021-12-10,44.977737973056,52.3618347537395,70.34924457613076
2021-12-13,44.92743511960747,52.306914990753626,70.36922385913178
2021-12-14,44.788222246507196,52.10655911606802,70.3070636414837
2021-12-15,44.735745259498096,52.008994743245665,70.26822105857819
2021-12-16,44.79924433293272,52.13993049727787,70.39152203673454
2021-12-17,44.69891792930734,52.07824256440834,70.37104545650428
2021-12-20,44.70728071435972,52.08391386620798,70.3684075351832
2021-12-21,44.794423066884164,52.229450857389025,70.5359920815693
2021-12-22,44.727739697554455,52.2431036331804,70.55334402547028
2021-12-23,44.66853620138137,52.29986068895429,70.62874831023787
2021-12-24,44.63241958457921,52.40813417698284,70.7763539090824
2021-12-29,44.63478591340429,52.461275324423674,70.84350656400383
2021-12-30,44.65667373042824,52.62766312042335,71.0650242311992
2021-12-31,44.706487924263286,52.7942561151412,71.23774919439722
2022-01-04,44.45817884704318,52.20215850164729,70.80959171000248
2022-01-05,44.41170534020803,52.59842168522835,71.21141257069503
2022-01-06,44.41202404708721,52.46800905985597,71.06763170385751
2022-01-07,44.3905127184554,52.624590437487385,71.20893810556183
2022-01-10,44.390718853823756,52.768557686158275,71.35176959853011
2022-01-11,44.39509097944009,52.849258505624,71.4048543497914
2022-01-12,44.396075379248,52.82930685119552,71.39465952143814
2022-01-13,44.41684254600865,53.13413907956275,71.68220110464657
2022-01-14,44.466580557001656,53.41603473256165,71.96427508770117
2022-01-17,44.43581912584687,53.239290166223476,71.83171706743356
2022-01-18,44.4517641704535,53.324154300290694,71.91568471146579
2022-01-19,44.47747024878822,53.53085426367887,72.06508245859088
2022-01-20,44.53518735513708,53.812329052378274,72.29658305340966
2022-01-21,44.37968891773232,53.21188434855014,71.8365695201472
2022-01-24,44.83402302032592,53.91065376058464,72.448076561422
2022-01-25,44.801625428532255,53.7776153793026,72.41657506653124
2022-01-26,44.956106802935736,53.97862323738629,72.53517604318475
2022-01-27,44.97660028169315,53.98831234812298,72.54095267587975
2022-01-28,45.017899109125835,54.03016824410698,72.50219757445036
2022-01-31,44.783960977939984,53.70671073622419,72.40963435619666
2022-02-01,44.75182917002928,53.644472787785126,72.40178391461554
2022-02-02,44.65001725693533,53.51418438014906,72.42738129331256
2022-02-03,44.58978734467898,53.44063788919948,72.47542635556744
2022-02-04,44.48916300651313,53.27532126738216,72.45496921724113
2022-02-07,44.46650174507262,53.218450013225805,72.44363988011274
2022-02-08,44.42636824849936,53.14212080607757,72.49748893442073
2022-02-09,44.42633026619911,53.15333861069047,72.48119386693362
2022-02-10,44.41823457029676,53.191442555616284,72.62911960973528
2022-02-11,44.443446254899854,53.26798520103274,72.85054443291845
2022-02-14,44.25645138616915,52.97485727059294,72.15706196104367
2022-02-15,44.27077888254047,52.99102115269863,72.17165219969255
2022-02-16,44.18025055744133,52.83697082264212,72.19721165324637
2022-02-17,44.17594350530925,52.82111677889854,72.19894202812361
2022-02-18,44.124117046390104,52.65144887947851,72.08728619315447
2022-02-21,44.10232814242156,52.50653128409516,71.9469465064373
2022-02-22,44.099990229967595,52.33891094657424,71.72021625052291
2022-02-23,44.13537974381323,52.193336216659844,71.52438635497892
2022-02-24,42.437905752364976,54.8674716718924,75.02072940107435
2022-02-25,44.99972237655405,59.19179102064119,77.39778683869565
2022-02-28,44.60674591271904,58.947650359837944,77.60140232625449
2022-03-01,44.65549372332865,58.99519123054533,77.50622300253788
2022-03-02,44.54865791707132,58.905773077303664,77.50495031834073
2022-03-03,45.01876437061413,59.25624742188339,77.27238139384754
2022-03-04,46.030506781158316,60.43929553715403,77.78369041631228
2022-03-07,45.69437411691117,59.896763539156765,77.452173667349
2022-03-08,45.40234150693026,59.375795748313045,77.12105282736661
2022-03-09,45.941587449677606,60.30880600915277,77.73474552208245
2022-03-10,45.79771725360241,60.1878973689555,77.74588686397225
2022-03-11,45.61728111269482,60.003135642102315,77.6842010969131
2022-03-14,45.4655919545087,59.84751425621712,77.68282119775718
2022-03-15,45.357788721801946,59.72730293165634,77.74356533930646
2022-03-16,45.354957918978755,59.721741642048414,77.7427717071987
2022-03-17,45.339856697491534,59.72765855809322,77.80622478517854
2022-03-18,45.33190620447367,59.81855437914973,78.09785203999704
2022-03-21,45.37431308353521,59.937463740188356,78.40378355984573
2022-03-22,45.463588904101385,60.09859061081644,78.76450845762727
2022-03-23,45.61002622385988,60.31596521015666,79.21245440151849
2022-03-24,45.81093617210518,60.570305984615715,79.66242521578204
2022-03-25,46.06052733689584,60.854607820241576,80.13969857006441
2022-03-28,46.36659234374913,61.18031711080335,80.66694685882688
2022-03-29,46.54062581134181,61.35474065886945,80.8974782640992
2022-03-30,46.83051699219219,61.67975618701621,81.35409152592582
2022-03-31,47.01314345042546,61.87972495322089,81.59659292971105
2022-04-01,47.38202908783102,62.24265067457012,82.04568428487147
2022-04-04,47.7948416625546,62.63920608852115,82.53585559184755
2022-04-05,48.03864048337464,62.871939559812,82.80734289156847
2022-04-06,48.472120441764304,63.32096945897932,83.36509894373187
2022-04-07,48.866215246865465,63.7089150761093,83.79064369063249
2022-04-08,47.95940135476412,62.907291167367944,83.05266481846995
2022-04-11,48.15614251578082,63.21546154401476,83.36655086675599
2022-04-12,48.398614492128964,63.57451405701784,83.68908152301496
2022-04-13,48.754775645366415,64.06604633081606,84.04466432083889
2022-04-14,49.05408028261376,64.44263451148451,84.33593257644891
2022-04-19,49.45723581222519,64.96071966818688,84.7556346080799
2022-04-20,49.831144287425126,65.40894283024417,85.09172820404923
2022-04-21,50.3101091503762,65.98278666555994,85.54265694285787
2022-04-22,49.27937450563573,64.73428100173614,84.63304579033108
2022-04-25,48.31884809553455,64.27234905549795,84.20298755997781
2022-04-26,48.35454168574469,64.03914217974126,84.05162079999694
2022-04-27,48.414040901924466,63.89034548055623,83.96873329584723
2022-04-28,48.37170261273542,63.919474107990325,83.98137792302093
2022-04-29,48.43925763053251,63.889373181888914,84.04593660559074
2022-05-03,48.5552009325584,63.89405353732911,84.17799513011657
2022-05-04,48.55684446014808,63.89664046204136,84.1784826465915
2022-05-05,48.68212000007429,63.84571894282054,84.17460107033943
2022-05-06,48.32056706995333,63.88905634890449,84.11299721530762
2022-05-09,48.242817471029106,64.99906389417812,85.02607315394945
2022-05-10,48.07776609141495,64.50217095733463,84.65116220396055
2022-05-11,48.16888718626352,64.71103454681798,84.83511473496148
2022-05-12,48.29855294807196,64.97017238947191,84.99832172070256
2022-05-13,48.9249100432109,66.31565196320433,86.1459033624422
2022-05-16,48.7286891193581,66.220448141656,86.14554521494468
2022-05-17,48.591517451709,66.17351271765999,86.18882761788072
2022-05-18,48.55252105123398,66.17118262653355,86.20887737409052
2022-05-19,48.714447967172504,66.26208878870465,86.23425440927195
2022-05-20,48.686113992139795,66.21349140640875,86.19256341771579
2022-05-23,48.78334352216963,66.31577583286322,86.268762118392
2022-05-24,48.64601734573203,66.3058186076804,86.32652466479867
2022-05-25,48.562553134269024,66.31695330355839,86.35062340845559
2022-05-26,48.523311634434634,66.36407940786047,86.41954064145158
2022-05-27,48.520048451274846,66.46686056105895,86.56149245240277
2022-05-30,48.5666613022007,66.60807930665942,86.7511804748199
2022-05-31,48.66463620609287,66.78576083473281,86.98538592638859
2022-06-01,48.677680632958364,66.79803728569557,86.99285834537095
2022-06-06,48.68745122792685,66.80716066236468,87.00111229158834
2022-06-07,48.80740758207676,66.9912351406968,87.19093359745578
2022-06-08,48.97333017993862,67.2021178003291,87.38129763297226
2022-06-09,48.61926332744753,66.79601680843554,87.04922889246217
2022-06-10,48.37547449748179,66.98742371118,87.25377548326597
2022-06-13,48.44854274318849,67.18094255031127,87.42696830033788
2022-06-14,48.32367638554168,66.75820782054679,86.99959266020335
2022-06-15,48.32831061796034,66.7205520350994,86.95128245366305
2022-06-16,48.79223348241251,68.44151339764157,88.74846854194661
2022-06-17,48.54500965383556,67.86744233255875,88.3075840923794
2022-06-20,48.579911157388416,67.85743545428012,88.32033744499843
2022-06-21,48.405292785772986,67.44256718674018,88.01821293886994
2022-06-22,48.32862473763728,67.19586658804329,87.85941479282467
2022-06-23,48.28243680409473,66.99526515967949,87.68513409082907
2022-06-24,48.550456746420345,68.04859736944863,88.81440441411002
2022-06-27,48.41406837730637,67.97282684157882,88.74061896827914
2022-06-28,48.34092163684706,67.94827592265216,88.72630174596499
2022-06-29,48.25902957994796,67.97160367732839,88.78491921456515
2022-06-30,48.297073493048984,67.88557973075909,88.68207267320916
2022-07-01,48.204678264149955,67.72145548416026,88.52633418519652
2022-07-04,48.185256462806244,67.65258940588635,88.46391425990664
2022-07-05,48.19034905324945,67.87763295515506,88.57222232761822
2022-07-06,48.12629816794747,67.69517321533229,88.45922715107669
2022-07-07,48.07568014970001,67.55325317715918,88.39255089533793
2022-07-08,47.981206183718484,67.31729327140579,88.32978969347423
2022-07-11,47.943370489499685,67.12219656841356,88.31415697202239
2022-07-12,47.960827541246864,66.97046147721464,88.34117758230212
2022-07-13,48.00734923189867,66.8934890756348,88.3887877200486
2022-07-14,47.92706330804689,66.96580767759828,88.40324033694203
2022-07-15,47.90089053254213,67.09433947796721,88.52079290137264
2022-07-18,47.90223952377252,67.04416720526822,88.50267178762381
2022-07-19,47.915334269675334,67.03518416032924,88.52177449228193
2022-07-20,47.96607981606769,67.08148743229283,88.65031325977581
2022-07-21,48.065549084829684,67.15242056675605,88.74736041779916
2022-07-22,48.216871124372844,67.25910311007733,88.88500217574905
2022-07-25,48.39165487473007,67.38196409475682,89.03832509891087
2022-07-26,48.63677323452199,67.56484202569477,89.26774912005375
2022-07-27,48.836749170630576,67.71414009671528,89.44791143848813
2022-07-28,49.15459756998958,67.97535828901124,89.77151370968075
2022-07-29,49.06279467854982,67.91568341606558,89.68921576081866
2022-08-01,49.36802794845301,68.28496472355795,90.13806822711834
2022-08-02,49.71765713126483,68.68058451021194,90.5807675488467
2022-08-03,49.98692311141474,68.96715751229519,90.88768187710647
2022-08-04,50.394196185233184,69.42073929144615,91.39478731368085
2022-08-05,50.8313367089678,69.88441287962303,91.92028315892074
2022-08-08,51.059627237627296,70.1153420917986,92.16290741913507
2022-08-09,51.52006669593428,70.62896789823996,92.73963984635104
2022-08-10,51.96017453759425,71.09766552287687,93.27681076754087
2022-08-11,52.18044347087034,71.32421321823902,93.5250701389325
2022-08-12,52.45181204224707,71.57716065936887,93.7895377308441
2022-08-15,52.898521476102864,72.01907775521443,94.28381892602037
2022-08-16,53.247889422064375,72.35303654917556,94.6681875006436
2022-08-17,53.64944869578727,72.74586428055842,95.14729630541457
2022-08-18,53.986706573047805,73.05730171149324,95.4897458665157
2022-08-19,54.43630419802523,73.48189829148346,95.99448100786167
2022-08-22,54.85113605076322,73.85960827891847,96.46882001738223
2022-08-23,54.843374099440084,73.86717370035063,96.46177192175001
2022-08-24,55.14712932723868,74.05670713535218,96.65816674611004
2022-08-25,55.47475566128025,74.24062398279017,96.80505709317747
2022-08-26,55.3187601729355,74.17847993111153,96.74637173530343
2022-08-30,55.08009748500442,74.18253308742564,96.78868682307693
2022-08-31,54.97938874767374,74.4584475165024,97.12450911469567
2022-09-01,55.451274412828624,76.483725204948,99.39888721521002
2022-09-02,56.48330784364881,78.33828906840476,101.12927054878212
2022-09-05,56.13256652680996,77.97740564495835,100.87408260722643
2022-09-06,55.846906323806415,77.66377437605124,100.66608825052693
2022-09-07,55.82337192003716,77.63042444277706,100.6545878537669
2022-09-08,55.619753194175196,77.33630128707436,100.37696542376577
2022-09-09,55.79846060336888,77.58784265601662,100.61108846585928
2022-09-12,56.267754743257825,77.91486317455936,100.81262845103208
2022-09-13,56.37289131314836,77.84439328755631,100.66330577957771
2022-09-14,56.679288550331556,77.95806010728548,100.72707427282155
2022-09-15,56.388309491411896,77.67193649564807,100.45995539508564
2022-09-16,56.243814763334484,77.518427625521,100.3220096208376
2022-09-20,56.119811753290364,77.36046960463311,100.12293767973686
2022-09-21,56.02075432509096,77.20718885228898,99.87845945861332
2022-09-22,56.06611625079272,77.26587803296151,99.9509095159009
2022-09-23,56.582799385236,78.15705706242927,101.21212091446101
2022-09-26,56.31078698586915,77.62290267959985,100.60706665964177
2022-09-27,56.150370623776794,77.24056551405369,100.17071720774955
2022-09-28,55.99110711599692,76.80928979691151,99.61669052337402
2022-09-29,56.28725160730296,77.63574626424096,100.59250237855791
2022-09-30,56.071983154834065,77.0774110120209,99.93817457514263
2022-10-03,55.91447425467988,76.57140806711472,99.34580496291224
2022-10-04,56.55892968185472,78.8280285055004,101.86250797943254
2022-10-05,56.33461777834521,78.77395511224182,101.7760906294125
2022-10-06,56.220134321750756,78.74868821375831,101.69464224913114
2022-10-07,56.03561898814077,78.66827672660771,101.43586243589145
2022-10-10,55.929500002766716,78.63198022159726,101.24028405277329
2022-10-11,55.93616215940947,78.63568029812456,101.23390560859728
2022-10-12,55.90533112699637,78.59225390493253,101.0636730559189
2022-10-13,55.828020681133424,78.43691096384944,100.60574045179133
2022-10-14,55.790822961589136,78.30843896816317,100.16418050218604
2022-10-17,55.79233244536286,78.29348191586959,100.05517059779314
2022-10-18,55.80961763922609,78.28684146610173,99.78231161600652
2022-10-19,55.87278050702964,78.31360771707672,99.54973539919307
2022-10-20,55.968928790410786,78.35928544785168,99.32725968528746
2022-10-21,56.08691420046429,78.42633139617932,99.1663069842216
2022-10-24,56.15574307597318,78.4740989160275,99.10088611671755
2022-10-25,56.336208317210456,78.64816340167394,99.04499413912971
2022-10-26,56.41761570210301,78.7217325282207,99.03337107555531
2022-10-27,56.60753789818554,78.93738662980076,99.0808153170642
2022-10-28,56.78813672917544,79.13134037012813,99.15385583561984
2022-10-31,56.821382309661665,79.16392647625297,99.15517589911681
2022-11-01,56.33843063484098,78.50549247029195,98.95898943099093
2022-11-02,56.36391524486037,78.64462696676489,99.07160939875587
2022-11-03,56.381412781833525,78.72830729817777,99.11830406625275
2022-11-04,56.05095373880706,76.09194943920559,97.65001137704095
2022-11-07,55.92230858804116,76.51794884758735,98.04233520262382
2022-11-08,55.784002860917035,77.13828737301098,98.52974589014224
2022-11-09,55.69630070285239,77.74709658405114,99.03352756531729
2022-11-10,55.72718041006437,76.91138048174882,98.45375100507567
2022-11-11,55.71398597649978,76.73468240059954,98.32926264680874
2022-11-14,55.72513967472847,76.50131871897013,98.16531520788045
2022-11-15,55.64724146890036,76.99548650195865,98.61854222329612
2022-11-16,55.6069074605104,77.45558250584197,99.00280305867604
2022-11-17,55.59606082090555,77.94707562786125,99.36133528969538
2022-11-18,55.610326453644845,78.141661804978,99.51752118740902
2022-11-21,55.65261295066898,78.64124483033223,99.92666899628777
2022-11-22,55.5793041215463,77.89800815850208,99.40050704858174
2022-11-23,55.58640830341386,78.46012562249592,99.91728589730815
2022-11-24,55.629472649695835,79.05029628397452,100.49533718655589
2022-11-25,55.69382510618462,79.51439708682811,100.97643734325653
2022-11-28,55.78745199410808,80.03194096009183,101.55401676942712
2022-11-29,55.834343928406916,80.16827725814365,101.69164462040874
2022-11-30,55.7731433058985,79.66751552029157,101.04317240221431
2022-12-01,55.82066612348332,80.19203675609617,101.70066476260811
2022-12-02,55.886392903671066,80.72468704088926,102.34984323277001
2022-12-05,55.96750780948626,81.19240468751289,102.94213079864991
2022-12-06,55.964860856395305,81.07533792854265,102.69030589894096
2022-12-07,55.98207528082273,81.18190836206038,102.84370277186498
2022-12-08,55.98936706254448,81.29240776694526,103.0025614675959
2022-12-09,55.998947756199826,81.38521205797825,103.10347298999885
2022-12-12,56.01075549710629,81.42383203185932,103.15951155455872
2022-12-13,56.018820326058744,81.43038673534235,103.18471038332606
2022-12-14,55.949329008162444,81.51514942848857,103.29761120242267
2022-12-15,56.049567056160065,81.39140265211203,103.13769380525382
2022-12-16,56.65637219100347,82.15505584954998,103.76353993624119
2022-12-19,56.437485086855006,81.7805371849034,103.46421454048463
2022-12-20,56.16127297465189,81.31812775723412,103.11013198473886
2022-12-21,57.57093709549986,83.59572304580402,104.89839168920959
2022-12-22,57.290147215195034,83.562002889469,104.9875980238367
2022-12-23,56.96666937856913,83.49840720208644,105.00660611958469
2022-12-28,56.739049998545696,83.46017440192117,105.04263931829533
2022-12-29,56.51696160265392,83.43920671486957,105.1257574664401
2022-12-30,56.59462606916843,83.44376429730326,105.04723427421953
2023-01-03,57.23497803241249,83.93847378211039,105.36571204930064
2023-01-04,57.0209099829747,83.98582975441236,105.48535475904002
2023-01-05,56.94306881873865,84.00327717944187,105.51204557847176
2023-01-06,57.01405343029366,83.91087835218767,105.27476723875775
2023-01-09,56.83104945703329,84.10192502107472,105.61076431119199
2023-01-10,56.69764042521562,84.27133114229461,105.9063377363943
2023-01-11,56.57957643354329,84.39843630235734,106.11390904566217
2023-01-12,56.66651326452626,84.19199552990295,105.67141100487606
2023-01-13,56.63392087479256,84.18682995642253,105.59367939053382
2023-01-16,56.49720278745439,84.51191881916931,106.14416142201156
2023-01-17,56.385829609983965,84.85701608546528,106.77126565142439
2023-01-18,56.31100459051788,85.12867718812007,107.24140804021403
2023-01-19,56.44493215722176,84.47474294942829,105.95998256203066
2023-01-20,56.28943660672585,84.37318101321954,106.0282380203746
2023-01-23,56.14131831847429,84.27958045215385,106.14740516994577
2023-01-24,56.04969941375923,84.2176953965322,106.25426595131428
2023-01-25,55.93269638821718,84.10389505028093,106.28873705867484
2023-01-26,55.83694760624742,83.99161720396947,106.27811577748992
2023-01-27,55.74996310200136,83.87515291027728,106.29941502077216
2023-01-30,55.69373936890808,83.7788947731687,106.33270204809173
2023-01-31,55.63991435925836,83.67771844020413,106.40410708462429
2023-02-01,55.583234511123806,83.55340208104678,106.41548795461681
2023-02-02,55.6481556254668,83.69790018232419,106.45775028254457
2023-02-03,55.96726190716033,83.80275110871996,106.0893148866372
2023-02-06,56.14622792755806,83.62207023531849,105.52765931301884
2023-02-07,55.95398903534511,83.53802266927724,105.56576530182107
2023-02-08,55.7455039285013,83.45465236260713,105.65393734097671
2023-02-09,55.58567984207065,83.39143759698528,105.7498086100863
2023-02-10,55.45664785762233,83.34539584103095,105.8549265660526
2023-02-13,55.67009450262098,83.49251182164734,105.79889007482134
2023-02-14,55.42954990967345,83.4797369635088,106.01114967317135
2023-02-15,55.403855379473875,83.47914853344527,105.98524497410094
2023-02-16,55.20529030158596,83.50043417159371,106.26998931088099
2023-02-17,55.01119101393769,83.51395910244138,106.60771551643414
2023-02-20,54.83023771509736,83.5021863022538,106.88853577128262
2023-02-21,54.78359212259969,83.4957979132711,106.90481782576792
2023-02-22,54.8352983314887,83.53810219083725,106.86244757751237
2023-02-23,54.64032250061672,83.32292965596552,106.76690764527125
2023-02-24,54.49360515760461,83.1425235420188,106.64034552195224
2023-02-27,54.73093349387745,83.42354342107,106.91381158283062
2023-02-28,54.99123882560976,83.65426050216412,107.10088612779452
2023-03-01,54.88868641779645,83.52636146845326,106.98240912651544
2023-03-02,54.681592898146114,83.30708670452043,106.79813214304188
2023-03-03,54.34902033823279,82.96858682566389,106.54346518627585
2023-03-06,54.084268346605725,82.68090420298472,106.34752428008895
2023-03-07,53.78828397960568,82.33676911205234,106.05440721071952
2023-03-08,53.49731712599717,81.98029113107805,105.72319447241766
2023-03-09,53.68383980145495,82.19424460142265,105.9189772988862
2023-03-10,57.19048759143994,86.76493374425817,110.44813026835583
2023-03-13,63.97127301750773,96.07688117529443,118.11865661252052
2023-03-14,64.17017244317864,96.19856319227877,118.31502514360025
2023-03-15,71.62342367810226,106.16607117014331,125.08609841597777
2023-03-16,71.22877520324343,105.46373750999757,124.72624362992636
2023-03-17,70.95312642114321,104.92687500837845,124.49783173772207
2023-03-20,70.67943467883632,104.3688313201245,124.18913200663336
2023-03-21,70.95864345742507,104.69221331022759,124.47239913591885
2023-03-22,70.60282743810752,104.12008270852604,124.2576292476591
2023-03-23,70.42306833428755,103.77926935172505,124.16744756367109
2023-03-24,70.4032090473606,103.68176999294509,124.14969616185702
2023-03-27,70.2675655897178,103.35465310397286,123.93057377939908
2023-03-28,70.06732836459847,102.89280859158568,123.64381472844916
2023-03-29,70.03456515118013,102.75386701901056,123.57992893178876
2023-03-30,69.96650517781741,102.54081269600344,123.50342301619445
2023-03-31,69.90374405291531,102.29059743663272,123.46365102920541
2023-04-03,69.90133935225666,102.12578259290403,123.46899894668432
2023-04-04,69.93635688695659,102.00388748388839,123.52561646062853
2023-04-05,70.00724139856698,101.88283228888845,123.5231368260643
2023-04-06,70.00096322438054,101.87731889174609,123.52281907602443
2023-04-11,70.08155209892956,101.88353125921029,123.63619889871252
2023-04-12,70.19485754214456,101.93156109624668,123.80653185512844
2023-04-13,70.37402504848284,102.03904901669058,124.08263891314363
2023-04-14,70.5749604901718,102.16696644684531,124.36277564851534
2023-04-17,70.8502063673218,102.35577821925534,124.74385253395586
2023-04-18,71.10781683904547,102.5332468312485,125.07163585116506
2023-04-19,71.45180839209006,102.78379686068364,125.52532007068396
2023-04-20,71.83775152848729,103.05765289185798,125.96440672480904
2023-04-21,72.24596077547876,103.34306546446271,126.41503800523834
2023-04-24,72.70167419189673,103.65820371625153,126.91493426705631
2023-04-25,73.11239302999283,103.94191549053355,127.34740715683884
2023-04-26,73.33735625312687,104.10159492697689,127.5506295522597
2023-04-27,73.69338501359756,104.29608233990542,127.76408871177793
2023-04-28,73.86894872063183,104.39640033419334,127.84796405153317
2023-05-02,72.80895290671211,103.79834180146294,127.26662983618587
2023-05-03,72.89643498379333,103.64149128976871,127.18047911304852
2023-05-04,72.7136665615912,103.7948504897149,127.24330196026892
2023-05-05,72.723740195866,103.9266492824004,127.36541995761036
2023-05-09,72.67307826979835,103.73904113883766,127.24383335941367
2023-05-10,72.65907598709921,103.58676704160408,127.11102049335231
2023-05-11,72.66678919593748,103.42231906571283,126.90578357124362
2023-05-12,72.69880879960547,103.29710777686044,126.71808733762529
2023-05-15,72.75273805873327,103.1983208214762,126.57202386158865
2023-05-16,72.81868786674856,103.12980767000587,126.47527681992813
2023-05-17,72.87892459524352,103.05006379169285,126.31910802563497
2023-05-18,72.94551323801787,102.93270407688603,126.05775054541178
2023-05-19,73.03299299405032,102.82763976441257,125.82383870380166
2023-05-22,73.1359612463764,102.73532329731296,125.62563798764396
2023-05-23,73.25829594553447,102.64760240566433,125.45265183669143
2023-05-24,72.10907936918089,103.38384557306976,126.9025494503422
2023-05-25,72.0931048237137,103.25984805442006,126.8449372520014
2023-05-26,72.07627293030234,103.12865468331489,126.74394074180255
2023-05-30,72.69164791469709,104.17039252231298,127.67071272341049
2023-05-31,72.85371009900227,104.34658786270288,127.85226932932935
2023-06-01,72.66663499852542,103.92645454550089,127.41246495027544
2023-06-02,73.41747114733222,105.15252478362099,128.65510955201893
2023-06-05,73.07327936014562,104.79241461786502,128.30827033732234
2023-06-06,72.8332045477446,104.52105202598285,128.0286820786421
2023-06-07,72.5946091367103,104.24151147057042,127.74991252688778
2023-06-08,72.43575791048961,104.03083339695759,127.5294401861148
2023-06-09,72.34235286643327,103.88231585325619,127.32930393968964
2023-06-12,72.20748368070464,103.6324203714981,126.93257787172453
2023-06-13,72.13134643459509,103.44539149557187,126.62790734867744
2023-06-14,72.07394141053581,103.25885440125309,126.32287611383563
2023-06-15,72.0575174774121,103.12836777984027,126.10693069294759
2023-06-16,72.06004509465383,103.00324872914214,125.90243330025471
2023-06-19,72.05298344388041,103.01973240694967,125.9217134618324
2023-06-20,72.01908336929203,102.81515144764619,125.61533477907615
2023-06-21,71.9929227193244,102.58736947150574,125.22929282775354
2023-06-22,71.9974369466662,102.66959424645329,125.3309100415373
2023-06-23,71.9692790417225,102.5353408393884,125.08362706073893
2023-06-26,71.85447511398125,102.15195227053465,124.43952592316504
2023-06-27,71.7616595749855,101.78338476345168,123.79527538595137
2023-06-28,71.74512389177787,101.66375657555987,123.54288419563211
2023-06-29,71.69818767942802,101.47831772999119,123.19505690748258
2023-06-30,71.78216716913974,101.69655058801467,123.47517264270195
2023-07-03,71.63303450124594,101.49297495141214,123.03397523546825
2023-07-04,71.50767616585527,101.29688636697395,122.6077245636141
2023-07-05,71.77610465093504,101.74501877919549,123.4322589937688
2023-07-06,74.69322021682414,106.41125654381248,129.17258597436359
2023-07-07,74.26064190184258,105.66093279524405,128.56596226666147
2023-07-10,73.84682569082352,104.90437962939126,127.89714524858589
2023-07-11,73.46507458741458,104.16007645567348,127.24756690708311
2023-07-12,74.9311058951701,106.66645496742775,129.53192325597095
2023-07-13,74.57725669745162,106.37032945918801,129.3506300082487
2023-07-14,74.23346716703419,106.07838260937501,129.19445859493138
2023-07-17,74.00062180079657,105.87041420913762,129.07918170856308
2023-07-18,73.90119881906007,105.77017279557363,128.99468494371516
2023-07-19,74.77959083228382,106.51514632267678,129.5462694312719
2023-07-20,74.67590753462844,106.53739237731148,129.5729485707885
2023-07-21,74.41591895415306,106.7362182791496,129.87731811869395
2023-07-24,74.20509175049656,106.9621983172008,130.22365233385526
2023-07-25,74.04328224301719,107.20974269335207,130.6063986038634
2023-07-26,73.93099962354738,107.46740982290451,131.0100859821583
2023-07-27,73.85671667348863,107.71638945045846,131.3537633594675
2023-07-28,73.81881768353372,108.00043163974635,131.76481693845446
2023-07-31,73.8201901813688,108.28563745591259,132.19417188050497
2023-08-01,73.84279795187969,108.44495784764929,132.42729573820867
2023-08-02,73.74718882085958,107.72444539037627,131.35793161720625
2023-08-03,73.62903875495172,107.53021239776584,131.2968288284393
2023-08-04,73.53659142506142,107.35066885502302,131.17875191343458
2023-08-07,73.42041806987945,107.12954181567638,131.0608340130523
2023-08-08,73.3571241997822,106.97140915070614,130.95658453618265
2023-08-09,73.38075626019447,107.02257534245567,131.00844306652579
2023-08-10,73.31864155638849,106.94617088162805,130.9464077400384
2023-08-11,73.48462681169971,107.12719869727555,131.02937256085193
2023-08-14,73.29192643306598,106.78154917792395,130.75474665229223
2023-08-15,73.9427144307488,107.95773794289148,131.87588430759448
2023-08-16,73.71008892509894,107.49576727002733,131.4758539452227
2023-08-17,73.59708932505767,107.21703178727093,131.19507896558426
2023-08-18,73.50551068890645,106.9638500060755,130.88955664014134
2023-08-21,73.25145020603352,106.37819186126802,130.14178523372703
2023-08-22,73.05341435752476,105.85159443848292,129.4479023000385
2023-08-23,73.02927934701104,105.7100894050432,129.22698271201864
2023-08-24,72.88407691122353,105.30772642979241,128.68694844525183
2023-08-25,72.770384666667,104.91947832974807,128.16817041743008
2023-08-29,73.1888835883201,106.56804609667606,130.21436576946863
2023-08-30,72.93675632561815,106.57610655703327,130.14716509330438
2023-08-31,72.8015363783091,106.59402715845995,130.1263650643869
2023-09-01,72.65198781851186,106.58457720037784,130.01029413613557
2023-09-04,72.51120468225457,106.60198569415049,129.92116536438672
2023-09-05,72.4068923474824,106.62307065299146,129.81052039355524
2023-09-06,72.32560267473322,106.64128595649011,129.6573949287987
2023-09-07,72.271428456364,106.656856411924,129.48510998929416
2023-09-08,72.25778575758817,106.66845485934884,129.4171695767217
2023-09-11,72.23235287924507,106.72426784127684,129.3533950592487
2023-09-12,72.22686565034769,106.76457528339789,129.3343720744646
2023-09-13,72.22073545258789,106.8603045460861,129.3622827535263
2023-09-14,72.11619420309081,105.96221018194724,128.98145269267556
2023-09-15,71.93339898218571,106.18820974419555,129.21340637682377
2023-09-18,71.92467486651591,105.87907637243588,128.80897903178706
2023-09-19,71.66368148433973,106.18227058744694,129.17789445906035
2023-09-20,71.78422053209215,105.86434913743464,128.72655541656505
2023-09-21,71.74256905590588,105.81306443867736,128.60862650339442
2023-09-22,71.51678214097198,106.01997720975221,128.89250392421528
2023-09-25,71.54367299281867,105.93467228374006,128.7455360415892
2023-09-26,71.33506374113384,105.94670769810057,128.80360725443612
2023-09-27,71.22748510121758,105.96120698727339,128.85325148670117
2023-09-28,71.07413269875263,105.93631258662437,128.81030868008628
2023-09-29,70.95359613947348,105.92155119271492,128.79624597539407
2023-10-02,71.22617046711001,105.94960633777016,128.75623104406776
2023-10-03,71.11331095180635,105.76268142292602,128.62860901429016
2023-10-04,71.15062611493494,105.79041866937715,128.6581173240602
2023-10-05,71.02500571638514,105.54052694120982,128.36834931026016
2023-10-06,70.94368320526429,105.37743832351511,128.18144798965992
2023-10-09,70.73529681643598,105.04475556822617,127.82283614385582
2023-10-10,71.77415958575162,106.77417742410441,129.68803999501958
2023-10-11,71.4550802589545,106.87413369100796,129.8075949136987
2023-10-12,71.22408573540423,106.96476258722488,129.89363906206177
2023-10-13,71.12910720403829,107.0046960046031,129.9372865791902
2023-10-16,70.96982819351328,107.03134916779115,129.92608344937318
2023-10-17,70.89905139945,107.0525390962641,129.93841549569993
2023-10-18,71.14003578357097,106.82611839198093,129.71348391812722
2023-10-19,71.44869244163753,107.0848982934229,129.92993131907
2023-10-20,71.89496288582014,107.62784723125077,130.45799487273246
2023-10-23,71.61493154678348,107.18209483442645,130.0032472847623
2023-10-24,71.33408595825414,106.70219712304036,129.4510014594364
2023-10-25,71.1280345828357,106.30754451984349,128.99611140527452
2023-10-26,71.13909073252852,106.28760880155644,128.96146165823328
2023-10-27,71.17921248218624,106.31300981820988,128.95820679031888
2023-10-30,71.03556959122689,105.96973530782708,128.4701797992546
2023-10-31,70.84342016013481,105.5225689982263,127.85044399239914
2023-11-01,70.71227726894382,105.15478128756791,127.31262888090016
2023-11-02,71.03052834156915,106.03495150233226,128.45319328608514
2023-11-03,70.86935969696236,105.9378174545539,128.24619591071271
2023-11-06,70.68890269307322,105.8022394211695,127.90983476802289
2023-11-07,70.55381240139879,105.69132909265439,127.61062760640354
2023-11-08,70.45448916547369,105.59642358530263,127.31080718806892
2023-11-09,70.46099520753509,105.60364048625175,127.30208535061821
2023-11-10,70.65347378058522,105.61020505028615,127.73121809983924
2023-11-13,70.71599957329143,105.68409270499725,127.80419391204676
2023-11-14,70.52011326988674,105.4824810047955,127.54380384126668
2023-11-15,70.46696112814458,105.42158325896276,127.46256540305048
2023-11-16,70.59490933075944,105.52770571649923,127.59024203230959
2023-11-17,70.91882523570702,105.96175627200031,128.08057080753576
2023-11-20,70.68134412964528,105.86364479335683,127.96162946399068
2023-11-21,70.49651743806133,105.78968745616072,127.84436050632138
2023-11-22,70.34576017400104,105.7256838152154,127.69572497993893
2023-11-23,70.23065453791963,105.67254239070785,127.52610275657015
2023-11-24,70.14514400805173,105.63574270699257,127.38392768586058
2023-11-27,70.10822391755138,105.61851136339048,127.30258518254637
2023-11-28,70.06112345982567,105.56160203305936,127.09760377525716
2023-11-29,70.04817089694005,105.53224621953446,126.97265356111582
2023-11-30,70.02678117585835,105.46932545020161,126.77076847792975
2023-12-01,70.07287340369679,105.58405992356226,127.1150389500883
2023-12-04,69.97058963394777,105.65995297432852,127.07366000642864
2023-12-05,69.8960467587375,105.7085902014692,126.99224622544014
2023-12-06,69.83146225004349,105.72435686381924,126.85369873810819
2023-12-07,69.75555094424755,105.76287550182826,126.71409338723653
2023-12-08,69.74611847836017,105.76680077323006,126.68912479125193
2023-12-11,69.67764324322054,105.8362537151158,126.65088759150692
2023-12-12,69.6149425704628,105.88613665917548,126.57426870896587
2023-12-13,69.56343913518563,105.9183487424698,126.50319680348264
2023-12-14,69.78601551592241,105.84147108791919,126.75010760871272
2023-12-15,70.06487949679185,105.2352890676112,126.11122853609459
2023-12-18,69.92679621190139,105.20488464239243,126.11151927370877
2023-12-19,69.71072788983012,105.18037841823632,126.16749279920084
2023-12-20,70.05506660593878,105.20633193832936,125.9429304103305
2023-12-21,69.82273043653487,105.32081373277488,126.19929509148808
2023-12-22,69.57188284849343,105.42407390134743,126.41631575487771
2023-12-27,69.42038681320088,105.48649811150061,126.56146739330254
2023-12-28,69.22494176790124,105.59542039620226,126.84624431593805
2023-12-29,69.06138894796796,105.68496679493994,127.10878589850705
2024-01-02,68.92079441993873,105.76088420642017,127.38563817478995
2024-01-03,68.89361045854027,105.76625870573105,127.39081240189077
2024-01-04,68.8694163426481,105.75782332985048,127.3915769453716
2024-01-05,68.79059075019345,105.74125810109966,127.42666934987275
2024-01-08,68.58075448894209,105.60301658129174,127.36341686125114
2024-01-09,68.3956807606592,105.46279241694093,127.32226756918269
2024-01-10,68.32311136960163,105.3995737435548,127.29003236496627
2024-01-11,68.88409975167454,106.02569593170841,127.89405590521733
2024-01-12,68.93849088847053,106.06053949471992,127.93733834034143
2024-01-15,68.7447498663189,105.81304490119656,127.74121704349005
2024-01-16,68.63357351721393,105.64968929791806,127.57808750182588
2024-01-17,70.56567253874515,108.17448204506518,130.3589665617604
2024-01-18,70.11807030790662,107.45300654612191,129.6973570979986
2024-01-19,69.68845356985929,106.73265285110386,129.0446004569821
2024-01-22,69.40381994958193,106.20599965104535,128.577545965364
2024-01-23,69.04598800928831,105.56265439435107,128.01807060439188
2024-01-24,68.9872825521891,105.38728674407503,127.87892452663725
2024-01-25,68.67348540077059,104.84666855220874,127.43712206873653
2024-01-26,69.9732135577953,106.91014948464108,129.17728579346138
2024-01-29,69.60120272302088,106.73824773427734,129.1587567630527
2024-01-30,69.41076982837006,106.6519307268098,129.15227337643788
2024-01-31,69.26048697733424,106.59681802616112,129.17252352711284
2024-02-01,68.96664312556096,106.41396397146369,129.0724290757067
2024-02-02,68.69541767131238,106.22947061790734,128.945835914856
2024-02-05,68.44198239566829,106.04006145356432,128.79844920261104
2024-02-06,68.76195338079205,106.31226381339195,129.01287907091657
2024-02-07,68.82732193812241,106.32845754096932,128.98837047683065
2024-02-08,68.6717680326341,106.22717419302937,128.90851158609834
2024-02-09,68.44072910670165,106.0291053192349,128.68384420491483
2024-02-12,68.147370512544,105.74388955037355,128.30654076059687
2024-02-13,68.40955331591253,106.0142292747632,128.62178815727665
2024-02-14,68.57061906552758,106.1965795584287,128.8103289975513
2024-02-15,68.364975277571,105.99280995538285,128.57098326950913
2024-02-16,69.8956279200099,107.46261257545562,130.1451194566091
2024-02-19,69.54148511442938,107.53159322901416,130.24239611953138
2024-02-20,69.20454419609302,107.6141449083437,130.38091820326807
2024-02-21,69.2686158223753,107.57929141843059,130.32854775287845
2024-02-22,68.99690993898653,107.48889191832114,130.23305630220725
2024-02-23,68.75585387110297,107.41479605102327,130.17370826388984
2024-02-26,68.54395466417007,107.35481523461908,130.1491014913854
2024-02-27,68.29332510100153,107.24743821531831,130.02526643554694
2024-02-28,68.4274769573023,107.32251393510977,130.10290727952503
2024-02-29,68.15230946655791,107.03772395128325,129.78555452916706
2024-03-01,68.22985129041133,107.1190095295641,129.86840292867987
2024-03-04,68.18247721886733,107.09035055837172,129.84487818888908
2024-03-05,67.90956452235756,106.81808782126438,129.52854328606045
2024-03-06,67.79285359769177,106.6917724685225,129.38934647998812
2024-03-07,67.57215796343237,106.48036965759259,129.18613319553637
2024-03-08,67.4779768841023,106.38389433650441,129.10711156007795
2024-03-11,67.24615098770161,106.10292917319825,128.79523198188147
2024-03-12,67.83141333415786,106.82408110597872,129.5252858324797
2024-03-13,67.61444069703806,106.77086209938142,129.5077800378817
2024-03-14,67.45028586599182,106.73444068595357,129.51905041461097
2024-03-15,67.20191073821844,106.61409565002452,129.41601784395695
2024-03-18,66.9280875525799,106.44778468091458,129.22766301683555
2024-03-19,66.70005106318847,106.29150016517896,129.05319506618892
2024-03-20,66.44545983960025,106.1029946661448,128.88291887737705
2024-03-21,69.54111076525004,108.7366373683431,131.01618831839718
2024-03-22,69.41744021437243,108.6875901200648,130.89842789686156
2024-03-25,69.0379995821548,109.11560913518598,131.5055544097505
2024-03-26,68.69347803642482,109.49862307184912,132.03384675322124
2024-03-27,68.36387793440446,109.89544018982892,132.64137242649466
2024-03-28,68.11525058692268,110.17687062169925,133.09552852687705
2024-04-02,67.87935347986627,110.46173033320366,133.61191502233697
2024-04-03,67.62350074048588,110.73565379657576,134.13118787181702
2024-04-04,67.55296310982472,110.76243924097265,134.11146001986927
2024-04-05,67.78754804286717,110.36785629895984,132.83658548316373
2024-04-08,67.62385111293376,110.3148590940425,132.9220863234579
2024-04-09,67.35192906496748,110.2385770786971,133.17556371028795
2024-04-10,67.17534635968957,110.1779572788941,133.29936921546286
2024-04-11,67.10073344902258,110.15802774504951,133.3230397221964
2024-04-12,67.53609239179752,110.4807006724959,133.2189032453877
2024-04-15,67.34889260229751,110.46425906844865,133.34446910816098
2024-04-16,70.06641648963029,111.48104951999886,132.25652456026356
2024-04-17,69.68813141068563,110.92793856168288,132.04144068350476
2024-04-18,69.36301981324836,110.4383684373246,131.87845868561305
2024-04-19,69.01830661495978,109.91787404930419,131.73218864760065
2024-04-22,70.47691315674413,111.95388713222084,132.33335146169395
2024-04-23,70.12265359998133,111.79148684818836,132.56355081129036
2024-04-24,69.77733913021818,111.64046404157482,132.86794576676456
2024-04-25,69.59526489338771,111.56562963317504,133.0048746095957
2024-04-26,69.60730571383776,111.57794832989596,132.84568817437975
2024-04-29,69.35581354099855,111.57752185537524,133.31232716933783
2024-04-30,69.13939307277995,111.58803404876613,133.80806286294532
2024-05-01,68.98662753389345,111.60107257184053,134.17933453934612
2024-05-02,68.96918636486531,111.60076689798764,134.11571488544908
2024-05-03,68.90070879757829,111.61902678230526,134.206584053747
2024-05-07,69.2739072518268,111.35856036971285,132.11982169425096
2024-05-08,69.15253411609146,111.47779509137308,132.29170556353506
2024-05-09,68.99698950487692,111.7068490343271,132.82174223490114
2024-05-10,68.97042663930532,111.68103666246128,132.3988963026878
2024-05-13,68.8265580990148,111.99148386120534,133.17647530627875
2024-05-14,68.69201387817873,112.28299033083373,133.92971799860905
2024-05-15,68.58877758771963,112.5409054218736,134.62460242549693
2024-05-16,68.49627188671326,112.81805726035873,135.47250592667336
2024-05-17,68.427394153073,113.03004858357197,136.11113478774018
2024-05-20,68.34868399583166,113.22342805155407,136.77983736138452
2024-05-21,68.28349198686305,113.38684846428654,137.437305179652
2024-05-22,68.28601609519897,113.36738837292928,137.13333016620223
2024-05-23,68.21609960676749,113.33836365763499,137.26648440888104
2024-05-24,68.09682350780074,113.23492369736364,137.3638472556125
2024-05-28,68.27181131033906,113.42024304311744,137.3443496833162
2024-05-29,68.6159357085435,113.87903686502398,137.67003645687956
2024-05-30,68.59622751579461,113.80093511033245,137.62052854481524
2024-05-31,68.52947856454679,113.68440947668637,137.54674964864716
2024-06-03,68.24246431567732,113.32372290819832,137.31757774424347
2024-06-04,68.07171101349257,113.09185302468273,137.14939147024762
2024-06-05,67.80624586029691,112.71636749113978,136.7907566942006
2024-06-06,67.72248255107597,112.57850497950865,136.67137561844018
2024-06-07,67.65907358345181,112.48709910119939,136.6063203754334
2024-06-10,67.40149120920933,112.1219678703946,136.23862914400465
2024-06-11,68.10013416854359,113.05028403130687,137.2380069948055
2024-06-12,68.46265366157708,113.50871139210112,137.70214168482502
2024-06-13,68.4803572626481,113.51203971284761,137.70691505763043
2024-06-14,68.12568185752488,113.03528824920038,137.16939508586054
2024-06-17,67.75206384989644,112.51621909213672,136.540449398954
2024-06-18,67.77329160404769,112.50887502632906,136.49908944475857
2024-06-19,67.45590224702569,112.11886272943124,136.02738505457978
2024-06-20,67.80283230584541,112.525284343103,136.47011834478755
2024-06-21,67.63474929054149,112.3991001858569,136.33143176881725
2024-06-24,67.57325219974871,112.34443110564138,136.24768778553394
2024-06-25,67.40523872211467,112.21732046936621,136.09054379107027
2024-06-26,67.14684357980673,111.97539126230589,135.75480852116698
2024-06-27,67.13721756514916,111.96402027411044,135.7026010788964
2024-06-28,66.825603482284,111.58658167643352,135.13675832206292
2024-07-01,66.48537782442114,111.15733448492752,134.47142996743466
2024-07-02,66.51675220114406,111.17646679022889,134.43831150980697
2024-07-03,66.61379777675293,111.27030856294465,134.48392552605478
2024-07-04,67.1185745994054,111.82844297873493,135.18780627585144
2024-07-05,66.97059774365947,111.73920914557756,135.02252072771998
2024-07-08,66.60873307513067,111.43481193213452,134.51842627309378
2024-07-09,66.74464138393577,111.56481778116606,134.66141616203686
2024-07-10,66.86450101031909,111.68659650111285,134.75865160852052
2024-07-11,66.62743862979801,111.47590577249349,134.4068519916229
2024-07-12,66.40653078870785,111.28710401797959,134.10277512249849
2024-07-15,66.8575462400452,111.68160995108137,134.61884460073176
2024-07-16,66.51225360049341,111.26615922002702,134.1002384170328
2024-07-17,66.21472360813874,110.88966237061497,133.59005101002856
2024-07-18,65.90287844269852,110.4952275990089,133.07556462297876
2024-07-19,65.97487597878687,110.56382288462417,133.13024421307273
2024-07-22,65.93430023647726,110.47524716168572,132.97810231686552
2024-07-23,65.7414037117272,110.22693927567416,132.64969261344854
2024-07-24,65.40438884555589,109.78066415398594,132.03656582978584
2024-07-25,65.24391583678998,109.5462366625597,131.67115861621446
2024-07-26,66.73038987190283,111.3397119431365,133.91441993008124
2024-07-29,66.32833253174587,111.21692607618567,133.68053432351988
2024-07-30,65.99846621076807,111.10638240214479,133.49735245005803
2024-07-31,67.04203696417403,111.62699003324268,134.34728331024328
2024-08-01,67.65492495243856,111.4456787276592,134.29444626215755
2024-08-02,68.84929667826184,112.25041657246292,135.05497710575756
2024-08-05,71.85928851046147,115.53900280002757,138.00111449889062
2024-08-06,71.35911551701199,114.7879477436431,137.43529281441602
2024-08-07,72.63353623655004,116.47248804571609,138.84266300595755
2024-08-08,72.20303093964549,116.06020820571067,138.63752436126723
2024-08-09,71.82836388274053,115.68474898251279,138.40866629044157
2024-08-12,71.58522180083426,115.43374734653091,138.27433268730752
2024-08-13,71.31318771058731,115.16258490618088,138.15641986552484
2024-08-14,71.16386038801156,115.0093143778575,138.10917790515558
2024-08-15,71.14503328982926,114.99335389642481,138.10934547099237
2024-08-16,70.99916160947183,114.91224872480258,138.17525133229339
2024-08-19,70.90523241868004,114.8459350060518,138.16963961635798
2024-08-20,70.99414473472648,114.89324016561964,138.12100344571644
2024-08-21,70.81471661466179,114.66653762193005,137.95969680443923
2024-08-22,70.67559260435767,114.46527145194334,137.83048518041213
2024-08-23,70.61661267072851,114.35774620593521,137.77163208515046
2024-08-27,70.54783974981142,114.24035982415478,137.74115377552246
2024-08-28,70.50665343841627,114.13719887283347,137.7443049278942
2024-08-29,70.50013007832071,114.08276050230887,137.75388883555559
2024-08-30,70.50330211341695,114.03275621990785,137.8290452806248
2024-09-02,70.52885179437466,113.99342193060824,137.90223729908348
2024-09-03,70.50487484263101,114.01691989583563,137.88293252441653
2024-09-04,70.46989290876414,113.86091157487166,137.74663866485358
2024-09-05,70.4337758570372,113.68912153646048,137.54006985814027
2024-09-06,70.45525012210487,113.75778282341551,137.61539456421536
2024-09-09,70.68126790353634,114.32853448776743,138.3348469232193
2024-09-10,70.73928906478474,114.38206046765738,138.40535050737918
2024-09-11,70.5285938668911,114.1057017833732,137.98491270703659
2024-09-12,70.4745738686877,114.0201972365185,137.81842826684368
2024-09-13,70.35609986500643,113.8800097016854,137.56754805366373
2024-09-16,70.20202466361056,113.70810635027377,137.26772344926727
2024-09-17,70.12044403899188,113.60316033690961,137.08617717265034
2024-09-18,70.14468615118159,113.6300009086118,137.1195369420508
2024-09-19,70.31874962632531,113.88288837934589,137.4501283677188
2024-09-20,70.77430033501787,114.16411078715394,137.90900577961452
2024-09-23,70.55148029544117,113.85455753712745,137.58677721437175
2024-09-24,70.33232801461776,113.54709054214565,137.2776264588834
2024-09-25,70.12042719322491,113.23762521662606,136.97918385491067
2024-09-26,69.93746368275907,112.94614816067025,136.65940569563017
2024-09-27,69.84521033199526,112.77952811805422,136.48364985782004
2024-09-30,70.10607973142974,113.16656597994861,136.8590544843087
2024-10-01,69.98402659622192,112.92746614662478,136.62219933653836
2024-10-02,69.77041531310923,112.56020975784575,136.27575806068535
2024-10-03,69.57599629457737,112.19991109310418,135.94937065664212
2024-10-04,69.39795610480384,111.84296167671879,135.60158265272736
2024-10-07,69.27444215403598,111.56604823114472,135.33297559609971
2024-10-08,69.9426280248723,112.91806201631893,136.57264271703312
2024-10-09,69.90548634905994,112.77488816312001,136.47992913116985
2024-10-10,69.60692970709802,112.24879643493966,136.09267005934987
2024-10-11,69.35987380881332,111.78003205042049,135.73365336566778
2024-10-14,69.25150499019907,111.53516921405513,135.5639775962093
2024-10-15,69.18466800632035,111.38199172717644,135.47600073122828
2024-10-16,69.51114883091046,111.90736101269985,135.9637572253339
2024-10-17,69.51962380730599,111.91359919397868,135.9767934333815
2024-10-18,69.32170045820041,111.75928497699488,135.91002743308442
2024-10-21,69.21352026998345,111.66193749754451,135.83177145809557
2024-10-22,68.97885829121729,111.4008768254777,135.53361559954982
2024-10-23,68.95177435417597,111.36326701311921,135.47666757372596
2024-10-24,68.71544205634628,111.03108127477155,135.01882595838657
2024-10-25,68.53138473725085,110.75259231485116,134.64401249083062
2024-10-28,68.4412873348151,110.59751881738136,134.39799845131506
2024-10-29,68.63731641968506,110.85219729788412,134.71515342734293
2024-10-30,68.76746490742677,111.01170340072942,134.87528339700935
2024-10-31,68.75392353802451,110.9394959418631,134.73189287003245
2024-11-01,68.99351659047657,111.25215025342227,135.04935273327925
2024-11-04,68.66968650965795,110.82630887449247,134.4231872287247
2024-11-05,68.38633755032248,110.4316688830575,133.84840970856945
2024-11-06,68.11041465873687,110.02795593048383,133.23351314494943
2024-11-07,67.92822147019503,109.74002060871331,132.77143112812965
2024-11-08,68.240215310713,110.17457034754796,133.32183672633002
2024-11-11,68.29497058724806,110.20291944483584,133.27340914852556
2024-11-12,69.28478817610308,111.4917780656919,134.94501268896042
2024-11-13,68.88249325261779,110.8424494138232,134.1600139455718
2024-11-14,68.73133189514502,110.5449199374728,133.77961182547253
2024-11-15,68.39651905729906,109.99825780107967,133.12478089633296
2024-11-18,68.33649262964917,109.85268876012451,132.91706030244774
2024-11-19,68.04897231880581,109.40856721097967,132.37119352079833
2024-11-20,67.7924765909207,108.99104121860252,131.83049878817837
2024-11-21,68.0113003750306,109.2935174496838,132.1701160096036
2024-11-22,69.17969947144792,110.56806341789192,133.83442938697453
2024-11-25,68.91900677283418,110.57515864230457,133.78908505974778
2024-11-26,68.71115073346947,110.59391413007266,133.7810163392716
2024-11-27,68.4351109171709,110.56973498578142,133.65930577303106
2024-11-28,68.16843537765769,110.54944716596717,133.560324322306
2024-11-29,67.92906591495803,110.52669509614675,133.4849082319945
2024-12-02,67.76836315079187,110.50615825670012,133.446602076797
2024-12-03,67.75146191275591,110.50620148904119,133.4466680998487
2024-12-04,67.59393002031274,110.52640932326071,133.5110485228553
2024-12-05,67.40417716508964,110.5010905907644,133.49004367150692
2024-12-06,67.36310225560023,110.49526120229564,133.490629912575
2024-12-09,67.33746018961438,110.48165173744937,133.47465946167753
2024-12-10,67.66196571387538,110.65336470555944,133.60169933031636
2024-12-11,67.40947025162468,110.36034428996744,133.34141434419664
2024-12-12,67.13386037794564,110.03664624899936,133.07707399510414
2024-12-13,66.88045421494337,109.72319419077846,132.84260460607408
2024-12-16,66.80843852677143,109.62046124109035,132.7599382297527
2024-12-17,67.17073054853,110.0819356741445,133.23622600027616
2024-12-18,66.81782503433439,109.53166803137997,132.64325484238555
2024-12-19,67.9199516870724,111.09947259375926,134.26292777807404
2024-12-20,67.56433942703467,110.48391011177789,133.6561288339358
2024-12-23,67.21380996945646,109.86238659004374,132.9910781472064
2024-12-24,67.02726855098665,109.4869139051192,132.5921024350003
2024-12-27,66.69691097279158,108.91086847139175,132.00261922615587
2024-12-30,66.49352091395623,108.52207121644442,131.61486967676433
2024-12-31,66.59905036379473,108.6188704821004,131.69930892161284
2025-01-02,67.44628235923592,109.74864469150663,132.88216641760587
2025-01-03,67.25922004422432,109.62307569141232,132.7601926888882
2025-01-06,66.98823276307755,109.3938892244511,132.48066975049136
2025-01-07,66.65066010608017,109.10845824122973,132.15764617625206
2025-01-08,66.33487819252609,108.8246562232593,131.83375182820723
2025-01-09,66.70271208141756,109.18084033098307,132.2042675403728
2025-01-10,67.076622212868,109.37473591975655,132.35836992134912
2025-01-13,66.78971030781538,109.09510306948145,132.09923124839682
2025-01-14,66.5073185638625,108.79681942126152,131.76943299609385
2025-01-15,67.6225798357075,110.02079919838187,133.20176887992295
2025-01-16,68.28185925535927,110.2522401485875,133.5155081297839
2025-01-17,69.30027957280598,109.96949918250593,133.2115373536347
2025-01-20,68.92148566968349,110.26648904768761,133.5673239951588
2025-01-21,68.63375871684076,110.50089800460765,133.86500660608127
2025-01-22,68.31833259019501,110.82515814586557,134.31873889757338
2025-01-23,68.06998211260144,111.08866118351902,134.69185668359205
2025-01-24,68.12194061012819,110.90689034311067,134.33273341415725
2025-01-27,67.85233345450999,110.9643051160217,134.51667287048403
2025-01-28,67.68376804497224,111.00125932835442,134.64507809078194
2025-01-29,67.51061373125276,111.05691549240855,134.83481928895444
2025-01-30,67.85531325244516,110.8886289164155,134.093915939474
2025-01-31,67.66959239979342,111.06213415507472,134.43997079036166
2025-02-03,68.01789081399802,110.50011146959949,132.8277314058039
2025-02-04,67.74551204417949,110.35511819005784,132.96230550073065
2025-02-05,67.70303748948824,110.33719861792864,132.96284775913503
2025-02-06,68.24997567573398,110.54610269555053,132.38183875537226
2025-02-07,68.01651570111493,110.64667136776426,132.71361497519104
2025-02-10,68.06999772516174,110.60558134550608,132.51150606911068
2025-02-11,67.82443363848422,110.77754125144413,132.94353076013752
2025-02-12,67.66190765900073,110.89946181615743,133.24556417047003
2025-02-13,67.57443457064312,110.96450906082075,133.3620583103438
2025-02-14,67.44232952436177,111.01397624775244,133.53920218960417
2025-02-17,67.33020599190621,111.02463955328936,133.6196924189708
2025-02-18,67.16048578933749,111.06711347016454,133.82969154059188
2025-02-19,67.16808202471759,111.06189408650089,133.77379833422597
2025-02-20,67.14274975757539,111.04947419541597,133.77301861835343
2025-02-21,66.93252254420247,110.83320979310314,133.58361149867466
2025-02-24,66.74091160036018,110.61896641860325,133.3945223790911
2025-02-25,66.57258674594289,110.41310763751795,133.22615918773892
2025-02-26,66.68367876843159,110.55192427782978,133.33136062922688
2025-02-27,66.53700835537018,110.46896170757492,133.32986896642402
2025-02-28,66.5711647243594,110.49329333666525,133.31713592735514
2025-03-03,66.67301189957495,110.51784598513278,133.19514459991268
2025-03-04,67.50849011187535,110.31563300203798,131.69423770236628
2025-03-05,67.16127725303642,109.90193663169777,131.590392089047
2025-03-06,67.37497660921346,110.14512646243904,131.67640361099083
2025-03-07,67.03019079434253,109.645511054453,131.36794558739984
2025-03-10,67.35980015118909,110.0751837812116,131.68541303445662
2025-03-11,68.15037042954549,111.19006747036406,132.67149811272935
2025-03-12,67.9521541704812,110.80124139188948,132.32726012857663
2025-03-13,67.58626458715652,110.17315218792537,131.77656698450747
2025-03-14,67.99285106763371,110.75766528776087,132.32009070438042
2025-03-17,67.85158891274884,110.57004495167061,132.18866517187797
2025-03-18,67.59830971797129,110.27228084326981,131.99630712061813
2025-03-19,67.33310323447498,109.95257474686771,131.81122061445976
2025-03-20,67.10183143639436,109.65225420859115,131.65270351010432
2025-03-21,67.09645743491973,109.63367778936836,131.65199772731768
2025-03-24,66.87467471169514,109.27960923256899,131.33800233563198
2025-03-25,66.71641471002243,109.00278311604974,131.07460139019787
2025-03-26,66.57624216629276,108.75126327816886,130.85228550652351
2025-03-27,66.44418741047612,108.51087385965832,130.65979365889012
2025-03-28,66.2815369559679,108.20236082866663,130.34813006291606
2025-03-31,66.51146034975733,108.6092550223877,130.7713791852761
2025-04-01,66.51324876017334,108.56226592352881,130.71511120462054
2025-04-02,66.32856583632127,108.25704325698119,130.4068018427708
2025-04-03,67.79981077052157,110.52434004567682,132.94254979911545
2025-04-04,86.62066011972234,139.5860301813491,159.46758859995532
2025-04-07,90.58924580310844,145.1790688647995,162.9366808453548
2025-04-08,91.04057886283381,145.649580905047,163.39083865782092
2025-04-09,91.60808378166097,146.32863944259938,163.84542238056054
2025-04-10,92.08282221134571,146.9014692937059,164.32575164048248
2025-04-11,91.66691981509987,146.29615793100325,164.08134658893738
2025-04-14,91.665097648212,146.23908453631083,164.09850028974077
2025-04-15,91.47873710587783,145.96933220403335,164.0839494443814
2025-04-16,91.21083264180083,145.60379215642718,164.16074757393227
2025-04-17,91.00710373321101,145.28618406750329,164.3073392913387
2025-04-22,90.88922684170272,145.05175022059896,164.48390187952407
2025-04-23,90.83785943799953,144.8971244839363,164.67811929439168
2025-04-24,90.82638998877276,144.76459495685003,165.03501793075586
2025-04-25,90.8832266085677,144.6848041701081,165.44358925483002
2025-04-28,91.00832992322565,144.6570661217286,165.90511780221578
2025-04-29,91.17507541387474,144.67803496468804,166.33352372735123
2025-04-30,91.40935932582474,144.7555875463914,166.85945293070114
2025-05-01,91.72333654797063,144.89252619714645,167.48448083928153
2025-05-02,91.7972986355395,144.9434434757569,167.52321049424765
2025-05-06,92.16861583549115,145.21801395280295,168.29092922386624
2025-05-07,92.54781353303309,145.50147651240206,168.9683145462629
2025-05-08,92.99195867966593,145.82252196726975,169.62655705025597
2025-05-09,93.49160719808594,146.17914993751998,170.25230550906446
2025-05-12,93.90689690178056,146.48991230695398,170.74131706321992
2025-05-13,94.52127311901069,146.96965741117035,171.51399807050353
2025-05-14,95.16419692493851,147.47094992581322,172.27390885300372
2025-05-15,95.63025291641046,147.8463864146418,172.76144040419732
2025-05-16,96.0696640010016,148.22603376016664,173.23954511459223
2025-05-19,96.77222776519983,148.85371774834434,174.08528635404767
2025-05-20,96.65881297786648,148.79212958526278,173.86314726917936
2025-05-21,97.32889824947729,149.53383419662276,174.86282482431696
2025-05-22,97.76128084219569,149.98906964249684,175.40445340404395
2025-05-23,98.39220856542929,150.6143650474744,176.1645820825964
2025-05-27,98.59565521619069,150.81724337329112,176.36669853980894
2025-05-28,98.90163588039381,151.1377480742262,176.7068112188066
2025-05-29,99.50340460772478,151.72641443188178,177.32554993731995
2025-05-30,99.71047893730287,151.93041814944914,177.52983540117066
2025-06-02,100.31133242104377,152.58043409360226,178.21282341615097
2025-06-03,100.91898075907892,153.21439768792217,178.89432906930202
2025-06-04,101.5408411215254,153.84548497648333,179.593590276495
2025-06-05,102.19764927110597,154.49680988427627,180.34171821103732
2025-06-06,102.7437714024662,155.02583117315643,180.96108526184918
2025-06-09,103.41951639052355,155.6858919469931,181.78472283382155
2025-06-10,104.01006150917202,156.24834208621397,182.47669179277474
2025-06-11,104.65910305747688,156.8625604199188,183.28115499069764
2025-06-12,105.23436152458905,157.39596579629153,184.00476667824987
2025-06-13,105.60519264600599,157.74484706452,184.4527358947021
2025-06-16,106.05242980570443,158.1236540498953,184.97490772431635
2025-06-17,106.24274662413431,158.29924349233994,185.1766496276943
2025-06-18,106.67840423550471,158.60956666692917,185.64566856810836
2025-06-19,106.64288982376583,158.60906942527416,185.58707970557776
2025-06-20,106.91878477230689,158.71629919163166,185.80872824615463
2025-06-23,107.18084108011847,158.80258063624885,185.9661843647174
2025-06-24,107.4574084601028,158.8733640121197,186.07306232224866
2025-06-25,107.53242790380716,158.8952068228413,186.11530868653577
2025-06-26,107.69372115107677,158.852279400003,186.0744759960111
2025-06-27,107.54298215745405,158.8822326799714,186.0813985164301
2025-06-30,107.56963067399994,158.90042292813965,186.1307533451516
2025-07-01,107.58073267010059,158.85591737604952,186.099548157901
2025-07-02,107.59583645788688,158.8075801863339,186.10289864604005
2025-07-03,107.59485531135587,158.8100761761168,186.10486417087495
2025-07-04,107.55973271167565,158.7896939309433,186.16652821633988
2025-07-07,107.53283882146572,158.75588991220545,186.22995572232534
2025-07-08,107.53871261583927,158.76447630553287,186.23109053785012
2025-07-09,107.45159236522237,158.73293918817575,186.3166318855753
2025-07-10,107.89993806119087,159.00573307739197,185.65558069360247
2025-07-11,107.73235799547086,159.118280764421,185.84790005598546
2025-07-14,107.77436308261697,159.07269339365112,185.69501388203244
2025-07-15,107.84268580240857,158.97850117239597,185.3929534827832
2025-07-16,107.53472645925105,158.90442793354637,185.48677317957316
2025-07-17,107.4624948031093,158.8892631390131,185.49200434482785
2025-07-18,107.21476991938692,158.84942785366363,185.60610870960826
2025-07-21,106.99678023893632,158.80921751217622,185.7416775738537
2025-07-22,106.76653544990056,158.75858770617754,185.93514629092107
2025-07-23,106.67906659261237,158.7347947703259,185.98869272379545
2025-07-24,107.03073577969732,158.82511081954846,185.3052333934135
2025-07-25,106.77807477767026,158.8992784556676,185.710173415878
2025-07-28,106.6676074206325,158.908389748288,185.77014526441184
2025-07-29,106.73112561416845,158.94197288465057,185.6926991881233
2025-07-30,106.421960202743,158.90652218148017,185.9591297460169
2025-07-31,106.1336165763001,158.8488875162901,186.2332941293831
2025-08-01,106.3712625746529,158.93798716100008,185.87366092775284
2025-08-04,106.53076686089356,159.09263464447193,185.91644542596583
2025-08-05,106.19515745779972,158.87663429961088,185.9825853095218
2025-08-06,105.91905520823647,158.6864189645605,186.05942914280826
2025-08-07,106.16335192470562,158.88192683656234,185.89517365921634
2025-08-08,105.77850521748297,158.45815944574602,185.74689143446813
2025-08-11,105.59074318770007,158.23608171847883,185.67280432235063
2025-08-12,105.28288943489696,157.89861314026737,185.59098997857345
2025-08-13,104.98638092215036,157.56371891164065,185.53720160297354
2025-08-14,104.67536541618337,157.20266375868476,185.50748347549398
2025-08-15,104.59688064888958,157.09848785232145,185.50650502986434
2025-08-18,104.29283156579578,156.69878672724641,185.34390172390383
2025-08-19,104.12102544206502,156.46085860181836,185.27484695430215
2025-08-20,105.7089569308838,158.31690829233185,185.78796858351032
2025-08-21,105.33246335839101,158.20540285118676,185.99554363717115
2025-08-22,104.92817719206728,158.06755876267556,186.27653706531407
2025-08-26,105.07708516485054,158.15682700584017,185.96001118197125
2025-08-27,104.64460583516808,157.8140075317266,185.9749409610277
2025-08-28,104.50035913648087,157.69835629636137,185.96817902774885
2025-08-29,104.22300176762522,157.42191123974186,185.84563545175203
2025-09-01,103.77572295326294,156.93871867458768,185.51310329264277
2025-09-02,104.75935739141842,158.00196156562927,186.27726162766388
2025-09-03,105.05015332553738,158.3065447104648,186.5702713888769
2025-09-04,104.83760469634348,158.0614971138967,186.4257294399283
2025-09-05,104.36376600714763,157.5596564202651,186.13194466492322
2025-09-08,103.92889582304717,157.07980653029185,185.82761394499732
2025-09-09,103.57010149698871,156.66837462204126,185.59243718320565
2025-09-10,103.1969676616225,156.23621549094074,185.37270752046342
2025-09-11,103.8912472530874,157.01506240704725,185.94823048219527
2025-09-12,103.47231724920219,156.7001147180313,185.84769358961802
2025-09-15,103.02876137363543,156.3338374540635,185.67114519850475
2025-09-16,104.03431102487264,157.25444376298228,186.2184082043083
2025-09-17,103.54398200714401,156.65647989129414,185.7923614715672
2025-09-18,103.12863532910029,156.132043051626,185.44173520149266
2025-09-19,102.67888847146364,155.56081268013517,185.08190912499867
2025-09-22,102.23084785924502,154.9780899879005,184.67768904780684
2025-09-23,101.77408535470633,154.37194271350143,184.2815139847697
2025-09-24,101.50135054246306,153.98629582987226,184.04406710755103
2025-09-25,101.38859313460362,153.81064182726965,183.97131786709144
2025-09-26,102.27330829535973,154.86397325471876,184.8657243051423
2025-09-29,101.81729189896556,154.44706244685648,184.63771662250673
2025-09-30,101.958621482072,154.5882992774547,184.74241464790234
2025-10-01,103.63346850925764,156.0014848293277,185.17593760569304
2025-10-02,103.17919830560967,155.90664281610339,185.37356229307093
2025-10-03,103.463940483757,156.04143368203313,185.22203853275943
2025-10-06,102.9992547158613,155.97903122935384,185.48336445696032
2025-10-07,102.5307279819682,155.8737383025796,185.6910847687195
2025-10-08,102.88061872883242,156.01680150462585,185.36150716656752
2025-10-09,102.70083552041994,156.0070081721319,185.39406730009765
2025-10-10,103.46589318817021,156.35713381868268,185.01470663396407
2025-10-13,102.99186877804773,155.93088349725,184.84679098578357
2025-10-14,102.52540339191947,155.49535111747974,184.6997716636558
2025-10-15,102.20908033273741,155.1867757050669,184.61775596607242
2025-10-16,101.77815551063203,154.73190114668972,184.38305393196373
2025-10-17,102.61812065034218,155.62676678338252,184.88135901087685
2025-10-20,102.5621324078613,155.51141378562644,184.83868466091644
2025-10-21,102.17652103322895,155.04027746786377,184.55892738939556
2025-10-22,103.08351530575865,156.07387785518375,185.24274879657625
2025-10-23,103.23022459385611,156.20803916227263,185.27688710179515
2025-10-24,103.40856606890213,156.33802599505066,185.2150794172868
2025-10-27,102.98072913050319,156.20232270726393,185.42432950938473
2025-10-28,102.8142703809385,156.15404391124096,185.47038875441092
2025-10-29,102.86966292894007,156.18759743925887,185.28271929603486
2025-10-30,102.4991463744773,156.146588546056,185.69813871869465
2025-10-31,102.36997320167674,156.1301877555055,185.72917732702783
2025-11-03,102.04173168513447,155.9713293194572,185.8983202537933
2025-11-04,101.7173608802081,155.7823781554335,185.99769347716446
2025-11-05,101.88520304014878,155.90963120088986,185.87901190718736
2025-11-06,101.75847034946267,155.8717033665718,185.91738268483076
2025-11-07,101.78236688401941,155.902946235517,185.90163967349747
2025-11-10,102.96076303471952,157.02016128119448,186.49813351610234
2025-11-11,104.09085073332146,157.36651254973626,186.00092735160445
2025-11-12,103.64916702369061,157.49024568256644,186.39842220231347
2025-11-13,104.35334684123124,157.18932448291213,185.00160733274976
2025-11-14,105.10788593567713,157.71719101303353,184.9538357144763
2025-11-17,104.66900711959246,157.2632808049338,184.71410164774028
2025-11-18,105.65667868365956,158.30934955117857,185.4792667284844
2025-11-19,105.34707023414433,157.87152956889975,185.14036641243314
2025-11-20,104.93455067192839,157.27479353481445,184.58456790804357
2025-11-21,104.55154618503249,156.6931908992128,184.0527718482568
2025-11-24,104.20752745091008,156.13592398577012,183.5535848884729
2025-11-25,104.3086032798022,156.2418117166628,183.66257796154227
2025-11-26,104.46974977859792,156.43089145455144,183.83739670042164
2025-11-27,104.17442489357184,156.1574505329408,183.647140211673
2025-11-28,103.96313258559009,155.94702064991452,183.51713296091043
2025-12-01,103.76381735616818,155.74217341580157,183.41566142907266
2025-12-02,103.57178769987836,155.52094099985334,183.25631145277612
2025-12-03,103.41341202943832,155.31574370985896,183.12024626079995
2025-12-04,103.28651041785193,155.12908048917893,182.9770522998613
2025-12-05,103.24274837920642,155.05339581014573,182.9325316132848
2025-12-08,103.11296893360971,154.8217558068329,182.70097291079634
2025-12-09,102.9591752865103,154.53205364661707,182.3625767238454
2025-12-10,102.82651457288695,154.25970105146493,182.05190391652167
2025-12-11,102.81486208675248,154.21495086108254,182.00476244348138
2025-12-12,102.84087548164878,154.24385449858687,182.03336444043757
2025-12-15,103.50180999486156,155.22579754097347,183.05759890144398
2025-12-16,103.60266289910524,155.28008213085113,183.10331614648354
2025-12-17,104.04868584352515,155.6679146019377,183.50726782806527
2025-12-18,104.05390986595525,155.6852404284667,183.52309666750833
2025-12-19,104.01195903725694,155.68601481793834,183.52288709221904
2025-12-22,103.76539591762504,155.69699193788955,183.5949822183625
2025-12-23,103.5010047212436,155.6670974659194,183.58265065430678
2025-12-24,103.25267215313055,155.6407290369816,183.60403383062223
2025-12-29,102.99802177506498,155.58463212021007,183.56053997613643
2025-12-30,103.17559855673197,155.64674510469098,183.60489012376328
2025-12-31,102.92051426317482,155.68078676140854,183.70673724896696
2026-01-02,102.70848065697325,155.69024045567247,183.76741987278302
2026-01-05,102.69947226843091,155.69027453830176,183.7544095721828
2026-01-06,103.51647004675677,155.5183828095587,182.8415178378439
2026-01-07,103.6424735216957,155.26130979240205,182.26426417609534
2026-01-08,103.28406940240372,155.2451526450369,182.4355854648392
2026-01-09,103.48938907965005,155.26365607096585,182.25177146079423
2026-01-12,103.18273332391063,155.34314022620862,182.54155344648544
2026-01-13,102.89307766452237,155.42253895593896,182.8840136193501
2026-01-14,102.79178563558426,155.44037374578323,182.94191298853136
2026-01-15,102.75117727710635,155.44151800332205,182.87644508757623
2026-01-16,102.50883353068505,155.5647703457102,183.35890574212056
2026-01-19,102.39441152237785,155.60679698815858,183.5047314032153
2026-01-20,102.50759199912717,155.6196020327777,183.28097258516323
2026-01-21,102.2207205598766,155.39189247025925,183.2472003656157
2026-01-22,101.96009390786188,155.16719634718484,183.23911657457268
2026-01-23,101.71102372233315,154.93295007518375,183.2559536241727
2026-01-26,101.47069404174303,154.68493538310292,183.24897781292165
2026-01-27,101.5472023446349,154.7662942765615,183.24273498230488
2026-01-28,101.55928132522516,154.78194245763282,183.20772691622616
2026-01-29,101.28175128738619,154.48768633992958,183.11502669049557
2026-01-30,101.28251756137855,154.4833619323501,183.12374541293133
2026-02-02,102.53077444528301,155.61503760583645,183.00858078906893
2026-02-03,102.21160987615438,155.63572907419535,183.2776289880108
2026-02-04,102.6515898276273,155.68576147623546,182.8164399074115
2026-02-05,103.12376448042839,155.50557606569703,181.84096143438467
2026-02-06,103.0519576269404,155.4844151817387,181.83923736925328
2026-02-09,102.67010436248415,155.3215097938662,181.95867126280461
2026-02-10,102.39769355940334,155.2028640071881,182.06500103025832
2026-02-11,103.3134289530579,155.78959393181373,181.96674351985212
2026-02-12,103.32136893417555,155.7810087625778,181.8321461752138
2026-02-13,103.08374048261473,155.70560499179084,181.85260340492923
2026-02-16,102.78247139314017,155.62346997731342,181.93454178698113
2026-02-17,102.96149337697115,155.68699913237265,181.79715034342075
2026-02-18,103.80064013893995,155.61199456026392,180.69524933309904
2026-02-19,103.65790415067063,155.65518503033175,180.71084330477063
2026-02-20,103.53095377354555,155.67617551142976,180.745440925875
2026-02-23,103.21245776157818,155.82787197533867,181.1190688983298
2026-02-24,102.93607423633422,155.9743935507553,181.49761161756976
2026-02-25,103.50475380183802,155.55448050775917,180.1550181051714
2026-02-26,103.28889726828623,155.76165941980491,180.49175370586323
2026-02-27,103.22280686266481,155.756763761474,180.35854560868404
2026-03-02,103.7511660053315,154.48514259792066,177.21612315196688
2026-03-03,108.18129602540243,156.96969173045787,174.0082184737277
2026-03-04,107.9298433501975,156.54421423260612,173.8850139647064
2026-03-05,108.37445706702958,157.06830132189808,174.13272525929412
2026-03-06,108.51109317887459,157.17096999927531,174.26659262468868
2026-03-09,108.11182456129539,156.4753451068745,173.7756077441815
2026-03-10,108.5596412338558,157.09934396355666,174.3328534140135
2026-03-11,108.28734492263978,156.71978967803085,174.08968627806559
2026-03-12,108.03592438399428,156.33373377774666,173.77849971589976
2026-03-13,107.82332516617905,155.96591410893896,173.4260836067605
2026-03-16,107.68125909441987,155.67386108446985,173.09865074316835
2026-03-17,107.64177474041625,155.5655168810786,172.9752467721809
2026-03-18,107.641002027827,155.55075745572572,172.95621991465885
2026-03-19,108.29624397132025,156.9546240421177,174.70883593813014
2026-03-20,108.48074693031025,157.18732479828768,174.94094312507735
2026-03-23,108.17689946114983,156.54894570358934,174.28378911347102
2026-03-24,108.02634062825969,156.145958214705,173.84632253708568
2026-03-25,108.15315613483719,156.3625133958968,174.0646990231629
2026-03-26,108.23505037527129,156.47522165330244,174.1789664669898
2026-03-27,108.02915461949074,156.0432504722441,173.66637010479866
2026-03-30,108.18640661558818,156.38571745496697,174.04888006942076
2026-03-31,108.04923513303797,156.226246287211,173.83187481546352
2026-04-01,108.23549360788766,156.45583360009647,174.14594199339402
2026-04-02,108.12766925927075,156.50925020671954,174.17182060908638
2026-04-07,108.0784277665479,156.56777481130894,174.21861107584903
2026-04-08,108.39966333096086,156.15652906703056,174.28522420543678
2026-04-09,108.18082925924372,156.57435974060184,174.60523159112057
2026-04-10,108.03309505350853,157.03291752375344,174.96194366463268
2026-04-13,107.95616524273413,157.5166232401831,175.34817766015198
2026-04-14,107.94293202354301,158.00818858891017,175.71861627992251
2026-04-15,107.98363163018037,158.42932507810477,176.0595727801301
2026-04-16,108.06964299048315,158.90800555193766,176.37780906758704
2026-04-17,108.13847305363007,159.08902418276267,176.52944843890313
2026-04-20,108.25618149276667,159.4553327739894,176.82596619944164
2026-04-21,108.20824760479697,159.18392525302738,176.70765630774986
2026-04-22,108.33568558599633,159.45077238132902,176.80490803827777
2026-04-23,108.51163212967478,159.73969143169242,176.89033090977546
2026-04-24,108.57690888169064,159.81946800512702,176.9169353055691
2026-04-27,108.69872905968495,159.94384869592915,176.87290585994322
2026-04-28,108.90516265169482,160.10694756233679,176.71405272998282
2026-04-29,108.64623859396991,159.922737581033,176.7854245953419
2026-04-30,108.34688029418412,160.03225290396585,177.31962088216864
2026-05-01,108.32919885518183,160.19818625136972,177.2548430442313
2026-05-05,108.28007308897591,159.8937289303812,177.3260016810141
2026-05-06,108.52683151086605,160.29098791165063,178.2384861185286
2026-05-07,108.71444712477695,160.01936314467395,178.1877842434892
2026-05-08,108.51068513688595,159.94572128080154,178.02161456751222
2026-05-11,108.35234098938372,159.89249398412738,177.8198266113655
2026-05-12,108.24175210506104,159.88701816900732,177.6633692779625
2026-05-13,108.21026334020262,159.9125265702896,177.58538791650113
2026-05-14,108.21090699828687,159.99085191130916,177.55567787024896
2026-05-15,108.0960804010864,159.62252756317594,177.49324523967803
2026-05-18,108.13479579845851,159.6919996129416,177.56650501856404
2026-05-19,108.03518903613082,159.61179636048413,177.47411730523623
2026-05-20,108.0321664622011,159.60887577787395,177.4709199988994
2026-05-21,108.01117372752385,159.67477307459325,177.5441245398631
2026-05-22,108.0495460822186,159.77719690889262,177.66302391921732
2026-05-26,108.14083826482792,159.91601275542035,177.8279229200189
2026-05-27,108.28893643665951,160.09963882444075,178.05040727848174
2026-05-28,108.33359014222177,160.14644213077065,178.10240624548388
2026-05-29,108.5001603366811,160.25608149915294,178.18629294980153
2026-06-01,108.56815990722399,160.30314653875283,178.21421208258934
2026-06-02,108.72506506050128,160.35161319500727,178.15372843839782
2026-06-03,108.89287444182804,160.4256271861959,178.1428556012453
2026-06-04,109.09884988530507,160.49803744778316,178.0611511998244
2026-06-05,109.36555546238291,160.61130803151156,178.02292660533962
2026-06-08,109.67020350435138,160.74749300112055,178.02881149429876
2026-06-09,108.55187959611551,160.29521596566588,177.89779966943723
2026-06-10,108.57843896815012,160.05156003012536,177.67004934144418
2026-06-11,108.62275322643741,159.90145675917006,177.5399311057478
2026-06-12,108.27140192508294,160.42627360786733,177.94785369663623
2026-06-15,108.19531600718716,160.51196174703807,178.07368275144208
2026-06-16,108.16647315526473,160.5529521610734,178.10538198072237
2026-06-17,108.13337503676547,160.70461244925656,178.25103234263858
2026-06-18,108.12166997604994,160.5375673777853,178.07031166057175
2026-06-19,108.06816801155189,160.47773538005495,178.00992428981942
2026-06-22,108.06214653850616,160.4640707433786,177.979640596126
2026-06-23,108.03595944335375,160.47262368529178,177.93742653996952
2026-06-24,108.04952863593077,160.4976432730003,177.90796422451217
2026-06-25,108.05997137096197,160.50979567321303,177.9114818042285
2026-06-26,108.10490983686107,160.6265337020924,178.00645145542154
2026-06-29,108.17208371195143,160.7367907597641,178.05688591487205
2026-06-30,108.26358603027757,160.84589902215293,178.0590148059524
2026-07-01,108.37931688291953,160.95940220940176,178.09718470249135
2026-07-02,107.56475272175919,160.31717911635363,178.10606377837252
2026-07-03,107.4342176432265,160.7086719134639,178.43105988300707
2026-07-06,107.34706756496035,161.09400767081974,178.78100142244134
2026-07-07,107.281559689041,161.48817144350403,179.09145985714426
2026-07-08,107.41306903457829,158.95446567252978,176.9296515879283
2026-07-09,107.16190328228103,158.636102204737,176.82952256941974
2026-07-10,106.96951263557679,158.3638707704961,176.7240009405631
2026-07-13,106.80849289166214,158.10747239554573,176.65668648954434
2026-07-14,106.71199682259638,157.91612114775884,176.6317981802456
2026-07-15,106.63836218151701,157.7341417410065,176.65037191348827
2026-07-16,106.62131638616799,157.66073815550718,176.65030047408774
2026-07-17,106.59345646797382,157.56595042712007,176.71220207517774
2026-07-20,106.5941724899537,157.57842903315347,176.68062670563768
2026-07-21,106.57798247917374,157.51320163060512,176.6528245340036
2026-07-22,106.727652846253,157.85130119677274,176.7029901007063
2026-07-23,106.7264250756443,157.84302866363683,176.658529033372
2026-07-24,106.82259183717284,157.88870778631306,176.6646113842618
2026-07-27,106.69013440071186,157.9166921001166,176.74544567015502
2026-07-28,106.73241984293216,157.8822758777583,176.6509760017125
2026-07-29,106.60704646537451,158.0124472938816,176.8712969409405
2026-07-30,106.48830096438398,158.20393084420124,177.2112214343942
2026-07-31,106.41579796001365,158.3629210660037,177.4739016094946
2026-08-03,106.3510523484752,158.5170528574109,177.69290027131802
2026-08-04,106.3163330390854,158.65110475232646,177.87272611487546
2026-08-05,106.30492498993696,158.79901846045937,178.1047477649969
2026-08-06,106.31619359040782,158.92668485236555,178.33977818396752
2026-08-07,106.32871467795715,159.0039298327226,178.471706021862
2026-08-10,106.34329102963294,159.06959723880246,178.60282473357663
2026-08-11,106.33955545206938,159.0918799932408,178.67325255670647
2026-08-12,106.3333557716188,159.0849562073115,178.68725337765795
2026-08-13,106.33409800884742,159.0881061953487,178.689160296613
2026-08-14,106.25718234641451,158.9237431560502,178.49913473432045
2026-08-17,106.18576860073173,158.76140302115846,178.2842810063198
2026-08-18,106.0693269219084,158.50499443896186,177.916825442253
2026-08-19,105.965507495335,158.25706802586242,177.6005399826028
2026-08-20,105.85437176948479,157.98449558365303,177.29721267730235
2026-08-21,105.94358424379271,158.16637465513745,177.47370615109972
2026-08-24,105.8510958201977,158.06484789431332,177.40428535941075
2026-08-25,105.72900904336736,157.9445616451444,177.3537419222412
2026-08-26,105.53817429027528,157.7601625022853,177.3208842771507
2026-08-27,105.91308610259168,158.16339888357675,177.45263522463267
2026-08-28,105.68182160027872,157.8191505447364,177.21855545478044
