Date,GARCH-t,GJR-GARCH-t,EGARCH-t,EWMA,EGARCH-Normal,GARCH-Normal,GJR-GARCH-Normal
2018-01-02,-0.24397681563503892,-0.31560819899659154,-0.2921292674620197,-0.31027910265453906,-0.3068625070390134,-0.2350631821494088,-0.31647538986584267
2018-01-03,-0.6833743744748031,-0.9112953818376349,-0.9759295739278057,-0.9067318236681561,-0.94307665588064,-0.6653424345572223,-0.8844471410249302
2018-01-04,-0.6971704026177845,-0.8958188805875237,-0.9758706230615587,-0.8873333492522759,-0.941253524610226,-0.6793325852187799,-0.8675271914343354
2018-01-05,-0.6535145070008921,-0.811446469628409,-0.8897470076088432,-0.8007515648929331,-0.8602814835196253,-0.6370745619035771,-0.7857891557125638
2018-01-08,-0.6986893695498313,-0.8547515480625733,-0.9502168439899202,-0.837616375855462,-0.9174626738185666,-0.6810200161247568,-0.8261967043485321
2018-01-09,-0.49987651962084934,-0.5664643791996568,-0.5950208295541257,-0.579046145136483,-0.5841313242373452,-0.48897905761988014,-0.5534561040532476
2018-01-10,-0.9662982091042077,-1.149390467100356,-1.2911945445484727,-1.1661012934150414,-1.2347866834389185,-0.9416986167821031,-1.1074531622881754
2018-01-11,-1.0752219975806363,-1.2498349301919083,-1.436489855057796,-1.2737523139631475,-1.3681960816877738,-1.0472939593341,-1.1999553329237544
2018-01-12,-1.1115746021047845,-1.2574897866404604,-1.4677105380832085,-1.291324230391954,-1.3967926278572589,-1.0822478416675076,-1.2046969126620217
2018-01-15,-1.2599829576843142,-1.400246403630031,-1.6809231299882335,-1.451012380335172,-1.5903861045854872,-1.2248035560790256,-1.3359148976097333
2018-01-16,-1.25789979678989,-1.3578488499066157,-1.5895039843149659,-1.4368321270571442,-1.5170060534343615,-1.2234329855852009,-1.2966387901456862
2018-01-17,-0.7764337510349416,-0.8019085064567062,-0.8524810103738513,-0.8375463103526338,-0.8405048733011752,-0.761502468805306,-0.7790675290323645
2018-01-18,-0.9887354436964554,-0.9928007501918685,-1.0736006925833887,-1.125229976645079,-1.0477757716033933,-0.9659758829635833,-0.9605449277097473
2018-01-19,-0.7936305073033929,-0.7785801087716124,-0.8077293968606652,-0.8779854480957842,-0.7957302573168918,-0.7785834210226943,-0.7585536580368656
2018-01-22,-1.2439081123629936,-1.2395251674225447,-1.3398805401091822,-1.4699317044778182,-1.3036838162244941,-1.2100940671762939,-1.1953760011533388
2018-01-23,-1.2516893254575099,-1.2235363353029896,-1.2829110600949754,-1.477512503430637,-1.2566625356281462,-1.2182327540244633,-1.1811134269277728
2018-01-24,4.380418742041311,4.174266464492266,4.752541324170845,6.048681618453743,4.53691638641161,4.165676684769379,3.9155398987570993
2018-01-25,-0.6431723301320986,-0.4764762626460325,-0.6299326791528109,-0.8853617147612691,-0.6330249274681455,-0.6254863715023737,-0.47680561894227885
2018-01-26,0.15519598320397687,0.14358825823710974,0.14089538854433614,0.36378991265815874,0.14161562274963724,0.15080548973090457,0.1435657833667373
2018-01-29,-0.979011504355405,-0.8297707353070577,-0.9899264174387485,-1.3887256129851777,-0.9882450773702425,-0.9523685941376013,-0.82390553862584
2018-01-30,2.442123002586287,2.072476347222426,2.4746110127121863,3.756824757476402,2.4573212763072325,2.3716088483316256,2.0480300946299854
2018-01-31,0.3502917120740472,0.35085251567307374,0.34177828686914313,0.5552366828602742,0.34234456488989484,0.3478151829963553,0.34940160026137723
2018-02-01,-0.04565989111889124,0.07380552353709774,0.04556735681933216,-0.10187905352321613,0.03169968369249698,-0.040672576214948464,0.06587969282779227
2018-02-02,0.09079554513064625,0.18133619512566723,0.19266177305667676,0.11386578523416824,0.17733731700579758,0.09317569706766804,0.17443322729651728
2018-02-05,3.713129205848163,2.795221518321384,2.580985874070889,5.803591147962656,2.667760621225823,3.6752187703551003,2.838800207690596
2018-02-06,9.983633129649252,7.070134178888978,6.7798732071096515,16.207784418782197,7.113843139384032,9.921025269834109,7.2654327392576405
2018-02-07,2.904078948515206,2.441047281953386,2.563098101828957,4.255815237798631,2.629400637531319,2.89089959746214,2.467559431162686
2018-02-08,1.8657133111035225,1.8234159237303138,1.867616213234062,2.2718182307767822,1.886830548311265,1.8632003376417265,1.8285353707337133
2018-02-09,1.2509711583309313,1.3455702744650728,1.3044548794826643,1.19432806782367,1.282057715380023,1.2519109054482878,1.3283011431624794
2018-02-12,1.360824143821377,1.4362800411637109,1.4350706583946728,1.3825273713219544,1.4136192834506225,1.3606855130273692,1.4226733309307056
2018-02-13,0.5207290093553302,0.7110778897422386,0.683800302305109,0.10793436131471883,0.6341230216627376,0.5186024270948743,0.6769440314181747
2018-02-14,0.6702461058164388,0.8247824010695479,0.8154307524809884,0.42851675542958584,0.776089404157823,0.6664030522274071,0.8007381245406195
2018-02-15,0.368351761450287,0.5476948874227607,0.5208575684495578,0.07870184676851345,0.47956250086380786,0.3616501829911884,0.5216018606319358
2018-02-16,0.7555368151775286,0.8533452765345739,0.8327895431397488,0.6615879830490642,0.8127917581492436,0.7513436473351606,0.8405859787483083
2018-02-19,0.50608980023956,0.6064736615030777,0.5676120043942271,0.3737553870609294,0.5485438688295302,0.49982202025400546,0.5927945307789654
2018-02-20,0.08132066595716798,0.2590391380339401,0.2867883129624645,-0.11120089624154636,0.2523528001570445,0.0692397581711326,0.23916709999468178
2018-02-21,0.20621224962517953,0.3561883915684163,0.37736942855939104,0.09967761945218906,0.34865757738744235,0.19520289702193205,0.3434080300481221
2018-02-22,0.0649839171493572,0.21556771785605014,0.22611576786098783,-0.0170862173644864,0.20223158344124928,0.05268261039168945,0.20558225114513154
2018-02-23,-0.18333940224416234,0.012290299299187728,0.09007563962331093,-0.2510765085764191,0.05795650760931635,-0.199835958017183,0.0019861979601376797
2018-02-26,0.22122866831909288,0.33266396687798844,0.3916306106724105,0.20912988768848034,0.3706405396032987,0.21260333109998036,0.328809982719827
2018-02-27,-0.33920398876800917,-0.17187686037150057,-0.09266299063115478,-0.34246376020627356,-0.11700370801151305,-0.35538339704860167,-0.1740306645824077
2018-02-28,0.3115200627891328,0.36636384508016445,0.40532097968081654,0.32067325522827467,0.39419946878285383,0.30757627134646803,0.3670411133999909
2018-03-01,0.5077358753719159,0.5370609097173017,0.5856522141273425,0.5087882981627375,0.5741532325955394,0.5072492450709789,0.5363798816915488
2018-03-02,2.9625818248893614,2.457018485864829,2.1489358426987053,2.9708028980708923,2.19637056140809,2.999934022415255,2.470930277348498
2018-03-05,0.33073548772638295,0.5170566860461574,0.6315985185373159,0.2695784632354041,0.5961872972075608,0.3258281738056901,0.502821076224617
2018-03-06,0.008859698935845955,0.23466991956941094,0.36267028086455233,-0.0687382052380831,0.326584579991535,0.0017522283861807209,0.21971690549135628
2018-03-07,-0.27556856100234867,-0.011672998299022044,0.12302869520883429,-0.3387045216865895,0.08811785364712094,-0.28479067756231413,-0.025126001588979378
2018-03-08,0.19228909241485148,0.32559218234658943,0.39861358196620084,0.18349975190590695,0.37995037571970447,0.18817382417583178,0.320542416091824
2018-03-09,-0.3132819985702763,-0.11191573481482917,-0.015316465138036264,-0.31848028374592413,-0.03472363443161165,-0.3205600944637025,-0.11608361455458693
2018-03-12,-0.5082078738769837,-0.2853626664641169,-0.1937510796312178,-0.4791300871832637,-0.20868130182428066,-0.5160929541588428,-0.2852899927648198
2018-03-13,1.4778517705468734,1.2675700514941424,1.199792129456445,1.412137140504273,1.208605021352246,1.4874780612473029,1.2650735295413682
2018-03-14,-0.4709595301811234,-0.17996926586048914,-0.03966704757988601,-0.4997280277684854,-0.07045889273671468,-0.47741321162182343,-0.18938753768588648
2018-03-15,-0.5623722534944722,-0.26365818894904314,-0.11079009877580503,-0.5554623905518188,-0.14330369375984958,-0.569575461053784,-0.2689536927308069
2018-03-16,-0.4499890005194448,-0.19845452488800153,-0.07772080476059265,-0.4161924686038334,-0.10226749451017125,-0.4555191988074131,-0.198841933302383
2018-03-19,5.419625436365282,4.117421466922264,3.704890782611618,5.075312875749412,3.770443419410832,5.447289163610393,4.101238601259024
2018-03-20,-0.1758036984907233,0.17414714309738566,0.17035714156746543,-0.3260316354359642,0.13229198194190173,-0.1766236789370353,0.15427366485416624
2018-03-21,-0.21828007252458317,0.11562411156782612,0.10322591511660935,-0.32332156287079894,0.07169486631305472,-0.2198524022295218,0.10047528994952354
2018-03-22,1.9321637925559214,1.557452248438585,1.5319962177432482,2.0734694877065536,1.5540279153417578,1.9368823015056014,1.5665749653897132
2018-03-23,-0.01719372225971122,0.3038085096155113,0.37249763228573096,-0.13956373952840168,0.3325161895878986,-0.019360094416165485,0.28517602439510126
2018-03-26,-0.01735478003951174,0.2861607172604909,0.4022234029054852,-0.11131208583734026,0.361269327243841,-0.020532267402301463,0.2697425572807389
2018-03-27,3.441694148082234,2.5439205784483265,2.2787296736176166,3.828466875882622,2.338037381362059,3.4592241997153965,2.574715399129028
2018-03-28,0.32691310347985036,0.3603100158167518,0.4637765751309559,0.22560698867927398,0.4420149689372913,0.3275608954262582,0.3516392693867781
2018-03-29,-0.15930827640970446,-0.13247948308050803,0.015079949911542852,-0.32761876879290547,-0.009364792071510485,-0.15852488964371397,-0.1429441954650601
2018-04-03,-0.11291609622816792,-0.0788708998454628,0.03830295489026908,-0.21738774280575182,0.020822320640176972,-0.11346191318137733,-0.08390198293289569
2018-04-04,-0.37094685672131184,-0.30510273839127033,-0.10692568964585346,-0.47258762036184476,-0.1323950685186171,-0.3734701312836474,-0.31013939985876554
2018-04-05,8.235225183026051,7.635786625520014,6.453748421584238,8.726006242611765,6.580899814767621,8.262840370400777,7.636461452051604
2018-04-06,0.16938404012672442,-0.39814488614418214,-0.2785375121950274,-0.07952710623496403,-0.2690680302580474,0.17520743703336591,-0.3934178130560402
2018-04-09,0.045374158568607735,-0.5008090885347783,-0.33526957249211314,-0.16435138507008373,-0.3305184517170376,0.04846151846987664,-0.4933763914922143
2018-04-10,0.9946209955430519,1.225564572809429,1.1143409717412716,1.024180258842701,1.1086948773544287,0.9945429479226289,1.2146015486406203
2018-04-11,-0.06094538562975266,-0.6631485645677118,-0.5484495957217966,-0.21464783916865016,-0.5225160270868952,-0.05939034197595483,-0.6455836799008849
2018-04-12,-0.1837656560204243,-0.7657433469544292,-0.6206111551191983,-0.2973305827470041,-0.5987411466119211,-0.1845465455548915,-0.7438581825090097
2018-04-13,-0.27966781678011965,-0.8217877727186084,-0.6949105741964589,-0.34876535575165585,-0.670164941339889,-0.28225711258930253,-0.794735369742321
2018-04-16,0.856010246601405,1.1839521583615693,1.0766215940599573,0.8634256174303623,1.051395342151003,0.8569941501021849,1.1487369970492445
2018-04-17,-0.13107355911048132,-0.3482549648223581,-0.27185132574883314,-0.17972290244398217,-0.26789471824306565,-0.13453996508066346,-0.3429631637995826
2018-04-18,1.9794931209154951,2.4808266431291717,2.312371576032092,2.019150157451036,2.2855403877949536,1.9858242552073184,2.4528778916469056
2018-04-19,-0.2512817886735822,-0.7246239023091147,-0.6906905122782739,-0.3307270586763099,-0.6562497486068967,-0.250761486754462,-0.7072131285945512
2018-04-20,0.034770463094659254,-0.18115366753154982,-0.17546767353047177,0.011638994253610813,-0.16064557816277136,0.03434985201464752,-0.17302682567615335
2018-04-23,-0.17526999754893519,-0.4858843308876123,-0.4940989678059751,-0.1867306403524055,-0.4632965034783597,-0.17541132734726073,-0.4689445797837935
2018-04-24,-0.3042774064788495,-0.6427936889607113,-0.6718239415500278,-0.2934648771641727,-0.6297540765690888,-0.3041475075895034,-0.6194863772615581
2018-04-25,0.1075057892151472,0.05812601569430775,0.06926565955311581,0.1210145624117348,0.05821764475638491,0.10770477122054989,0.054716084765006556
2018-04-26,-0.010676242155615467,-0.10576382860632605,-0.10683745842813441,0.0007985156843444141,-0.09692026943675991,-0.010801313698910575,-0.10091340097630552
2018-04-27,1.5810928763448886,2.1333418790146466,2.219694007826692,1.53587277636629,2.091162324749133,1.5791291065418052,2.0730165452013614
2018-04-30,-0.4977943832381863,-1.0109974805025703,-1.1004385503500453,-0.5182096754754782,-1.0197532541415848,-0.4919151483560766,-0.9771777787071245
2018-05-01,-0.5701479456843973,-1.0311615635184699,-1.1383072000730556,-0.5548336971147918,-1.0569220114197615,-0.5650789722969092,-0.9933844331550528
2018-05-02,-0.5182643413575072,-0.8632599266212302,-0.9610102200922347,-0.47752642917947413,-0.897377780822959,-0.5139387528866091,-0.8303115846688911
2018-05-03,-0.14779789205494642,-0.23801479377985968,-0.22726730952258278,-0.11819560698211795,-0.2375348575551992,-0.14543551910273833,-0.23519995631259294
2018-05-04,0.8170362217584858,1.0742256192243316,1.190344821181105,0.7856174166147311,1.098745794244069,0.8137754338039122,1.0361000158582196
2018-05-08,-0.7156836525964055,-1.1382193265283205,-1.2805183695493445,-0.6985162971342004,-1.1892817268214577,-0.7065692878239713,-1.0987161943660324
2018-05-09,2.8098541076315326,4.12771918369015,4.860192926872261,2.69127654181375,4.432384042576724,2.7864712226819055,3.93867858755757
2018-05-10,-0.11933411401485122,-0.372126477692743,-0.37799428830877657,-0.1550146399106983,-0.3809760267615566,-0.11190912586045415,-0.3645070216042545
2018-05-11,-0.43953801280459565,-0.9491635987066707,-1.1127562842439338,-0.4756394446077009,-1.0364470562812254,-0.4284071046670762,-0.9122784520185164
2018-05-14,-0.630417870615175,-1.216603040111475,-1.4823426614555082,-0.643564419137745,-1.362562285739916,-0.6177589345085645,-1.163228409764461
2018-05-15,-0.7214329072398428,-1.2591813501184175,-1.4866392334501557,-0.7124395253324792,-1.3765876036297433,-0.7095579113069552,-1.2048417694301832
2018-05-16,-0.8112965914492557,-1.31011517987432,-1.5737814781029233,-0.7751126961644971,-1.4564156333478715,-0.7988367324662334,-1.2504383400096934
2018-05-17,0.29145094012070927,0.5824333560356107,1.0439327612763474,0.27878520849808974,0.8188611623730291,0.28820247373769037,0.5159239565630995
2018-05-18,-0.8737225233054026,-1.4070458573787838,-1.7712446337207675,-0.8387549825184712,-1.6265363437530176,-0.8572540447849225,-1.3376176962024329
2018-05-21,1.8488636610768818,3.1956561494036433,4.862813733845663,1.753113565725854,4.112537124693585,1.8176861182846276,2.934202185455618
2018-05-22,-0.6796962046229805,-1.2673038235169702,-1.568072318167792,-0.7108640405899498,-1.4567401300617038,-0.6622662460060948,-1.2085733110357677
2018-05-23,2.240047717435752,4.511680079649451,7.7958067929160055,2.259960182887423,6.35303611695195,2.197527607504525,4.120669084109304
2018-05-24,0.9760074625858449,1.1072352474993896,1.7541349789274947,1.0759080486571142,1.6223408907480832,0.9668629195101794,1.1002939783431072
2018-05-25,-0.48046967597142715,-0.49833983890484457,-0.8067267454604048,-0.6552167921429883,-0.7789221984397299,-0.46904270477145255,-0.5068034512957243
2018-05-29,2.4022451169116206,2.4130603685833325,3.3023006263440333,2.7406581944236743,3.186694121547828,2.3792307254683767,2.4190244694031735
2018-05-30,0.42682381187332774,0.46499594495824953,0.41165870513445835,0.4096411792986101,0.41170106942338736,0.4284072317866246,0.45877013103660924
2018-05-31,-0.3779726108352321,-0.29396038362308813,-0.5760315551792944,-0.5917993833055244,-0.5632895874593437,-0.3692213472460608,-0.3096103371681896
2018-06-01,-0.34934806950178254,-0.26352621707040025,-0.47201367506229297,-0.5042580733198859,-0.4647091411590616,-0.34316118904982235,-0.2737932732453463
2018-06-04,-0.11786326810271414,-0.0623218873369753,-0.1953111103104629,-0.19260869142083392,-0.18782398991646365,-0.11409699487182295,-0.06601796903336699
2018-06-05,0.30666285885228184,0.3125708906441651,0.3171977393283464,0.3080340959918161,0.3131542553663157,0.3071262793601871,0.312458080248706
2018-06-06,-0.40974761635511414,-0.3064643304072319,-0.43774078799210286,-0.5275485825407286,-0.4307156674822174,-0.4047229766746999,-0.3126711155618973
2018-06-07,-0.6691855837236754,-0.5487714374972438,-0.7223651896134996,-0.7877128474612327,-0.7058728666621026,-0.6625614607816772,-0.5507777867343017
2018-06-08,-0.5784571209934612,-0.4677753346796908,-0.5884773218949679,-0.6528296092477036,-0.5783108103949864,-0.5734425915052457,-0.4658247422045599
2018-06-11,0.39482007176375344,0.37287097009983006,0.3801527501950549,0.4183612599571118,0.37949675487163315,0.3935083623351514,0.3726827400576941
2018-06-12,-0.3805070923518008,-0.35323521657618184,-0.41230309525405323,-0.4342312219483114,-0.40166735551409727,-0.3751553159505168,-0.34773993260029706
2018-06-13,-0.8335961696911184,-0.7502788601112352,-0.7693575936561355,-0.9327159136133589,-0.7617192322043141,-0.8253015047506533,-0.7437815952275109
2018-06-14,0.6981260117157988,0.6446285191990245,0.6593520694411775,0.7481627189830071,0.6554214403896276,0.6927685597471933,0.639012216341255
2018-06-15,5.999790755630489,6.261333827560927,6.668111369784465,6.644521194180852,6.513047599958107,5.926573721919997,6.151646849041703
2018-06-18,-0.31642092680453276,-0.08569744967295656,-0.3190766685963815,-0.6154240520686911,-0.33607008421612666,-0.3066995646719803,-0.10760478681391174
2018-06-19,-0.22317864377920282,-0.024064032720332973,-0.20956803447523165,-0.42411155326340283,-0.22455011206894646,-0.21683177077493454,-0.03861301019595331
2018-06-20,-0.3356110110285726,-0.1162075876102676,-0.24130306604444696,-0.5284239871874297,-0.2616998710392119,-0.3307115935004653,-0.1297088571222571
2018-06-21,0.9796422932991277,0.8854770132631797,0.9330919700980962,1.1229479682931747,0.9401254458398528,0.9765893631595436,0.8877215217822774
2018-06-22,3.9573983371157855,3.1227624416374384,3.2857603637645467,4.8987261680954655,3.360321478360517,3.9434486927914794,3.163677429872231
2018-06-25,5.9759624169489864,6.55409005885255,7.172297782736265,7.835054798567226,7.213434562474278,5.92910274991867,6.628212699726737
2018-06-26,0.3979917179789591,0.5738738380299024,0.3531809140423577,0.04273645128915962,0.3222722317692942,0.40482918959770564,0.5440145468116259
2018-06-27,1.200817692362305,1.2169241998398448,1.203086317696224,1.2768022285809322,1.2055408802082719,1.2007726792279159,1.2124018838224004
2018-06-28,0.19079727103539568,0.29174460250876677,0.022910406041579283,-0.13191146780002633,0.007486002263047407,0.19473833773345922,0.2668809190296584
2018-06-29,0.1468277597466847,0.2540810578728024,0.020631359890154077,-0.10534312000323928,0.004451550525304188,0.14755821593731577,0.23419751909023687
2018-07-02,1.3858316977289076,1.345140424790006,1.4561630105929966,1.5194353700498182,1.4638129281390786,1.386494446641278,1.349652589015132
2018-07-03,0.37983061880499686,0.5101510820267968,0.4048047137627938,0.23311337969692222,0.38799103935152424,0.3778759244214638,0.49399550979387963
2018-07-04,0.031790457050446516,0.1878406960414764,0.03346093134319146,-0.15426578957573583,0.017824576421785067,0.02794298610274419,0.17029449679087244
2018-07-05,0.0424131351864096,0.19389710193566606,0.10068630207212513,-0.0884022850769558,0.08348746621490491,0.03677318612369074,0.1801960447968319
2018-07-06,-0.1815952781099989,-0.01223532569379801,-0.1290206289529138,-0.29793056224372916,-0.1422865973314514,-0.1892370075752264,-0.02367244146834093
2018-07-09,0.8434653935432846,0.8306030032311607,0.8355977082932216,0.8609977055524789,0.8366263301454447,0.8451484026581783,0.8304258664791111
2018-07-10,-0.3062718987271408,-0.22835589035837317,-0.377536468802573,-0.3879925916609719,-0.37288899539197645,-0.31246911864736393,-0.23138870705244002
2018-07-11,2.1743226161348423,2.0375769121150302,2.2786709403640186,2.241648637822057,2.2651210773613357,2.186802470849729,2.0354807073710766
2018-07-12,0.5326079156097903,0.5964778426882298,0.557609636805432,0.5081136190564428,0.5535412294597095,0.5313284451501464,0.5910613140386491
2018-07-13,-0.22813705319911967,-0.09352272666417982,-0.22040934235931148,-0.3372821948101387,-0.22253084672955067,-0.2322468862584124,-0.1033499411600713
2018-07-16,0.5682659927410956,0.589601107587034,0.5693242349888321,0.5652150408602304,0.5694909477298666,0.5678312256773856,0.5884610639415985
2018-07-17,-0.1793279782671052,-0.013301620021977933,-0.048873062066904505,-0.2498357263428474,-0.0578724920844399,-0.1848072706973865,-0.022525443301942505
2018-07-18,0.22722974483067737,0.3048074846849519,0.28120909007647416,0.2112829144643305,0.2794717246888043,0.22481590438111276,0.3020053032976324
2018-07-19,-0.4453329361904275,-0.30931229197823173,-0.3791719622914715,-0.47873810531681693,-0.3727613948789922,-0.4504759585427988,-0.31078578956458736
2018-07-20,-0.5515908068421097,-0.4017199585861517,-0.4807434806871867,-0.5480638778907354,-0.4705747375809399,-0.5576268027148973,-0.3984824703945377
2018-07-23,-0.4806200883225051,-0.3431321651144633,-0.39775170758464024,-0.45057587020644363,-0.39195059277402705,-0.48626498399811335,-0.33674761218822225
2018-07-24,0.26889603632039605,0.28584823718325403,0.2860225213364901,0.2707546651675835,0.2860303014494906,0.26884870295536856,0.2873463635388538
2018-07-25,0.17867092508323534,0.19259734414206287,0.18848321422209058,0.18388555096525205,0.19065163486229209,0.1783602727753948,0.19519724204327737
2018-07-26,-0.6836056794942444,-0.5394770342815182,-0.4870535450900545,-0.6729211730369244,-0.4880125446978051,-0.6865095599842213,-0.5342883875171215
2018-07-27,-0.24546850896913908,-0.1658293541836301,-0.14398285276319628,-0.22562659191070944,-0.14250264320611655,-0.24675179077523257,-0.16018879714742723
2018-07-30,-0.8218357930403944,-0.701897713402257,-0.6846975190945338,-0.7717315759565184,-0.6722030703243936,-0.8216636555080932,-0.6862970367693995
2018-07-31,0.045213507754343074,0.05944618728351703,0.06072174123934215,0.051345139709518595,0.06261857456885866,0.04524999784321582,0.06305881947357228
2018-08-01,2.918325766776702,2.7689303233117544,2.82447518381346,2.7538588510003166,2.7623979795009914,2.9037969044485408,2.702108962848709
2018-08-02,1.2561312628895798,1.1163645221874223,1.155748792208462,1.355001222589232,1.158793668749515,1.2513560637502716,1.1192891152648587
2018-08-03,1.4410142569093256,1.2600061320973905,1.2645673951225973,1.6158771941388943,1.2741540250178547,1.4369067780544937,1.2673263351617596
2018-08-06,-0.37334202981709197,-0.28907488356430483,-0.32345058298270934,-0.5558016264339494,-0.3272714292193789,-0.3658000207683388,-0.2996061852712256
2018-08-07,0.3374297313628996,0.35955695989944386,0.34910832200422814,0.3200657714182473,0.34896910480926324,0.33851424841032174,0.3580903350128153
2018-08-08,0.4307009780160726,0.4334856773182197,0.42882165873471934,0.42939549838567226,0.42937643933806535,0.4312413953222641,0.43341568698197347
2018-08-09,-0.1663243707454075,-0.19627078358852412,-0.2513163924469106,-0.2463072715054952,-0.23619397957975696,-0.16075152221187533,-0.1934207648336143
2018-08-10,1.0844554543305507,1.0876108710456303,1.0895126594614484,1.1653157529093874,1.0810152035517988,1.0805653247496845,1.085915481743355
2018-08-13,-0.2932900741707102,-0.2083293181198627,-0.1753263032769899,-0.42427251471423055,-0.1792290460716047,-0.28938255568575316,-0.21674604086420965
2018-08-14,-0.2507518212217614,-0.1620907831478942,-0.087078935858699,-0.34470444426199537,-0.09498855094690387,-0.24880573576277637,-0.16820530744603882
2018-08-15,3.4866242702111836,3.0852290338820487,2.7195534114764053,3.8795984595740762,2.7527377858127666,3.4832874914831518,3.1048212360129552
2018-08-16,0.5216290909179104,0.604136813739954,0.6342254640646056,0.49587923781855614,0.6202826474511899,0.5221770284494472,0.5947009727425644
2018-08-17,-0.2889565174842952,-0.0914823745698157,-0.03814167490901163,-0.5084838625195653,-0.06030807230298949,-0.2858411899313792,-0.11126387451330248
2018-08-20,-0.11710045843529387,0.04041791079114357,0.07595201311377697,-0.24160958481529815,0.0606610905392396,-0.11624528999574518,0.028658612010065698
2018-08-21,-0.28509772739782047,-0.1223403037691625,-0.09614409981393549,-0.4021366247062144,-0.10647868336057761,-0.2842952957402347,-0.13127184813062215
2018-08-22,-0.5170410995783055,-0.3108301497900294,-0.22050757953977992,-0.6368064632782771,-0.23752071456526583,-0.5177840015538239,-0.3196267901756399
2018-08-23,-0.5944002478859609,-0.3813805311271028,-0.30381093669923726,-0.67808654412912,-0.31679907190381196,-0.5957667760011476,-0.3853373174023519
2018-08-24,-0.6469956333766924,-0.4307330385848066,-0.3284535917675846,-0.7027669321824161,-0.3442746172453447,-0.6490561661443301,-0.4312517285697933
2018-08-28,-0.19478728346365926,-0.08678450363173168,-0.036902753625179974,-0.2065907124823383,-0.04329472645001131,-0.1953749091564415,-0.08443293815223485
2018-08-29,0.33167310539816475,0.3196575241710836,0.3242806571973451,0.33612097743138825,0.3241278007034184,0.3314006176906862,0.32002537577078094
2018-08-30,0.07511400809416358,0.12990302079526594,0.1763035011915765,0.06709235003257052,0.17093550280983189,0.07534525460124764,0.13014166633946822
2018-08-31,1.9143293536289325,1.5634313384558216,1.3973052490074631,2.083622387678516,1.4133416210803902,1.912304243729194,1.567785288427326
2018-09-03,1.0740907092747105,0.9483981137277688,0.932342633299164,1.2220999547435598,0.9329247828338424,1.0727069744562994,0.9517452302213198
2018-09-04,0.14640274267315057,0.21270606405698267,0.2865443314139333,0.08753374487685972,0.2757720115510609,0.1484876752571293,0.20728679285153423
2018-09-05,1.1693409316316163,1.0684019002337766,1.0168446682797496,1.3359671748501827,1.0204216460722688,1.1668587549815916,1.0738517750837515
2018-09-06,0.7423096392914059,0.7382459102140573,0.7852192255805198,0.8111494179349252,0.7752121669038499,0.7419245132919571,0.7362424874894998
2018-09-07,0.0955391479931888,0.26551037348813755,0.4573240890083393,-0.022145314233893654,0.4265866705502928,0.09611021763708044,0.24997223922007578
2018-09-10,-0.4054513143593156,-0.10515678516148523,0.22417204722304998,-0.6375365758980095,0.17843155159702154,-0.40633994568535764,-0.12870695682364064
2018-09-11,-0.4958864377518535,-0.18844060816606914,0.12570084862460137,-0.6874709416601159,0.0828192670854178,-0.4981871522547014,-0.20715298176288746
2018-09-12,-0.055189424520669106,0.11445040817106339,0.32685024344280644,-0.12053081881352679,0.29537939623970777,-0.05679701177769858,0.10565996371033104
2018-09-13,-0.28102160873171056,-0.09395039093390989,0.13487161578007423,-0.36758284800165203,0.10609716205992319,-0.2820596370110597,-0.10101313312100207
2018-09-14,-0.498363768844534,-0.2580303260248681,0.04924702220239181,-0.6048637212597652,0.01317852307246746,-0.5003563995742918,-0.2662491651912879
2018-09-17,-0.7598272978433953,-0.4802749730942929,-0.15238434547037777,-0.8655133589650287,-0.18641843071186381,-0.7612673159158083,-0.4847863435050481
2018-09-18,-0.8484791099297586,-0.5602729766682217,-0.24115607806133346,-0.9271824184175065,-0.276669562084749,-0.8498237895624701,-0.5598766970445884
2018-09-19,-0.4810146436860267,-0.3010308681425301,-0.0814673956417454,-0.5102118381294365,-0.1091151724907638,-0.48139676399761056,-0.29746096744862005
2018-09-20,-0.33235924904561975,-0.21870613491173346,-0.05757921009241107,-0.34792059078921667,-0.0753395594423551,-0.3313894744467434,-0.21327432364168786
2018-09-21,6.420080250959408,5.225352403114621,4.126354921141736,6.717837220968633,4.196808166178271,6.3780052553733135,5.145554536566177
2018-09-24,-0.1841562797321954,-0.428458023223049,-0.29896819793614154,-0.33649060694028227,-0.2947525833381403,-0.17364732967717117,-0.41611141732667606
2018-09-25,0.20372632966162796,0.16136519537488758,0.19218021694821008,0.1660319340241726,0.19164195472262469,0.20698942473879,0.16149367026865125
2018-09-26,-0.5507021432105351,-0.8998597328638421,-0.6750138056693545,-0.7403790376987274,-0.665467695175949,-0.538031970381837,-0.8774834756234074
2018-09-27,-0.26237955635311677,-0.4357370195223046,-0.3319612618157556,-0.3528899135032824,-0.3244157487754551,-0.2552329354995311,-0.4224874891734983
2018-09-28,-0.26370064255797226,-0.4185990660960627,-0.3457186208691819,-0.33394991844262567,-0.33442036340283077,-0.2568219217072407,-0.4053548697503978
2018-10-01,-0.6600465674660514,-0.8784084607085556,-0.6826947725344847,-0.7816517683537321,-0.6727409763690692,-0.6503568444822638,-0.8559464679459776
2018-10-02,-0.6353595175751736,-0.7986113174268477,-0.6026618870454294,-0.726260832241838,-0.5984309466421958,-0.6274570852537962,-0.7777253479632695
2018-10-03,-0.3304258666827665,-0.3958102503422678,-0.27118700674849006,-0.3735878417649885,-0.2721153718348061,-0.3263432056862,-0.38630634906556083
2018-10-04,2.860462347717713,3.4388803819170453,2.702792405204814,3.1306292869930274,2.680869800653306,2.8294160993489053,3.3301938866196927
2018-10-05,2.759050762017779,2.580726526293386,2.420732699925747,3.371384528396991,2.4501877003307913,2.7368087370338,2.5955909883552453
2018-10-08,1.5946774701803845,1.4334802451599826,1.4164110616743546,1.9808984469896087,1.4334384024886115,1.5876190069151452,1.4468362987136416
2018-10-09,-0.22326854160841184,0.050059060266192605,0.1214530302663814,-0.5529040963401191,0.08103493970462104,-0.21824288918600362,0.021627807376218288
2018-10-10,1.9442643730589306,1.665014178376376,1.6233513483657378,2.4167675798208803,1.6472141728817478,1.9402306276469075,1.6825274604074985
2018-10-11,4.4245501949392,3.4565594402755555,3.2611463160215317,5.871782869583399,3.3564920663354045,4.4178698145165205,3.5264324869723747
2018-10-12,0.19363579714481777,0.5754693180047867,0.6016554902902695,-0.19468989421167993,0.5477365193507668,0.19579933327101032,0.5394159699769053
2018-10-15,0.27565864704233545,0.6039648774705042,0.6439585352748206,0.014493665750557383,0.5959696663221997,0.2750453593170498,0.5756423150071088
2018-10-16,0.16370951745172516,0.4894048747651753,0.5184452392903827,-0.07318021124367124,0.4750844792028871,0.16172038047470483,0.4639771760286706
2018-10-17,-0.10919502807801504,0.2661133527845042,0.28677665418304016,-0.36741987692422634,0.2432117210339891,-0.11310767998102193,0.2409115005469786
2018-10-18,-0.027808029773975257,0.29644479559778014,0.3214022783115383,-0.1980421914653187,0.28222222444633116,-0.03289245499141624,0.27769650014921987
2018-10-19,-0.15474651364813974,0.19234591543636542,0.2712983399970974,-0.3124264665320704,0.22798702533208137,-0.16192007314654455,0.17448661920717512
2018-10-22,-0.37068370352048663,0.013043272972372509,0.08628883231951762,-0.5166754277548459,0.044724660090360066,-0.3795757322654986,-0.002411369504554296
2018-10-23,2.054775262411882,1.621695499994913,1.5657443861716072,2.2439180253152977,1.5917622493064711,2.0710288418306115,1.630282706290341
2018-10-24,-0.2850104270231399,0.12285341165233889,0.23385410488950112,-0.469180153889066,0.18393875977384225,-0.2922219345154781,0.10252734360733112
2018-10-25,0.11519583470194827,0.35784357076440054,0.42615115863509034,0.050241981734812646,0.3940868790604053,0.11099222699170014,0.3470590967149783
2018-10-26,0.8925373524809758,0.8475973402221915,0.8573393907711894,0.9458133532601136,0.8521155095111652,0.8951204127983123,0.8467180852493064
2018-10-29,1.886196919346116,1.5408511653079062,1.4779656735081086,2.1115946039888387,1.494043559675166,1.8950975599709712,1.5501670210125966
2018-10-30,-0.23932191131764755,-0.06978691519955091,0.049259412914731945,-0.41986376387361035,0.019540899693913847,-0.24048841642574356,-0.0821072373144045
2018-10-31,2.076569436291446,1.8495613442869006,1.7486854028536913,2.310968711044906,1.7710038494006808,2.0807189832876567,1.8580957861807277
2018-11-01,-0.180210337675072,-0.2216039496705029,-0.14216709261199617,-0.35233722988713423,-0.15193250383356782,-0.17817786790284762,-0.22518961068151083
2018-11-02,-0.20458651000500466,-0.22568891515938702,-0.12157712060070575,-0.3302243186649735,-0.13389926307605682,-0.20486590570689167,-0.2264011340299587
2018-11-05,-0.37621233287338274,-0.37674822562176724,-0.2149270338054416,-0.48599468840278615,-0.23267004271271946,-0.37859821730442705,-0.3758949753215062
2018-11-06,0.8130845619147249,0.8086616696048978,0.778048227742057,0.8406083729635275,0.779747215871153,0.8142182082976204,0.806986183217814
2018-11-07,1.379882087414349,1.3064914307074105,1.2135660975196103,1.4819662753089922,1.22311383270396,1.382887901604346,1.3098095163487886
2018-11-08,-0.2042306626735407,-0.26100067354787554,-0.1279846504480306,-0.3159566570869934,-0.1365239339671556,-0.20360569868483644,-0.2612601205902921
2018-11-09,-0.05951941161284258,-0.0974088742247608,-0.01169086115382062,-0.11782341383757616,-0.013960387017699305,-0.05954436600032337,-0.09472317947558606
2018-11-12,0.39735690895537507,0.3955105931241657,0.4318466307909209,0.3911562150188308,0.42895966123932555,0.39716710565978713,0.39571269349734295
2018-11-13,-0.4781368362971827,-0.42569395638698876,-0.1806249265921197,-0.5796857071857513,-0.201159755973949,-0.48072035191358414,-0.4305433396874522
2018-11-14,-0.43223392449002596,-0.3737970849788973,-0.17175049402025439,-0.4885659438200969,-0.18767168592193997,-0.4354474895579422,-0.3736811324401137
2018-11-15,-0.6419571660433302,-0.5542502187040763,-0.2842343125447982,-0.6867398136062225,-0.30616699985032775,-0.6467244310258986,-0.5525028759811014
2018-11-16,-0.4945559578125215,-0.4155975621600182,-0.2129301141647255,-0.5048848518207987,-0.22813178952121604,-0.4982596111023784,-0.4101969462469487
2018-11-19,-0.7198168329748506,-0.602842948384367,-0.32238769893009145,-0.7246139761376174,-0.3445549100798553,-0.7245246846250066,-0.596351027419941
2018-11-20,0.5089475833794719,0.4684283865461871,0.4603157982556744,0.5040776044479587,0.45716614299883224,0.5108287972796144,0.46652749262539017
2018-11-21,3.925373464327488,3.27261202071976,2.5131519814946652,4.0961440038749055,2.5760860667087773,3.9384069399027437,3.275858560080665
2018-11-22,2.1477909178582664,2.54534681426135,2.0181240056870973,2.4518183457591776,2.0386653417439957,2.1371325641819277,2.5359598505375263
2018-11-23,-0.25888589663072825,-0.24592674681837112,-0.0555495918702606,-0.48870404812620327,-0.08425222900745247,-0.2535116308446445,-0.2618272775593995
2018-11-26,1.6769628128235519,1.6470128432317108,1.4821322567037887,1.9233299715326533,1.50226414990827,1.6736672147249525,1.6591193578736558
2018-11-27,-0.17183570162563716,-0.31413266357028324,-0.15409829188416485,-0.3627557655683452,-0.16807307980280023,-0.16630284844397705,-0.3204320836426708
2018-11-28,-0.31158762360943154,-0.43558912195601324,-0.22376922390704151,-0.48322235614362286,-0.24266568750754128,-0.30815242692798056,-0.4402844578277197
2018-11-29,-0.07069714802741667,-0.13501029577581486,0.020975817924374363,-0.15743220618236203,0.005658795286886231,-0.06977192183599246,-0.13596150638664584
2018-11-30,0.6618031784260919,0.692369702896565,0.6502309168111251,0.6910656555730257,0.6511781383287185,0.6615085458101669,0.6912137871122089
2018-12-03,1.7177160113214587,1.734949567099762,1.499778855603458,1.913222724875851,1.518370568794654,1.7168107595990225,1.7432724814563023
2018-12-04,0.09993279526036408,-0.006280440093523687,0.10060739129146434,0.010424106904984742,0.0960576647966554,0.1026349598560175,-0.007004112950796615
2018-12-05,2.7082807829245867,3.0459255225305806,2.4752628788533206,3.090833369106752,2.5037789272676596,2.702843109355886,3.058330598200825
2018-12-06,11.847126754950706,11.053614912378519,9.652342644847925,14.895020811836593,9.922143214945569,11.817368461158198,11.284099548277684
2018-12-07,1.2762769236950384,1.4347432420876018,1.3243140243147682,1.1869423765815676,1.3031416993548164,1.2802029685521807,1.415979297775506
2018-12-10,0.982661818302107,1.170395868744891,1.010066996797224,0.7815075339279581,0.9847103509029518,0.9872136492048962,1.1479762762982464
2018-12-11,1.4681507529467586,1.5251143206979285,1.4884208754333716,1.5090552336829115,1.4804340699757437,1.4683279558317308,1.5159609506274867
2018-12-12,1.200492862379546,1.2811878069990623,1.2159570016623436,1.139694784425008,1.2045126773577501,1.2009213476444758,1.2687938328005837
2018-12-13,0.4751151335617801,0.6240634211392153,0.4433200372703009,0.20365998740691965,0.41899294600584086,0.4745630286501113,0.5986337211670885
2018-12-14,0.5142285000087621,0.6528347923328843,0.5004738939375019,0.33314493121297106,0.47844041371369095,0.5101851433182963,0.6333285252717724
2018-12-17,1.1232361172231435,1.1620573951633566,1.1358110989718173,1.1118467808437016,1.1299898139527904,1.1220072595037363,1.1561752588022975
2018-12-18,1.1309768777629046,1.1790134167699091,1.1740889809995656,1.1221325445018113,1.1638511067515989,1.129670657935887,1.1722169278581256
2018-12-19,0.9618801454278196,1.0578829248821893,1.0870489657109252,0.9240182990178435,1.066812044691184,0.9584510748734292,1.0468375162491412
2018-12-20,0.7350955128438913,0.8364745429291743,0.8620491484934136,0.6742770026063801,0.8423839366239488,0.7293744197607688,0.8241629401319077
2018-12-21,0.19036907783212567,0.40609526152331865,0.5225751609821563,0.07694518030870129,0.48454072307223406,0.17642307611682387,0.38421297743086685
2018-12-24,0.32309895259584953,0.49978929952176343,0.5854950168400839,0.27438227229717355,0.5564618866448539,0.3101613109861785,0.48482266348525666
2018-12-27,2.3432257083022194,2.075581265673611,1.9597040880782752,2.394890933042054,1.9827507833314126,2.37075884218701,2.091123229274193
2018-12-28,4.501213874412557,3.654720300823687,3.3268580709405082,4.88242783000344,3.409267279671434,4.551081448204217,3.7095685105171814
2018-12-31,0.44713735075265637,0.357380306845775,0.49403830616986355,0.2503184086888295,0.46626032242388143,0.4440353277031316,0.336246929310842
2019-01-02,0.33520677011243605,0.2613077652536438,0.4049337720423199,0.1896501262856441,0.37518049336799386,0.3278588196424239,0.2431739454893689
2019-01-03,0.5246096791596354,0.4843199142908302,0.577137225841478,0.4598223699005397,0.5575626549833115,0.5168116327435105,0.4744062474619334
2019-01-04,4.096971144849768,4.159905023874573,3.631955615102233,4.300802709281283,3.7084313957102446,4.139568979949076,4.206369460793204
2019-01-07,0.5129769196906384,0.1787160888623095,0.3219893212113794,0.3740675461215965,0.31172108501807194,0.5096483070035275,0.1688581222747891
2019-01-08,0.715959196849679,0.5362432790742123,0.642820736447668,0.6520012336934091,0.6339469193023048,0.7112511133738447,0.5317746716802728
2019-01-09,0.5791466193093509,0.36026082888458744,0.4715134804383567,0.5301277589320759,0.46688603363279346,0.5726930479764489,0.3568958030500089
2019-01-10,0.4004678036864374,0.1271131670405378,0.25061118357313805,0.37152581426303866,0.2510557693062587,0.3915843049823015,0.12543742054609971
2019-01-11,0.19867424385067095,-0.12942473079662956,0.006657224384460619,0.20052517194504116,0.013462847643072123,0.18659959934562592,-0.12807542518532616
2019-01-14,0.8406798239018507,0.845846135432484,0.8288715391224636,0.847208949977096,0.8289289931922682,0.838280873097868,0.8453980026394641
2019-01-15,0.33017666226310943,0.19861394024359963,0.3506062246926107,0.35066327550060317,0.3438036371462011,0.31898391764481376,0.1947965870239709
2019-01-16,0.15495492315879816,-0.011623869205734272,0.15199471303240636,0.20291963848827463,0.15022759137235922,0.14144427041771437,-0.013310446430039868
2019-01-17,0.034735821456982896,-0.10872318611898013,0.11464540943750874,0.10656326617051866,0.1072313428780348,0.018630387003880117,-0.11115214668697032
2019-01-18,4.495039863157974,5.082631285675686,3.880608059804572,4.095336154443191,3.9235675428999293,4.578293737922689,5.096180904886067
2019-01-21,0.09372656283741992,-0.45852051855067444,-0.1712212680020573,0.05663665605396953,-0.1629539274783236,0.08797544087376662,-0.4569265039142897
2019-01-22,0.9954672566340369,1.169497027686177,1.0339510513868349,0.9954045867426511,1.030822765757087,0.9956155492542261,1.16501152003769
2019-01-23,0.724497338746842,0.6779909110987208,0.70704087992807,0.7229877580069848,0.7060630239622333,0.7218273633270196,0.6780811041809429
2019-01-24,0.10704018409421062,-0.08066700599711105,0.17356647810231984,0.10270403454346805,0.16078843299923956,0.09724103418003346,-0.0911727200783348
2019-01-25,-0.0832259802900875,-0.26422482276320386,0.06528615978495408,-0.05408498009412861,0.04670681476080007,-0.09709227556916705,-0.2749489986161975
2019-01-28,0.8254506154989042,0.8455998412625423,0.8366531914304302,0.8256511788999941,0.8336945848755061,0.8261569097624649,0.8473044901941994
2019-01-29,1.7817048688155948,1.838736995571148,1.5689039799402709,1.7387416016314747,1.5829286031083605,1.7974869616997025,1.8544185673163938
2019-01-30,2.5875040440784636,3.065813465866464,2.438740980484116,2.581652938323994,2.4608379542876593,2.603407133839891,3.0896028451936526
2019-01-31,0.21125172516342203,-0.1791085098853997,0.05861423312304698,0.16056182650768938,0.06119254128560364,0.20912423857976425,-0.1831703501163028
2019-02-01,0.5255736979052882,0.3875936962435296,0.45131144999206074,0.5179125150304502,0.4544063583121521,0.5232791068527697,0.3875157944057645
2019-02-04,-0.03442189283337467,-0.504148709307844,-0.26886020544584044,-0.029083783706475533,-0.25025386395612087,-0.039852641431441946,-0.5003665013795386
2019-02-05,4.686012716982443,7.148436799976079,5.771158488974813,4.502952988172885,5.648397262639085,4.718518700051208,7.088028668233915
2019-02-06,0.16041183513616047,-0.7145454562684205,-0.5339729139381466,0.07027418103843378,-0.4824153771935443,0.16328319540033479,-0.700529637639248
2019-02-07,1.2317061926862223,1.9506767048431861,1.6752143151248657,1.2408438851197445,1.6165252264005194,1.231898713663841,1.9189172323151793
2019-02-08,0.17382859394267813,-0.2825183765206878,-0.17272303852869184,0.11741012234664656,-0.15486837174276658,0.1715635759718429,-0.28614456732694254
2019-02-11,0.6608228713672131,0.5953180544780498,0.5969376043838114,0.6532761991832231,0.5983258045644734,0.6588309410581515,0.5955698594204357
2019-02-12,-0.04617789441067973,-0.5616080021025472,-0.4082110985022616,-0.051814953043664895,-0.38290001618205144,-0.05232701372021449,-0.5597694192052024
2019-02-13,0.602826984882762,0.591924191674692,0.5705888266268745,0.6126818373164278,0.5688546202467246,0.6006147882977693,0.5903604828279208
2019-02-14,-0.17258663142497893,-0.702985922316002,-0.5958542415568228,-0.12468070807877718,-0.555659509491815,-0.18072943270589514,-0.6914984863576827
2019-02-15,0.11759643250784341,-0.12321005347187874,-0.0907184440689992,0.17308837146967124,-0.07296359229451144,0.11118241207334767,-0.11755507117916708
2019-02-18,-0.2662223944007578,-0.7250114553100487,-0.6717983675530266,-0.16168685704928476,-0.6242202520911819,-0.2759916384091629,-0.7061913804548039
2019-02-19,0.04974269049481517,-0.12884939835256015,-0.09986044246032721,0.12846750960881098,-0.08527032839381077,0.0432321382716902,-0.12344721140192683
2019-02-20,0.282727748375385,0.24788864285311274,0.2496526745470996,0.32548218087711067,0.2525863705958665,0.27949250180257285,0.24700067226944133
2019-02-21,0.6901203416944188,0.8704562006781843,0.7867837006359846,0.6757948842362095,0.765534492317239,0.6920950135864942,0.8561913612296559
2019-02-22,-0.4073509003947847,-0.6159076415891218,-0.48599618658340893,-0.3112978699458888,-0.4673413702819059,-0.4162771534037501,-0.6136109853966898
2019-02-25,-0.5321214137865878,-0.7264304190497983,-0.6107723571871444,-0.3978624356855293,-0.5873309478081634,-0.5425433398162934,-0.7189636726086075
2019-02-26,-0.24535543854419345,-0.3438550304766836,-0.28926894107778234,-0.13686647949733788,-0.2735736828232324,-0.2522952353796868,-0.3369876101304777
2019-02-27,0.06942967343681217,0.045659605867529485,0.08216811601903184,0.122250458207675,0.08670362354780858,0.0665496931618832,0.047218918070961347
2019-02-28,-0.26138264079828966,-0.2814675216939355,-0.15372231647130719,-0.17330049483441262,-0.15177660707500684,-0.26754777961330567,-0.2801782537236609
2019-03-01,-0.2954669028270773,-0.2896212496028599,-0.12281230946171195,-0.2096309816193495,-0.1264425548821314,-0.3015576725219354,-0.28948147267269114
2019-03-04,-0.4367307506978287,-0.4444073770917184,-0.2785544862396163,-0.3306203351019627,-0.27634704684776296,-0.4422466431674604,-0.44064817220282976
2019-03-05,0.2436723765047224,0.24531295077682058,0.24913809741125048,0.2471062006568514,0.25043846007613024,0.2440794596823217,0.2444293567095217
2019-03-06,-0.7330199159572577,-0.8314243579380041,-0.6705772086144736,-0.5997109723592124,-0.6489923217850312,-0.7341764571894343,-0.8163630314309845
2019-03-07,-0.19115988178976717,-0.21511989632678064,-0.17167394604820807,-0.13067731501538016,-0.16167684355155298,-0.19133964079734012,-0.20965732401916248
2019-03-08,0.4667345025066142,0.47253267262010723,0.4251948480126796,0.4313673552576106,0.423502171425721,0.4667690918550407,0.46766388348891186
2019-03-11,-0.4983988036649076,-0.44416775058138364,-0.28627578814493326,-0.4480427453915061,-0.28667676406605147,-0.4975525124101595,-0.4432628624219395
2019-03-12,-0.6653847139094794,-0.61305719295928,-0.45809936798375545,-0.5950554963374448,-0.45225098250723333,-0.6632360987869917,-0.6076431461877794
2019-03-13,-0.8991484711908081,-0.8366546526794864,-0.6802426020504738,-0.7976883086370987,-0.6671265676178155,-0.8952469436548356,-0.8249743557354083
2019-03-14,-0.6450497471950791,-0.5931711917982758,-0.49970167696671564,-0.5625653419643738,-0.4872721198910268,-0.6418827965504776,-0.5815768999225146
2019-03-15,-0.03726724287696159,-0.03658507793299448,-0.02689725189318859,-0.03167949527072633,-0.023018311798505442,-0.03740350906450307,-0.0353789897127581
2019-03-18,1.6513153946271675,1.6794460650878484,1.5650574714317012,1.4904253094036048,1.507563920366056,1.630730513088448,1.63178230905396
2019-03-19,-0.5902809827732935,-0.7602732279698519,-0.7447773268484258,-0.5822745099339511,-0.706398617837245,-0.5772243777753145,-0.7385311773326491
2019-03-20,-0.41020625769912555,-0.5103887017404478,-0.5143006942996332,-0.39679396958339547,-0.49050567997127226,-0.40113707575463686,-0.4966171627364039
2019-03-21,1.0317355087150815,1.2092998862033852,1.1444216179141278,1.021367960812135,1.0907865550749054,1.0156842430753046,1.1725171379417823
2019-03-22,8.612678998652754,11.81906249070278,11.74831395488511,8.968413419046598,11.003888157617522,8.444094289357187,11.420118454313645
2019-03-25,0.05139302325802031,0.19969009875039784,-0.06544567994956127,-0.17450224202491055,-0.06601082742594,0.06667770491860034,0.18210481417268837
2019-03-26,-0.14320040919076882,0.040728686107505095,-0.18129179379027566,-0.3803987650705041,-0.18827448803776403,-0.1295442152810936,0.022425849387696498
2019-03-27,-0.323794913931053,-0.1198084435848554,-0.3675592455255492,-0.5443867389639578,-0.3697784922051248,-0.3116428475154563,-0.13522002415162807
2019-03-28,0.047307951339081666,0.17125113725612728,0.03390067633105842,-0.04036261077310421,0.03134812201067744,0.052131179534062766,0.1642446010626602
2019-03-29,0.1398183600423895,0.21847962806892812,0.11321088484745989,0.08772320896069596,0.11485165073118198,0.14313421083307787,0.21504575386985614
2019-04-01,-0.055189431571531444,0.020136640271864348,-0.12542969343031707,-0.12560189082759865,-0.11779915015684883,-0.05040400365741304,0.018495553666207476
2019-04-02,1.201180251084136,1.1325149253521243,1.3728457002260641,1.3020788374590024,1.3443832747575224,1.1946124581090558,1.1315002389454
2019-04-03,-0.265107603189961,-0.30996966586918595,-0.5346058689436601,-0.3710075004710587,-0.5042616144295484,-0.255787418632506,-0.3051374642666014
2019-04-04,-0.4749748733364678,-0.5280675590973161,-0.8163135278459597,-0.572835547796064,-0.7705560141222341,-0.46518973686409537,-0.518134501275201
2019-04-05,0.05629030166462867,0.04649648946409157,0.0009445717776594975,0.033716220792471496,0.004619432508642829,0.05879996261834752,0.05010086292536153
2019-04-08,-0.6563888434941249,-0.7379727822768662,-1.0145465278898784,-0.7293992260052177,-0.960048832944077,-0.646949488290704,-0.7205706895491562
2019-04-09,-0.49016478681715425,-0.5342725160665573,-0.7308522121381829,-0.5218850265514516,-0.6938523732765132,-0.48415632557119387,-0.5180919312927184
2019-04-10,-0.8015323707226454,-0.8244662911928201,-1.023899007009728,-0.8385968434701246,-0.9800716968607887,-0.794899044594028,-0.8040916173482906
2019-04-11,-0.8851234295035875,-0.8884553822487793,-1.0800396193410884,-0.8990483694970938,-1.0413983966034503,-0.8792582334769542,-0.8637281625110745
2019-04-12,-0.7983334380461796,-0.7850704221879994,-0.9354434218959139,-0.7933488368981854,-0.9085917287090755,-0.7936073358219022,-0.76076936919094
2019-04-15,-1.0400375884272295,-1.0183401975827104,-1.2280701991003333,-1.0181342557124542,-1.1866038194399156,-1.0324344484299495,-0.9839173218059313
2019-04-16,-0.5183440876203882,-0.5013151678734424,-0.581289336726159,-0.5027692646596724,-0.5695924918420517,-0.5148493238401919,-0.4840864204962232
2019-04-17,-1.135949753942507,-1.1304782342267117,-1.3881215386883625,-1.10465916512446,-1.336246661363336,-1.1231339277668269,-1.0860465648037156
2019-04-18,-1.1329471610990676,-1.1080244010600158,-1.3651108714696578,-1.0925860350127146,-1.3152537722441455,-1.1195184035261736,-1.0621251165630825
2019-04-23,1.2605436129087215,1.1879893232645011,1.5976498035926836,1.1972618922286766,1.5076935936304365,1.2363770301904549,1.1195967490929526
2019-04-24,0.3063323468701371,0.39252180926408475,0.6561692048117196,0.32518770987480483,0.580108586227269,0.2975958649179278,0.3589630364918224
2019-04-25,-0.30636840097977847,-0.3148010348051635,-0.35585853175351245,-0.3347191862440495,-0.35124919623766937,-0.30016586021019,-0.3064673952189042
2019-04-26,-0.9778539860501486,-0.9462847071254592,-1.0576696437102795,-1.1088576195669855,-1.039812248102781,-0.9596438973628726,-0.9266853541325002
2019-04-29,-0.9880848842424793,-0.9414262479248879,-1.0328588781636177,-1.096141693440414,-1.0209950929357299,-0.9713266548686549,-0.9190749192603954
2019-04-30,-0.8546739541688703,-0.8084149559586616,-0.8976432206700586,-0.9264293101547371,-0.8842643588537059,-0.8406434340860066,-0.786503526045088
2019-05-01,-0.5347738532423201,-0.49879415499263324,-0.5216358456712322,-0.5713088839828,-0.5182215905928882,-0.5276653376629858,-0.48695501758794335
2019-05-02,-0.48126145559425904,-0.43358334281078126,-0.4278472182363515,-0.5195680972000227,-0.42907588308782063,-0.47514189486072,-0.4249540473482435
2019-05-03,-0.6479009007985292,-0.5577678216566321,-0.5110983081812416,-0.7264283934900966,-0.5190410841805425,-0.6387006608032614,-0.5490204789771133
2019-05-07,7.527133488363651,6.567816065161756,6.26568365648098,8.956370599526819,6.28565313424813,7.366567259604307,6.431566548216953
2019-05-08,-0.4897256997446686,-0.18433054117503894,-0.3540881875492292,-0.8471908857929226,-0.3832608213257482,-0.47041998692710096,-0.20213508526938298
2019-05-09,0.8147817085943895,0.7418247370016972,0.7673760802516082,1.0529198759334037,0.7740733840452912,0.807181260715261,0.7424624014957351
2019-05-10,-0.538279946545205,-0.19485053042989114,-0.2802803376655425,-0.8903012271574001,-0.3148638186912893,-0.5234208926774806,-0.2132395013919266
2019-05-13,-0.06288264798016252,0.11878811318721766,0.07513721408402435,-0.16626141243276704,0.05464843914384221,-0.05744810402786671,0.11033111611918489
2019-05-14,1.5987109187075133,1.2757707585151632,1.2701794035394234,2.120145950187528,1.2947905180875696,1.5857797677456724,1.2844988000198119
2019-05-15,0.4567854163948385,0.4696276914049767,0.4673589876033812,0.5102867718938329,0.4640498301550082,0.4570963875175815,0.4680730202722413
2019-05-16,0.4806833584493526,0.48239913468819545,0.4809076548445088,0.5351482093691319,0.48070467910677783,0.4807071410627316,0.48208021026915693
2019-05-17,-0.5124718146926232,-0.5318113991739827,-0.5919326823006997,-0.8004306967059132,-0.5920211563361183,-0.49719485560170207,-0.5327758061488322
2019-05-20,-0.12517960266577788,-0.12563320737307682,-0.14984569061620578,-0.23914931479960766,-0.1516466491131786,-0.11848951506379779,-0.12394223652476943
2019-05-21,-0.5279159233063506,-0.48889966184139005,-0.46040161816860353,-0.7461218955918189,-0.47184383252497064,-0.5185307497049251,-0.4885897960204868
2019-05-22,-0.7151450452139013,-0.6639792724243108,-0.6499574882429902,-0.9329735879974719,-0.6566015597819984,-0.7053554006996042,-0.6586142401501384
2019-05-23,3.723127545058628,3.4911565441716097,3.496532566554791,4.492195897507233,3.506369128467608,3.691403477961854,3.457177681106501
2019-05-24,0.19695663139171143,0.2920721442008274,0.2552712245926883,0.12521898030451184,0.2448818480899112,0.20066830136363878,0.28513627183353296
2019-05-28,-0.4671312050861499,-0.2953117027585413,-0.3909127822149571,-0.743802366077578,-0.4043720541625603,-0.4566790261664618,-0.30533434419825045
2019-05-29,1.8189860042433508,1.5956093404970393,1.6702574557476824,2.255944277665324,1.6901441398726234,1.8075280738380046,1.6022234222566527
2019-05-30,-0.0979660323898996,0.08987346034326688,0.06753814248954498,-0.2892758397203955,0.045065451376756493,-0.09259503159135096,0.07687917191535334
2019-05-31,0.5179529315286666,0.5447497390084188,0.5361254187302532,0.5577607640622987,0.5323260040971667,0.5179790162177609,0.5420509864659655
2019-06-03,-0.2932201205958411,-0.0605956305990704,-0.027388337994256315,-0.5172882227703273,-0.054201112384180766,-0.28894667354597864,-0.07493109792947103
2019-06-04,-0.25171815379539386,-0.05190612221968258,-0.03294216294971286,-0.4145959724325003,-0.05213545583297194,-0.2488697810972494,-0.0612846484897164
2019-06-05,-0.5953964255924934,-0.34742420839285376,-0.3388138318353109,-0.8049033702188547,-0.35590232017157375,-0.5916167183651244,-0.3549661918913459
2019-06-06,-0.09464875756101321,0.027213470338302237,0.025916494898929054,-0.15538007848108315,0.018554381789863683,-0.09363449847568639,0.02556906604265957
2019-06-07,1.2925709786408444,1.1176256732866028,1.1321102394955607,1.4920480108576406,1.1349241944555222,1.2879789425405757,1.1166350524882014
2019-06-10,0.031833021807473605,0.041821193612534,0.02437611509259696,-0.021338834999853673,0.028432043676854923,0.03525209650584238,0.04411239105890585
2019-06-11,-0.46670975251568037,-0.481639134571883,-0.5406101089172208,-0.6075284877500928,-0.5219849246271344,-0.45786705465773714,-0.47262521746411423
2019-06-12,-0.3654859593875893,-0.3752784195371717,-0.43195846169029384,-0.4563082168014952,-0.41363136822421576,-0.35878136418152307,-0.3651248912928217
2019-06-13,-0.7677565284100786,-0.7442249427949087,-0.7567633275046552,-0.9124770824173482,-0.738103492502384,-0.7590624836399663,-0.7309529199989383
2019-06-14,-0.6298825513752395,-0.5976172852777282,-0.6195510047654846,-0.7202170036604083,-0.6030552066642387,-0.6237601006817911,-0.5832082514235448
2019-06-17,-0.8472538868637883,-0.7832027323158267,-0.7502047947586782,-0.9526419911865461,-0.7386836416213164,-0.8406862679430618,-0.7663572127845275
2019-06-18,2.6119473597582306,2.4127291795359964,2.3821720463579323,2.8637673395527754,2.343314687354841,2.591801281299302,2.360023992900794
2019-06-19,-0.14654177914767863,-0.22242757120870982,-0.2299573227374455,-0.20820905637123333,-0.22027690233643948,-0.13997537944035232,-0.21498963358749568
2019-06-20,-0.5834836267647949,-0.7004528018671581,-0.6686305892836668,-0.7311854503568541,-0.6498025810666448,-0.5721003150440804,-0.685098770421214
2019-06-21,-0.7076073777683591,-0.8230087845762463,-0.8112984145209623,-0.8436218713870706,-0.7850811004040418,-0.695589271856936,-0.8019326324860232
2019-06-24,-0.8555539098987279,-0.9509562778333949,-0.8931246365366221,-0.9919866508976865,-0.8721614664632602,-0.8437475672184929,-0.9267820027216095
2019-06-25,-0.9590074007153329,-1.0348719205078705,-1.0010337400846308,-1.0768533255750352,-0.9749178995562999,-0.94664708956313,-1.0047259302272684
2019-06-26,-1.035784178598785,-1.088426318468748,-1.080715648936129,-1.1344726556197697,-1.0507514792851729,-1.0228371088292034,-1.0530247395303671
2019-06-27,-1.0150721854729448,-1.0421237944977857,-1.0289390808674745,-1.09363605922203,-1.0067353787753972,-1.0028213263773946,-1.0066774621698649
2019-06-28,-0.8600000512428647,-0.8621821895197281,-0.8271952348602959,-0.9182271596251924,-0.8152998617147305,-0.850172287277366,-0.8343755788157101
2019-07-01,1.937881205244751,1.9567519383305336,1.9279732847371218,2.130321469289047,1.8726624609280942,1.8994617005134007,1.859179763683638
2019-07-02,0.8320651740120992,1.132603055513789,1.1934907134295896,0.9976719364734024,1.1235582282326093,0.8124872234900383,1.0644579309904614
2019-07-03,0.17417605330482644,0.3124856129914766,0.38078484031948423,0.21249600365603882,0.33099590287396086,0.1722874382562578,0.28040869220705766
2019-07-04,-0.8759747545923982,-1.3353467713093536,-1.4797291612041257,-1.0695586728769335,-1.3975545134338003,-0.8486818123982417,-1.277850802469815
2019-07-05,0.20133883941562336,0.3933234253483737,0.5257339956017004,0.25121381586486424,0.45090259945882183,0.19722858852598857,0.3483306250592082
2019-07-08,-0.9019437892010703,-1.132020052036615,-1.2313613843580609,-1.1156079945571697,-1.1880681740112724,-0.8790273738173827,-1.0999811738286664
2019-07-09,-0.9114948482499152,-1.0948138689189328,-1.1859442755461858,-1.0906143209808195,-1.1518065759329261,-0.8909811810222432,-1.061395403087733
2019-07-10,-1.038033887928928,-1.1990153987484904,-1.2610288243764707,-1.2201642686958176,-1.232329562230378,-1.0169763325183234,-1.161505300024962
2019-07-11,-0.8890127835717143,-0.9888875237761916,-1.0302341350190403,-1.0174606606513603,-1.0135657420887194,-0.8726036375009275,-0.9579831538506893
2019-07-12,-1.1577669607402714,-1.2455550275695042,-1.2477260122395633,-1.3353186236935926,-1.2350697516592157,-1.1368527716332895,-1.2067247979404814
2019-07-15,-0.8333974310316419,-0.8698818081311672,-0.8754276211433186,-0.9295707550969732,-0.8708993839292948,-0.8200353758951806,-0.8444238277137393
2019-07-16,0.021442136651979915,0.04529136121674515,0.06737819002079282,0.09019627414070275,0.059204630129120916,0.014446155339523203,0.028022512075315253
2019-07-17,-0.1885807345410786,-0.16990470951787628,-0.14165865538802724,-0.16330743481999166,-0.15260896850941563,-0.18892568263600706,-0.17937565856885285
2019-07-18,-0.1444039334830418,-0.14221314874297697,-0.1376699119627629,-0.11100966050491046,-0.13928621792491902,-0.14439577387574998,-0.1439384674274311
2019-07-19,-0.9739887170130257,-0.9487016500983444,-0.9403856209832415,-1.2045928286777392,-0.9413974940249379,-0.9528981010685817,-0.931318815930132
2019-07-22,-1.1481195528127173,-1.1098025110810426,-1.1294528840377138,-1.3984370637469754,-1.123904938524517,-1.122986382276928,-1.0845473644372572
2019-07-23,-0.16648719239225973,-0.16907892008865577,-0.16716563086102165,-0.11292048336789962,-0.16777531697458614,-0.16813475807607037,-0.1690331270434524
2019-07-24,0.6053140679051716,0.6240237490742393,0.7091225182829242,0.8775441067668055,0.6844726815378277,0.581469548998957,0.5935586094130201
2019-07-25,-0.9914345751122474,-0.908351798229755,-0.9583310386944671,-1.277653175528134,-0.9555290462681238,-0.9672798883860236,-0.8949484370826416
2019-07-26,0.8451385972994057,0.7510936995237174,0.7646008698058018,1.2511805526123914,0.7670824502581108,0.8207092655554307,0.7378439333470068
2019-07-29,8.025262397052531,8.539551895236395,9.054868592434572,11.16449535676611,8.921818021358819,7.800616970924732,8.345556464477356
2019-07-30,-0.0020497817003659047,-0.2959536649251976,-0.30974540558370567,-0.20821665064587902,-0.3054952690944208,0.01641848415368058,-0.29076982160070264
2019-07-31,0.5231213481239121,0.7123645680534525,0.7511370271858302,0.5990650411076615,0.7234245952224139,0.5240856947678459,0.6983169610263937
2019-08-01,-0.4295597298227969,-0.8059186431122265,-0.8170124567600029,-0.8161973773561164,-0.8046757483949311,-0.4083324277040138,-0.8032880093505368
2019-08-02,9.019340611267328,12.621262349145786,12.830281255165175,12.677608579899797,12.717819158545273,8.863546623949391,12.521020665077499
2019-08-05,5.550873331065077,4.853152261581128,6.419813253295726,8.300889004205544,6.567532551075586,5.465192562046581,4.942130715247133
2019-08-06,0.8599899118717561,1.0894245476619737,0.8425423702716167,0.554625383308686,0.8153919582126983,0.8725352379694475,1.0654159990717678
2019-08-07,0.5688680372472628,0.8696747827921444,0.6466258511195692,0.16523983468141135,0.6061173334352719,0.5798969044897725,0.8413053331065327
2019-08-08,1.371379947729404,1.4204087365012636,1.3744490901918351,1.4615412856410184,1.3721249654327337,1.3714197310643663,1.4128479434812817
2019-08-09,0.5008296051914392,0.7061471811701452,0.4707987287871187,0.19662424064096082,0.44593035510559076,0.5056054626618778,0.6831985674494099
2019-08-12,0.3788472889150406,0.6034968003417811,0.42394401822559125,0.10171660492809884,0.3939106494402145,0.37917817902632733,0.5809371410853524
2019-08-13,0.26809670942241615,0.5084823972869112,0.38136113945555933,0.024783251518022784,0.34695111507811716,0.2639883010836177,0.4867825830398669
2019-08-14,1.9768814945187947,1.7981482641446092,1.8830449345850875,2.231730821322324,1.9074464430474187,1.9846452748785164,1.8080489167287341
2019-08-15,1.2622784403531995,1.2840547391763777,1.271377063854212,1.3206583212174148,1.2659535011225866,1.262841709902498,1.2791608679510102
2019-08-16,0.6094116267929186,0.8299452452459835,0.8393316995007676,0.47697345134043134,0.8065611243706459,0.6048968686432346,0.8113424401063747
2019-08-19,1.0320077897257947,1.1006042514834355,1.0996057177039797,1.0325543314442858,1.0867595725113617,1.031088296427512,1.092732883610588
2019-08-20,0.8434953944905925,0.9211642303209358,0.9122933063927092,0.8062178572120988,0.9003791227920879,0.8410529630901346,0.91237064090201
2019-08-21,1.2005478589430518,1.2068405746038866,1.216942841473537,1.2368367249675032,1.2104914082214022,1.2017686050107355,1.2037996759131477
2019-08-22,1.1123626554217703,1.1217806797476864,1.1276662310418724,1.128099395044887,1.1237607002836798,1.1124932908923033,1.119323808546024
2019-08-23,0.30976216442681487,0.47351538741591104,0.5652390434406245,0.17988796173831526,0.5374330746002316,0.3016606578240821,0.454553136951544
2019-08-27,0.03819004052491085,0.2534471647695485,0.41677038651478737,-0.08999145672873532,0.3799978032434393,0.02427570423106948,0.23172466547695778
2019-08-28,0.05995989552709864,0.26129072241688756,0.4137701780524048,-0.011583992833361173,0.37738775133621016,0.04424817339439209,0.24413504248771395
2019-08-29,0.9531807003963575,0.9525058219438648,0.9793088775938678,0.9592241199661672,0.9712966770006146,0.955943013580977,0.950889204912821
2019-08-30,-0.039180548779569974,0.07231445931852168,0.19296856294356185,-0.07655475748396233,0.17006649942910035,-0.053638771256323034,0.06076421742572948
2019-09-02,1.1160970500387357,1.0794319588682362,1.063422579564319,1.1167853343340406,1.0650758995332126,1.1232447062834827,1.0814042061081888
2019-09-03,-0.17138532481266813,-0.16784907862472384,-0.07470867764625251,-0.18755175262569282,-0.0826144670930345,-0.18398570855574145,-0.17357159258610583
2019-09-04,0.16559211309827454,0.1772060982889102,0.25061722258125385,0.17646676358364716,0.24299136143864372,0.15703231804678286,0.17530466532261985
2019-09-05,0.0701514774080339,0.06502431960174404,0.1301729438540592,0.09434318154223947,0.12739647978959007,0.06132068299160637,0.06521854251930193
2019-09-06,-0.373777283240303,-0.3412887908538762,-0.16864919017394092,-0.32597528194488723,-0.18075678802225395,-0.3900480980258844,-0.3432514298459915
2019-09-09,0.17435536454734601,0.19048262597867427,0.2560830899444839,0.2048858886867025,0.2517641139932699,0.16852741027276497,0.19127887114671255
2019-09-10,-0.18611312978997968,-0.11968095586677285,0.04168362942328105,-0.13517078874422145,0.02818452040958694,-0.19802605566080728,-0.12117229610864916
2019-09-11,1.0622660034265357,1.0155519273785831,0.9403876635258291,1.0069064596817596,0.9431283453085108,1.0733673642073533,1.0144199543675536
2019-09-12,-0.49849333959772224,-0.5647628923225043,-0.39516892540496273,-0.44217874113804995,-0.39196403706329425,-0.5071574760614078,-0.5584926194757657
2019-09-13,-0.43264879810091744,-0.4717305849350785,-0.3432005410403375,-0.3553531032820458,-0.33858368252381604,-0.4413291962738535,-0.46265481937581887
2019-09-16,0.09583069416438317,0.08725960372174424,0.11846723060840036,0.12729183234618957,0.12174199742895442,0.09363276877525073,0.09025432602047578
2019-09-17,-0.6798266464260876,-0.6543413251228076,-0.46913137278236744,-0.5861169167660762,-0.46935044693982764,-0.6892448590924705,-0.6462525821564831
2019-09-18,-0.7561594400155397,-0.7137046757379695,-0.5421800739395728,-0.6341315993638812,-0.5460721981615201,-0.7664116230838778,-0.7010678654165368
2019-09-19,-0.07370821801258776,-0.059229198293659135,5.848777825090412e-05,-0.03337410896066684,-0.003102773266412062,-0.07599622501752379,-0.05473024845898311
2019-09-20,-0.8089644816467285,-0.807540126013425,-0.6634042947048324,-0.678179677338495,-0.6608527810292534,-0.8143724274922309,-0.7871054447568334
2019-09-23,-0.7741721942663229,-0.7549641906229503,-0.6047326276512347,-0.6431861544082672,-0.6071322901948442,-0.7789464491034619,-0.7345568379110106
2019-09-24,-0.38720977053358085,-0.36739095141495093,-0.2643330108531898,-0.3179843502921176,-0.26918219579468516,-0.3891915775272068,-0.35694496078643234
2019-09-25,-0.9976958132020715,-0.9031800718979679,-0.6437063826851864,-0.8684622709892342,-0.6610856323529186,-1.0012343637769012,-0.8848982425888222
2019-09-26,0.9702360832393735,0.8660858938573569,0.7138560448965532,0.8365021314778048,0.7233648535060827,0.9727318321696261,0.8469802266231832
2019-09-27,1.734292029946325,1.8592685963214803,1.5327635656855327,1.6199778977665116,1.5388383541459283,1.722327420268436,1.8065660336877651
2019-09-30,-0.6541758772578021,-0.9087838914772287,-0.7765224563430557,-0.6685975151436808,-0.7631029458916596,-0.6410445882628835,-0.8811406309275621
2019-10-01,0.13448517576910823,0.1649459767135053,0.1353333664969324,0.13446262827742173,0.1350173706133675,0.13475119619068987,0.1567790822292352
2019-10-02,23.530729030404483,26.622022496688256,21.633376992547888,24.480041980213592,21.741608936913995,23.25506394090044,26.159253507999573
2019-10-03,0.7237943259263523,1.0009621776576083,0.6636685632506619,0.4281051789653379,0.6278667721364306,0.7421701744010545,0.9722144118884115
2019-10-04,1.1994928822422475,1.3168275789442665,1.2053287530497943,1.193567192557038,1.1951526752529753,1.2029941690525423,1.3023720750524044
2019-10-07,0.6077926345327516,0.8347224182812407,0.5617844049414065,0.36344091558983815,0.5313810671861622,0.6183464700663136,0.8096027929578086
2019-10-08,0.7166739576136628,0.8853786832955761,0.6717995718021037,0.5734232319064411,0.6544821959873262,0.7218167264180535,0.867135643252158
2019-10-09,0.3040445123077258,0.5769076802408288,0.3473736914288946,0.06566369985376164,0.31132740507886064,0.3076533618792608,0.5510085419762618
2019-10-10,0.18284819744429864,0.46400354620943074,0.22393517794108275,-0.015127626574205744,0.19202114972874162,0.18206471848239908,0.4408907391280106
2019-10-11,0.710358001896948,0.8310496964396183,0.7239819572895388,0.6707973508042238,0.7146127177778117,0.7087640378948931,0.8210245520102968
2019-10-14,0.19624891969776503,0.391399650013014,0.17179314080382632,0.08821475620288838,0.15747341146614277,0.19180190444930784,0.37698580174449164
2019-10-15,-0.10142944136811274,0.1571884156358075,-0.03095200517630457,-0.2118516549368947,-0.054850377267438875,-0.11130401176886404,0.14054590049305019
2019-10-16,0.24477675300193516,0.4079907944495604,0.29394973959839027,0.2093866190599447,0.2790935981435051,0.23703543299642055,0.39947669131630353
2019-10-17,-0.20143933846510076,0.07437021393580237,-0.011009160904201752,-0.25204820640975933,-0.04117484864770044,-0.2168375092829604,0.061027588504130176
2019-10-18,-0.07384067996918553,0.15092913535790284,0.07480869121956521,-0.08273397402709193,0.054094670853951476,-0.08756108148793718,0.143090567395102
2019-10-21,-0.3646164850631669,-0.06909907542806015,-0.08928330570648162,-0.3588407817217286,-0.11965011086613096,-0.3845076183744406,-0.0782079713787754
2019-10-22,0.26051901074507855,0.36741960759075887,0.35424083705309917,0.2712157804715168,0.34311569220467675,0.2555182076194913,0.365175650135649
2019-10-23,0.2237500704203249,0.306098102442605,0.28714165947033315,0.23610792005300174,0.2809153202481607,0.2193647236149674,0.3058007115478778
2019-10-24,0.938759390413314,0.8726619333646741,0.8909966366050017,0.9159623240609748,0.8928632383629971,0.9459281509333209,0.8717490888852143
2019-10-25,-0.49195798642966065,-0.4450662228513796,-0.532612742747643,-0.4710284571255514,-0.5238430969075581,-0.498695514315948,-0.43673231192901363
2019-10-28,-0.5767002203427536,-0.5145514932847309,-0.5913623489224793,-0.5222237591168606,-0.58569734117375,-0.5858981113126497,-0.5018935408706431
2019-10-29,-0.4548644784338031,-0.3936689583930402,-0.46308068908774147,-0.3857312140089877,-0.45552436346236513,-0.463141349713303,-0.3794707989275482
2019-10-30,-0.5088711469378038,-0.42890074871698136,-0.4428375370138634,-0.4324327301319787,-0.44120680059605144,-0.5176324048004557,-0.4150716152700859
2019-10-31,2.0697855233996267,1.8997026538412927,1.960506216653823,1.8647177205670782,1.9436827278808706,2.0883773503476775,1.8633989832415185
2019-11-01,0.4038345396561157,0.4254248994998366,0.41868096358854373,0.4038501533176131,0.4169568936505325,0.40382431880107084,0.42503656688285335
2019-11-04,0.9250647226739558,0.8742137885307931,0.8960770849973059,0.9360262353528831,0.895537668756311,0.9240457433743825,0.8732447046827401
2019-11-05,-0.42199179074040716,-0.43570226786513266,-0.5087672063303839,-0.4624732020392906,-0.49431361137413377,-0.4156577178484573,-0.4286484419593678
2019-11-06,-0.5901207709748434,-0.595020317716299,-0.6893929872286564,-0.6022351739036954,-0.6675938530550968,-0.5850275582847075,-0.5822975253917844
2019-11-07,-0.6729473279262221,-0.6607442147300272,-0.7673819551070785,-0.6536782345724844,-0.7416254908329994,-0.6696681615820033,-0.6430382399634478
2019-11-08,0.10225650371709849,0.10560021483749615,0.09684429951765039,0.10830884870071955,0.09763408468621937,0.10250205438560789,0.10885694026252424
2019-11-11,-0.38832104909112664,-0.3305655824716752,-0.35763558816805685,-0.37910622729693255,-0.34815477757066454,-0.38663174385818566,-0.3218064109959829
2019-11-12,-0.24160575409754015,-0.18496846354517738,-0.16845184969321259,-0.2360967991726175,-0.1657447636480916,-0.2408193844020503,-0.17935306697075626
2019-11-13,-0.753380289848109,-0.6785956022426813,-0.6705053856091273,-0.7365292509909859,-0.6563781547235679,-0.7491082149316339,-0.6631753661351172
2019-11-14,0.6711109867146939,0.6206071979370045,0.6009687327220068,0.6525138649377527,0.5976148604713786,0.6689536104707937,0.6125417840120393
2019-11-15,-0.764684120449578,-0.5989565023633102,-0.5160298417080812,-0.8017020633723853,-0.5217618037523619,-0.7590135555746704,-0.5947442858497193
2019-11-18,-0.8819478545316507,-0.7006361201731661,-0.6330257214692008,-0.8947048153944805,-0.6342507509813173,-0.8764521599344343,-0.6907439623984881
2019-11-19,-0.8479632091858914,-0.6752029323001367,-0.6302321236009791,-0.8392575767438568,-0.6278973679212256,-0.8430800124569849,-0.6611656925654176
2019-11-20,0.9662788906967166,0.8026377137175279,0.7850817217424577,0.9395189808811089,0.7797032181527277,0.9588279236955244,0.7890228370261277
2019-11-21,-0.6288428514589826,-0.43384448520318286,-0.38779802304618227,-0.6793470663530983,-0.3938636671417389,-0.6213815882049387,-0.43052741970178254
2019-11-22,2.8156170168897545,2.2031326786721444,2.0042399512500038,3.011731902115891,2.025617582300221,2.790383560147137,2.194163072965692
2019-11-25,1.077479066958444,1.1331378952971802,1.067882607491077,1.226435464310419,1.0634234303919303,1.0625595205476368,1.1239928201233367
2019-11-26,-0.5798851793308782,-0.7960706221850654,-0.7490739110887814,-0.7611483039722624,-0.7267347764937979,-0.5572358503160456,-0.7800890239087735
2019-11-27,-0.4312034070572708,-0.5691087186241921,-0.5501504878031549,-0.5399723851390867,-0.5314522409276208,-0.4161680727953357,-0.5538288159555343
2019-11-28,-0.6878369719197936,-0.8624071443094481,-0.8619922516261368,-0.8043437246742484,-0.8296047376710175,-0.6698275398369689,-0.8367367276360735
2019-11-29,1.2309960434130942,1.423568046988918,1.3720692636599732,1.355703901814005,1.33585070782827,1.2132776006642305,1.3818385239238866
2019-12-02,0.676472182156929,0.6711705646869432,0.6628540172285985,0.7645553086558866,0.6613694707150863,0.6706609263441415,0.6696284039088206
2019-12-03,5.112665651936734,4.662138923867688,4.3737997273405025,6.260823491144923,4.409520774537385,5.043194515787566,4.6879779238666925
2019-12-04,0.03252216948657785,0.2551531985072183,0.19378495512047794,-0.22930179099955073,0.16884327115124606,0.04716184977423768,0.2325583039087042
2019-12-05,0.3880783871889576,0.5014009879118257,0.46136621622985724,0.31352349984767647,0.4506665370637521,0.39335821434366136,0.4901484052892978
2019-12-06,2.370751818374732,1.9993673857830483,1.9936871734633066,2.9708710105967775,2.024312126199063,2.353412860006859,2.0234065327396484
2019-12-09,-0.11117561024111208,-0.07798435961122527,-0.09631177937142754,-0.41633096096926714,-0.10957463688025734,-0.09617723508742758,-0.09741071109832879
2019-12-10,-0.12695112724776234,-0.08201959040230496,-0.08530006727439585,-0.3613665820302117,-0.09975930863530248,-0.11779848814606135,-0.0961646414605004
2019-12-11,-0.31166257130041447,-0.2423444676855756,-0.19347668062758344,-0.5392152236306765,-0.21361457943442452,-0.30614291993518916,-0.2555749308180976
2019-12-12,0.5289594437035922,0.5370014989756005,0.542884933907339,0.5362406917260699,0.5401059022971758,0.5290524855224593,0.5359062135276018
2019-12-13,1.3954681811067196,1.392089393717931,1.3774183629616334,1.5686743059676718,1.3816240063791883,1.3925676939246938,1.3950134104173633
2019-12-16,6.610009890715596,7.656715164212963,7.7134542276148,7.885672501309702,7.6335324694342015,6.560333546508175,7.6464926345781485
2019-12-17,0.15769386156587634,-0.5611601802791031,-0.6140727216792053,-0.15130816894591548,-0.5701962326063977,0.1785646540591628,-0.5546958043321799
2019-12-18,0.0804249064335839,-0.568670443345262,-0.63018624856254,-0.16785174905660236,-0.5867264654557632,0.09501685637930206,-0.5578069039271127
2019-12-19,0.13695848697239613,-0.3304594919647368,-0.37991003179908056,-0.02707717157345274,-0.3491867706872923,0.14496986061262268,-0.3199578628855725
2019-12-20,-0.13908301665682285,-0.7653941326946646,-0.8682354610515777,-0.30682265004444925,-0.808441767558127,-0.13290691343163688,-0.7433883315379828
2019-12-23,0.11949762058724589,-0.17032934977367742,-0.20286731146129033,0.044009291603168965,-0.18697448026150576,0.12056253698842334,-0.16137560397047168
2019-12-24,-0.30695975329841624,-0.8957128672484805,-1.0423617652319932,-0.40123158922285396,-0.9676010515105815,-0.30688087937491854,-0.8630888795299786
2019-12-27,-0.3829956093342936,-0.9159811555236075,-1.0748300718863784,-0.4365038485528591,-0.9997864988778324,-0.3864270429349219,-0.8795172283577878
2019-12-30,0.44875586391011324,0.5959170240663882,0.7571750300572664,0.44837277469119785,0.6765684194757859,0.44858669241939986,0.5685062192055119
2019-12-31,0.07666821218062775,-0.0294164519052853,-0.04809956678001637,0.058796228439177534,-0.042084271639161175,0.07419341105011856,-0.025052695967180294
2020-01-02,0.6036524880772444,0.665114545541446,0.6853306066341879,0.6104416585490244,0.6695573689079978,0.6045382865579106,0.660142619843204
2020-01-03,-0.40950774019614633,-0.6930973089052914,-0.7587052201166115,-0.4563273311804595,-0.7154979479624977,-0.41170809953963095,-0.6774736665161518
2020-01-06,0.10234707263948128,0.045648245189267356,0.043819334629142004,0.09697385469031805,0.043758479775128145,0.10101209853257731,0.047467307245014356
2020-01-07,-0.5967951180240267,-0.7849306285748853,-0.8061282157011074,-0.6274473880897499,-0.7704886894799627,-0.6015455172807582,-0.7721040573102173
2020-01-08,-0.6905436261542074,-0.8535718611580747,-0.8812443751513057,-0.6895745571593123,-0.8491645010521506,-0.6976284001138111,-0.8351121659855459
2020-01-09,-0.5777003826965744,-0.6850608269838792,-0.7198252645755931,-0.5534432218126653,-0.69345854257385,-0.5845099581832918,-0.6663236835595376
2020-01-10,-0.8103713177028798,-0.9340191514497767,-1.002228885023192,-0.7608646374096054,-0.9616473329150029,-0.8173999217899517,-0.9051501903101209
2020-01-13,-0.5433714927956177,-0.6032909567196715,-0.6270869364197016,-0.49960678817218795,-0.6069959944065476,-0.5480678173402991,-0.5838167184834191
2020-01-14,-0.9669207141118967,-1.0764660582360084,-1.1500177231113218,-0.8897373046304479,-1.1047075053792001,-0.9708212568848253,-1.0373947458878998
2020-01-15,-0.8527913562660095,-0.9185550694959794,-0.9957157085911896,-0.7740385480111749,-0.9578511201337397,-0.85496259570821,-0.8830505225238221
2020-01-16,-0.5459003056848413,-0.5758899308009747,-0.6214265086971513,-0.4962856190232964,-0.60312341032709,-0.5455291326858485,-0.5555020923063786
2020-01-17,1.078668840903715,1.0927870137617892,1.1688339317208343,0.9945242494315687,1.116787769103084,1.0752078025514633,1.0451634052392962
2020-01-20,-0.7360539536467207,-0.880259580068496,-0.9530059312569574,-0.7358449049544132,-0.9127866087985366,-0.7256194606762769,-0.8475838499815456
2020-01-21,-0.2320832420389004,-0.25340530709824327,-0.25612830382759333,-0.23250243970689843,-0.25311714737412416,-0.2293163114494422,-0.24902261484862365
2020-01-22,-0.2899769724611987,-0.3047958733532359,-0.3002231197454315,-0.30061809695484143,-0.29298992510118205,-0.2861283816492036,-0.29742101711989477
2020-01-23,0.9583996620620813,0.9469401958290291,0.8812079955910324,1.026991853191854,0.8719036857868436,0.9463414479772763,0.9296732358274077
2020-01-24,1.6583896388386314,1.4919709682050704,1.400698725998808,1.9105722109003032,1.4066844094445146,1.6368892908025567,1.4917716526331994
2020-01-27,10.01175498004898,11.066897401292088,10.582787850965698,12.131375357980763,10.454245263995386,9.807205971483342,11.000702295462949
2020-01-28,0.8601973081791509,0.9402251786167148,0.8539029597528144,0.8525833455038241,0.8495233746758336,0.8663614094831404,0.9290858950843013
2020-01-29,0.03974965744649891,0.23180679344528488,-0.07845374903464158,-0.3273031366079124,-0.0930107842066647,0.06420699091507462,0.20593595358062733
2020-01-30,1.9374381471890343,1.7696771147821329,2.0569746518722303,2.3717589427193477,2.072390036324848,1.9193863270157474,1.7841546608612449
2020-01-31,1.6802275261647197,1.5645744363496616,1.6456307192903756,2.0006694874905313,1.6605755382136667,1.670587393657971,1.5719712621146598
2020-02-03,0.39809582306766333,0.6379045860209269,0.5461534080839898,0.16162590329219767,0.5175396301239346,0.407219424035126,0.6125923697773595
2020-02-04,2.303070355363021,2.0215728883717277,2.1217955551098244,2.792884106604967,2.150015848695582,2.2933581131661462,2.0414307278629487
2020-02-05,0.4450105823910951,0.49975374550441787,0.39268477916992106,0.23787838851397808,0.3832855037592508,0.45321735649889994,0.48134230228924524
2020-02-06,0.16507222906868585,0.22148228725053828,0.07568884497999401,-0.0707098725615198,0.07034118153597715,0.1712501678348186,0.20191656920387063
2020-02-07,0.24372900685940302,0.2954452449756037,0.17362165540395336,0.09502216341713923,0.1728822752269656,0.24478827814241605,0.2823969708542691
2020-02-10,-0.016033627723334096,0.07381005220287917,0.0003956237008300445,-0.18012944365001715,-0.007554297674132057,-0.019288060063611265,0.05792716895426524
2020-02-11,0.40718336629184293,0.45701151192624095,0.4447366201802954,0.356885922350167,0.4387743198367525,0.4036827611980962,0.4501429326954532
2020-02-12,0.040711251642676194,0.08979556746602496,0.058462188314795355,-0.040801531149107895,0.056085015553580364,0.03435467865910463,0.08196884766117571
2020-02-13,1.3392935292787442,1.3057881378760625,1.3393675119693524,1.3962762751784463,1.3366025129417207,1.346439263737025,1.3092473669281308
2020-02-14,0.19541391451029244,0.2848092746169669,0.2840286535188301,0.1261175545783046,0.27687191572159653,0.19115467289107801,0.27479606896648345
2020-02-17,-0.13005853749891777,0.02122625739438397,0.08954858173191194,-0.2214949011524076,0.07321463207171391,-0.13893197505377025,0.006820249571119111
2020-02-18,0.32724585510456644,0.39135788432445706,0.4198515239999729,0.3076637660273142,0.4139329746664893,0.32318622311358286,0.38633744154394956
2020-02-19,1.111134420693937,1.0404117875108259,1.0229426173589689,1.1492214788063164,1.024286780924867,1.1178895805291744,1.0435545992899367
2020-02-20,-0.21909941603370955,-0.15837491322106895,-0.05515669218251354,-0.2964128926737325,-0.06232614510608822,-0.22514580264041778,-0.1674410219614683
2020-02-21,-0.11679765665954034,-0.054202897257040306,0.06687472024657146,-0.1552071936961374,0.057100444810541356,-0.124399396099517,-0.05996066727620181
2020-02-24,17.94344531968369,16.072724532699436,13.041077956770234,18.613147030215707,13.271277368841671,18.175716884761403,16.19486465214035
2020-02-25,2.6926398430137684,2.4160942988255476,2.6104612495955886,3.283278542363172,2.655232960186376,2.6762256082118387,2.433080788571226
2020-02-26,0.7927481819599067,1.1772383114827591,0.9891178185664978,0.43223126847812404,0.937700664755456,0.8033599325699111,1.1389530406241397
2020-02-27,7.431233145706601,5.5488353195282185,6.387050986945286,9.764055091405147,6.626379391346769,7.401280209316239,5.681806448525295
2020-02-28,4.504410850390519,3.737735578509227,4.10652474415331,5.868969828842971,4.218333768940429,4.473447326495174,3.787395882557685
2020-03-02,1.6879035261662865,2.026759254271761,1.8754444105412178,1.4241285588135826,1.8266717729564,1.695794400916998,1.9931260794582848
2020-03-03,1.5270753876111633,1.872640278615505,1.6926202214131936,1.260016398335394,1.6447172156311232,1.5311157433506404,1.8391838312402875
2020-03-04,1.8167457424529363,2.0177491514582995,1.8904637032748122,1.7360402628431582,1.8652603439868802,1.816484011831859,1.9961640926123903
2020-03-05,1.9882436802591161,2.0884177642097654,2.005177040302326,1.9861065010434809,1.9956273789367847,1.9875910484771384,2.074641743695482
2020-03-06,5.583143093918203,4.548530362707517,4.928376783002997,6.637142956134794,5.072392663805495,5.613276521676528,4.623965788339013
2020-03-09,16.540203788496243,11.793271144772364,13.418067074136655,22.2399577302476,14.095793532506384,16.543096986110797,12.152527238800262
2020-03-10,2.404856307654299,2.859388200694014,2.4639497351211004,1.9011764591226232,2.401275018863637,2.432083627837,2.822090369598864
2020-03-11,2.478138331337888,2.8712414488434512,2.5192196282315527,2.156342303972411,2.465599742722313,2.492199330691754,2.8402413821258548
2020-03-12,17.312433185540385,11.984986941563868,15.645997092495357,23.78275085351051,16.561405880782033,17.193208981102913,12.280455620757358
2020-03-13,3.391869779616103,3.7715386993864968,3.3780674757561684,3.0434252464360725,3.3330341737864386,3.421319152495729,3.7454280912954143
2020-03-16,3.8387571224568298,4.002631687547611,3.825315471975101,3.847907825348483,3.8192488361441486,3.84466012407424,3.987932866098192
2020-03-17,3.380448550252557,3.712637969829711,3.4040923107724828,3.1599369103842707,3.3620764709623674,3.3927804640859556,3.689439193855838
2020-03-18,3.8405332507143717,3.9540156426153037,3.838045870996033,3.8774772594319566,3.8376096913953157,3.841382483625291,3.9421261959876883
2020-03-19,3.0091844651831923,3.428852297012567,3.079003072248761,2.7301773107419596,3.0157173559199433,3.0128591376682428,3.4009299471772314
2020-03-20,2.820234038832445,3.2688731859532667,2.8552751626677564,2.577979654252239,2.7854595489110014,2.8137854923233276,3.2403017705550514
2020-03-23,3.7061268469587847,3.784244531438711,3.705773777316219,3.734018319448981,3.7118478737224203,3.707177410987676,3.7746043716592093
2020-03-24,7.925430753980633,6.38607923315436,7.425737294500354,8.723045399997659,7.724222071877904,8.009915200240165,6.452359908991623
2020-03-25,3.946182656323667,3.944754486250617,4.003447948312308,3.957936160753266,4.028216880651242,3.9467904579445388,3.9427120805812756
2020-03-26,3.262232727130791,3.181845996840254,2.870433385477729,3.0804557016651946,2.8435605300694995,3.2628784894337657,3.1615050305795895
2020-03-27,4.488611796695044,4.568501325846719,5.238681137989891,4.626658704600512,5.32909462700057,4.4936345221662055,4.590016146999433
2020-03-30,3.0261196317660124,3.0423505578051695,2.669588282142387,2.8410225417489507,2.621434492971772,3.018805467474973,3.0150877747674936
2020-03-31,3.0674107895905776,3.08961492259909,2.7694533282275686,2.9688408010727434,2.7333494173058788,3.0526096372115163,3.0675536892642272
2020-04-01,3.7264243342879437,3.7269925659461602,3.8342705400878376,3.7273159265333433,3.8644238659863506,3.7261958190556035,3.7262671932937073
2020-04-02,2.7539317328238146,2.8450298366119964,2.4974221112277157,2.696767510263754,2.4410030197521912,2.7254208257256196,2.817105630045024
2020-04-03,2.7139989544002114,2.810685693240765,2.4676628080258625,2.7234453387243316,2.415515401875435,2.677788835414101,2.7857328290014345
2020-04-06,3.254737261101697,3.2914359472300356,3.22261338367419,3.2738308485741094,3.220661158233683,3.2435879447682767,3.2826482861467183
2020-04-07,2.8569087873037713,2.8892918009338615,2.685773314491306,2.914163482329066,2.660777808750246,2.8268145644590783,2.872896772513821
2020-04-08,2.393709099648971,2.414052170216867,2.00916996650411,2.527117291377082,1.95711506360636,2.3383024944809057,2.388557146401609
2020-04-09,3.114219580557556,3.1198150896935557,3.1308004169124786,3.1576794943752495,3.1473883640135227,3.107419555960679,3.1159668836621233
2020-04-14,2.3033874341863028,2.2584968069153692,1.8741667482951399,2.4994470511923375,1.8318920965922305,2.2442003514296167,2.2359327924757837
2020-04-15,3.5163108616098144,3.528028836656863,3.812989440349323,3.4504386348210456,3.87613308697882,3.551692520652146,3.539570249537592
2020-04-16,2.1776757866027485,2.2536051384515168,1.994633887280278,2.4056236335518366,1.938957385081391,2.1166075407420526,2.2272736298319424
2020-04-17,3.0445363334326174,3.045973020776066,3.073439304461278,3.0783523761824036,3.091237245490624,3.0496562054882723,3.044725141011254
2020-04-20,2.0338368158766116,2.019989637842261,1.7007518409717808,2.3230772807399425,1.653222982922619,1.9679194152257151,1.9949162474171718
2020-04-21,3.254196009872807,3.254514783065904,3.48221978189922,3.1983059650438577,3.532373986381189,3.2880513373306037,3.264199714212423
2020-04-22,2.676039218933104,2.702747718748295,2.648581419152058,2.789292347299944,2.643396822883045,2.66157274385167,2.6944800910516773
2020-04-23,2.021587254215945,2.040524681543891,1.806359244560283,2.3146570846970493,1.768157155416751,1.9658713366109193,2.017489983480733
2020-04-24,2.0474254029375287,2.063063838718688,1.8585358337124533,2.348217940250575,1.8308241741630704,1.9952430148782727,2.0445046187390905
2020-04-27,2.171822821032988,2.2004123978125185,2.1001902851908953,2.430878061321922,2.080194917684827,2.1335651495594083,2.186767898492355
2020-04-28,2.323392194253495,2.3268684487964824,2.2805731214420124,2.519732480479955,2.277290360164576,2.303303605205425,2.3198319296601095
2020-04-29,2.978764260033272,3.0050762745179886,3.1954671813207955,2.9164336049089683,3.230417167979113,3.016270060007301,3.018064288082474
2020-04-30,4.172229124429565,4.548140434929958,5.3324166374856965,3.7009432513124914,5.404761424070155,4.280927541069978,4.602915086761156
2020-05-01,2.7248474514693544,2.7258810190021987,2.7456026920754946,2.7762558846522585,2.753772755030912,2.724114882290821,2.7246046723288013
2020-05-04,1.759667761831035,1.8524260739541003,1.689964017310917,2.0512759053956193,1.6494916972487155,1.718891189118685,1.8229395057214648
2020-05-05,2.160286529045757,2.2147784153847248,2.1361260616953857,2.358833449508573,2.1165370302769526,2.136555414386712,2.199796997557339
2020-05-06,1.56203158319262,1.6255182811266566,1.435204934810533,1.948684468618521,1.3945943030610093,1.5067426316470383,1.597058357677298
2020-05-07,1.8957423795782042,1.9404944023755557,1.8327054048885234,2.1809741867303205,1.8127702498988347,1.8612792297733929,1.9249023612292429
2020-05-11,1.357941039332187,1.4007860423179481,1.1727197583756317,1.8434436751740697,1.1355306399030156,1.2890016054826972,1.3739941749506006
2020-05-12,1.476535928578522,1.5222594327413057,1.3463950536737688,1.9246339059753552,1.3192757163300106,1.4177756610689711,1.5028126608266827
2020-05-13,1.8797257517859132,1.8926176565180142,1.846125810641547,2.141013980564731,1.844193760639298,1.8617107524683365,1.885978343852819
2020-05-14,3.701096146359531,3.5458997842094613,3.772863440570453,3.128013985227867,3.8447793272584456,3.8395905861734176,3.582113386818426
2020-05-15,1.5582541135884882,1.7167696473894805,1.6273911370256267,1.901280858383731,1.5936585404337218,1.5210819737018177,1.6945438613752917
2020-05-18,6.612142158865671,5.838773963408836,6.366925786092387,4.9960568634621785,6.5481400297957375,6.881749813289731,5.93834305951448
2020-05-19,1.6994809687596486,1.4345251480799948,1.2863050700864285,1.8968308376665404,1.2719584149419862,1.687674416067291,1.4118544711562744
2020-05-20,1.7338981281569923,1.5436349004338152,1.4756994276460842,1.9460613793538926,1.4609803926908873,1.7164363774367843,1.5259802638994482
2020-05-21,1.5573393080104223,1.3313652935473088,1.2382047141240657,1.8296830347489088,1.2243661457673798,1.5315880067241232,1.3116896536570484
2020-05-22,1.3061715135514822,1.0699976624090655,1.0259292728385532,1.6668127286514862,1.001347824713533,1.2670639686101506,1.0444972573064553
2020-05-26,1.631674914804645,1.5288745601916705,1.5266025773492031,1.8947524431962801,1.5147936509808884,1.6060007449880123,1.5188320209335897
2020-05-27,1.6116741470325358,1.5093005927376608,1.5017380454195821,1.8755533935005162,1.4951538371490323,1.5873646593540367,1.5019843602542742
2020-05-28,1.540542449233096,1.4230476141239095,1.4110079462285516,1.8227290436775045,1.4072233258886548,1.5150300595571342,1.4165928357897721
2020-05-29,3.020817883333953,3.536435015429317,3.6658390539723222,2.703458170176486,3.6807068713661066,3.085841226115468,3.580074936149581
2020-06-01,1.8079367753895734,1.785411472912859,1.7739328771295266,1.9654700770578457,1.7717064237662359,1.7979463044821657,1.7807670931393622
2020-06-02,1.2980273177347148,1.1784907150818236,1.1133459449006655,1.6185297899138251,1.1058044767677906,1.2683623144685932,1.1608409164059712
2020-06-03,3.5406182797166945,3.8771035673474725,4.138535796138431,3.0426328078777614,4.155133477139128,3.61951525100972,3.9305138048246904
2020-06-04,1.231115227287292,0.867993814721785,0.7573688811624205,1.5278871438568093,0.7671776694131269,1.208542189243866,0.8495673211736762
2020-06-05,2.838631947412268,3.3430079046869627,3.45729785585543,2.6311439018967526,3.448458149765104,2.8702211568635687,3.385711286690478
2020-06-08,1.0790519509923524,0.5105133687433129,0.4214565173463661,1.3963078921467493,0.4430285747855754,1.0550082155467588,0.4882225723253574
2020-06-09,2.7217285196881322,3.483057773998333,3.6162812716793242,2.53933252166619,3.5797136476643416,2.7502233095828243,3.528130503769275
2020-06-10,1.036816296339006,0.7809928416742098,0.7038861977771024,1.3423300412787418,0.701038448516476,1.010886758147631,0.7550253609464983
2020-06-11,7.584208295045983,9.130204525360499,9.642862855704534,5.8927868383793065,9.710069705632758,7.798556023146829,9.31977773178331
2020-06-12,1.465554332813117,1.6047933975636077,1.3371791194391216,1.5242303863002133,1.3144573796725472,1.46840495577455,1.5784397566597586
2020-06-15,1.412881310204669,1.5524315960580257,1.290681720652018,1.5229864031983853,1.2695852806056742,1.4058315939261552,1.5283516621950008
2020-06-16,3.7502177104033345,3.5099601130774167,3.839303220621456,3.509697193420994,3.8931358731069174,3.779507542540457,3.5419068289738966
2020-06-17,1.341952093404255,1.260950447047391,0.999486448727935,1.4338469983261422,0.9859400481176961,1.336458581978635,1.2347114926805711
2020-06-18,1.2742971666352665,1.214509134894505,0.9620653347529011,1.4215354725799152,0.9481668162948818,1.2584987428970336,1.190734652084221
2020-06-19,1.4948213366906384,1.4703320947310146,1.3545802600486059,1.6314369263998194,1.3443946854840885,1.4784706149770477,1.4556423421260298
2020-06-22,1.2275455945914981,1.1732068139038214,0.9989218860839468,1.4312503824248766,0.98823300087803,1.201558987295485,1.1544038954322835
2020-06-23,1.4957436581634744,1.4810646125936733,1.4285807262689054,1.6432767580006042,1.4220011423809653,1.4787091237920178,1.4711658159188152
2020-06-24,5.067765141846113,5.349130295859437,6.003192715781767,4.242952873350984,6.064244636263988,5.210656138999614,5.4350966375272165
2020-06-25,1.223147111648018,1.3623023249419102,1.1538712054650615,1.3361608646871233,1.1291801339590042,1.2107278428453394,1.336206367133485
2020-06-26,1.0717722038837003,1.2270272273924756,0.9987913897297062,1.2484446706895655,0.9729700703507456,1.0485004946764849,1.2009985394443499
2020-06-29,1.3878335167841231,1.4888013271320915,1.3510805890996282,1.5317084533983263,1.3371607480121255,1.36932173141505,1.4731711576170397
2020-06-30,1.2091543001428875,1.302499156550287,1.132436772289793,1.3994334258872807,1.1195598351542384,1.1842306856044345,1.2854794492519244
2020-07-01,0.8040864791525029,0.9687215048751175,0.8083937521828628,1.1033399379091815,0.7811952493210593,0.760475686250359,0.9438182708384264
2020-07-02,1.573920092940952,1.6057471585686915,1.5790416946947512,1.660821448730379,1.5751146785617098,1.5701664470193473,1.5999298256666106
2020-07-03,1.5881849041277079,1.5986379524584975,1.586228013586624,1.663787709321999,1.5864367792087868,1.5863122454517762,1.5953934016987286
2020-07-06,2.883273722951715,2.718237252799406,2.780946616796821,2.579504440295489,2.813307610030479,2.9435998009090403,2.7420328161824252
2020-07-07,1.8668390141778246,1.8764102424718874,1.8976916165684137,1.8743541296041408,1.902110928727326,1.870094168687233,1.8810286762476411
2020-07-08,0.9196624359494223,0.9400105865765496,0.9263039261707676,1.12115895995713,0.9063402880014539,0.8966716848932339,0.917228173411303
2020-07-09,2.2250744587597344,2.200501364033336,2.181154361139311,2.128616194888692,2.193524216821743,2.2454263220761144,2.2134309125052987
2020-07-10,1.0162657487612117,1.1187085582456544,1.1836929981940763,1.1841721591668795,1.1563017213331852,0.9958897214949578,1.0971978994331553
2020-07-13,1.5558314687552353,1.5747512686670047,1.5900245910950916,1.611090560730542,1.582245920212292,1.552935567693396,1.5695202007868083
2020-07-14,0.6380189942844292,0.6772472039798328,0.7218598172966718,0.9026209724385172,0.698140182193142,0.6054255682158589,0.6515535679664723
2020-07-15,2.4729420676733023,2.421487574381729,2.3926835741686014,2.255238672642021,2.4131936459061505,2.515594525127824,2.442566644029813
2020-07-16,0.852647096644507,0.7517823560981107,0.758193035907539,1.053094804639935,0.7502443547083842,0.8318822243615625,0.7355170831934628
2020-07-17,0.7590410326807278,0.6867773863289901,0.7493196189943386,0.9908860766025981,0.7358254351259335,0.7325639561223912,0.6696490058063418
2020-07-20,0.5659399324177142,0.47812578476777345,0.5367543136255112,0.8616854081726788,0.5251585355962768,0.5306944555100475,0.4601397796525002
2020-07-21,0.34271438220123085,0.27078598589192043,0.39818995281021763,0.716358392470246,0.37884360270290024,0.29483858853698486,0.2500567093046134
2020-07-22,1.0267821473085752,1.0178907005632922,1.0406532126959638,1.17405975599715,1.0361451662396182,1.0175349403178604,1.0154451147204553
2020-07-23,0.20679425331009574,0.2252850945214931,0.403413567407631,0.6204069564915475,0.37714742703620413,0.15380176399709544,0.20405384237701174
2020-07-24,1.936899056050374,1.9066000588297323,1.7983328853260303,1.7129567286683365,1.8125119739295181,1.992356724573899,1.921578705651244
2020-07-27,0.27280878227525224,0.4006644185040208,0.5632625608314566,0.6197574522829618,0.5320197548504649,0.23262275910035934,0.37899095569940594
2020-07-28,0.2362137319174667,0.37162557106964444,0.5605827033505271,0.6028848313383596,0.5264428264232079,0.19283529298531846,0.35200971441101475
2020-07-29,-0.00762670618729184,0.15068102265430797,0.34877581946646874,0.4521039079451353,0.3134181868172786,-0.06349260654642222,0.13067230421021786
2020-07-30,6.038645127598695,5.222850771343381,4.52550479480938,4.0822879899371465,4.646578122602633,6.373971965875301,5.295862103876555
2020-07-31,2.041395600608799,1.9031409811116404,1.9004945147379877,1.942538508305951,1.910688551372481,2.0497414618575602,1.909479475212997
2020-08-03,3.7431548837553303,3.130350384621991,3.0440190838640286,3.483975891212541,3.099582655553462,3.7605706374262495,3.1675104376210146
2020-08-04,0.6609613263824883,0.6793647088153919,0.7165074969908496,0.6735691095704167,0.687927125672876,0.6689087100313647,0.653767643012998
2020-08-05,1.2861578641021962,1.29568565748124,1.3038897312825384,1.306081576748631,1.295175910353327,1.2855595333705272,1.2891885409233264
2020-08-06,1.4978324360363702,1.4981211890816128,1.4979388586398112,1.5021143465073514,1.4985219674432864,1.4978151317510033,1.498934851579134
2020-08-07,0.5146850627812187,0.5633461565859349,0.6391153566094558,0.590892581300895,0.6107332247897567,0.5076864281190124,0.538712998588438
2020-08-10,0.4542354132871491,0.515940766623434,0.5788559307656983,0.5798659011455524,0.550960170606177,0.4385799922336866,0.49433914124599204
2020-08-11,2.4623280399608616,2.3779845797515637,2.324469412234582,2.277618586473743,2.350956410989068,2.492661226228827,2.399863925034997
2020-08-12,3.1517929816916803,3.420143459098605,3.358759572505119,2.9627422692255623,3.385179257320015,3.1722120948653028,3.4615762664087844
2020-08-13,1.8714377601853993,2.1164717363497734,2.118393079104244,1.862289941021724,2.1113725718072582,1.8707936013229856,2.1326382837520352
2020-08-14,1.9294764499822006,2.0300158331601272,2.014160686025309,1.927200534529397,2.01754334330213,1.9291398107526616,2.04432440995876
2020-08-17,0.8442335565711312,0.7868030549824558,0.8368633158114503,0.8311574963062905,0.8243756810782235,0.8443736496985754,0.7670703364964299
2020-08-18,0.9494380846572352,0.905788998296541,0.9338318472717722,0.9696862705571709,0.9265753677980935,0.9447534663250838,0.8925944941893491
2020-08-19,0.6919975881642243,0.6709463880332694,0.7695151981521776,0.7407981701601651,0.7538270728815851,0.6806900756391197,0.6517960281522808
2020-08-20,2.186066622909302,2.211374578429453,2.1292781421017777,2.110231678135203,2.1401399259395952,2.203417932665915,2.2310911959076423
2020-08-21,0.5057680555129239,0.5918803480317129,0.7090583717866984,0.5530842137674256,0.685286435231848,0.49199138742332854,0.5666696642939025
2020-08-24,2.362812868705445,2.2690338463007804,2.173793796538172,2.2715052571756607,2.1909349390211523,2.386749085955166,2.2891976634740434
2020-08-25,1.2464285408711007,1.2297285329962613,1.2517973576519086,1.2589176440135201,1.2480442356304597,1.2438140245184066,1.2266320375724877
2020-08-26,0.46110035449371056,0.4464485642620604,0.6184275485322365,0.5148681737945994,0.5953607925911995,0.4464704531187604,0.42193987368524627
2020-08-27,0.7428214346821163,0.7442883114098546,0.8455523219525236,0.8101459309504142,0.8300056722288536,0.7288086396697342,0.7309051238967881
2020-08-28,0.5529765335401883,0.5849174198051487,0.7572645285334266,0.6503904947040398,0.7340153951191561,0.5325123721990955,0.5676368946608655
2020-09-01,2.6208968191861826,2.5199598772103147,2.247568879440392,2.419455539512184,2.2728152015602747,2.671222228283664,2.550733459606988
2020-09-02,1.6081494300929102,1.5816337992497496,1.5994145988271842,1.5946987947718545,1.5929008444627177,1.6130993478423636,1.5831475055189426
2020-09-03,1.9790444238476739,1.9443678263145845,1.8679610567316156,1.9497000102154467,1.8750679059681992,1.9879042610930613,1.9576657724483915
2020-09-04,0.9550186801875047,1.0344735420132123,1.1740662078558408,0.959117438207473,1.1505603021300428,0.9500228067383041,1.0190344223253418
2020-09-07,4.122308715951439,3.6850277862732526,3.200822993540309,4.0452896804319085,3.257685566612139,4.164405078479898,3.745713558995062
2020-09-08,0.6630557115596593,0.491037847279734,0.7399989500073515,0.5831398712220657,0.7152614196553013,0.6677309627359247,0.4646574628736773
2020-09-09,1.6526356761603966,1.684145159174554,1.6464478829903624,1.6556557725616383,1.6469771301704077,1.6532882701888605,1.692121110217414
2020-09-10,0.5570756233594852,0.3041025052092273,0.5354516420756035,0.5370344940374011,0.5158466890263949,0.5522799795135798,0.28143385154921097
2020-09-11,0.5762283065320604,0.3808752502176411,0.5920321128365502,0.6056864978995279,0.5706391302151287,0.5637676245256861,0.3634759453513129
2020-09-14,0.33170710368647516,0.10405146017706451,0.33999788377592366,0.41472477835658006,0.31813357480702165,0.3097450590505275,0.08523330033975524
2020-09-15,1.591646140223309,1.7028076713774987,1.5774735701395144,1.5519456547881465,1.5867479611546023,1.604155356579629,1.7147267081607862
2020-09-16,0.39976394495868384,0.12585567302249367,0.30418963828415974,0.4964472973482651,0.2926132802314997,0.38023740814223606,0.11498548686895588
2020-09-17,0.3444945319465043,0.1178422241879056,0.3319597580447521,0.46991638478224756,0.31595250838377575,0.32006199799325064,0.10762679945620002
2020-09-18,0.5387136983419939,0.4246035646680163,0.5842898152089607,0.6453918456332688,0.5700232302879383,0.5197799837401493,0.41913379030397485
2020-09-21,11.594377178717513,13.586939812215295,9.691475329408378,9.707104829476082,9.957560551592916,12.010630398315937,13.79280565583005
2020-09-22,0.894583581889811,1.1246419456164234,0.9836411909285852,0.7291745587265078,0.9487218345492101,0.9077634692079154,1.0974645711179476
2020-09-23,1.4031932381811778,1.499302706198945,1.432896580096369,1.3718929225240624,1.420284727674375,1.4047863665052864,1.487094555506364
2020-09-24,1.5403716960628986,1.577805815191641,1.541331029749139,1.5331890029598882,1.538092720403517,1.5405446455611962,1.5710799042680395
2020-09-25,0.7109170140434021,0.9286065423526603,0.8494621967973862,0.6262543820085464,0.8166466670232988,0.7086876215407812,0.9025867465435751
2020-09-28,1.761934326120235,1.7405956096019226,1.7416735263558154,1.77061134793164,1.7443071600393727,1.7644689284798556,1.7400030634256405
2020-09-29,0.7061372492426086,0.8086460379743897,0.7085022148378115,0.6755484026693698,0.6889158370663169,0.6987824619352535,0.7882056712157471
2020-09-30,0.63855532580292,0.7556393851025365,0.714343759137461,0.6450116319817132,0.690596526574287,0.6249047976918667,0.7360310837242042
2020-10-01,0.4033712138783994,0.5600094578043773,0.5771272515922118,0.4500400105375542,0.5446277508445267,0.3803141535677076,0.5377142153127528
2020-10-02,0.36895080391742685,0.5251609595662412,0.531904105468872,0.45910185078897614,0.5023604858543533,0.3409085565452762,0.5064451163355745
2020-10-05,0.5596220189956331,0.6715821295483635,0.6688111048428884,0.652021492113614,0.6492246226066499,0.5374871073744304,0.659604262661867
2020-10-06,0.09559648382488015,0.24421990249691827,0.22506024447962025,0.2716615212544512,0.20144665632060293,0.05656026435276109,0.22874849480370416
2020-10-07,-0.02488655903530447,0.1401602542000763,0.11296529630617269,0.20279272344400567,0.08988940951634199,-0.07092529228835341,0.1274612071224635
2020-10-08,0.18642474315953209,0.3137277665762325,0.30040298805050064,0.38433847610058103,0.2806497539572121,0.15148718913185827,0.30646645557818536
2020-10-09,0.30214374657857024,0.3875895621296064,0.3695776199783408,0.471693778053741,0.3580638551859076,0.2773117561388105,0.3838359792172344
2020-10-12,-0.18129503334437158,-0.06691238011300739,-0.11170819414338479,0.11533939866883895,-0.12380420752016148,-0.22691341547579108,-0.0699096399001221
2020-10-13,0.04288384089054975,0.13192481642910786,0.13363627184552654,0.2775684730405778,0.12176987174884099,0.01136691818859259,0.130924227679312
2020-10-14,0.10082121431163393,0.19129565654965333,0.23834378939033793,0.3064304540345525,0.22380283311548377,0.0755559934211269,0.18946792487462935
2020-10-15,4.281143889726678,3.63230235591914,3.2397016773842506,3.2317155958787893,3.31023990093247,4.4744615803729335,3.6480611209632094
2020-10-16,2.2800022882798157,1.9731726570085109,1.9385972371462503,2.148135420433134,1.9633792173864077,2.3000416705818125,1.9883979480414973
2020-10-19,0.39446328069242903,0.4424867036877026,0.4592760026894819,0.4211002728814097,0.444282703319061,0.3931446629866357,0.4305631145337777
2020-10-20,0.007181300799498543,0.10775000222682327,0.20613145296153784,0.07035966897967175,0.1792264363164968,-0.0005117972781090718,0.09011750080953435
2020-10-21,4.0529691152588345,3.7102373270967663,3.483444967326077,3.724330510141152,3.5483872927557547,4.100568775010598,3.74985899108645
2020-10-22,0.2310210001534276,0.47589826540629865,0.4866898806237616,0.1762816723862685,0.45329404154279396,0.23434902949512543,0.4517800618631254
2020-10-23,1.5858702179921336,1.5050643653667128,1.5047981633702687,1.5880137752462282,1.510219763695469,1.5881330581581403,1.5085270987406345
2020-10-26,1.3336720262813166,1.3195089247895668,1.3208886459100837,1.3381911050616897,1.3228386773750471,1.3336860653868605,1.3208090968887707
2020-10-27,1.1790706589040876,1.1937253957017093,1.203122681043505,1.1800069303981444,1.1976820780116166,1.1790711651985206,1.190253355915952
2020-10-28,5.71376098207111,4.842811894313412,4.461265634543952,5.955586269694069,4.562925094786342,5.72623943068815,4.930556583196986
2020-10-29,0.6117721433398802,0.9382585952528114,0.9329393230660258,0.39282977526357366,0.8932357869648879,0.6266847449922583,0.9078113672728159
2020-10-30,0.49653076094619186,0.8356500827631206,0.8243541247124597,0.3354243656810276,0.7801906869776954,0.5020450197655282,0.807155347913246
2020-11-02,1.6901878370784151,1.6524230516783023,1.6519460456460768,1.7316200936539672,1.6495997693488265,1.6913233614774645,1.650688204847236
2020-11-03,3.948575341001226,3.4614405852809638,3.51589918143839,4.2424989597981035,3.59218222844999,3.9519822664022337,3.5079672583919637
2020-11-04,2.081100012168754,2.1414785219158925,2.1823889608692877,2.187176834436923,2.1968154456327547,2.0759265885621847,2.1559021275009282
2020-11-05,0.7582324012200056,0.526172222023732,0.44812557719733803,0.5934032546013182,0.443333750919077,0.769027955961022,0.5077092351374815
2020-11-06,0.572255864354548,0.3317775561614606,0.2348694440871227,0.44863801738241044,0.2320995468320339,0.5752949361431123,0.3138201821459917
2020-11-09,13.739429391004249,16.79992901337042,18.49332984968563,14.600202685177837,18.548870072569205,13.814079145465469,17.04057267493146
2020-11-10,2.1560894539518314,2.8693403652727567,3.2074730408182357,2.1607087746837887,3.0980917796840477,2.161357918327714,2.8881756199140725
2020-11-11,1.780440134407348,1.7700344966584618,1.94706248865683,1.6577984635261465,1.874983166212621,1.793504305309802,1.7755986835253013
2020-11-12,1.3480399176253768,0.43808375032075636,0.33867538071763514,1.1367448132985318,0.37481451183641434,1.3639480333379281,0.43579619878498377
2020-11-13,1.1480711242882888,0.08874243350582954,-0.007057745319774766,0.960392986338896,0.04941462537095827,1.1563402005836299,0.08253761139664773
2020-11-16,1.9980811188888206,2.9137270449604973,3.0083253143605604,2.0094375613973448,2.8931732535423405,1.998093240364115,2.926418870702962
2020-11-17,1.2695157923547176,0.7374571203276445,0.7350454735865977,1.1848776061752808,0.7376345458628791,1.2674525478628942,0.737276760970475
2020-11-18,0.9390578507181001,-0.00451462917091186,0.00604484060370869,0.8619019804869821,0.05315592024525388,0.9286507578489445,-0.0123508974764837
2020-11-19,1.0742429539332368,0.5786909731441475,0.5781380227535742,1.0582543539611728,0.5914697624773884,1.0600285417465365,0.5776212692301573
2020-11-20,0.7381252683277265,-0.06256721035756231,0.005656236434498585,0.7522905985432189,0.04197874143112549,0.7121367622867781,-0.07139781504273364
2020-11-23,0.6295095760436505,-0.13657379151893032,-0.08215461413412857,0.6975521844396216,-0.04384847923418356,0.595266312909822,-0.14171238160419908
2020-11-24,1.9530591573253728,2.9112895103963394,2.68734450694535,1.9049674491844009,2.624921081603698,1.9758004367682391,2.920355396079864
2020-11-25,0.7634802911217817,0.2193429762634217,0.25149930367962686,0.8380447301266211,0.2754980583634605,0.7378256836916406,0.21935467965503008
2020-11-26,0.5617648112362579,-0.07522901581409014,0.03272587043317951,0.6791086186859943,0.06198509018300416,0.5266673546183447,-0.07804955681021508
2020-11-27,0.340800467637841,-0.37472092176012145,-0.17008667682275302,0.5167650197483895,-0.14174382123355297,0.29359193101206477,-0.37909502439246107
2020-11-30,2.2872183416110574,3.637820818673998,3.1147496945218105,2.091881807591725,3.046027964093587,2.349456439603929,3.6371721975440603
2020-12-01,2.828226935987568,3.4182902365855985,3.264076977966175,2.6407342223574752,3.248187267524516,2.886513766878147,3.4620231705871305
2020-12-02,1.4094589651696454,1.5297521072684241,1.5093509255736683,1.4167824057718656,1.4958282974270145,1.408063643434821,1.5384511293342829
2020-12-03,0.5818302520356785,0.055980777911360524,0.06666104236387799,0.6476331918629361,0.0987120982506448,0.5653585415730097,0.047279017131720696
2020-12-04,0.9524053082284187,0.8323131487524063,0.832446819216806,1.008198016729591,0.8305683100018798,0.9417713282583182,0.8327800487717252
2020-12-07,0.32173445033603637,-0.3082194823382068,-0.3318677295940456,0.4668564369834374,-0.2770152577607095,0.29447436602089466,-0.3110457557620426
2020-12-08,0.2044328180647449,-0.39670031747553725,-0.432570744600511,0.40307041266012483,-0.3761770121751394,0.1688824054840096,-0.3952920920670789
2020-12-09,0.09478366001768329,-0.4709776954136255,-0.518356219452165,0.3445134233359314,-0.46132488480829226,0.051809612456437906,-0.46514960257146065
2020-12-10,0.27388212443413384,-0.051562033662858386,-0.08042781414186073,0.49825805656744987,-0.052289737400244674,0.2391042346431463,-0.04636186617286975
2020-12-11,0.6173678516302353,0.592518048574636,0.6160187754794689,0.7465580407190868,0.5960753565101804,0.6039636519151026,0.5891321984717
2020-12-14,-0.05921065464354726,-0.41081274382631666,-0.42098998840635465,0.243656955896831,-0.37906117592911115,-0.10484038315485705,-0.4073610111618148
2020-12-15,-0.11769494022361966,-0.4175681833695502,-0.3854331571951857,0.2113074576004011,-0.3527023813633696,-0.16586221159185555,-0.41263067278279586
2020-12-16,0.7469005749043852,0.8152521370495768,0.7822138497715168,0.7967626471575622,0.7740996766122383,0.7519011554900268,0.8124023634124997
2020-12-17,-0.17812960316836596,-0.5010814158379993,-0.45049300090838285,0.15185692230191833,-0.4149401990248926,-0.2188359255459274,-0.49138887894109046
2020-12-18,-0.2221939420158715,-0.4877808804794518,-0.3959714535665527,0.12119457438163236,-0.3693762379490971,-0.26356782047995,-0.4783824706445002
2020-12-21,4.38116138254835,5.655190151510784,4.81324546453936,3.13672238068114,4.708973655397925,4.58681272365239,5.591833109674635
2020-12-22,0.27616756689455685,0.3176917881785239,0.28612614552848326,0.38178536477228087,0.2855686006539959,0.26696934767076924,0.3060258143129543
2020-12-23,0.35372806349765695,0.3758961232628658,0.34451382370073325,0.4542182715472929,0.3474329225744753,0.3453189766178656,0.36879776687060584
2020-12-24,-0.19286209761060744,-0.18408510983563067,-0.2622995293182224,0.009576405494058715,-0.24814200518683288,-0.21046464149934502,-0.1938572506567742
2020-12-29,2.90419718413473,2.844032073180933,3.0424443826793186,2.444705274541871,3.0044351974609276,2.957565756915052,2.8563863865523853
2020-12-30,0.46332021816020824,0.366689861353986,0.3399558498424184,0.5208197237100405,0.34694591884642695,0.4624552727651261,0.3662769679920042
2020-12-31,2.312165049836498,2.6218638203855216,2.6781107091948337,2.150437343388479,2.6325017698537367,2.3203720073958523,2.634035288041867
2021-01-04,2.852082582377441,2.826750743318246,2.900856616191302,2.8096207100649266,2.894539374014364,2.8477008541138114,2.861409869839228
2021-01-05,0.5169135739590472,0.3516619785010049,0.3100004009061091,0.48103649145016514,0.322812742458394,0.5261076377175568,0.3420875424456222
2021-01-06,10.342245988889417,13.130981698456422,14.226697816807452,10.45599757621407,13.842897780907524,10.276886052293511,13.278707754248005
2021-01-07,0.8478714831421303,-0.15440011773877801,-0.27958523176098904,0.5921907413626262,-0.20588163957642103,0.8834279931660096,-0.16162944053207423
2021-01-08,0.7340542628381889,-0.22531259205219595,-0.36059030613657017,0.5384823061791224,-0.28604799740203424,0.7594680117603357,-0.22879293576576207
2021-01-11,1.2531787756956319,1.3754790633595948,1.5225257540438533,1.212224710140779,1.439272857923069,1.258691616574544,1.3752229624004675
2021-01-12,0.8019530129456997,0.33805156685340165,0.296051241257365,0.7097732606911121,0.32090441625484717,0.8091722590643995,0.333048731038284
2021-01-13,0.48190274968929386,-0.14356413757752773,-0.1438874275437169,0.3975003047608578,-0.10496621126613562,0.48295128942258986,-0.15570059136658568
2021-01-14,0.8439495999068332,0.6437249190902142,0.6464950024942722,0.827835757383435,0.6512781865393197,0.8395682732704994,0.6427263602512872
2021-01-15,1.0093145380019137,1.0052510860437667,1.0046832539039783,1.0093057130335132,0.9913109278731422,1.0058214882164558,1.0070845762607015
2021-01-18,0.3100991858999962,-0.12293180137304703,-0.06815415020777954,0.3153573872891783,-0.04396621699075521,0.29555497770170425,-0.13480050055673556
2021-01-19,0.17582391824061536,-0.24061522761250756,-0.14405135015519474,0.22879680676001635,-0.1256278665697694,0.1523376150202105,-0.2508823687257036
2021-01-20,0.21169644398233148,-0.10639400964627846,-0.015213718442124435,0.2988370106832492,-0.004967935070305185,0.18473449846113715,-0.11196381489575077
2021-01-21,0.10295975562888281,-0.2119809767476198,-0.13291674824364028,0.22858342747173827,-0.11824647985114059,0.07102643278191723,-0.21430723770779084
2021-01-22,-0.024561506073153355,-0.3164528917242708,-0.17905617686004194,0.13736727994635073,-0.17036095454405514,-0.06294263225231676,-0.31873815117317517
2021-01-25,0.6653855282078046,0.6737853337808344,0.6590234868679121,0.7088315033569416,0.6591288051204447,0.6609306825065475,0.6740643452662426
2021-01-26,-0.14912002249291437,-0.3062266992617083,-0.0848674699736269,0.0294591155958621,-0.09164854789234472,-0.18931923981801924,-0.3143010358349318
2021-01-27,2.0355167193889727,2.2654157528389662,1.946495474667033,1.780702393533225,1.951867151068057,2.102743559615457,2.272754309600149
2021-01-28,0.31035257535576966,0.3274605492074308,0.42216122114900956,0.377252253096404,0.4124877755821429,0.29565185538954597,0.31830333840759645
2021-01-29,3.898626758771781,3.6852957701504145,3.1433368599040494,3.5372241331979177,3.1889461347904042,3.992130991929462,3.735662490177345
2021-02-01,0.862794886345576,0.9383964488319823,0.9846599823560975,0.8523860481565046,0.9706988352626403,0.8618550868826428,0.9278102572778084
2021-02-02,0.6384602131204027,0.7167278109447413,0.7646332782981402,0.6272125535692213,0.7518353310489387,0.6362737744503894,0.704240814351733
2021-02-03,0.05527476287664432,0.1682416056808946,0.23683485665201037,0.05548678949155181,0.221443419549134,0.047865714340326534,0.14781241249478172
2021-02-04,-0.06493921688110968,0.06485238522915256,0.15550865703737693,-0.01916832164938376,0.13505075963605326,-0.08064723849416551,0.04660872197463155
2021-02-05,-0.1174035123085112,0.01998565426141158,0.11329085086676868,-0.03136268775905528,0.08933393875795946,-0.1394219899098516,0.005428449069380545
2021-02-08,0.09052141547351661,0.1978520416605285,0.2937637967479057,0.1755580597737984,0.27206681547092515,0.0717017876998115,0.18867900105191648
2021-02-09,-0.31755842608339446,-0.18091774237387276,-0.06523595620418982,-0.16651331752752635,-0.08860817398603249,-0.3476950748174241,-0.19035978566734205
2021-02-10,-0.42184984639336554,-0.27039092105386847,-0.16644108255645565,-0.23018107668426532,-0.18846625042820095,-0.45706981312761824,-0.27604873116517337
2021-02-11,-0.5295127679294842,-0.3613542073014171,-0.23865207398247376,-0.30071924726865557,-0.2655344499508874,-0.5696111064137455,-0.3639536457401086
2021-02-12,1.0023498104477597,0.9109189229411927,0.8791666761968018,0.8857341806768955,0.8852478617093578,1.0318303127930117,0.9103139632317327
2021-02-15,10.32470258163304,10.021548287271717,9.267595752753229,8.488004772737874,9.371439231690545,10.589093655083794,9.963915339984007
2021-02-16,0.17458941809526762,-0.5825252606628346,-0.5564347072171367,0.04357999430481869,-0.5295587277967914,0.19915228792266038,-0.5715381973543617
2021-02-17,0.35672505537826155,-0.04828038802224732,-0.029980508367529413,0.2994758263838564,-0.02118981085649696,0.3678307517984883,-0.04263975862091007
2021-02-18,1.9903919555401484,3.0823838740827254,2.792914736614208,2.050105182401914,2.769395221832548,1.9817713440758518,3.057799743961899
2021-02-19,0.11771389868910288,-0.153719678686573,-0.1255101391032105,0.0058793419866750496,-0.13212815811888884,0.12860088074227805,-0.16585713376815236
2021-02-22,0.02960097908241984,-0.21245478831223266,-0.1943937367471033,-0.03196278487863609,-0.19953385212615773,0.03229632256624558,-0.22041619116039013
2021-02-23,-0.05757154919541561,-0.27012866757561144,-0.21896216570670493,-0.07705613271234818,-0.22892411841193505,-0.062383037098237705,-0.2754543848543547
2021-02-24,0.09768548875058489,-0.037435288661734456,-0.011710002396255803,0.1141925281261304,-0.01637399430949754,0.0896335952463003,-0.03828277098024241
2021-02-25,-0.26708833372848156,-0.4748917682742765,-0.45418673037994634,-0.2135171105942451,-0.45382857646140773,-0.2815242989741008,-0.4718268667054165
2021-02-26,9.268387429741134,11.051953912285747,10.625473554279772,8.505562566137192,10.673250616833007,9.45019579735158,10.981650256887246
2021-03-01,2.2096118278366177,2.055472828937133,2.2757876080168655,2.446172357620267,2.304082160278486,2.1942952192250207,2.0693931405781267
2021-03-02,0.4930484998136,0.5221585359818388,0.2475789382575116,0.29672928012581434,0.2383564526061645,0.5101449218518394,0.5014550611661194
2021-03-03,0.9347615469924542,0.9491416658591687,0.8639493038389775,0.8845570500213757,0.8630193612941233,0.9387206921984311,0.9417130445018433
2021-03-04,0.352163112210911,0.34010269622356926,0.0512545565808321,0.2277173673275193,0.05484176901109418,0.3588223840066407,0.32497933022049463
2021-03-05,0.23043644512997463,0.23947510845066172,0.009238745353263758,0.1406098920901793,0.007129157491995053,0.22994398084855447,0.22492156809373895
2021-03-08,1.7253121014872324,1.705292529102303,1.8534368883576737,1.7660125170570893,1.8612739252031199,1.7308766560553903,1.714396991355857
2021-03-09,0.14142189664457647,0.018574712649331804,-0.18787717741397497,0.06664570288677608,-0.17993690853322475,0.13986605855102996,0.00796960449963767
2021-03-10,0.013268960394453928,-0.09409786651536046,-0.31204642990699405,-0.01520113808351689,-0.30133084254079945,0.0042850802149831235,-0.10136537470935152
2021-03-11,-0.06658851984617634,-0.15172932428380684,-0.3452302795171137,-0.05061323129518272,-0.33939748945730447,-0.08244218313703974,-0.15562125685268346
2021-03-12,-0.04092351518333509,-0.0994557246446745,-0.2678894171035321,0.010192081908497519,-0.2605944712976068,-0.05979115641943422,-0.09951756433461456
2021-03-15,-0.25044721954659827,-0.31308221474396475,-0.5227625289417557,-0.15682468693413767,-0.5080791437293022,-0.2757033329537395,-0.3091879319345599
2021-03-16,0.5446347437930139,0.5425308622233516,0.553177527107763,0.5616855229163864,0.5517632990821731,0.5429232288075198,0.5427378866993593
2021-03-17,0.1469189056026055,0.09581407257033359,0.030503004853280724,0.20913032062870446,0.03672363697468328,0.1353963191647221,0.10020873550387133
2021-03-18,-0.32303070091802766,-0.3734896639106122,-0.45923659073258327,-0.2118236424096031,-0.4497599646669646,-0.34613616961931554,-0.36833664573978364
2021-03-19,1.3358403558486915,1.3742190853891358,1.4883081292928764,1.2245589156230194,1.4705744470866235,1.36092088717437,1.3646359944184763
2021-03-22,-0.29273278861347546,-0.2223992228473301,-0.27660719873460676,-0.22671825614235513,-0.2771582587063859,-0.3085625060152957,-0.22655785658166422
2021-03-23,-0.22290413014867905,-0.15834006468484052,-0.2127791896682945,-0.14136632605818278,-0.20993140868806331,-0.2385721632209547,-0.15852251792216301
2021-03-24,-0.4715618113195696,-0.36727516000130495,-0.36385614505187414,-0.3584478449505488,-0.36718035516371117,-0.49357917165095544,-0.3677419977615451
2021-03-25,-0.02315260231222349,0.028930076060214915,0.02418435159278931,0.04359530028932618,0.024356633592827914,-0.033214813474430005,0.030843362191006474
2021-03-26,1.1899475882920327,1.0797724462555371,1.0446623433039657,1.0918810958592797,1.0485185739923732,1.2109955522468283,1.0795328851177075
2021-03-29,-0.5468112459112975,-0.5582891317721473,-0.5210936136779111,-0.4666657647123972,-0.5144219890001047,-0.556587323312573,-0.5530872554828573
2021-03-30,-0.10747739312239446,-0.10393984226081598,-0.08161920662324706,-0.052588094559843146,-0.08063807863133443,-0.11398937266051101,-0.09950988005904071
2021-03-31,0.8086269376261219,0.8221871266305318,0.811018076985056,0.7598498110427983,0.8053513295883477,0.8145683611168625,0.8145599067391829
2021-04-01,-0.37225452294262756,-0.31465247885195646,-0.26524958340719457,-0.33249869094495976,-0.26689512631186446,-0.37664332617264445,-0.3138583561156194
2021-04-06,2.4977846463507754,2.354167488540085,2.273383063174433,2.342872785152375,2.2658930456114454,2.513649558379713,2.342656173808275
2021-04-07,0.8232675197772348,0.9161642131464768,0.9142244299435403,0.8311264533952591,0.9003342681156138,0.8201943378899182,0.909798545823485
2021-04-08,0.6110868867746615,0.6820426529599072,0.6957135213661145,0.6134610979634231,0.6780171335252697,0.6106603710275709,0.6753729177923572
2021-04-09,-0.1976467511829228,-0.48621350658870327,-0.5287679791454292,-0.23139515561184257,-0.49263334832824107,-0.1853445342632244,-0.4719214967108409
2021-04-12,-0.24206251318154084,-0.4783970508055329,-0.4721950119370066,-0.2601087578375102,-0.4439480712842287,-0.23444451862408391,-0.465971193228947
2021-04-13,-0.5463656836398929,-0.8174891009757941,-0.7408160302435014,-0.554432835501549,-0.7101171863944463,-0.5412088017931207,-0.8011415048064546
2021-04-14,0.3160590051266351,0.3364256478354313,0.3257308446894609,0.3174110432392653,0.3214191133983305,0.31606525384104733,0.33188226548646615
2021-04-15,0.11470089182072973,0.07815405375346984,0.07786485238828078,0.11899074179911762,0.07870502467245621,0.11574826913835401,0.07786089021293618
2021-04-16,-0.1459478599117664,-0.2829714712539829,-0.28762796536955226,-0.13694161100750923,-0.27100247053481186,-0.14284492947001048,-0.2735077000887378
2021-04-19,-0.5429962858240879,-0.8407975419196655,-0.8822810915363677,-0.5178790321393181,-0.8287374666611109,-0.5374420055667387,-0.8109218715912967
2021-04-20,8.016685731848764,10.899007139659325,10.850235575000514,7.685635134833756,10.250297959796212,7.995264071602045,10.5052128512023
2021-04-21,0.18085285261119682,0.29605060592788196,0.07822737935070256,0.024773732783967217,0.0826962904600898,0.19939040192779456,0.2827074204619105
2021-04-22,0.2735676501462796,0.3547724085551266,0.1870055433836174,0.17818857137075272,0.19333838256937602,0.2848064638423544,0.3464023603903291
2021-04-23,-0.24936550647876227,-0.13845477744150136,-0.47180548591731636,-0.4162097362608803,-0.44843790333054206,-0.23222574926893977,-0.14867055262636814
2021-04-26,-0.1752935899101779,-0.07004154564157236,-0.3429151547121614,-0.2777278080295137,-0.3246009572861436,-0.166835227364644,-0.07516373062515086
2021-04-27,-0.33090017943531,-0.21809893852175266,-0.5246660970078109,-0.41251105205214367,-0.4989134556971647,-0.325609426525464,-0.2197977006214541
2021-04-28,-0.3955172807697143,-0.269154285039511,-0.5088438463067061,-0.45248746979252674,-0.49039550622590444,-0.39516764055803144,-0.26931138921034425
2021-04-29,-0.6000354844121313,-0.4532651907768389,-0.7363309349657607,-0.6336377876622833,-0.7097046110617029,-0.6030850266170077,-0.4489736340375458
2021-04-30,-0.6651368372291343,-0.5082423170855621,-0.7762470339309273,-0.6687655865216027,-0.7554060508592042,-0.6723506385852649,-0.499873653065369
2021-05-04,0.2016796487671373,0.21857027536007734,0.2062442050418466,0.20237967583823602,0.20409047264562008,0.20156435630764358,0.22095408869515354
2021-05-05,5.085058926170272,4.184749202644047,4.905159027021114,5.152765645388808,4.856646348867546,5.119590650835982,4.163867384937635
2021-05-06,0.04961210633338675,-0.10638469087614622,-0.20240107357604786,-0.050098023798667624,-0.18709995352877506,0.06303706739054649,-0.10114080938211495
2021-05-07,0.4473406493802162,0.4400683700355107,0.5049141630235203,0.43368581152673014,0.48531330089344116,0.45031019514651965,0.4383155230549586
2021-05-10,-0.3962566577574872,-0.7370889246354781,-1.0026371104968297,-0.5246722318029658,-0.9390842904386778,-0.3789703452215327,-0.7168403432532175
2021-05-11,9.804502316289826,13.291482826103035,16.99882947003837,10.742293199785786,16.047989473581527,9.701337891875284,12.974472850018172
2021-05-12,0.7479464399158734,0.8428640171289141,0.6380335916734867,0.6234126825339303,0.6376768934804478,0.7633200610247386,0.8292846588161183
2021-05-13,0.460786108451686,0.5640649148679378,0.24377592918412838,0.2676419999993696,0.24906758694156655,0.47932583300816856,0.5482551030998395
2021-05-14,1.2907911014576077,1.2736706945019796,1.3532856087266274,1.387055087510101,1.3534525188908724,1.2874085183406045,1.2741709303448834
2021-05-17,0.13130162219365782,0.18762612209386625,-0.1837782352761913,-0.10856985108560353,-0.16986417182940863,0.14837243929289867,0.16985512950194817
2021-05-18,0.0056413299012047806,0.08030842769265639,-0.2611854783083508,-0.1947968548414744,-0.2527795273384681,0.014755484710905905,0.0649134492941619
2021-05-19,1.4960808247794477,1.4479918206651599,1.703115950452848,1.6092392810388207,1.693809864182162,1.4952616077691583,1.4534482264555104
2021-05-20,0.9929314968570293,1.0040124162942186,0.9955634419234383,1.0140654364257604,0.9960637584958253,0.9928941576937039,1.0014496583270478
2021-05-21,-0.021320732521745135,0.05552611533991604,-0.18974585119715337,-0.19253698280675907,-0.18320513576886338,-0.01750255328337481,0.03994899123172109
2021-05-24,0.12981869272977478,0.2000946412255247,0.023348791200361263,0.03757979974754766,0.024633071864328338,0.12701798188047075,0.19094855035953484
2021-05-25,-0.08900661623304233,-0.01422687395706998,-0.2359313414487613,-0.1692325791272221,-0.22816415849374885,-0.09592571125671628,-0.021412346390077316
2021-05-26,-0.2894035110975392,-0.18510890173789657,-0.3665610660323911,-0.3496864987719633,-0.3648987027857512,-0.30323531133126386,-0.19176514476556092
2021-05-27,-0.3757546529834754,-0.25731877241322454,-0.4276114161305296,-0.39793292714902356,-0.4308075060710568,-0.39533811304433236,-0.2600608380695416
2021-05-28,-0.4833416989044124,-0.34807912034060023,-0.49498882707783076,-0.4719473774912372,-0.5034979234303031,-0.5083565547023231,-0.3473631331843089
2021-06-01,0.6246071930691931,0.6064637231848886,0.6254557698886514,0.6163797570125114,0.6269764136029206,0.6311930165459146,0.6062794657298165
2021-06-02,-0.2927062826346363,-0.25903610397030885,-0.38991089745206126,-0.2726751676771951,-0.3842837343977217,-0.3068240299864613,-0.25152279632160235
2021-06-03,0.08256367624422989,0.09453489779915092,0.04546751766478985,0.09842437418916827,0.0483221478660687,0.07689611671914998,0.0993825373958298
2021-06-04,-0.6170079553290284,-0.5291393670240729,-0.6255485328223095,-0.5852646282817444,-0.6218091109031241,-0.6350720498675888,-0.5210324470220445
2021-06-07,-0.6892405249856686,-0.5867808872543943,-0.6926959480977636,-0.628459448997391,-0.6870863431381155,-0.7101339094588753,-0.573875941703067
2021-06-08,-0.6619353577528848,-0.5578563852083149,-0.6640079660091431,-0.5841659760437563,-0.6563243852108427,-0.6819910057742911,-0.5417028322003877
2021-06-09,-0.7838235953354337,-0.6704577480839126,-0.7987478725153968,-0.6828242652815835,-0.7851993563054547,-0.8044691621972149,-0.6486184980414408
2021-06-10,-0.9196899573265663,-0.7820022427627049,-0.8703760042625651,-0.8010170580041763,-0.8631285182929771,-0.9424471642934531,-0.756778793855425
2021-06-11,0.13638213659583864,0.12444539355872886,0.13007622240368477,0.12447891461127891,0.12893703828927894,0.14037546677666413,0.12507839148944755
2021-06-14,-0.9059182179894512,-0.8538389045680026,-0.9842456509218456,-0.808981269991871,-0.960728314264629,-0.9152587509112129,-0.8198925220222916
2021-06-15,-0.6870198400738186,-0.6426892964200706,-0.7453285054843908,-0.6085483298110275,-0.7267607690564835,-0.6926621456305919,-0.6147557843831744
2021-06-16,-1.0130304588610626,-0.9637964041188748,-1.1411274191506406,-0.901334697545003,-1.1041119182938062,-1.016935702139033,-0.9197563800048462
2021-06-17,-0.5448586271338296,-0.5185250363655991,-0.5949760372422694,-0.48989001385015263,-0.5815421014428006,-0.5456172788182555,-0.4954234971993532
2021-06-18,10.542555040344352,9.458412070930681,10.824741007372559,9.621239248897092,10.490488619791956,10.534612850467372,9.057728204944906
2021-06-21,0.2278316176264497,0.38772342537784843,0.2110408710914859,0.1357708137865179,0.20768305685285798,0.23988488109874434,0.3773834806205679
2021-06-22,-0.15983516219336463,0.05438015064721119,-0.2356659014687938,-0.3377868403065828,-0.2340358157710309,-0.1405486840215278,0.04329215728012503
2021-06-23,-0.3829429175246136,-0.14310230494428405,-0.4901761546943205,-0.5692405374021553,-0.48162073733254723,-0.3638110620930971,-0.1513295656398676
2021-06-24,-0.1039775053841262,0.06106471610355263,-0.12686643397356195,-0.19504978151362362,-0.12540623739200896,-0.09554229925131602,0.057007718385711226
2021-06-25,-0.3535178319699036,-0.1671432127187631,-0.4186667124791387,-0.46708721199795056,-0.40960070089181155,-0.34293742288004825,-0.16819411522925276
2021-06-28,0.8703378866630122,0.7848035168278774,0.9390709306392577,0.952383237541558,0.9250244375973842,0.8639953518222457,0.78398146700881
2021-06-29,-0.5011101775723401,-0.25128238951067805,-0.4565642783960845,-0.6616199435510419,-0.45322125068540386,-0.48964735679627436,-0.25738644575284986
2021-06-30,0.3135228028584546,0.35301698403653026,0.315451390573357,0.32092339006339055,0.3160028985610889,0.313762573556682,0.3526296362839488
2021-07-01,2.256157612059429,1.812177191986681,1.9699565697653005,2.6141889259451108,1.9751481320468143,2.2410654941264805,1.8202453422838945
2021-07-02,-0.44714949307220764,-0.41676526883025494,-0.5706024830429791,-0.6635634486840624,-0.554261208478466,-0.42728000805951794,-0.4187001923599161
2021-07-05,0.040000897387883705,0.06081818281878337,0.0008254238080249721,-0.025419733790642995,0.004923568785024646,0.04602694777748206,0.062134372060850596
2021-07-06,0.858212352910475,0.8544487602159825,0.9500142041260301,0.9507055208039803,0.9347161019953336,0.8521331728732002,0.8509555652037313
2021-07-07,0.31438173001591774,0.3353819993257695,0.31536649802215966,0.29539810294332414,0.3164511875779754,0.316910858250306,0.3342830355119387
2021-07-08,4.30779448959633,4.19561218926038,4.642002598292977,5.115530261253301,4.567278376319376,4.253200128979545,4.19219390811011
2021-07-09,1.7719660942764626,1.621546465889718,1.7415116174038634,2.1550270568715115,1.7472532845546238,1.7525987917984116,1.6346242518877252
2021-07-12,-0.04816855724945064,-0.02163498422433207,-0.21781889182102326,-0.35458073430023446,-0.2079136207936345,-0.024451164252476894,-0.04035988358595081
2021-07-13,-0.15768974129563906,-0.11267848758701494,-0.3144427567963907,-0.41954222361431914,-0.30329114736981866,-0.14090253343724762,-0.12698170473773715
2021-07-14,0.026801909661114787,0.07189056712699762,-0.06860481339040064,-0.1220216727595117,-0.06412259004102999,0.034023678684008685,0.06473077933231766
2021-07-15,1.419933001169657,1.3589282489427807,1.4339878558054049,1.602704843670839,1.435497763834616,1.4165237693429416,1.3649817608315349
2021-07-16,-0.2188076826671556,-0.049324829204083515,-0.09161859315057558,-0.4506279379600382,-0.106308933500855,-0.2129069227992004,-0.06858499532074772
2021-07-19,7.3994804910640095,6.28276427554742,6.465904290478141,8.852165957525441,6.57372318498687,7.401441424877205,6.366214261786443
2021-07-20,0.46886353809971304,0.7289695194513831,0.5805437797384552,0.20912087637805082,0.5535232971218671,0.4835820107554242,0.7017254101168001
2021-07-21,2.596351836384729,2.253836290695996,2.440087516210062,3.168215690010998,2.474043035437151,2.5782516769325294,2.277636161393529
2021-07-22,0.43128520594997044,0.5007515161938679,0.3121483114228073,0.16703089307626423,0.30291531250392095,0.4463941424688157,0.47785459906412797
2021-07-23,0.7883147717167213,0.8335350177995864,0.7707924720995366,0.6998214994836638,0.7642521846601158,0.7922587996776258,0.8219886094850913
2021-07-26,0.1532390797171717,0.21035535267547406,0.047169931287326036,-0.08420294240862987,0.03953415462171045,0.15943798263314743,0.18902741300104242
2021-07-27,0.21041866763303763,0.27271140434306845,0.14134520962648972,0.05525978147218588,0.13156854438174032,0.20926017506053146,0.2577379330538079
2021-07-28,0.04846672984261296,0.13771437077067988,0.061624037431224576,-0.09196137909525581,0.045032610376890186,0.041230081658616406,0.12229307748678273
2021-07-29,0.7446496851040049,0.7618275823458033,0.7462249306810743,0.7373611272424496,0.7445060001569961,0.7431706105389964,0.7592686812411399
2021-07-30,0.3451211140411856,0.3611778741976701,0.305345535759927,0.2972820753035175,0.30435186947051873,0.3396933231465575,0.3567511763462886
2021-08-02,0.402207016893001,0.43346793450136195,0.42397280006074256,0.36856579990363,0.41920288810387135,0.39651291078079676,0.42852853055125184
2021-08-03,-0.08878721012154822,-0.0634446589112411,-0.09827956099532942,-0.1461659624613272,-0.09936918173857287,-0.1004941745544011,-0.06918498572154985
2021-08-04,-0.23201033481021743,-0.20064294413655148,-0.24973643269526768,-0.2597358259886034,-0.24611175896247078,-0.2478177223776317,-0.20256767101762305
2021-08-05,-0.4113548714553852,-0.36657712868030423,-0.4326033696813674,-0.405171338417923,-0.4241955994110572,-0.43231234343954,-0.3639561732545374
2021-08-06,-0.5093190061433754,-0.4472006882860957,-0.5041646423653062,-0.4683157071486396,-0.500693372356592,-0.5346895410913398,-0.44010476078842325
2021-08-09,-0.5759379978357888,-0.4985599025838868,-0.5633605137704556,-0.5032030351547493,-0.5583028206572707,-0.603751536861217,-0.4866396255339702
2021-08-10,-0.3742636472788166,-0.30847986812842315,-0.3636767441900301,-0.30063282550049697,-0.3577017782853946,-0.394712974880623,-0.2960032491537107
2021-08-11,0.6837637660772166,0.6523158777511249,0.6920925544709331,0.639955499167926,0.684229794958717,0.6965535595887471,0.6450993816259519
2021-08-12,-0.42125777201436043,-0.452199849878094,-0.5429155576201663,-0.3604446135415443,-0.5204895731702623,-0.4317058503368891,-0.43229040362056464
2021-08-13,-0.48604901876660667,-0.49089338177030417,-0.5291372878635012,-0.42130028991615365,-0.5131403046992127,-0.4976926507291522,-0.4722451864318119
2021-08-16,1.016657865535537,1.025291496249305,1.0956520428943133,0.9395067266496521,1.066323067256254,1.0287336916689982,0.9997849360059544
2021-08-17,-0.4032967997094087,-0.33332609067940216,-0.3572901971340499,-0.39271729086249413,-0.3494375092964028,-0.40795116080867694,-0.32684916497958305
2021-08-18,-0.6938251349191157,-0.6122724967482728,-0.6622528284701223,-0.6616444496869234,-0.6450012021530633,-0.6995640920580931,-0.5987861800342847
2021-08-19,4.684685183971718,4.245633683282188,4.305190201235186,4.4541464906338,4.259354390742347,4.723726928503497,4.177587062279987
2021-08-20,-0.14347988524751162,0.05381404677756357,-0.03890990799473565,-0.2581161252020639,-0.04725125536980787,-0.13543509689015312,0.041484353939052615
2021-08-23,-0.326184191633191,-0.1147422065129429,-0.2287681971735432,-0.4328726516077174,-0.2324084260840243,-0.3196344462858935,-0.12422275615534406
2021-08-24,-0.45443069212269865,-0.2333654819194192,-0.3625763686487886,-0.5382949310002098,-0.361582640049207,-0.4505494457161645,-0.23882156042020797
2021-08-25,-0.41788402196856456,-0.21950752565155635,-0.3432032453606528,-0.4662634085759366,-0.3386609556337514,-0.41690183301684186,-0.2203579766544083
2021-08-26,-0.45717502743094196,-0.2721764701079766,-0.4025831165830239,-0.48571769355972366,-0.3931265265157606,-0.4570372887963819,-0.2689780473830311
2021-08-27,-0.5383344873846504,-0.33600235783045584,-0.40846429508016086,-0.5626779247524861,-0.4053669013414724,-0.5402678202120496,-0.3325687403208548
2021-08-31,-0.4676293505385134,-0.3020879075448447,-0.37613789204377895,-0.4750584227648358,-0.36891814081915963,-0.46905184317590687,-0.29530795082717465
2021-09-01,-0.44036674664923275,-0.278519544633183,-0.2963367008521982,-0.44990482940358445,-0.2953266403157453,-0.442315197025937,-0.2730124703400303
2021-09-02,-0.8092301008443822,-0.6002691183838016,-0.6450261910170716,-0.8164041976215555,-0.635752781158055,-0.8096524962633486,-0.5876247460226993
2021-09-03,-0.6408707680203366,-0.4783310399143765,-0.5267288618186141,-0.6338149293187292,-0.5159517181535361,-0.6409793377943629,-0.46414382471906424
2021-09-06,0.26424754396623285,0.23251834093896318,0.23254734929967447,0.26432428650073914,0.23261643329292447,0.26434971812224695,0.23275447325369036
2021-09-07,-0.23449672777057762,-0.1920396431157554,-0.20190750510172029,-0.2424575389728486,-0.1950040108421659,-0.23195696841635494,-0.1833205168565184
2021-09-08,0.5292875358924378,0.4690429336423697,0.4588877066815342,0.5614337841880304,0.45747227534605994,0.5250903847402061,0.4652137029867942
2021-09-09,1.5372845468725458,1.2893691568853585,1.2099968039394025,1.7286706271899348,1.213800184231549,1.5222340131203747,1.2863476971680354
2021-09-10,-0.6594860390885205,-0.3913042047685084,-0.28519896494549063,-0.8652337056577404,-0.30204969236561874,-0.64490297427118,-0.40233831222083277
2021-09-13,-0.09848408949516452,0.02074184760861264,0.06988927837612174,-0.1479634311128034,0.06177187331612838,-0.09471651334054187,0.017878120199014247
2021-09-14,-0.2646227600728437,-0.14264250118355754,-0.10016795944034507,-0.33861536741317333,-0.10363776663945179,-0.25823517306771104,-0.1427940824253477
2021-09-15,-0.6593085881200115,-0.4437332506507253,-0.3191509546442288,-0.8083365826983043,-0.3312885945722991,-0.6501982854086925,-0.4458493143972714
2021-09-16,-0.8041974567184548,-0.5605000630468221,-0.3859741504190233,-0.9575294153107733,-0.4043083821389132,-0.7972082674497396,-0.5606335740902019
2021-09-17,1.197572548398682,0.965590083771611,0.8816467470308627,1.3820981066626523,0.8878989884976599,1.190531984053821,0.9619733421171885
2021-09-20,0.8374382440793094,0.7181149065311142,0.7007220432060035,1.0143975102644136,0.7011488179210725,0.8307878125398095,0.719659446918804
2021-09-21,1.7510526293468642,1.4028507575856177,1.2792511131179345,2.2177999590426234,1.2934674187328037,1.7339414995918605,1.4145232715735903
2021-09-22,3.076254524561233,2.836794218422445,2.477024833914821,3.988532191880849,2.506268436629469,3.0209684502587657,2.85950638102375
2021-09-23,-0.27908749376309694,-0.5019040306848345,-0.36170402229705473,-0.6034990266285095,-0.357271154801406,-0.24861408162874454,-0.5063749627505735
2021-09-24,-0.17266722319400232,-0.32398256752898225,-0.21071055927782195,-0.38954662585125294,-0.21127402979416252,-0.15373095566982528,-0.3237848861238642
2021-09-27,-0.4095230672744067,-0.5556978273829415,-0.359487688797684,-0.6595858142941232,-0.36730235760324337,-0.3925024477457135,-0.5556221969755109
2021-09-28,-0.11391939799868983,-0.1847081585907363,-0.08275276586697022,-0.23062840597306744,-0.08546385943870116,-0.1064690175065719,-0.18172054530590248
2021-09-29,1.7188572565456157,1.8244874395731316,1.5332539443146835,2.0651169623630268,1.545516777368419,1.7072036917939077,1.8209867221451221
2021-09-30,-0.30337635494520887,-0.5339321240973417,-0.36853149196958623,-0.5079068701232174,-0.36372931048444423,-0.28791169712519976,-0.5272261988308256
2021-10-01,0.6689587395021508,0.749900696990098,0.6664246997419924,0.7435889449927453,0.6667376449902087,0.6666185184763945,0.7454294465745501
2021-10-04,-0.3916948883001994,-0.4842844254924875,-0.25248269911192583,-0.6103366628508606,-0.2643447105092721,-0.3816843191085767,-0.48822171090360367
2021-10-05,0.9809122592689414,1.0252444188630312,0.8985144068828369,1.1347742598746868,0.9032050918629928,0.9778755054573819,1.0263025049411456
2021-10-06,1.6938733112214508,1.9882543231023733,1.6414292699905704,2.0162624606538886,1.6452717427350314,1.6798399642842425,1.9808750805625914
2021-10-07,1.5803721410118272,1.5978317238363615,1.4471761173727298,1.9120805053648708,1.4575704235436584,1.5679949048308264,1.6117010404276708
2021-10-08,-0.17481463884340187,-0.34990100059544216,-0.2059521709148318,-0.4279778455768936,-0.2059268539843769,-0.15771439084194538,-0.35797117957019486
2021-10-11,0.3864019788120796,0.35236547296205256,0.37799638740671204,0.3462850875416067,0.378982283731258,0.38995987381767977,0.35194517750666243
2021-10-12,-0.2951697613447229,-0.49955338806486754,-0.3973656359785397,-0.4932667061244771,-0.3830718040530421,-0.2832778742445715,-0.49761847703150985
2021-10-13,-0.4188317458248172,-0.6013062327660025,-0.4531245245029483,-0.5972888957325526,-0.44508072066775217,-0.41204614208722357,-0.5970613290659057
2021-10-14,0.9143345936187843,1.0153451521155548,0.9304423846510047,1.0034689282881193,0.9244135816824985,0.9130215061406666,1.0078339953945747
2021-10-15,-0.28243408707682305,-0.4980680394641271,-0.42709294269392656,-0.4068537168863131,-0.40621205980067226,-0.2752616759840266,-0.4865894398784887
2021-10-18,-0.26511084129487833,-0.4439824088675976,-0.40093486834318914,-0.35420113856751617,-0.37869880336113587,-0.2605227179794378,-0.4308822806602879
2021-10-19,-0.5586362457524758,-0.7587062380944858,-0.6356571471206658,-0.6732859996069085,-0.6135582448294772,-0.5559795053299793,-0.7420406587656659
2021-10-20,-0.7004113229561642,-0.8909114294056498,-0.7838586777672351,-0.793217996707905,-0.7559245306530181,-0.7003200391975632,-0.8670104354528507
2021-10-21,-0.33944713394086073,-0.42189478686324244,-0.38140292802038245,-0.37439413125690096,-0.36567585095932853,-0.340844765305545,-0.40779935184320004
2021-10-22,-0.7336945409818789,-0.8258797816266251,-0.6961129596723298,-0.801626248984308,-0.6791296944086876,-0.736959365616959,-0.8046654849357935
2021-10-25,-0.744748974934215,-0.8146586930196144,-0.7181033775294343,-0.7889962297562295,-0.6979903207475074,-0.7482546399127297,-0.7898752317689715
2021-10-26,0.5372348672916385,0.577556908866167,0.5310523315254569,0.5561350662998654,0.5170107161287607,0.5388847053427449,0.5562841364435649
2021-10-27,-0.6267139201260257,-0.7605539774731089,-0.7348397536368827,-0.6766766660408418,-0.7027233951959773,-0.6212452665793767,-0.7323841790467893
2021-10-28,-0.9366898386184235,-1.0754086330875003,-0.9820480136399471,-1.008103193293245,-0.947975116603424,-0.9310872033568333,-1.0381057817743933
2021-10-29,-0.9458272665354828,-1.049423093123784,-0.967517499456364,-0.997835304991229,-0.9415519260991603,-0.9420336377086483,-1.0101371956537855
2021-11-01,0.37342186743955597,0.41588083346916815,0.3591229792219335,0.39841278907157185,0.3511819503682556,0.3719686426765991,0.39143356369345383
2021-11-02,-0.9171933220409214,-1.090653601289232,-1.0338313169158364,-0.9942972515678538,-1.0010698117092907,-0.905028024079587,-1.046054567718341
2021-11-03,-0.7027435641725112,-0.7958323785949588,-0.7400158041401956,-0.7527164614901076,-0.7231850430035438,-0.6952909994265923,-0.7665163282586605
2021-11-04,-0.5513021214000898,-0.5934712383093593,-0.5306306479229084,-0.592934659184044,-0.5229279430988287,-0.5462074060394976,-0.5754734632728343
2021-11-05,-0.7842970415649864,-0.8627586810826166,-0.799924474932115,-0.8487919743366104,-0.7819665759323025,-0.773917206610416,-0.8311686025693696
2021-11-08,-1.1532375228520244,-1.2743541813144421,-1.2206845943290099,-1.2481059161135797,-1.1843551085396093,-1.1348956155168255,-1.2186648198368222
2021-11-09,-0.7796539436273667,-0.8293762682414323,-0.8073092072951784,-0.8276627708934465,-0.7912312087762678,-0.7694442236897694,-0.7974615124678354
2021-11-10,1.579236324596615,1.6521526589436777,1.4873651123979046,1.8140647643128929,1.4590375201410513,1.5467072049077097,1.5571947996612658
2021-11-11,-0.029480737196933005,0.013099722956960713,0.004089183736950774,-0.00864860288224012,-0.00619057489492425,-0.029205308359884996,-0.003055526891259319
2021-11-12,-0.344864414030422,-0.4128616840496857,-0.4142716877791133,-0.3963129828132157,-0.41028485067112896,-0.3331616778207308,-0.40685762392155755
2021-11-15,-0.995081835407125,-1.2101987228558413,-1.1839936327717893,-1.2149077888658757,-1.1473389668166571,-0.9647287355628397,-1.1666881305433767
2021-11-16,-0.7414316047462197,-0.8570383925001717,-0.8615061345159158,-0.8696711089607174,-0.8375152151140544,-0.7223361474054948,-0.8266370906400284
2021-11-17,-0.3807650227379067,-0.4094131121043916,-0.399855288116192,-0.4221306237903659,-0.39370916814614487,-0.3733329166684406,-0.40080549302714785
2021-11-18,-0.3912076098091892,-0.40527186738577947,-0.375143672966641,-0.44422382318584486,-0.37070665294708727,-0.38354161558700905,-0.396489309054475
2021-11-19,-0.4842117847430232,-0.4786123780285808,-0.4101149207227034,-0.5739151569166873,-0.40949193533921424,-0.4746816346042144,-0.4694155008299411
2021-11-22,-0.5004981269120743,-0.47348821536167696,-0.37173096137286593,-0.6008813956116047,-0.37635125652509105,-0.4913420183226651,-0.4662314788598855
2021-11-23,-1.0137232707633737,-0.9901869912350894,-0.841450319714102,-1.2714240028674175,-0.839594978997501,-0.99190594809159,-0.9695350776654684
2021-11-24,-0.9234215497566586,-0.8918263966652126,-0.7910545596058183,-1.1201908299976564,-0.7855105400019058,-0.9053664151984563,-0.8690564776571317
2021-11-25,-0.8408220025232012,-0.8142579476733462,-0.7538270624278687,-0.9922678755052685,-0.7439548833819328,-0.8247071535365085,-0.7906985190777293
2021-11-26,46.38784483230334,45.043360118689996,42.80237021076614,59.99412824322285,41.798193917849275,45.097567660624975,43.16657353050901
2021-11-29,1.068696258503637,1.3060992885121419,0.9964081750837595,0.8751261679428831,0.9742708637982689,1.0907157585491145,1.2864777815335073
2021-11-30,0.8214116279768169,1.087861263514906,0.685893825434148,0.5215737202077407,0.6586936968437613,0.8453420150673377,1.0658771644217122
2021-12-01,1.9558053166576579,1.8579822987768195,1.9991760842583168,2.361371266595574,2.031345137333852,1.943695974050938,1.8596534045548125
2021-12-02,0.6771827349247532,0.8648792035469319,0.48624498161755936,0.3582104227778424,0.45992500508147405,0.6944577494368818,0.8414980802378444
2021-12-03,0.407070537901894,0.6496317382520995,0.27812369067924925,0.040105472067648675,0.23960856605798683,0.41936178110973193,0.6220509262452086
2021-12-06,2.048745078701905,1.906339168912147,2.130334269707603,2.3909211431757864,2.1700791391953334,2.045665855803072,1.9161677800507986
2021-12-07,1.8816554215696888,1.8403859407020335,2.1002742254495606,2.1229455363754877,2.1272841320718427,1.8783588876643544,1.850201846194374
2021-12-08,0.40803799247062966,0.356186894723177,-0.043273069073272954,0.11488749035351448,-0.053399463514437966,0.4149569134167709,0.33428268328156957
2021-12-09,0.33012046772224984,0.29810955760087166,-0.07486094590561942,0.09784880572783192,-0.08638873000896696,0.3289123413539658,0.27938833113685224
2021-12-10,0.3236325938952188,0.3122827941729528,0.02906284176397525,0.15722990681592341,0.016288702760018314,0.31579640126361114,0.2968908590382052
2021-12-13,0.7253705972464445,0.7299875067837928,0.6550884607969019,0.6750677437979175,0.6510503515118122,0.7195073742350397,0.7234484789823401
2021-12-14,0.0985364527278384,0.15967945431317204,0.021483797275653412,-0.04067642037243633,-0.006416527292010664,0.07987374195205547,0.13974180796491276
2021-12-15,0.4230748952345075,0.4681622810477634,0.40944049113091024,0.3705979082254061,0.39289020853117573,0.4092723100356138,0.4576314969178501
2021-12-16,1.597685823493477,1.5302491428959053,1.5378839187717588,1.6611848969281076,1.5580158638693933,1.6177163524031548,1.5404147014016487
2021-12-17,0.002702134239540629,-0.0359363365163166,-0.07714768915556713,-0.09762426938583948,-0.09916710301979084,-0.015058308904828722,-0.05189078989770725
2021-12-20,0.9937757931766484,0.9964672764293877,1.00477649955011,1.0021385782290264,1.0085560824900888,0.9967531259050432,0.9982271128324147
2021-12-21,1.967560170500188,1.9091655318435818,1.8871179766385224,2.0547025230246314,1.912675210238438,1.9911820828519493,1.9268830471336953
2021-12-22,0.37427997221095427,0.29394382708987543,0.2902446589802746,0.3075966028812445,0.28331010693604713,0.3677801710342439,0.2854417909955329
2021-12-23,0.13781605978033548,0.02185550783335624,0.0032082788396715356,0.078612563607253,0.0009723850660080524,0.1276259769187239,0.013910524085769288
2021-12-24,-0.14394218957731242,-0.2883322944080183,-0.32766440522400997,-0.18005880637947033,-0.3230451427882994,-0.16001765543254468,-0.2940231311006274
2021-12-29,0.3054957296476031,0.2547209110318502,0.24070940355125164,0.3078620584726839,0.24143901258602823,0.2961366946248763,0.2543833523097383
2021-12-30,-0.21680724352714503,-0.3613072225028729,-0.4164370936985739,-0.19491942650319882,-0.4044632502092004,-0.23465264250962325,-0.3574249586525849
2021-12-31,-0.28973366316271565,-0.4065124640455184,-0.4126444325256864,-0.23991946932766564,-0.4059757357795388,-0.3107728794109124,-0.40049178457693135
2022-01-04,3.7207977004902157,4.064586236764021,3.9006461076648486,3.4724886232701087,3.894428781675767,3.80508020382353,4.031895057527362
2022-01-05,-0.1480677711389436,-0.5908044615551519,-0.5963621386666379,-0.19454127797408896,-0.571324213536683,-0.14807946350928575,-0.5767294036064027
2022-01-06,0.7646906395747863,0.8954219718263429,0.9087902132914786,0.7650093464539629,0.8892951601586131,0.7649055032734986,0.882934519146542
2022-01-07,0.029154713536211407,-0.14893799272700642,-0.13366301679991577,0.007643384904403749,-0.1256508341273755,0.025250195199985503,-0.14582140351005907
2022-01-10,0.07187955394319001,-0.0718815593593416,-0.07074580365674266,0.07208568931154702,-0.06022751782808444,0.06766732785973861,-0.06668871007159416
2022-01-11,0.18074395127287923,0.10441525742348912,0.13203132562792408,0.18511607688921528,0.13605114756713904,0.17632769339138288,0.10665857829509373
2022-01-12,0.5583266270871214,0.5792626813235122,0.569505855248295,0.5593110268950299,0.5663297824455691,0.558145830550483,0.5765271242635468
2022-01-13,-0.3750217440992097,-0.6590868057057964,-0.641796160546985,-0.35425457733856136,-0.6080856833270278,-0.3779176283417418,-0.6410574872269622
2022-01-14,-0.38166051703031656,-0.6138181590362127,-0.6139964890919176,-0.33192250603731244,-0.5795497682112696,-0.38655019982569727,-0.5924121648559757
2022-01-17,0.8686962793310099,1.0146794145143956,0.9704928684438364,0.8379348481762261,0.9477143192692536,0.8724250241827052,0.9931956576567883
2022-01-18,0.137924996468754,0.06900590700816966,0.06990239704315238,0.15387004107538393,0.07431668976345107,0.13834507539563623,0.0713001939315191
2022-01-19,-0.33638514503083017,-0.5173790300842838,-0.460076813821204,-0.3106790666961113,-0.4359628794656877,-0.3363541422983538,-0.5012572079392379
2022-01-20,-0.6082593470990575,-0.8320170294496059,-0.7820428355689775,-0.550542240750197,-0.7425539485602529,-0.6081622605736516,-0.8038507433333574
2022-01-21,2.2354183304571587,2.680364596880528,2.5399334263148665,2.0799198930523946,2.4570326144421815,2.2385592551384,2.5938193580904
2022-01-24,10.96760535265715,10.72317004321626,10.810432413975944,11.421939455250756,10.726159504858268,10.906539465572038,10.703480470723706
2022-01-25,1.0592521765514809,1.1598929660398505,1.0583560796485745,1.026854584757816,1.0524283764496765,1.0650022688911263,1.1488609668350291
2022-01-26,1.611274764787462,1.5647482811072584,1.6471551625374319,1.7657561391909398,1.6551159117863494,1.604987875929084,1.5667934174144138
2022-01-27,1.237106260391433,1.2479106284121515,1.2518231064538519,1.2575997391488485,1.252436382454811,1.238241290321485,1.2447061358531875
2022-01-28,1.3222650567040812,1.321707988152765,1.4023189855661433,1.3635638841367614,1.3981504089671457,1.3218242494762114,1.322315444775051
2022-01-31,0.298329836914082,0.3878492136110237,0.15695492398192318,0.06439170572822862,0.15092311202976505,0.3063801035527134,0.36258849023523043
2022-02-01,0.9386179222626396,0.9687240627910025,0.9143365559330623,0.906486114351938,0.91309136203133,0.9386414327965575,0.9614888317356183
2022-02-02,0.4894294196890582,0.5179059142311642,0.36202012789806726,0.38761750659510213,0.363509804491083,0.48847549692335146,0.504095921747689
2022-02-03,0.5553701950341129,0.5686867737273529,0.4470952205228945,0.4951402827777678,0.45152193479342095,0.5525141706695417,0.5593466105351625
2022-02-04,0.06061170520485515,0.12530398885632585,-0.01955549463468338,-0.040012632960995484,-0.01922519192273635,0.05040481247982816,0.10614426625764645
2022-02-07,0.5452222032735555,0.5794321959894,0.5338902789614248,0.5225609418330441,0.532605512424398,0.5387198563140236,0.5718799385087481
2022-02-08,-0.10182644232760553,-0.06563073175263114,-0.19580899320885323,-0.14195993890086853,-0.18918361130733308,-0.11804643285154945,-0.07950746371218348
2022-02-09,1.0321642467181005,1.0209084598049518,1.0484213319049527,1.0321262644178502,1.0473455221120118,1.0377938471274208,1.0229161374478972
2022-02-10,-0.0143449062429446,-0.060544547071111066,-0.17036634494696035,-0.022440602145293143,-0.15656602816891285,-0.02642900584786717,-0.06596304418584942
2022-02-11,-0.24476400271604723,-0.2960949635294088,-0.4409771412961304,-0.2195523181129545,-0.41704309579474663,-0.26148148848799496,-0.2981531925277785
2022-02-14,3.8274877745023677,3.933620836211455,4.333975377646446,3.6404929057716577,4.2583912852835395,3.897134679739382,3.929750577222846
2022-02-15,1.0460445621338403,1.0442081763994708,1.0457818198562767,1.0603720585051597,1.046545058406144,1.0465293993487148,1.0430832981257288
2022-02-16,-0.03714783291245962,0.026374172044912297,-0.15323561156542106,-0.1276761580115966,-0.14867805933699366,-0.03948254841591375,0.010569411485422772
2022-02-17,0.7442536061188854,0.7558005977303791,0.7382161791095637,0.7399465539867983,0.7382677190010367,0.7433376939849494,0.7535668232226174
2022-02-18,-0.024525943943926543,0.09331549655696389,0.035303432106063654,-0.07635240286307271,0.026487042233402744,-0.03354849012074311,0.07775286080104855
2022-02-21,-0.03413543801107988,0.08899325340372544,0.08441534473754897,-0.0559243419796224,0.07226154472883803,-0.04658673653579046,0.07553208590967513
2022-02-22,-0.27586873259789657,-0.11058630753094123,-0.051476389137479456,-0.2782066450518666,-0.07069844209562769,-0.2948855008901422,-0.12582330056638916
2022-02-23,-0.39350685121679446,-0.2125426074567663,-0.16228744182715726,-0.35811733737115825,-0.17784250780199454,-0.4161092359427876,-0.22390773959897017
2022-02-24,25.244229303877823,20.87261985719701,20.05041226633414,23.546755312429568,20.287781858458576,25.877402189135662,21.01344826989904
2022-02-25,7.377685434396845,5.6151827098371285,7.5624446209646115,9.93950205858592,7.8539390928744695,7.3272307359078725,5.736727628999306
2022-02-28,1.3216511563712863,1.1728153533395311,0.7250592049774429,0.9286746925362827,0.7037406843625423,1.336075422547726,1.1409014538242672
2022-03-01,2.1008051491140014,2.1020120890162244,2.2447322834402117,2.149552959723608,2.2630403541489934,2.1012376803204456,2.105238610504888
2022-03-02,1.7255209643371603,1.7081033113214956,1.6199578422769827,1.6186851580798316,1.6127941126226593,1.7254980236228432,1.6938454901283424
2022-03-03,3.355360740303012,3.4749928492660977,4.058036118339018,3.825467193845821,4.128845409734578,3.361652433898583,3.5281333039556584
2022-03-04,4.90099809559133,4.729692390864873,5.401431483670774,5.912740506135519,5.547829155753317,4.920171765117572,4.8273438259850305
2022-03-07,1.5217932544879045,1.728192588238021,1.5171773392040333,1.1856605902407558,1.4652150024978419,1.5162769634884743,1.6879115881431745
2022-03-08,1.3701770453437567,1.5991122262065676,1.40926527534524,1.0781444353628473,1.3520796455657356,1.3565695268041966,1.558118605929152
2022-03-09,4.1917672956915695,3.7980029775991886,4.117320543723066,4.731013238438909,4.226885826131313,4.2340008783493746,3.852182628328067
2022-03-10,1.8219796612812935,1.7990181054033654,1.6669681233162943,1.6781094652060966,1.646959156978396,1.813571510813123,1.7760546247985403
2022-03-11,1.5183403319328412,1.522665917878437,1.3995899580843985,1.3379041910252518,1.3600988822899909,1.5010534752049904,1.48890758032931
2022-03-14,1.3328579144204267,1.336790142119506,1.1825486553902298,1.1811687562343076,1.1417948815808818,1.3080156733617692,1.3006608630128156
2022-03-15,1.1608740605805663,1.1732821524345876,0.9923266863245221,1.053070827873807,0.9511822878497317,1.1277430520002443,1.1359213158995451
2022-03-16,1.947721502110936,1.9504519888956726,1.9456843313955083,1.9448906992877477,1.9489593119758806,1.9453154282477114,1.9471721661500936
2022-03-17,1.6014853493918015,1.580467211859776,1.5229310499247322,1.5863841279045814,1.514684818229657,1.5857144077171081,1.5674725629099653
2022-03-18,0.9805970113274365,0.8817506972530543,0.6810192634910709,0.9726465183095674,0.6551038068054923,0.9402992911445158,0.8484439551892807
2022-03-21,0.9497025480057316,0.8732000660286519,0.6861779072185826,0.9921094270672784,0.6657922753087543,0.9071112755228825,0.8447323657447469
2022-03-22,0.8335002116354254,0.761649161573517,0.5620511344200578,0.9227760322015965,0.5455552514875371,0.7858145929290203,0.7346869051105113
2022-03-23,0.6496079473533493,0.5786706677716195,0.34809932322062875,0.7960452671118471,0.33443145167193633,0.5930373220692904,0.5514873261422363
2022-03-24,0.5172727393935297,0.4638419131797722,0.2682118733752662,0.7181826876388234,0.25065195707089893,0.45371558375992266,0.4378666493139817
2022-03-25,0.42676760211433556,0.3920569312791323,0.1990854126226148,0.6763587669049957,0.1848700882126581,0.36015272662150355,0.3698976739281111
2022-03-28,0.2965769522797311,0.2769326685712488,0.07539367037056287,0.602641959133023,0.06504324626760434,0.22513023764285156,0.25788071419311337
2022-03-29,0.7871996855521609,0.7868096050787327,0.7307017478725036,0.9612331531448377,0.727187808992931,0.7599342246559412,0.7806865458687919
2022-03-30,0.3898400939478225,0.3547157466514373,0.22311801297158287,0.6797312747981958,0.22115334831938444,0.33855584712546416,0.34558778911887633
2022-03-31,0.7108307343872515,0.6934884264158448,0.6509557888353013,0.8934571926205224,0.6516623464189992,0.6897648487036916,0.6911073970076783
2022-04-01,0.10094339913183951,0.10690331518816529,0.020737681376990016,0.46982903653740365,0.014946047480658878,0.040071551469389864,0.09416987457440215
2022-04-04,-0.004469570434059905,0.011787590338491985,-0.08182830268656353,0.40834300428951925,-0.082351038863403,-0.06552072471150162,0.0033952856263346903
2022-04-05,0.4400735294514959,0.4511388789806873,0.41238505055061225,0.6838723502715353,0.4141214627921764,0.4172303612723552,0.44962110287997004
2022-04-06,-0.08488227509234839,-0.10043221587000903,-0.20915836886608108,0.34859768329731133,-0.1956325621370504,-0.1346179554422334,-0.09984225014961251
2022-04-07,-0.008237288770315876,-0.0020881007991354616,-0.03968723056978024,0.38585751633084286,-0.03331254031654485,-0.04782709786622563,-0.0006208013382362765
2022-04-08,3.1169587620119206,3.011768778651926,2.9481237420731197,2.2101448699105717,2.9454373240468765,3.262527075799999,3.009862843066465
2022-04-11,0.38053788925449067,0.2691086736243756,0.2633930019851514,0.5772790502711909,0.27003970445103764,0.3662697203323019,0.27065968867305834
2022-04-12,0.18384259176970927,0.0672620551147674,0.1037839118588691,0.4263145681178503,0.10889101781631433,0.16418455132599627,0.06638050028415254
2022-04-13,-0.22499919820945483,-0.36037031877021847,-0.22442084279593072,0.1311619550279971,-0.22464988980698117,-0.2568087672207981,-0.36447080347792066
2022-04-14,-0.027125362907217343,-0.10440890632832434,-0.01908898126988845,0.2721792743401259,-0.01661259156559919,-0.049818496547154645,-0.1030279994890419
2022-04-19,-0.3464531843509616,-0.4613828114419026,-0.3629996863705163,0.056702345260469966,-0.3516279155497943,-0.37448086748240195,-0.4536161070013278
2022-04-20,-0.27539313106405316,-0.3497078179214045,-0.23757825183344625,0.09851534413587898,-0.23185914944607983,-0.2985385992150645,-0.3405345887815049
2022-04-21,-0.5730657755318237,-0.6679447478965191,-0.5450296513893872,-0.0941009125807472,-0.5296646541801088,-0.598870567347879,-0.6489306158485466
2022-04-22,3.1769067207052255,3.3946777397885644,3.05578322849155,2.146172075964759,3.021185437481992,3.2451581702120427,3.3136961465455843
2022-04-25,4.773834809303999,4.275240345440996,4.243366629556092,3.8133083992028207,4.2797767791155685,4.832218895893938,4.308134353274991
2022-04-26,0.04894878949720404,0.31784925546403714,0.236009139688221,0.08464237970734483,0.20704234978444813,0.04344548158847405,0.28956291241570664
2022-04-27,0.23620404016688884,0.4444999555316992,0.3785907604963683,0.29570325634666217,0.35903289082579654,0.22957368164382458,0.42536881810841976
2022-04-28,1.3029284620342227,1.2314615454110789,1.2479455456714807,1.260590172845175,1.2524402611689416,1.3076171429122745,1.234034444611276
2022-04-29,0.14618799840913793,0.24384394230764064,0.1491843336364202,0.21374301620622968,0.14465636536682216,0.1423109804931046,0.2303485478951876
2022-05-03,-0.12147587887950168,-0.01021293229380496,-0.1375911013794413,-0.0055325768536089795,-0.13623856590112032,-0.12742870847636198,-0.022516455790538063
2022-05-04,0.793435625709705,0.7924922285871272,0.7945916368244483,0.7950791532993832,0.7940186842845782,0.7940763943449249,0.7920521263111887
2022-05-05,-0.22722866338545894,-0.05103160423842399,-0.09807154720717301,-0.10195312345924608,-0.10394111900312214,-0.23624825134976543,-0.06574937117117255
2022-05-06,3.061171992143002,2.6562816559380864,2.7612229170538507,2.6996190620220353,2.764789358945712,3.0877904728998664,2.6753004888376535
2022-05-09,5.934507920425685,4.746750776227835,4.9436823828596275,5.856758321501465,5.018238847183711,5.9664265518084925,4.836096790946135
2022-05-10,0.461919053444156,0.7937606106734936,0.6717786238189012,0.29686767383,0.6382895555199879,0.4620087276361763,0.7602682123441878
2022-05-11,1.8409334755331468,1.723190980898356,1.7481020393807913,1.932054570381717,1.7572498784398265,1.8436329496349442,1.727057204799983
2022-05-12,2.110710339181969,1.9812382583364756,2.077169115249318,2.2403761009904093,2.0922072110430414,2.1126148486856633,1.9960541806436742
2022-05-13,4.631511547103225,3.9123890685097513,4.110287000502528,5.257868642242167,4.191370813896013,4.648438830794223,3.9939914602862023
2022-05-16,0.8996548718361317,0.7986377695316681,0.7037920954808532,0.7034339479833329,0.6940060421984313,0.9019041535465862,0.7728016383489261
2022-05-17,0.8858430669073784,0.79560682325429,0.7053889963222383,0.7486713992582807,0.7009021993967864,0.8840577901797049,0.7749447350637613
2022-05-18,1.2050259043057228,1.1683595949571415,1.1459797476209015,1.1660295038306996,1.1459932257451801,1.2028965523119242,1.162862874216906
2022-05-19,2.5584361266774103,2.6294568804448306,2.694986007434496,2.720363042615931,2.7100423371537694,2.5712228368792074,2.6674028045484426
2022-05-20,1.3773541388700539,1.3976175461332436,1.39071115539351,1.3490201638373416,1.3839220013164226,1.374548157477224,1.3874404306851749
2022-05-23,2.117250016969166,2.1121951205445266,2.1382808463227923,2.2144795469990033,2.14870478663076,2.1247721231524164,2.131124449584579
2022-05-24,0.7056997609375446,0.5783308096827713,0.5106110380932826,0.568373584499942,0.5067813117709473,0.6952232310703289,0.5497415672313143
2022-05-25,0.6750812884812709,0.5804823811402738,0.5675183333613437,0.5916170770182687,0.5597293151305015,0.6601816121819327,0.5554777738600007
2022-05-26,0.6231910900556378,0.5368234859191675,0.5150323572252693,0.5839495902212504,0.5119709275607878,0.6058689966769679,0.5159945954787634
2022-05-27,0.3772317260641712,0.27118738970590456,0.23201673195317934,0.37396854290438286,0.2341515417731642,0.3534589381488575,0.24901900833028576
2022-05-30,0.24367358156892951,0.14906768689430785,0.10059841007765505,0.2902864324947831,0.10698589011772179,0.21532847635602095,0.1299566963049117
2022-05-31,0.11195806916715882,0.03225144498593181,-0.024272478509346246,0.2099329730593309,-0.01384329385025894,0.07925245809672311,0.016785888918394012
2022-06-01,0.973500484707128,0.9742684606098567,0.9790724925902637,0.9865449115726206,0.9776338744276625,0.9734954598517835,0.9748206851339645
2022-06-06,0.9867975474786871,0.9874447657780606,0.9883141962297781,0.9965681424471757,0.98829915631482,0.9867302699726811,0.9868705091684553
2022-06-07,0.016304562982777222,-0.04781356119942341,-0.05356038873475531,0.13626091713269176,-0.04248442193609593,-0.012824960784794634,-0.06142451372665419
2022-06-08,-0.09825187005971438,-0.1432119318301538,-0.12269330771433996,0.06767072780214406,-0.11525525693183669,-0.13094727587636742,-0.15325188584488386
2022-06-09,2.7565356820041926,2.8085698214066586,2.734537570023196,2.4024688295130963,2.7261832706994644,2.827858827767021,2.820234993977808
2022-06-10,4.56934459909832,4.134148866388128,4.121009178328786,4.325555769132586,4.165587598798195,4.659685290875086,4.204474892884168
2022-06-13,2.012137035854625,1.8916864424300481,1.9120124644894143,2.085205281561327,1.9239805352234747,2.0214502154858516,1.9017899626296795
2022-06-14,0.47990064641653113,0.7777690185342097,0.7824099289042473,0.3550342887697188,0.7431427118829077,0.4656682288006789,0.7405451558962399
2022-06-15,1.3447380653706702,1.387028083236715,1.3976825043296153,1.3493722977893265,1.3857022400607453,1.3452800654965502,1.3778417279140398
2022-06-16,7.681789995408183,6.42475149731818,6.3485267715768074,8.145712859860355,6.516876346951615,7.801186570144292,6.5945614921146305
2022-06-17,0.9393260276122453,1.266173264118107,1.1329866486024947,0.692102199035289,1.0868832345495718,0.9343626219368972,1.2272631334872184
2022-06-20,1.8017411665293568,1.846649548360852,1.8238893174631925,1.8366426700822194,1.8145769379592445,1.802360091589612,1.8362924448492917
2022-06-21,0.8393913948436839,1.0796412907681998,0.9668975293567518,0.6647730232282548,0.9265023260141166,0.8274098348077306,1.0436712923510731
2022-06-22,1.0534799809531172,1.2235125315143023,1.1356100788626782,0.9768119328174076,1.1099372316588703,1.0424598699192793,1.1986275280796759
2022-06-23,1.1106672357783864,1.2650807305996359,1.2387600042314375,1.0644793022358394,1.2127243376355796,1.0995721715848321,1.242963327833492
2022-06-24,4.650752684641433,3.8654404171979118,3.7895023036861,4.918772626967051,3.8888955337890034,4.740108309226876,3.9449428833088724
2022-06-27,1.022235645094568,0.9616178038504063,0.9596327218114754,0.8858472759805954,0.933581667235153,1.0124005915157566,0.9338049924551743
2022-06-28,1.1064184304210647,1.0578226088884155,1.0475889122758957,1.0332716899617473,1.0315393020025094,1.0957962037044826,1.038635332236302
2022-06-29,0.6532928704584344,0.5480730588831038,0.5127833449591764,0.5714008135593391,0.49186601383333795,0.632657267061993,0.5174770571213443
2022-06-30,2.8316008662529892,2.955668725923306,2.9724913207099917,2.8696447793540094,3.0108657206423928,2.8681251639053382,3.000475289568843
2022-07-01,0.6687656995527096,0.7404947172525184,0.7321089586663316,0.5763704706536825,0.6954863998076954,0.6456214471844326,0.7046302377137462
2022-07-04,1.0061494822223165,1.0555937591525126,1.0491476061684832,0.9867276808786044,1.0271261883918084,0.9902805819654754,1.036286087271292
2022-07-05,5.692972604679344,5.473021645853822,5.5897571274109765,5.698065195122545,5.720230411131101,5.826686801727033,5.597272755480891
2022-07-06,1.4401678252286203,1.5585766797494092,1.4891121164681755,1.3761169399266389,1.46719956219255,1.4330724512513622,1.5373814152895138
2022-07-07,1.3885987297790585,1.4799007497047125,1.4046569672703626,1.337980711531603,1.3876385147185433,1.3803923887485665,1.4605838530493844
2022-07-08,0.7659527573592634,0.9074386971311309,0.7342399932414441,0.6714787913777341,0.7030414993986197,0.7442275415021904,0.8721516874573921
2022-07-11,0.6427714378676764,0.8000324466411095,0.6205684651007116,0.6049357436488803,0.5907348432567571,0.6144933998864307,0.7666159859245957
2022-07-12,0.5453933075751958,0.7145854505212936,0.535829749042639,0.5628503593223739,0.507089646081358,0.5116650224893626,0.6838798190578056
2022-07-13,0.7783346464193199,0.9018287386509614,0.7772461993246473,0.8248563370711268,0.7606171532046474,0.7535316688269741,0.8819230580310016
2022-07-14,2.2566575496785264,2.104053023863269,2.161919008933314,2.176371625826744,2.185424907531568,2.297785671552748,2.12105210012128
2022-07-15,2.246755556946392,2.0920509810726964,2.1030302170110224,2.220582781441633,2.121211674328963,2.277199678367269,2.1057437758088278
2022-07-18,0.9969838953338945,1.0485051592632733,1.016454000313122,0.9983328865642908,1.0006882974355684,0.982280254359823,1.030278801799744
2022-07-19,1.1003817775060132,1.12245956834782,1.0943738187507035,1.1134765234088282,1.0869436560025256,1.0899724956688064,1.1109266442319914
2022-07-20,0.5425610969416303,0.5470033713703939,0.4647678758401038,0.5933066433339875,0.4538730195385844,0.5168404565399025,0.5235040990877378
2022-07-21,0.32400770931601575,0.3525438436147851,0.3264298200546664,0.42347697807800805,0.30866307240473856,0.2894392106537209,0.3264224153747726
2022-07-22,0.21040021522017208,0.25503971144204735,0.22408049681343567,0.3617222547633358,0.20882174391774178,0.1711993840922803,0.23227892713509551
2022-07-25,0.2458869996913772,0.2978097653691126,0.2673478268867885,0.4206707500486062,0.2567204785426229,0.2093728790624613,0.2814714622447188
2022-07-26,-0.0035013354439130647,0.05873909341005258,0.012193003205128415,0.2416170243480023,0.005766169847080133,-0.04798814957842498,0.04369094105051611
2022-07-27,0.252975122153199,0.3036529872412723,0.27278873982739565,0.45295105826178417,0.2689262027086834,0.22357726183087487,0.29671510820495733
2022-07-28,-0.1813320702017783,-0.1247018631387268,-0.1870859420353902,0.13651632915722853,-0.1845728846016008,-0.2256031062104003,-0.13056528456354952
2022-07-29,1.2046683512659584,1.172540332771858,1.1951634086882792,1.1128654598261942,1.1950425177690154,1.2286730842386246,1.172885744187445
2022-08-01,-0.21265412270865597,-0.2767021602978349,-0.35627331910514587,0.09257914719453733,-0.3422463196075231,-0.24507837124129278,-0.2733487602364228
2022-08-02,-0.3313803451563786,-0.37737094899856327,-0.424450484072923,0.018248837655435852,-0.4138881433706634,-0.3657257284486194,-0.36949620943211514
2022-08-03,-0.06155569926075777,-0.0788627211940911,-0.09920404737063165,0.20771028088915294,-0.09436139110159963,-0.08293758825549286,-0.07042384364918264
2022-08-04,-0.4986298332955559,-0.5449385386280756,-0.5984621960514853,-0.09135675947711226,-0.5805063552318044,-0.5282715240250652,-0.5250648835941155
2022-08-05,-0.5765812526683529,-0.6031143171106154,-0.6649365741736286,-0.13944072893374224,-0.6424156031862988,-0.6037730248500993,-0.5765789813251563
2022-08-08,-0.03733176439076891,-0.03997044790683757,-0.05166549594559644,0.19095876426873415,-0.04541236721597752,-0.045931135616517516,-0.02845790973379725
2022-08-09,-0.704223078427549,-0.7574094265619256,-0.8205160473365277,-0.24378362012056026,-0.7895860156020397,-0.7209144625171748,-0.7188199005211833
2022-08-10,-0.6661087592470244,-0.6946985422239643,-0.763171838776879,-0.22600091758705687,-0.7311512697307883,-0.6769691213258306,-0.6544372944915394
2022-08-11,-0.1513758258995499,-0.15765458798561482,-0.17936626401510258,0.06889310737653748,-0.1706824162968973,-0.15299035667814598,-0.14298889417830996
2022-08-12,-0.34741180011097383,-0.32899066986409653,-0.34051082064583316,-0.0760432287342423,-0.3262969148494949,-0.3495324442879696,-0.3087707202209661
2022-08-15,-0.8723419173713903,-0.8675495793611554,-0.9199136786918618,-0.42563248351559674,-0.8806920619329259,-0.8688990810670394,-0.8219441673675699
2022-08-16,-0.6427865692723772,-0.6273774172719986,-0.6777871979340845,-0.2934186233108663,-0.6469440895082057,-0.63683692028658,-0.5904153541895566
2022-08-17,-0.8287788975472691,-0.8200473552072369,-0.9063284285953466,-0.42721962382437295,-0.8605283780791264,-0.8153896468524175,-0.770039575926706
2022-08-18,-0.7242361864888893,-0.6984157401631665,-0.7294278703294945,-0.3869783092283553,-0.6985852477488734,-0.7115628500623268,-0.657935513228713
2022-08-19,-1.0806851102472324,-1.055684065260022,-1.1358226266157694,-0.6310874852698021,-1.0797523633524169,-1.0542609757235557,-0.9903229700790608
2022-08-22,-1.03156333961225,-0.994441474309277,-1.0910704963948266,-0.6167314868742633,-1.0356504729780887,-1.0025379557567093,-0.9299466340245166
2022-08-23,0.037031374673005546,0.02170400191770616,0.03631751898207769,0.02926942334986593,0.023507634083066886,0.027781317838756925,0.011048275878566383
2022-08-24,-0.9793815384235947,-0.8651597456265434,-0.8720211349850271,-0.6756263106249998,-0.8445323238865683,-0.951280908232111,-0.823508628917953
2022-08-25,-1.1382577279801027,-0.9945482413765255,-0.9575217410059697,-0.8106313939385374,-0.9343831988135125,-1.1040079911257998,-0.9470013129099104
2022-08-26,0.47136042641387843,0.37750898974777214,0.3740502959431695,0.3153649380691289,0.36064570330705936,0.44258536182321406,0.3533830972447827
2022-08-30,1.2672082770965758,1.0244924328513925,0.9862305013919994,1.0285455891655038,0.9773428588297748,1.2207269855585465,0.9977390395700094
2022-08-31,1.8365087863689031,1.4598856199614523,1.399977757419479,1.7358000490382195,1.406756175781919,1.7902681184399316,1.4536760403004352
2022-09-01,6.215890046629533,4.662498023338818,4.4133976112700655,6.687775711784423,4.494569368028688,6.098874604747017,4.716002304078065
2022-09-02,3.6811013370523527,2.8585709044157763,2.982751434300444,4.713134767872539,3.0545237473892475,3.6451461879174283,2.916167348372217
2022-09-05,0.16470780327646767,0.1748499098840225,0.06915442799330893,-0.18603351356238076,0.049345831629042915,0.17963161652212276,0.1439340143703852
2022-09-06,0.07055132859461874,0.09852239449819432,-0.007114517709425262,-0.2151088744089239,-0.022872073847841512,0.08128202898283027,0.07332782806043212
2022-09-07,0.7247825200356955,0.7345980495406186,0.712748513026461,0.7012481162664387,0.711144031947064,0.7263865281670219,0.7298570880095485
2022-09-08,0.04306006934198783,0.13356449918271698,0.11706377348116116,-0.16055865651997633,0.0981610782933924,0.045666962156509644,0.11135303499736357
2022-09-09,1.5953748834285721,1.522540923680004,1.5399592505287416,1.7740822926222553,1.5497397842522878,1.5945153983512095,1.5345216522652885
2022-09-12,2.882766132058041,3.025039753404243,3.1505202867741877,3.3520602719469883,3.1484975668044424,2.8728949549014144,3.056236978173477
2022-09-13,1.3433439828963352,1.518950439789916,1.5978032242412405,1.4484805527868687,1.5770584344243925,1.3411942416806761,1.5253969022708853
2022-09-14,2.0434604190433885,2.236190836497428,2.28608916298274,2.3498576562265847,2.283349529523749,2.040445361159998,2.2639559785494336
2022-09-15,0.26263081434409535,0.25777536706185106,0.23877063316035008,-0.028348244575562516,0.22274064048776365,0.26140733614441786,0.22488629744605385
2022-09-16,0.4799192356602223,0.488933377709877,0.47337028183085195,0.335424507582809,0.4647328614330499,0.4764116285357462,0.47030770579151293
2022-09-20,0.41801694596501077,0.4519719568087779,0.4930858770216306,0.294013935920889,0.47924639411028014,0.4117375917912084,0.4329654834118887
2022-09-21,0.39108524942675055,0.4453085735714839,0.5365060423508904,0.29202782122734927,0.5184745458387978,0.38289819338994807,0.4269142035874057
2022-09-22,1.1913365799494233,1.178009324978647,1.1642484483636004,1.2366985056511768,1.1653285447543866,1.1948690668231068,1.182640953390636
2022-09-23,4.003050888295765,3.6285549932712864,3.2585226241789425,4.51973402273905,3.315231815231117,4.0470287969366225,3.7050089498369174
2022-09-26,0.30134059292888726,0.5634825763914602,0.6343824483812827,0.02932819356203927,0.5931043277479884,0.29077897426293914,0.5225016842622325
2022-09-27,0.4062244227754822,0.6281452262292808,0.6821575125753444,0.2458080606831241,0.6492419774112316,0.39479408906974467,0.5975517121129504
2022-09-28,0.1770282427689142,0.44904045213120813,0.5717914193645709,0.017764734989040062,0.530898145507483,0.15974754100790967,0.41539267849896017
2022-09-29,3.203782349057873,2.673470373034468,2.5241149851800317,3.4999268403639183,2.569289497370782,3.2511546242912086,2.718500412930919
2022-09-30,0.2593353339924645,0.6024021337436336,0.6983946849388539,0.04406688152356864,0.6509611819127799,0.2435302097833842,0.5633872815714865
2022-10-03,0.16021521503518465,0.5087092597871943,0.5950759271113822,0.002706314881002113,0.5509574606198557,0.14130376516653764,0.473824509130257
2022-10-04,6.417139447142781,4.804974435931933,4.54489185779732,7.061594874317618,4.677904534582421,6.540461987756648,4.91706183523616
2022-10-05,0.6201377570609306,0.4498992468100003,0.48224320357146006,0.3958258535514181,0.46533872302438267,0.6169936317785378,0.4269266879631485
2022-10-06,0.8022025836699633,0.7129860255590144,0.7691675073568718,0.6877191270755076,0.7553308636723493,0.7969018947582943,0.6997529067079732
2022-10-07,0.32198067123120855,0.2178768247718191,0.39624515086091083,0.13746533762122168,0.3644805655260529,0.30807184671733123,0.1893451040104526
2022-10-10,0.36921956497308317,0.2993970846094792,0.45867896271719444,0.26310057959902844,0.4297443535243287,0.3538163976722277,0.2793414802012015
2022-10-11,1.1365983656871284,1.1395604458025843,1.1496389665058866,1.1432605223298842,1.144337254574029,1.1375201500047756,1.1418599860588585
2022-10-12,0.7787273270569437,0.7913226878358639,0.9181288473222359,0.7478962946438462,0.8952536559694517,0.7707852660137633,0.7807712367818955
2022-10-13,0.21034117806308045,0.2883736732832181,0.5909633363276972,0.1330307322001317,0.5454705031663315,0.18781844607884263,0.2600801287501777
2022-10-14,0.009281666375106652,0.10055594251707906,0.41364389643611527,-0.027916053169182723,0.36958150476553236,-0.017541227275933335,0.07410524328232787
2022-10-17,0.7757231077928498,0.7921896438601567,0.8862424959594841,0.7772325915665763,0.869925215850401,0.772990151990697,0.7880829423596902
2022-10-18,-0.0657892269704098,-0.04186358333931943,0.22435494867943911,-0.04850403310718018,0.19461047526662845,-0.08846965582433733,-0.057263499683199826
2022-10-19,-0.19916275455774157,-0.1627661377291768,0.09657633005925997,-0.1359998867541909,0.07093257221198167,-0.22340428032804865,-0.1731709043775666
2022-10-20,-0.2321947734527466,-0.18172422084654882,0.08642922383401581,-0.1360464900715967,0.059595357242206895,-0.2559808287007589,-0.18767533535361053
2022-10-21,-0.22043337813824787,-0.16949391641238573,0.05850473298110881,-0.10244796808474199,0.0390128414202337,-0.24025434162150544,-0.16973380208718372
2022-10-24,0.15706184508336984,0.17812320074407123,0.2913115880963123,0.22589072059225557,0.2833813407564415,0.14996322446810262,0.18044760889549383
2022-10-25,-0.5427352269075114,-0.5363344713166682,-0.3063780080823913,-0.3622699856702291,-0.3116507764663939,-0.5584269210151257,-0.5234162704399357
2022-10-26,0.05485099432233875,0.06268925266813274,0.1478814427892895,0.13625837921488554,0.14522936600246256,0.050597017413304135,0.06923600806819885
2022-10-27,-0.5434391336040415,-0.5691710391015697,-0.40096117903039075,-0.35351693752150853,-0.3963242933553507,-0.5498660539105235,-0.545513790964951
2022-10-28,-0.462167802736534,-0.47552271207401225,-0.3546094903022726,-0.281568971746634,-0.34494755329611926,-0.46460414749650236,-0.4509378995480394
2022-10-31,0.17498345259924641,0.17564292696063377,0.20690896958849647,0.20822903308547336,0.2080860909947504,0.1749201755237465,0.1775726361341602
2022-11-01,2.826735517271756,3.002217848412092,2.5399703105769635,2.3437838424510744,2.5018646359537433,2.8121003056682095,2.8940954588265013
2022-11-02,0.061415189576903395,-0.05223469687664073,-0.02572016816864886,0.08689979959629257,-0.01565523477462638,0.06778014007516642,-0.044875886405911225
2022-11-03,0.12282773642641975,0.05664494198669201,0.09363060590269656,0.14032527339956974,0.0999421357248097,0.12689325460338163,0.06103998979971503
2022-11-04,6.571576611648687,8.877475427594407,7.709410257834015,6.241117568622224,7.457169120479057,6.482687386284492,8.554265534666941
2022-11-07,0.1950344009571735,-0.35961015819048325,-0.32593457539158166,0.066389250191275,-0.29349852398417997,0.21036224803718567,-0.33952003331952596
2022-11-08,-0.1104820466120983,-0.8691262991598566,-0.7361984612546429,-0.24878777373622313,-0.6865214959188829,-0.09587711752152257,-0.833456368363578
2022-11-09,-0.20662354440848402,-0.903134913513283,-0.7981073776481694,-0.294325702473125,-0.7445588394921586,-0.19513780789827648,-0.8609606659780139
2022-11-10,1.284607410538457,2.1512032200527473,1.895263677992041,1.3154871177504353,1.8112194634884051,1.279284586765011,2.049926393596118
2022-11-11,0.5280618271729745,0.691565474757659,0.639355751875308,0.5148673936083827,0.6003532539236301,0.5305961620081874,0.652431843609718
2022-11-14,0.8240982549381035,1.0686156347962004,0.9991993920950764,0.8352519531667915,0.9704152187173097,0.8234591890305787,1.0468162295587211
2022-11-15,-0.19437726565464605,-0.7664432544712803,-0.7255024868984212,-0.27227547148275444,-0.6732009396591838,-0.18542686170148553,-0.7368293521882514
2022-11-16,-0.2632539689480669,-0.7636839812213463,-0.6878488127179476,-0.3035879773380304,-0.644904720451071,-0.257319536861579,-0.7333329622987315
2022-11-17,-0.4331193016188153,-0.9354590632429445,-0.8024981722430121,-0.44396594122366867,-0.7620038940271073,-0.42905418115195626,-0.8988525738884329
2022-11-18,-0.05842183610409901,-0.23874238048154828,-0.2003421010784472,-0.04415620336480114,-0.18770249873279043,-0.05684444773682229,-0.2277248543960807
2022-11-21,-0.5631996157618477,-1.020496144091937,-0.9300609276164741,-0.5209131187377116,-0.8826734434060064,-0.5571768680985308,-0.9708039749510853
2022-11-22,1.3868428188702273,2.0567706615776946,1.8396959374535733,1.3135339897475493,1.7630866598315997,1.380475077660042,1.939590431074361
2022-11-23,-0.510212148024893,-1.0652254301511774,-1.0198868148837388,-0.5031079661573328,-0.9612262341435287,-0.4975551080354225,-1.0067664424563574
2022-11-24,-0.6522993788632866,-1.1994056940599098,-1.187286321829051,-0.6092350325813114,-1.1158238952334252,-0.6384186326775675,-1.1278602534016184
2022-11-25,-0.5945852342656986,-0.9943335806305142,-1.0113329344775597,-0.5302327777769159,-0.95339159280396,-0.5821882268859168,-0.9342412728324657
2022-11-28,-0.7587348868027234,-1.182651872142984,-1.2426874250498507,-0.6651079988792608,-1.164905133859577,-0.7422048897917324,-1.104864906058137
2022-11-29,-0.2670116842387512,-0.3564560479917296,-0.3577476009215278,-0.22011974993991423,-0.3535173970668988,-0.26000026062111914,-0.34838349299483606
2022-11-30,0.7259916416826869,1.1655527570263458,1.3132632373686985,0.6647910191742676,1.1657321064894308,0.7107296663606095,1.0359469413229225
2022-12-01,-0.7474213231741884,-1.2244197413939717,-1.3573908659831762,-0.699898505589368,-1.264273210490765,-0.7201686478971243,-1.1396719872197256
2022-12-02,-0.9015187501095834,-1.3684422547149326,-1.4849704400837294,-0.8357919699218362,-1.388553463697268,-0.871842346162802,-1.2729047103952573
2022-12-05,-0.9258817941467361,-1.3124845349551688,-1.437054454211446,-0.8447668883315483,-1.354896223420302,-0.8959377343093453,-1.219585291360341
2022-12-06,0.017852924562012484,0.13227273044129295,0.26703087118000846,0.015205971471057955,0.18720610962873319,0.015674720607045334,0.07991823337555881
2022-12-07,-0.49631543251393967,-0.5856714416042466,-0.6324978810105318,-0.4791010080865182,-0.6115389136906577,-0.4800728226111384,-0.5585195041227328
2022-12-08,-0.8594416911403001,-0.9626493143034247,-1.0110086051494684,-0.8521499094185492,-0.9734279199430043,-0.8332291256592739,-0.9179409562252303
2022-12-09,-1.0440829009464485,-1.1273064983241032,-1.135413729694052,-1.0345022072911056,-1.100395392951938,-1.0128206075945116,-1.0744398277362732
2022-12-12,-0.6092769459499571,-0.6360891789245666,-0.6535077696033673,-0.5974692050434935,-0.6352402250258816,-0.5917044004591787,-0.6073122525717031
2022-12-13,0.6603678421941495,0.6618779676635724,0.6432338423792674,0.6684326711466084,0.6237241467825738,0.6337812930511262,0.6239109164902397
2022-12-14,-0.9930765412345929,-1.1473305522771147,-1.1754686782274981,-1.062567859130895,-1.1316285581516334,-0.9535660500634102,-1.0901158548628331
2022-12-15,1.5035981047612925,1.7275829291354468,1.7637535499277683,1.6038361527589104,1.687693856130206,1.438420366171897,1.6084394767641854
2022-12-16,2.9855713612640438,2.8287232986694946,2.9665303651200823,3.5923764961074456,2.937513494728727,2.8962124776021634,2.783197587588498
2022-12-19,-0.26220936756732166,-0.10657780706919287,-0.18177107595923106,-0.4810964717157862,-0.19221992544722746,-0.24618859676156302,-0.1186881556041948
2022-12-20,-0.5746094088278324,-0.3884120933616816,-0.4967389652851746,-0.8508215210309509,-0.5015053787750912,-0.5526165378474185,-0.396792982751224
2022-12-21,5.145274544663082,4.277343376941152,4.766678961040325,6.554938665511052,4.76250925100522,5.035431983567687,4.282701382787762
2022-12-22,-0.0786284319875655,-0.3256981559573642,-0.4486246469194935,-0.3594183122923902,-0.4287467380851088,-0.057434800497181054,-0.3216062891877073
2022-12-23,-0.33671390919668953,-0.5965960584400352,-0.6791998415705875,-0.6601917458225911,-0.6611848813202141,-0.3153153551461798,-0.5910659591958151
2022-12-28,-0.28275434950244893,-0.47214092936059776,-0.546406928236514,-0.5103737295258797,-0.5285695716525894,-0.2664074060522933,-0.46173546087400275
2022-12-29,-0.4600572834596298,-0.6611779922998053,-0.7652638274961843,-0.6821456793514017,-0.7364668976634251,-0.4421088715877014,-0.6423702107870558
2022-12-30,0.6169966105105168,0.6901034945913301,0.7731842692455945,0.6946610770250199,0.7456616006959504,0.6125152438009627,0.6762114737255523
2023-01-03,2.7041857991413494,2.8498282775782906,3.0260599873043033,3.344537762385417,2.979986563496042,2.6698482779279775,2.830312164657832
2023-01-04,-0.09682757303395897,-0.3582515947737254,-0.4305383322111356,-0.3108956224717543,-0.4052446383826813,-0.08152155813353876,-0.3481633020957573
2023-01-05,0.1954731444886424,0.10018455522309255,0.09094116082085935,0.11763198025259236,0.09234928432058953,0.203070981356463,0.1033648324912968
2023-01-06,0.7126943628492428,0.8760778016584405,1.0209573141182484,0.7836789744042457,0.9589221007572492,0.7096507489012522,0.8551389316374284
2023-01-09,-0.26247100170323806,-0.6365216438506601,-0.7814720473978446,-0.4454749749636099,-0.7252283324388855,-0.2446177181807071,-0.6085867486794995
2023-01-10,-0.2553866121319916,-0.5582017651695579,-0.6843690691519805,-0.38879564394966043,-0.6376767743227341,-0.23980792853106492,-0.5308789112197015
2023-01-11,-0.2971315731083317,-0.5423007248433903,-0.6227668740485238,-0.4151955647806588,-0.5826546260207219,-0.28409657645144076,-0.5184726055056623
2023-01-12,0.8623178138190588,1.1556954172564138,1.3917526855881421,0.9492546448020297,1.26913824834648,0.8527687013216843,1.1033276524001043
2023-01-13,0.15271953925199522,0.12529272299871885,0.19785876386052936,0.12012714951829373,0.15599255603335194,0.1589998887388041,0.11683764209971947
2023-01-16,-0.5262470122746428,-0.9880539623595894,-1.2134471310905555,-0.6629650996128107,-1.1137245942442342,-0.5033066434623075,-0.9337951286866888
2023-01-17,-0.665768256613879,-1.1222387003802763,-1.4042456634971272,-0.7771414340843058,-1.2842225137422147,-0.6412479224170534,-1.0558639928759705
2023-01-18,-0.6328157960093693,-0.9793019181302342,-1.1777832042650935,-0.7076408154754497,-1.09344651995699,-0.6117431078026353,-0.9220983302006232
2023-01-19,1.8210030284062015,2.6088648338018476,3.2363560732934467,1.9549305951100742,2.900550856865556,1.7820384484380951,2.4229227471746366
2023-01-20,-0.4536787925070779,-0.5076124067942327,-0.6774298013469262,-0.6091743430029878,-0.6418800342964792,-0.43853081738181277,-0.49711531107895346
2023-01-23,-0.635472703858541,-0.6899904310444192,-0.9027581416812673,-0.7835909921100993,-0.853044241463364,-0.617245525989052,-0.6709865928198047
2023-01-24,-0.5175091204222868,-0.5472429695157051,-0.715988806505865,-0.6091280251373504,-0.675870596051598,-0.5021828213219772,-0.5269631120037376
2023-01-25,-0.7756548796079883,-0.7788575588987522,-0.9271290125105859,-0.8926579051500318,-0.8825099487572641,-0.7569046646585229,-0.7541176301869422
2023-01-26,-0.8015590158897749,-0.785029951548075,-0.886686516674601,-0.8973077978595327,-0.8506335559243922,-0.7831226052133066,-0.7576378443737121
2023-01-27,-0.977223416991201,-0.9477436275450698,-1.0855071645194996,-1.0642079212372624,-1.036928505752346,-0.9528059369150377,-0.9094922331743177
2023-01-30,-0.8780199052437326,-0.8379855012284292,-0.9675306656565843,-0.9342436383370092,-0.9238412256405585,-0.8549384834270796,-0.7996341666138013
2023-01-31,-1.0351185351690246,-0.9877672118541823,-1.1603485813512995,-1.0889435448187463,-1.102486603147773,-1.0041088241054925,-0.9380281966152109
2023-02-01,-1.1178538703610248,-1.0502173593382251,-1.1859145884880964,-1.1745337184955795,-1.1344817945910148,-1.0834014603531104,-0.9966104910890299
2023-02-02,0.7429453178100227,0.6633683308756122,0.7656041042252613,0.8078664321530169,0.7194994133746238,0.7052907849818029,0.617767516237326
2023-02-03,2.1439452183021253,2.358200573599876,2.8314868959030264,2.463051499995651,2.6297090154055014,2.04561818694276,2.1936351250614594
2023-02-06,0.7588844219387335,1.1185313157379375,1.4995060159548212,0.9378504423364622,1.3330819875589601,0.7322209459673291,1.0242597639975517
2023-02-07,-0.4770137722521193,-0.5852050984238164,-0.7073586532673046,-0.6692526644650705,-0.676151428362461,-0.450232543321545,-0.5640168229662159
2023-02-08,-0.658050651498848,-0.7831654516725498,-0.954707797498294,-0.8665357583426576,-0.9075905976544982,-0.6259174877308742,-0.7514529189433788
2023-02-09,-0.622757122430412,-0.7193664432392062,-0.878452477970654,-0.7825812088610624,-0.8348209519538363,-0.5933846955726281,-0.6867813713221255
2023-02-10,-0.6056428240233871,-0.6886330525173672,-0.8397927644379954,-0.7346748084717059,-0.7989157870523507,-0.5774910980492198,-0.6551413222973177
2023-02-13,0.8185959257063443,0.8849265900886014,1.0880790619362462,1.0320425707049947,1.0107860737259995,0.7882841473926911,0.8426463085231835
2023-02-14,-0.8582324549013041,-1.0860021897102932,-1.3110366461988432,-1.098777047848836,-1.2322300836517828,-0.8164328458785106,-1.0322162601938616
2023-02-15,-0.16836260292161143,-0.1934687030576585,-0.1681524340507803,-0.19405713312118678,-0.18499248451043737,-0.15840820351691165,-0.18930575146260353
2023-02-16,-0.8712976018467773,-1.0911483178831396,-1.3546070165147444,-1.069862679734693,-1.2669802178043956,-0.8287297950500484,-1.0291112327074805
2023-02-17,-1.0051992598425423,-1.212823478338482,-1.537024753043958,-1.19929854749081,-1.4308900587094648,-0.9574819821256788,-1.1386313477943475
2023-02-20,-1.0574060306667448,-1.2265865293194964,-1.519179584355559,-1.238359329507074,-1.425003475178375,-1.0094573336644532,-1.150337015489051
2023-02-21,-0.5000518464651315,-0.5403090499801004,-0.5629794934481052,-0.5466974389627969,-0.5684137087933082,-0.48151128353488626,-0.5182523495460284
2023-02-22,-0.03823567135803341,-0.02883374003516903,0.055840785786531066,0.013470537530975601,0.01965486839657249,-0.0423172646438994,-0.038485265453569006
2023-02-23,-0.8268557368959163,-0.8066590328961765,-0.926291635526779,-1.021831567767899,-0.889683395886201,-0.7936360085408566,-0.7742813102365275
2023-02-24,-0.6982951460094068,-0.6646063750747901,-0.718450365702507,-0.8450124890215156,-0.695860189459754,-0.6723930473949367,-0.6392015290208044
2023-02-27,0.4383088961031605,0.3946173533248021,0.4021711714976224,0.6756372323760009,0.39096528368900896,0.4163934772940652,0.38025421092144773
2023-02-28,0.521694330197624,0.5512825808358097,0.5949251169660332,0.7819996619299363,0.5652082863221111,0.4979473240743032,0.5248702984986036
2023-03-01,-0.31820317266626397,-0.2928565467687134,-0.30227857920048984,-0.4207555804795736,-0.2942859572710508,-0.30265289147517693,-0.28472301555555557
2023-03-02,-0.5941516405404728,-0.5819703962579805,-0.6169681767172637,-0.8012451601908097,-0.5972980757065034,-0.5672718221811845,-0.5643445378630982
2023-03-03,-0.9838083004276366,-0.9778809814844225,-1.0617139035749348,-1.3163808603409588,-1.0211544604362779,-0.940409520954083,-0.9434348084629007
2023-03-06,-0.9293863991321706,-0.906455768080063,-0.9981974845723229,-1.194138390759235,-0.9586005374921636,-0.8898342876730758,-0.869336529253467
2023-03-07,-1.0666387622123825,-1.0184880382800452,-1.0695060598429977,-1.362623129212426,-1.0340825768882755,-1.0230594993878799,-0.9763872362346536
2023-03-08,-1.1233742415549435,-1.0578631141891583,-1.0831283568615964,-1.4143410951634554,-1.0534931200441298,-1.0783018695283122,-1.0115623385315795
2023-03-09,0.1389907413617315,0.1115599464749002,0.1297305903509709,0.32551341681951085,0.11716554312870175,0.12070467142139218,0.09804346198328928
2023-03-10,7.667150821375951,6.603109468525423,6.644645641891318,11.173798611360938,6.524355353070413,7.3249564265136105,6.388910712462458
2023-03-13,10.184458383587698,7.653296378619223,9.29471746549078,16.965243809655483,9.449756081269099,9.938388094536242,7.795785056614788
2023-03-14,1.306871829027553,1.3840892377141276,1.3094027236187364,1.505771254698469,1.307158154131364,1.3076195201973773,1.371186791527573
2023-03-15,11.339135159587421,8.824878416646504,12.021313122133526,18.79238639451104,12.341422908862805,11.185566541886303,9.090469506225029
2023-03-16,1.3796029798196765,1.6872881651065923,1.3448092910122615,0.9849545049608528,1.315109922515842,1.3937437243492712,1.6536664152309088
2023-03-17,1.3894761240464129,1.6506898435653197,1.3422392341504814,1.1138273419461946,1.320413281953984,1.3965390783253013,1.621605082691596
2023-03-20,1.2784274094617907,1.562779355408834,1.3134353982436062,1.0047356671548924,1.2847970647488547,1.279944609191986,1.5324788173955715
2023-03-21,2.1903970417131307,2.1462238301987893,2.1863386910163918,2.469605820301877,2.199481012287938,2.1918132563929373,2.144042148910428
2023-03-22,0.9476487825408189,1.163963364924826,0.8066026514830283,0.5918327632232818,0.7816042465996184,0.9428796834670148,1.129693741287573
2023-03-23,1.1302603469634822,1.2913145999444975,1.0406829271315032,0.9505012431435009,1.026923190290378,1.1222685302009687,1.2672293890079513
2023-03-24,1.48816544350754,1.5658055153605521,1.4860575583946682,1.4683061565806006,1.4807011451262593,1.4845116595797578,1.5528281047816745
2023-03-27,1.072874547463599,1.2643479787930323,1.1563534722787383,0.9372310898208026,1.1322334501972975,1.0591525001138011,1.2390436415631316
2023-03-28,0.6005921158781825,0.8621994031460333,0.6871139417087659,0.4003548907588468,0.6552726683711135,0.5739682393370172,0.8280597535550283
2023-03-29,1.1737571184138298,1.2799354775706215,1.2048797016559025,1.1409939049954971,1.194214934125472,1.1643639260378773,1.2653425619607923
2023-03-30,0.7783758971823777,0.9233702468267733,0.7868218394139688,0.7103159238196526,0.7721973053197693,0.7570881243820768,0.902345836265553
2023-03-31,0.3526174035969091,0.5400715380655334,0.32962826568384723,0.28985627869481173,0.3135977214939686,0.31719252560906797,0.5133623581684418
2023-04-03,0.450296880384088,0.6127070234541262,0.44254426224650945,0.4478921797254297,0.431651639339376,0.4183733462069529,0.5933153876779996
2023-04-04,0.3448293941787401,0.501742037894323,0.3232294149344684,0.37984692887867844,0.31680595006139417,0.31072807083663456,0.48485708214340495
2023-04-05,0.16885316033620895,0.360792866946534,0.2422173065108188,0.23973767194659157,0.22925458101179585,0.1275628494479245,0.34244568674962483
2023-04-06,1.0495886629045712,1.0488238858605032,1.043628238758005,1.043310488718131,1.04400244557473,1.0568787945931428,1.0472302899473784
2023-04-11,0.28456841458956805,0.3589449216743912,0.251777466450508,0.36515728913859297,0.2530314977630168,0.2582764571600248,0.3500317901783648
2023-04-12,0.15202231554142254,0.21729792172002238,0.09499480234050725,0.26532775875642417,0.10173732189580281,0.12403835194913437,0.21106924005557062
2023-04-13,-0.14838546457677398,-0.07670587868240844,-0.24532501625368555,0.030782041761494072,-0.22925595969819684,-0.1843736973942075,-0.08012675038783841
2023-04-14,-0.1429879371226505,-0.06996992558840998,-0.22218923080539604,0.057947504566320016,-0.20420784853349364,-0.1752730491915455,-0.06847827931385184
2023-04-17,-0.40265090120551345,-0.3162167964655426,-0.5084819094960239,-0.12740502405550863,-0.47959716877678105,-0.44011926033369825,-0.3088338032464246
2023-04-18,-0.2818157992019977,-0.20167393947149553,-0.35198864468753743,-0.02420532747833748,-0.32739296556071235,-0.31005769778357883,-0.19080042493125518
2023-04-19,-0.5709483512434266,-0.47750682763398244,-0.6806410177177551,-0.22695679819884448,-0.6405724229726508,-0.6027799729290046,-0.4578932953416059
2023-04-20,-0.6932409677175729,-0.581153862494684,-0.7463844854454214,-0.30729783132034233,-0.7111608272484565,-0.7242083714034466,-0.556180339914988
2023-04-21,-0.7496583072704875,-0.6268616328837499,-0.792080340708322,-0.34144906027901767,-0.7543458033290394,-0.7755957395678276,-0.5957174686675172
2023-04-24,-0.8868723177764453,-0.7462971531473158,-0.9310551631764518,-0.43115890135848517,-0.885329391066605,-0.9080913292698652,-0.7063844592374263
2023-04-25,-0.7877376016324442,-0.660730537818356,-0.8094916533188806,-0.3770187635363487,-0.775673248131534,-0.8001474469837118,-0.6209301376924665
2023-04-26,-0.35937139995300604,-0.29408761326231214,-0.3376305722398265,-0.13440817681896944,-0.3254531418628549,-0.3626742681442885,-0.2729950824233778
2023-04-27,-0.8115355760875311,-0.649994228545378,-0.6689659751350772,-0.45550681561683515,-0.6537668855644329,-0.8162419153281364,-0.6196280499867783
2023-04-28,-0.34642681048799595,-0.27118109774164534,-0.25473844320897077,-0.1708631034537264,-0.24998588270231492,-0.3468406190885819,-0.25534166409564996
2023-05-02,3.433456285667482,2.97151900447817,2.954794687095062,2.37346047174776,2.8919041992675316,3.4010572334136984,2.8491645199422138
2023-05-03,-0.5739118284212995,-0.32957923964585606,-0.400279028202739,-0.48642975134008715,-0.40277958055705865,-0.5640811739850051,-0.3319988995058022
2023-05-04,1.833917943871589,1.497790321723273,1.5883266744490672,1.6511495216694636,1.5849227141566289,1.8160372909158782,1.494000746701775
2023-05-05,1.0949524687322967,0.9732273103215906,0.9829081056656558,1.105026103007095,0.9859331015967246,1.0885904778797872,0.9759095413939448
2023-05-09,-0.3946378951852794,-0.2576916776901827,-0.3237132230562384,-0.44529982125292594,-0.32185081397444326,-0.379952558809687,-0.26527971012883594
2023-05-10,-0.3941588143515269,-0.2558869998170776,-0.2753482309893127,-0.4081610970506659,-0.2780394927889424,-0.3836169407590826,-0.2593838281596764
2023-05-11,-0.5842100879872877,-0.41204890325777255,-0.3712599570403338,-0.5764968791490231,-0.37989745932119995,-0.5747352598865346,-0.4138477713456937
2023-05-12,-0.5153809061229736,-0.3581500136025908,-0.29566506883665605,-0.4833613024549803,-0.3067224436679258,-0.5084587010913888,-0.3556974405437199
2023-05-15,-0.59325969685021,-0.4405434823381741,-0.3932669616857678,-0.5393304377224163,-0.3981545229073109,-0.5843123351737463,-0.43223656569708346
2023-05-16,-0.5837024535247226,-0.44923949403910896,-0.42100560384890673,-0.5177526455094306,-0.4196546626237831,-0.5733298570560601,-0.4361091260206724
2023-05-17,-0.5832130485217921,-0.4432324417138141,-0.36680752573369,-0.5229763200268394,-0.3707968622221337,-0.5735141578782663,-0.43102405845687813
2023-05-18,-0.7830299872809324,-0.5990816296997639,-0.45508386428339387,-0.7164413445065881,-0.4655409604538622,-0.7707551705593413,-0.5855551640966684
2023-05-19,-0.9124221567442923,-0.719878088238382,-0.5910305591017209,-0.8249424007118406,-0.5953779958442699,-0.895066026408309,-0.6985674245077056
2023-05-22,-0.9856587065475886,-0.7903739871219037,-0.6844897380638003,-0.8826904542215058,-0.6826736604758641,-0.9638053509341076,-0.7619039742681118
2023-05-23,-1.118742353586068,-0.9086867627793613,-0.823421503475461,-0.9964076544279915,-0.8147900569233857,-1.0898293468323237,-0.8710589291099516
2023-05-24,9.303372316669435,7.41791257291042,6.704258126665076,8.15415574031585,6.675841369169707,8.98817612271772,7.100274719514952
2023-05-25,0.4159838335801418,0.5240068067626513,0.45762148645376316,0.400009288112956,0.45095915353743854,0.4201513311742865,0.5154501119688086
2023-05-26,0.42026205491804247,0.5346235326118525,0.504426671705531,0.4034301615066782,0.4933598606923493,0.4233577360162028,0.5246060424764512
2023-05-30,2.4889257677290804,2.062562913125743,2.177528770515888,3.1043007521238257,2.2037794180150247,2.4570158164898874,2.0842123591275503
2023-05-31,1.0525543750347042,1.0384212189499982,1.033059953421042,1.2146165593398957,1.0314783780340293,1.0501585573718755,1.0351858519836505
2023-06-01,0.2744751031560783,0.507533319881227,0.5272043817331468,0.0874000026792382,0.5002515633198061,0.2778461978435334,0.48272878440475164
2023-06-02,2.7201214446506,2.244887355337298,2.2283129917139037,3.4709575934573955,2.2621167586037094,2.711288197718987,2.2789330839395214
2023-06-05,0.01791185622145296,0.033830234790821576,0.02055928373142999,-0.32627993096514785,0.006747717186170912,0.02734099321631924,0.009587414368462424
2023-06-06,0.043050990216433965,0.07433876969758012,0.08256443649564343,-0.19702382218459097,0.06780078834599668,0.047357285901330246,0.057547699343236905
2023-06-07,-0.20676749730826796,-0.16582235293013203,-0.16659335658824367,-0.4453629083425706,-0.1775781636468489,-0.2037484778579441,-0.17967341752888755
2023-06-08,-0.17795680851030546,-0.12612996111817856,-0.11633569395800905,-0.3368080347310019,-0.1285146687368245,-0.17798123813366018,-0.13336111810540907
2023-06-09,-0.04376677804712081,0.011345721597948166,0.06296442432170513,-0.13717182210345846,0.04987106463740176,-0.045611021727153866,0.007072889017133432
2023-06-12,-0.4401186436919474,-0.325092347662495,-0.17826176145547656,-0.5749878294205805,-0.20273181119578598,-0.44507998621937295,-0.33265703008644565
2023-06-13,-0.386276306582241,-0.27538467676556544,-0.15774302964469847,-0.46241355269179235,-0.1754664751772704,-0.39055852965973614,-0.27624179874982757
2023-06-14,-0.6275149329964131,-0.49838286273691196,-0.3798887222138853,-0.6849199570556954,-0.39319374079872216,-0.630283646608528,-0.492596826464249
2023-06-15,-0.5074960469848069,-0.3934333586956985,-0.3079745592204691,-0.523919980108513,-0.315023009128526,-0.5083317407875614,-0.38307600834546435
2023-06-16,-0.7360428135516641,-0.6083961456118129,-0.5290178036170667,-0.733515196309945,-0.5295697974281108,-0.732806906736287,-0.5895049089053391
2023-06-19,0.3461940629825421,0.32264873440159936,0.31985225063143374,0.3391324122091215,0.3198148181125896,0.34433035665633105,0.3209149693409281
2023-06-20,-0.6727672374269351,-0.5020863527118151,-0.40028862925905234,-0.7066673120153019,-0.4059268056405888,-0.666468965139026,-0.4919179017467496
2023-06-21,-0.8398355962715177,-0.638214270098708,-0.47995429491654684,-0.8659962462391568,-0.49094492126207356,-0.831864791765375,-0.6247688363867765
2023-06-22,0.5471148477639202,0.46940430015816714,0.4500118613219676,0.551629075105718,0.4501810913971044,0.5417813236691793,0.4656121167213958
2023-06-23,-0.17610236966171466,-0.07000686754052499,0.043022706192949844,-0.20426027460541596,0.02916582602190304,-0.17270084590310486,-0.06845550978405901
2023-06-26,-0.8076602219901673,-0.5390755808776724,-0.27836301215751186,-0.9224641497314124,-0.3075946002023496,-0.7981653446224443,-0.5401507055491012
2023-06-27,-0.8906995402760561,-0.6149475721888384,-0.33926454205813844,-0.9835150792718056,-0.37116091056532124,-0.8795296814907174,-0.6102453433679236
2023-06-28,-0.26203157308958225,-0.1589390684054066,-0.026176065977962126,-0.27856725629721857,-0.04155410247285102,-0.257888143233155,-0.15327125226467786
2023-06-29,-0.6010099843757175,-0.4625073511568803,-0.3001189085760368,-0.647946196725566,-0.3124629233101029,-0.5869804351837876,-0.4485743053142389
2023-06-30,0.7445480667345947,0.6102946984228289,0.548411821226938,0.8285275564463106,0.5500351474780808,0.7269817667342253,0.6032838382752417
2023-07-03,-0.9073783022612047,-0.85293533355246,-0.6153135629212853,-1.056510970154994,-0.6234837157223435,-0.8767629284248774,-0.8269995258876554
2023-07-04,-0.9699971007393902,-0.899266851691867,-0.6691047642759168,-1.0953554361300588,-0.6800818575502859,-0.938510066779542,-0.8670191528151563
2023-07-05,2.070242630546775,1.8905387034050052,1.5141366854718452,2.3386711156265383,1.532632776153462,1.9984939752179984,1.819929924016416
2023-07-06,9.749801053788502,8.000678855060617,6.926589639082834,12.666916619677613,7.101384927627645,9.508389074041043,7.993420534723639
2023-07-07,0.12398069620110284,0.4417261297879661,0.29802608892166405,-0.308597618780462,0.2596235917449004,0.13961752732074947,0.40831350652590687
2023-07-10,-0.024096726503806343,0.31864022832993,0.23090408055273276,-0.437912937522857,0.187939301919465,-0.01316757997297438,0.28668535976197074
2023-07-11,-0.17842485762005172,0.1841272126887801,0.08940238047377895,-0.560175961028996,0.04949105763088611,-0.17041021797343983,0.15602619575973775
2023-07-12,4.1936342064369185,3.1532870024381596,3.375309165304604,5.659665514192443,3.4654443088929736,4.176132494814767,3.2029113031614718
2023-07-13,0.13648993521865072,0.07876624573990712,-0.036066014777569086,-0.2173592624998388,-0.05042968280679189,0.14903174899024038,0.06237906102497082
2023-07-14,-0.06947127382085225,-0.1213139544252813,-0.2570893909209557,-0.4132608042382764,-0.2671252702249504,-0.05968192194148193,-0.13415346777431195
2023-07-17,-0.016229712680495334,-0.04110667868073384,-0.13379819254983571,-0.2490750789181181,-0.14438083546896688,-0.012017687309665986,-0.047632901275015876
2023-07-18,0.25786949056676384,0.2586879223942653,0.2429432736782045,0.15844650883026612,0.2346680415513569,0.2581260252414478,0.25540010107140226
2023-07-19,4.111130034773374,4.24454852089395,4.437937560440374,4.989522047997112,4.469535673617516,4.106162226909747,4.247684328578722
2023-07-20,0.5818310471970107,0.4559016949069408,0.451468610025033,0.4781477495416279,0.45163810726944265,0.5870615223948479,0.4564170560329618
2023-07-21,0.011694121614033846,-0.447120360699458,-0.5526640067667983,-0.2482944588613391,-0.5260932324265511,0.021166001955838856,-0.43609465354327615
2023-07-24,-0.11250680312070764,-0.5493140448284133,-0.6696682219385229,-0.32333400677720536,-0.636310369655461,-0.10675676413646781,-0.531686108088359
2023-07-25,-0.22931253801976653,-0.6386664216504055,-0.7738683155072692,-0.39112204549913987,-0.7339984114310568,-0.22671605820752225,-0.614220087389508
2023-07-26,-0.3217382713991356,-0.6916880204213866,-0.8377082691638631,-0.4340208908689448,-0.7930153641992005,-0.32151567812646453,-0.6612078762596327
2023-07-27,-0.4049348594688169,-0.7281974370815092,-0.8228951868367658,-0.4792178095275579,-0.7861559416801469,-0.407370137814733,-0.6957882540970062
2023-07-28,-0.5722220219271904,-0.8941632011699782,-1.0211745908690397,-0.6101210118820949,-0.9724683693535754,-0.5749065646134934,-0.8509018873680033
2023-07-31,-0.6654211958776494,-0.9492545142088044,-1.0934036400930869,-0.6640486980425706,-1.040343881790927,-0.6681589692610951,-0.8990124696408865
2023-08-01,-0.3698827336532987,-0.5065953548791059,-0.5803988208461156,-0.3472749631424136,-0.5560285496134688,-0.37069136134758307,-0.4775272406712799
2023-08-02,3.4142004993158857,4.039103825568796,4.387955489298198,3.3185913682957784,4.202519175534671,3.416685189164671,3.8553875144093697
2023-08-03,-0.146800225943979,-0.07071729924139586,-0.20384750308488286,-0.26495029185182956,-0.1996037752416826,-0.1442610882630146,-0.07678785416477779
2023-08-04,-0.13616087049725334,-0.04906465764473683,-0.1105312853828449,-0.22860820038755958,-0.11174867217098772,-0.13573650658875092,-0.05463057779949626
2023-08-07,-0.5278909606361848,-0.42293727647150897,-0.5261464154358598,-0.6440643158181538,-0.5188915777415765,-0.5254240237984544,-0.4241810935396513
2023-08-08,-0.40424276267714837,-0.309403967804162,-0.36328715590473537,-0.46753663277439406,-0.36094898805247055,-0.40325918253450443,-0.30640668312025177
2023-08-09,0.5677066233165214,0.5401724919792572,0.5394801533856314,0.5913386837287831,0.5398703675697444,0.5675539665414421,0.5397511882459466
2023-08-10,-0.3355914763393953,-0.3213017193177669,-0.335670853658013,-0.3977061801453843,-0.3288974596611414,-0.32980480483507385,-0.31345735567017285
2023-08-11,2.4916948124488947,2.4766522521126255,2.5747152469465906,2.6576800677601193,2.5291423777539617,2.4663071641012597,2.4353184363651392
2023-08-14,-0.3698159545479797,-0.21686681383012185,-0.28789042462201614,-0.562516333181714,-0.2912388991038085,-0.36032256226978854,-0.22881756935958522
2023-08-15,3.7393778009716385,3.2139770336869136,3.2690281433522093,4.390165798654447,3.2913831029819463,3.7152837711456095,3.237578356173726
2023-08-16,0.05898048951580592,0.2883256567301116,0.22638534623775675,-0.17364501613403716,0.20593935639562758,0.06475861951817141,0.2632564409483794
2023-08-17,0.2693489796936924,0.43508486240881794,0.43712435929086785,0.15634937965241946,0.4188945744598003,0.2706110435121726,0.4175114222816751
2023-08-18,0.28580295507158926,0.4474061001158102,0.49974664436331084,0.19422431892038394,0.4783153228856214,0.2852541314222615,0.4304423677528257
2023-08-21,-0.3107517874986775,0.020845874435865087,0.18295913604268443,-0.5648122703716112,0.14327927832174456,-0.31520613042245327,-0.009232188450409748
2023-08-22,-0.37497713302719277,-0.04641555875086178,0.12086995215258825,-0.5730129815359581,0.08006032581905276,-0.3818974605773833,-0.07055995521861419
2023-08-23,0.2592736508258122,0.37664367375180685,0.4560582283319378,0.23513864031209752,0.43648172054620193,0.25759842045407066,0.36823336314691035
2023-08-24,-0.48649245607237734,-0.2293319166090878,-0.09166062509308072,-0.6316948918598864,-0.11884575931359792,-0.48889524326947625,-0.24172868236085054
2023-08-25,-0.6300274416745103,-0.3554715861866949,-0.22494165840927802,-0.7437196862310355,-0.2480267528236647,-0.6322127111317982,-0.361977869449149
2023-08-29,5.354128009069344,4.124059163794465,3.7264315786838993,5.77262693072244,3.785344191021924,5.361654393860682,4.123763605418014
2023-08-30,-0.250639231148745,-0.5108269542079114,-0.4355658176864485,-0.5027664938506959,-0.43223831520019146,-0.23477355664945734,-0.5040996399944613
2023-08-31,-0.06396325816193177,-0.21710380689766867,-0.17838317655349206,-0.19918320547098156,-0.17313571509578163,-0.05511835808540777,-0.20868607670844846
2023-09-01,-0.2573015360602423,-0.3974001377753644,-0.29077916760614964,-0.40685009585748055,-0.2909920304405879,-0.2501081270353964,-0.38934595609740663
2023-09-04,-0.4827852586619446,-0.6409768886918719,-0.534439623170387,-0.6235683949192298,-0.5271775614387929,-0.4746828288941849,-0.6242579840800314
2023-09-05,-0.543082546207783,-0.6684798398209238,-0.5367499101484721,-0.6473948809799539,-0.5340568820306539,-0.5371489431874055,-0.6483367818853493
2023-09-06,-0.6504544915199602,-0.7499594677677957,-0.5786186995126242,-0.7317441642691395,-0.5806111153618371,-0.6455117659665597,-0.7261362164188119
2023-09-07,-0.688733656320121,-0.7584783301232272,-0.570622935184788,-0.7429078746893367,-0.5764074519192351,-0.6841277511872575,-0.7319922598689932
2023-09-08,-0.29787872420903916,-0.3231198704097238,-0.24358101041243008,-0.3115214229848726,-0.24305271425814778,-0.2943176846056518,-0.3079416353293333
2023-09-11,-0.7429258972033265,-0.8241717574744198,-0.7045842580734176,-0.7683587755464266,-0.6939671899683986,-0.7304847071868457,-0.7863386130479225
2023-09-12,-0.5311013762389836,-0.5768960472574097,-0.5175656203522494,-0.5365886051363645,-0.5054078663008954,-0.5203036939907144,-0.5483491339989373
2023-09-13,-1.0045415440846648,-1.1064010045326869,-1.0385824209061805,-1.0106717418444713,-1.0064237486299532,-0.9793891771747321,-1.0457898501107363
2023-09-14,9.993802521502639,10.787355636144412,10.270091332856289,9.88926127200556,9.976247681126129,9.711787660189952,10.072604558823286
2023-09-15,0.031796084209649356,-0.37699869894375715,-0.382952820843663,-0.150999136695455,-0.37126567074615224,0.053622828564306835,-0.3611918845729749
2023-09-18,0.4683157029143913,0.7687249590042657,0.8640189322813012,0.45959158724459415,0.7745310280400828,0.4733984630585324,0.6914198102011051
2023-09-19,-0.35431316383559186,-0.9185007610228418,-0.9842219732850811,-0.6153065460117738,-0.9386099553285279,-0.3311411331614019,-0.8816040769324125
2023-09-20,0.9126830199849578,1.351143517749664,1.4845611102326777,1.0332220677373765,1.4039328125883783,0.9048438647434178,1.2914427367045245
2023-09-21,0.3013555202185354,0.31098874278954214,0.37763295720290313,0.25970404403226277,0.33986966457679557,0.3077806904207321,0.29305548458313146
2023-09-22,-0.4209786118408037,-0.8536782978495452,-0.9306429475955456,-0.6467655267746901,-0.8861622349612612,-0.403620189364722,-0.8270149374639659
2023-09-25,0.5106787125843334,0.622874490443175,0.6845374470571082,0.5375695644310193,0.6504217697753275,0.5101196540750113,0.6043259853579208
2023-09-26,-0.49244410691978213,-0.7130887729651325,-0.7591245714515554,-0.701053358604618,-0.7320423592088027,-0.48067310144043845,-0.7021992731330758
2023-09-27,-0.26472322851127505,-0.38680115760034767,-0.4219461006925736,-0.37230186842752505,-0.4033192020909753,-0.25765554239224364,-0.3752843181123997
2023-09-28,-0.6184929756180461,-0.7469509774339679,-0.7289025714680998,-0.7718453780829867,-0.7086693775556979,-0.6101643690770663,-0.7321359483500777
2023-09-29,-0.7248088276871358,-0.8305839930568442,-0.8312826822740771,-0.8453453869662959,-0.8046647318136865,-0.7155168807130655,-0.8074098671600642
2023-10-02,2.9794474146740937,3.2239665972553784,3.2920366736369333,3.2520217423106255,3.187569641753733,2.948289030280743,3.126325478914834
2023-10-03,-0.01733668344713024,0.05672871609336139,-0.002574168973181634,-0.1301961987507787,-0.0011745822851378929,-0.012145788620329445,0.04974797860920649
2023-10-04,0.49149744612750923,0.5010753628049573,0.49930429948603666,0.5288126092560852,0.4986030694645109,0.49136662513872686,0.4993028150903807
2023-10-05,-0.042675158234527444,0.08159617138300479,0.12147245701573983,-0.16829555678432384,0.11114862859985403,-0.04011969510178798,0.06880945636860647
2023-10-06,0.02742833158946556,0.10919443816333524,0.13300714106887662,-0.053894179531379316,0.1292665015102974,0.03029721212116543,0.10238482777794905
2023-10-09,-0.5842741985923797,-0.45997783213175486,-0.43404874161661205,-0.7926605874206984,-0.4313295360099497,-0.5746767261332957,-0.46605458930653143
2023-10-10,5.7266399751504915,5.0360808885878985,4.900298893302378,6.765502744466139,4.898069243760405,5.677926540659929,5.032168897960057
2023-10-11,-0.18352057757409823,-0.6025561712747728,-0.6221548230503472,-0.5025999043712225,-0.5983647378284337,-0.16413425615253704,-0.5943887016558079
2023-10-12,-0.16265341954727447,-0.4842768393144652,-0.4796920914606271,-0.3936479430975448,-0.46371798835365885,-0.14939527826700233,-0.47309495723305445
2023-10-13,0.12435990024404897,-0.010552048500110267,-0.014266148250301813,0.029381368878107494,-0.007415719571170043,0.13094844992380616,-0.005100285980567554
2023-10-16,-0.17539189311610937,-0.36132406682916135,-0.3234677738241232,-0.3346709036411234,-0.3132711376802803,-0.1681153505642512,-0.3536414684268165
2023-10-17,0.05636868499636305,-0.03559803753987634,-0.026740155393680243,-0.01440810906692147,-0.019528580775616144,0.06070918267621778,-0.030268277526139364
2023-10-18,1.7116096823162765,2.17901477072041,2.177525644009934,1.9525940664372419,2.107345251933575,1.6966484433464846,2.1252285940439526
2023-10-19,1.6281158827725415,1.6779926393971376,1.7203251398963286,1.9367725408391063,1.7096654818520551,1.6191913407573608,1.6864147703186312
2023-10-20,1.9264283658255703,1.8297498721802927,1.8446352563457231,2.3726988100081723,1.8533258438004534,1.9198992039708673,1.8539543374501197
2023-10-23,0.06657942632451516,0.2323004841121739,0.2412956752580282,-0.21345191271213765,0.2216012003374344,0.06868008892247537,0.2013826128046387
2023-10-24,-0.12420605653386935,0.0748460663228813,0.1471941802626821,-0.40505164506320834,0.12198667871504228,-0.12626169107505986,0.0436312785376501
2023-10-25,-0.1346579776050615,0.053943250173379004,0.11418070113838288,-0.34070935302349925,0.09518174713105487,-0.1386243989498351,0.03058572738715601
2023-10-26,0.5759628424773491,0.606954710457225,0.6216687392114306,0.5870189921701755,0.6175399489909269,0.5757110547459572,0.6023704203267881
2023-10-27,0.7105484970513893,0.7252692300556901,0.75392511462351,0.7506702467091214,0.7478162207043811,0.7110101685805028,0.721241317710382
2023-10-30,0.016910511512287396,0.21654213093572272,0.3612946116172149,-0.12673237944707227,0.33748332167671197,0.011648904528391013,0.19469989613660266
2023-10-31,-0.381425595332447,-0.12640871682373958,0.04616078043094293,-0.573575026424517,0.022838914034539352,-0.38838462394600437,-0.14955196495126588
2023-11-01,-0.3624692742313458,-0.12582445476394577,0.04420294607663505,-0.493612165422336,0.020964467755016147,-0.37009104996166053,-0.1417899482263407
2023-11-02,2.966566402067594,2.4046472599285793,2.144253069507947,3.284817474692924,2.169751608944683,2.9859606288383134,2.4241626379154604
2023-11-03,-0.11610619284486826,-0.18014078967328243,-0.0702774620792391,-0.27727483745165205,-0.07311167281747946,-0.11127619813711531,-0.18359406182043772
2023-11-06,-0.3984188746339303,-0.4432978451386716,-0.24251473583325056,-0.5788758785230689,-0.25172994122774855,-0.39586385408596214,-0.4471908202385102
2023-11-07,-0.4846576737538413,-0.5088376369131657,-0.3205408038089342,-0.6197479654282774,-0.32825313684199153,-0.48396571723643306,-0.5057090827689135
2023-11-08,-0.5766413657445968,-0.5810590943179347,-0.3761441833350722,-0.6759646016696959,-0.3864105660465631,-0.5771695327162784,-0.5723489507634497
2023-11-09,0.3635692424626976,0.36285838357498756,0.3787971219748114,0.3700752845241073,0.37662841231258043,0.36361354540166957,0.3623952379764219
2023-11-10,2.5555052376100353,2.74141924662575,2.318851061439132,2.7479838106601564,2.3210540301756293,2.54178483130262,2.687120826535336
2023-11-13,0.7605079866887716,0.7491461246838842,0.7500579671874749,0.8230337793949853,0.7492513519027846,0.759549281505371,0.7496777874623115
2023-11-14,-0.3216614987494812,-0.3159361019524206,-0.2571577313740899,-0.517547802154171,-0.26352547435096746,-0.3128726180821509,-0.32241722206812584
2023-11-15,0.14468821425756417,0.15243381834814862,0.1727745107316065,0.09153607251540008,0.1723852691518742,0.14766563578220754,0.1524164657928775
2023-11-16,1.2221168013387822,1.243942546417172,1.2223883746945192,1.350065003953639,1.215489995467987,1.214784872597989,1.2385014426515706
2023-11-17,1.9324250173392976,1.822290366785791,1.76601214706072,2.256340922286882,1.7724327822099373,1.9227954495395196,1.8354863262709618
2023-11-20,-0.24091389860547124,-0.38028352602372345,-0.3594536611221225,-0.47839500466721385,-0.3503828710005604,-0.22842293725479426,-0.3851026462122646
2023-11-21,-0.3079597255420114,-0.4188290799298535,-0.37551745945666326,-0.4927864171259556,-0.37002898903636255,-0.29946209168483673,-0.41826128185344924
2023-11-22,-0.4126244434133735,-0.4993780665283578,-0.4147461810912141,-0.5633817074736689,-0.4133505252733801,-0.4070123206396773,-0.4949027566778432
2023-11-23,-0.48881240033897466,-0.5507766119128337,-0.43429581305160336,-0.6039180364203853,-0.43654039272507333,-0.48532556466741733,-0.542139789685997
2023-11-24,-0.637757198084832,-0.6864680442374692,-0.5810926572431673,-0.7232677279527417,-0.5771496080742338,-0.6336468042339582,-0.6698827023401964
2023-11-27,-0.45656045081321195,-0.47624919771145546,-0.41213803799932996,-0.49348054131355046,-0.4053261640440703,-0.45307717640374984,-0.4589689700742819
2023-11-28,-0.7758156242594196,-0.7660067516540202,-0.6179346746959349,-0.8229160819851413,-0.6160705349217178,-0.7710804302731337,-0.7441929989171183
2023-11-29,-0.43852401893551435,-0.42212076829622736,-0.3265263676797985,-0.4514765818211296,-0.32705336048128336,-0.4348813714181563,-0.405506309682005
2023-11-30,-0.4883196712279945,-0.44678862297684246,-0.30782430912362796,-0.5097093923096929,-0.31346077195299415,-0.4839379163373239,-0.4322607952762139
2023-12-01,1.6631903099252687,1.5945480644030663,1.3650120656051643,1.7092825377637153,1.3635303972622823,1.6416916052818349,1.5493034016407918
2023-12-04,-0.6542342532343913,-0.8324110737496678,-0.7151390793237463,-0.7565180229834152,-0.6989797560552993,-0.6335291673174365,-0.7981800274911509
2023-12-05,-0.608976669938834,-0.7321567722897847,-0.6021057641606019,-0.683519545149101,-0.5925850841049248,-0.5916068326338737,-0.7018061210119797
2023-12-06,-0.5991578762511407,-0.6795090472951824,-0.5251948976132059,-0.6637423849451476,-0.5214312852963192,-0.5836044433207054,-0.6530386853143209
2023-12-07,-0.9363788188325323,-1.0508087626375013,-0.8726847737568035,-1.0122901246284721,-0.8582923496616687,-0.9107406376195835,-1.004482385347087
2023-12-08,-0.20638071735268193,-0.2197384546418566,-0.19084458725546039,-0.21581318324005672,-0.18785605897575341,-0.2007838890164807,-0.21237267915967828
2023-12-11,-0.9676640093940807,-1.1055921864194553,-0.9979020447887043,-1.0361392445337163,-0.9743721022698163,-0.9349832523586225,-1.047259290590212
2023-12-12,-1.0776390435500707,-1.190222660367491,-1.0637208337667656,-1.1403397163078126,-1.04408579875145,-1.0417559301567956,-1.1254517764450527
2023-12-13,-1.1346166024247986,-1.218332120996295,-1.1150481322187338,-1.1861200377019714,-1.0983128981995893,-1.0957603155764566,-1.1479103910703614
2023-12-14,4.723743887124387,5.023197922411795,4.6994094626310865,4.946320267861176,4.580255160228742,4.508022367975368,4.622847373849991
2023-12-15,1.1833391805000617,2.0683851816774803,2.10108223398763,1.4622031613694986,1.9813964493479757,1.143498747797235,1.877418895526696
2023-12-18,-0.14658354221869763,-0.2542624018903724,-0.28495756472334144,-0.2846668271091558,-0.27814185949845127,-0.1280167354903784,-0.24451488315607994
2023-12-19,-0.47491855970812613,-0.6664806576232802,-0.7469604072714746,-0.6909868817793953,-0.7248733240444809,-0.4467166383829134,-0.6427807871905665
2023-12-20,1.4031061720983058,1.7214913681139201,1.9720072770772927,1.747444888206955,1.892937679117173,1.3647099888550023,1.6581519271143064
2023-12-21,-0.46876104269850066,-0.8155790065479293,-0.9574618932599812,-0.7010972121024078,-0.9125901797081788,-0.43761668172441337,-0.778611531619227
2023-12-22,-0.6765202389461996,-1.0306279955601874,-1.1443884903772745,-0.9273678269876393,-1.0969564543601713,-0.6438408165374176,-0.9859317303767645
2023-12-27,-0.49780262115630686,-0.7117228666020445,-0.7944502948736833,-0.6492986564488648,-0.7635204291799291,-0.4742672156789731,-0.678387519741851
2023-12-28,-0.8346634841870996,-1.1390308141883843,-1.3148854521222542,-1.0301085294867365,-1.2503820799407783,-0.8004859988536882,-1.078797927163049
2023-12-29,-0.8756171562596571,-1.1287163749306224,-1.3017115587619341,-1.0391699761929376,-1.2455639120596778,-0.8423423662195307,-1.0655687945620522
2024-01-02,-0.9394837330293933,-1.1559956725388492,-1.3569305373415101,-1.0800782610586177,-1.294676630256544,-0.9042532123832266,-1.087269198213895
2024-01-03,-0.31408847752147506,-0.34664693823080583,-0.3464466660207557,-0.34127243891993686,-0.35023125890637163,-0.30395653104716025,-0.33744532388453563
2024-01-04,-0.24535011855860378,-0.2611088585702058,-0.27030877793160246,-0.2695442344507727,-0.2682944389297536,-0.23727551056949892,-0.2528523322166333
2024-01-05,-0.5014373561830539,-0.5636977198868817,-0.615355353138857,-0.5802629486377053,-0.5995276730602036,-0.4816368205461661,-0.5391566202852871
2024-01-08,-1.020512851715465,-1.0921075931589073,-1.1670966243452063,-1.2303491129668218,-1.1322601008613986,-0.9819506654905218,-1.045449728834532
2024-01-09,-1.053932949138902,-1.0987825130709727,-1.1978573853533385,-1.2390066774217876,-1.1584462184804305,-1.0138798455528988,-1.046344458037217
2024-01-10,-0.6008443249365066,-0.6101950426079471,-0.6411785117776605,-0.6734137159940827,-0.6275398000699525,-0.5809882770156227,-0.5842952440856248
2024-01-11,1.9375296510241542,1.8723958449434388,1.8944944928459926,2.4985180330970547,1.8516892077952807,1.850302984746032,1.7820664954948977
2024-01-12,0.09381333421469418,0.11336090799917165,0.10492203588658555,0.14820447101067846,0.10457397212790087,0.09548086931991451,0.1141150641316171
2024-01-15,-0.4898850468702648,-0.43613147549853304,-0.48750477217051325,-0.6836260690218936,-0.4808644693287515,-0.4666032556294474,-0.4280995122091281
2024-01-16,-0.32019876031433736,-0.2680195061408004,-0.26824556775512864,-0.43137510941930834,-0.26732549544109174,-0.30519148885977065,-0.26291393959996734
2024-01-17,4.535892224239275,3.94319849862337,3.6871121858359426,6.4679912457704845,3.710250412886014,4.401099832550596,3.922634328853519
2024-01-18,-0.3822999370277111,-0.10842666892296335,-0.16829270410441785,-0.8299021678662318,-0.1940003515117273,-0.3618331814405012,-0.13584139580978388
2024-01-19,-0.5265995229196098,-0.23586256594890084,-0.30345961995043436,-0.9562162609669437,-0.32429986314184756,-0.5066851944501478,-0.2574230169574586
2024-01-22,-0.40600031596576225,-0.16398073618460485,-0.22357944462504978,-0.6906339362431249,-0.23684372838541348,-0.3914268578853957,-0.17621495766023118
2024-01-23,-0.702611895430983,-0.4170985790303388,-0.5009684747524761,-1.0604438357246115,-0.5091761950350391,-0.6827442548433532,-0.42480517965829095
2024-01-24,-0.10203008611454512,0.01463210706229423,-0.021589465459128654,-0.16073554321375683,-0.025961220697733545,-0.09582172944475997,0.014170756607402302
2024-01-25,-0.8104698278983012,-0.5836487874505213,-0.6824645214160879,-1.1242669793168147,-0.6814992759913252,-0.7865770016896189,-0.5774144768890307
2024-01-26,3.8522651451498398,3.0885123697422165,3.4118295774497045,5.151993302174556,3.3920149653999525,3.759717638877631,3.0514927428433154
2024-01-29,-0.53577097975691,-0.7358800641675804,-0.8892527841226538,-0.9077818145313318,-0.8612201697145225,-0.5051561207871889,-0.7149772492943595
2024-01-30,-0.27158350463116315,-0.37569939181442075,-0.45553301266714497,-0.4620163992819688,-0.44291495856897395,-0.25331669404222174,-0.359758840534905
2024-01-31,-0.2582367945454818,-0.3534069449326219,-0.42876979625628076,-0.4085196455813027,-0.4147613791482716,-0.24152985605644012,-0.33626467020163653
2024-02-01,-0.6988006290370616,-0.8097904261129059,-0.892550029404201,-0.9926444808103323,-0.8706715608336696,-0.6735606608714423,-0.7833553694200194
2024-02-02,-0.7920816827990802,-0.8788137834913098,-0.9367139761969361,-1.0633071370476526,-0.9189154573554962,-0.7674051457313601,-0.8468492050861794
2024-02-05,-0.8895311494028114,-0.9535572607038824,-0.9955797128019556,-1.1429664250468998,-0.9813082827939461,-0.864231577291177,-0.915260128573121
2024-02-06,1.1268038380013927,1.1745724632975143,1.23234495481963,1.446774823125151,1.2174847288914643,1.0979230550276435,1.122700994628163
2024-02-07,0.23714835383313693,0.2863231835861204,0.32702550524940843,0.3025169111634918,0.31287767925413923,0.23518498443580005,0.26928038070332483
2024-02-08,-0.36480761165858017,-0.4190781692069309,-0.4405026264145754,-0.5203615171468814,-0.4347039398073948,-0.3481513852440545,-0.4043100778024657
2024-02-09,-0.606043870343059,-0.6390139224810285,-0.6124154150919998,-0.8370827962755043,-0.6112177836745888,-0.5854009752783939,-0.6221505323811959
2024-02-12,-0.8654167788418082,-0.8735596041381171,-0.7814719286814913,-1.1587753729994619,-0.7861237041484704,-0.8406815881033011,-0.8520256819920624
2024-02-13,0.7638015045616099,0.7556445835405062,0.7107369112503582,1.025984307930143,0.7102844330406726,0.7456153410500922,0.7357081668978357
2024-02-14,0.4364540320807354,0.4151694980302918,0.4089789414211483,0.5975197816957851,0.4094388594982108,0.43094648159870785,0.41448640596736885
2024-02-15,-0.4548762732047835,-0.4567504581155118,-0.42117433311919117,-0.6605200611613545,-0.4210224658709324,-0.4361100852354344,-0.44735301768204644
2024-02-16,4.284265917000559,4.345115939366692,4.240782372339474,5.814918559439458,4.2012682677790085,4.164877753601457,4.254979476552077
2024-02-19,-0.37056711863175096,-0.7936905777708211,-0.8219865871345321,-0.7247099242122755,-0.7920605285299678,-0.34021451891149046,-0.7674432943867573
2024-02-20,-0.5164594490012209,-0.9359520466671152,-0.9919224510742688,-0.8534003673375734,-0.9517731508855752,-0.4865473712727203,-0.8997453008257255
2024-02-21,0.3906477215775349,0.4895728377729356,0.50708979824942,0.45471934785981083,0.48772794340677383,0.39033571201810435,0.4690899240146027
2024-02-22,-0.44551938060180607,-0.6268257638811277,-0.6217338133193604,-0.717225263990574,-0.608646785866736,-0.42596716697983183,-0.6127209784599741
2024-02-23,-0.5197153627564086,-0.686675563342088,-0.7014233923225549,-0.7607714306399656,-0.681743174118472,-0.5003709167935488,-0.6661930107263186
2024-02-26,-0.5826319255974988,-0.7345503161262057,-0.7699243600259762,-0.7945311325303928,-0.7439703086829419,-0.5629566703947738,-0.7081326634851965
2024-02-27,-0.8175671868447241,-0.9608197307124955,-0.9443616941748065,-1.0681967500132707,-0.9201507679019695,-0.7952513047935302,-0.9280775081458801
2024-02-28,0.5141196334678783,0.5731957699771992,0.5706306457905623,0.6482714897686523,0.5583466972056035,0.5048183728985463,0.5504532615932728
2024-02-29,-0.797278158789316,-0.7876556657071911,-0.7550928991757279,-1.0724456495337034,-0.7512565426348501,-0.776885576817946,-0.7729792796930469
2024-03-01,0.25564641931884524,0.251902664891428,0.2503398436594656,0.3331882431722668,0.24940431367902327,0.2526480097114203,0.24948453063230747
2024-03-04,-0.1425992042796469,-0.1613143046312734,-0.1664485360328709,-0.1899732758236511,-0.16124619914049876,-0.13456350875568712,-0.15386264937896288
2024-03-05,-0.8309873425591806,-0.8316373019616112,-0.787565136240328,-1.1039000390689515,-0.7774775973469101,-0.806502219265006,-0.8127731027940435
2024-03-06,-0.45721173378012514,-0.4476073057040261,-0.43472585237356853,-0.5739226584459034,-0.42587116864774843,-0.44319521941316037,-0.43283608684666475
2024-03-07,-0.8873716146014965,-0.8966644379309835,-0.9048539644091569,-1.108067248860892,-0.8800969640552252,-0.8590684418151298,-0.8641426130733555
2024-03-08,-0.5229355740061955,-0.5206413322480976,-0.5380950178778588,-0.6171166533362707,-0.521715348851061,-0.5062605762973784,-0.49917546673280155
2024-03-11,-0.9964856867021318,-0.9473464197966618,-0.9164320049063307,-1.228311583102825,-0.8955392562346234,-0.9651298495353129,-0.9141624562260006
2024-03-12,2.051703603457643,1.915814017133425,1.9069120993156525,2.636965949913894,1.8522437075428813,1.9746126996939488,1.8347185086107292
2024-03-13,-0.6396801909962357,-0.8034338215187224,-0.8391470335180222,-0.8566528281160318,-0.8055648428471942,-0.6080259061935873,-0.7678104307619646
2024-03-14,-0.5821185710660091,-0.7098519886844195,-0.7575437788415416,-0.7462734021122627,-0.7265902188654392,-0.5541199286944222,-0.67688720145842
2024-03-15,-0.8571859296122867,-0.9852160214566066,-1.0025284867316206,-1.1055610573856567,-0.9645521857686075,-0.820969662352667,-0.9422564298048433
2024-03-18,-1.015956287571245,-1.1234685040998436,-1.1014246460884058,-1.2897794732097927,-1.0665302878502403,-0.9760905969806466,-1.073864869808373
2024-03-19,-0.9754332600561112,-1.0471852337119198,-1.0290017988009115,-1.2034697494475377,-1.001891140214038,-0.9385337190731701,-0.9980845258307858
2024-03-20,-1.1614405958016447,-1.227526320355706,-1.2457556305780038,-1.4160318193898676,-1.205907455720577,-1.1151104389964852,-1.1633323334394383
2024-03-21,10.587031007095801,11.049039230547296,11.54941249172546,13.682681932745593,11.121967942457147,10.06149757575763,10.271736071231953
2024-03-22,0.14511298966305686,0.07048968706374903,0.1392028603210702,0.02144243878544716,0.0994090612674523,0.16407948846979065,0.04484877311058888
2024-03-25,-0.42365392119047174,-1.2311135685292804,-1.4102210662970256,-0.8030945534081069,-1.33052761654775,-0.38482411414012807,-1.1537943510333322
2024-03-26,-0.5111013514843582,-1.2386368338774822,-1.3839152406850916,-0.8556228972143293,-1.3138924296073782,-0.4760455430467896,-1.1620263949294114
2024-03-27,-0.6551908780975267,-1.3816080980976833,-1.5923166533913065,-0.9847909801178868,-1.5031684915459254,-0.6197442883214553,-1.289317366387649
2024-03-28,-0.6067557648534407,-1.136813544205554,-1.3095392127176226,-0.8553831123352179,-1.246216990443301,-0.5773027146347021,-1.064053535643282
2024-04-02,-0.7155577067464587,-1.2363145253072823,-1.4678413092628098,-0.9514548138028737,-1.3889563466856891,-0.6842639619504788,-1.1520846760265155
2024-04-03,-0.890918407025127,-1.4206946097776108,-1.6660439958855604,-1.1467711464055086,-1.5758256162660975,-0.8569111034232709,-1.3226856047224977
2024-04-04,-0.3545427279698684,-0.4518658030279208,-0.40535250668326905,-0.42508035863102567,-0.43209944518895504,-0.3406914733346781,-0.44661778597685065
2024-04-05,0.7975665629225324,1.4267344379778033,2.3070260326705303,1.0321514959649813,1.9768255699836514,0.7675308861980983,1.2351896773939608
2024-04-08,-0.46265529179452175,-0.5733550168105965,-0.7118530620220972,-0.6263522217279267,-0.6897537347062497,-0.4418122118884303,-0.5504247606832724
2024-04-09,-0.8692781633009353,-1.0649181959218206,-1.39467759809725,-1.1412002112672177,-1.3267350948405703,-0.8339906591396595,-1.015960400042406
2024-04-10,-0.68194887320847,-0.7979117786833645,-0.9823370836612919,-0.8585315784863738,-0.9475728422845561,-0.655745517039054,-0.760951049221021
2024-04-11,-0.4073710422447505,-0.4620544190671425,-0.5056544596452719,-0.48198395291173424,-0.5054202547188454,-0.39143178880001406,-0.4435313356512256
2024-04-12,1.2303681655973708,1.3430541809259164,1.7698635851809992,1.6657271083723046,1.6633203950894382,1.184277941797231,1.2775750263991392
2024-04-15,-0.5292610651304779,-0.7000192505832439,-0.8420267174037446,-0.7164608546304858,-0.8118011860487974,-0.5012513812248314,-0.6692326903057061
2024-04-16,7.423880822176249,9.124614257958822,11.229349257406437,10.141404709509027,10.621192968128549,7.14243038891953,8.708062839309092
2024-04-17,-0.09307625413323156,0.08174962523808417,-0.2562774563190962,-0.47136133307789324,-0.2599396467842644,-0.07067587415049634,0.058829342390294054
2024-04-18,-0.15194672803702694,0.012511798883989289,-0.3140763275825838,-0.47705832547429505,-0.31131264610797094,-0.1328535332635023,-0.004475479780698899
2024-04-19,-0.3438466533065158,-0.16806546357467597,-0.542289813582681,-0.6885598515950905,-0.5313801273479312,-0.32421917328454525,-0.18098518512718187
2024-04-22,3.848630534859283,3.271223993726977,4.706074262550324,5.307237076643626,4.619465127928508,3.7831542919725356,3.290788167065159
2024-04-23,-0.12276104684808835,-0.314620319578401,-0.7072199532072837,-0.47702060361088217,-0.6701373909404855,-0.10029254661480334,-0.3157864783262488
2024-04-24,-0.303326410742939,-0.4976180738925527,-0.9530358359803047,-0.6486408805060989,-0.9012649920177112,-0.28260705614339443,-0.492165446739498
2024-04-25,-0.06695288075874117,-0.17419270918943575,-0.38595596042034563,-0.24902711758921858,-0.3673951501651468,-0.05588371396065833,-0.1672952450444115
2024-04-26,0.43160345292368435,0.4313255766528181,0.6028307085897047,0.44364427337374024,0.5630259335339851,0.43316921826965626,0.4297824016279894
2024-04-29,-0.4691315425312257,-0.7201972408497208,-1.1872627103285165,-0.7206237153704388,-1.1135718776623218,-0.4517189555150867,-0.6948154061587183
2024-04-30,-0.5785575631467498,-0.8054902247562428,-1.2907137249728338,-0.794978031365346,-1.208841127040203,-0.5630016489508094,-0.7725734026149286
2024-05-01,-0.5194499808398785,-0.6852540428007738,-1.0434871961271623,-0.6722155197263715,-0.9886989187662953,-0.5076087853137008,-0.6530753398340126
2024-05-02,0.0810709855526569,0.06393549037739299,0.12724947042154344,0.0636298165245065,0.10448882369491042,0.08335815689165915,0.0660608628727436
2024-05-03,-0.21062601598125963,-0.2973634675858924,-0.3699727515662117,-0.2791035832682722,-0.3670592434552906,-0.20258405374691413,-0.28121256928596683
2024-05-07,2.4326744323164355,3.0663392991573595,4.892635246060989,2.805872886564945,4.422093580901691,2.3879832877293072,2.906721560702001
2024-05-08,-0.14660644226985414,-0.3872142996654223,-0.4398634472892893,-0.26797957800518846,-0.44817704249346524,-0.1303665109549233,-0.3672762080933406
2024-05-09,-0.41585099230546474,-0.8004495464740278,-1.1014322748860756,-0.5713956035200074,-1.0382271677946868,-0.393941784080863,-0.7545941867165387
2024-05-10,0.08468280723314614,0.08393231352737329,0.4809658738748823,0.05811994166154111,0.32534198270413084,0.09107654298488099,0.0677955359613156
2024-05-13,-0.6007981665596382,-1.0551139055942067,-1.5222457104411076,-0.744666706850154,-1.4083625185656068,-0.574650921952922,-0.9878298364330778
2024-05-14,-0.7219600375013295,-1.148010727965787,-1.6097469506677102,-0.8565042583374008,-1.4897535418553185,-0.6964367540738006,-1.0766817535072513
2024-05-15,-0.7551269904036891,-1.116278371902665,-1.5532477077506595,-0.8583632808627875,-1.4431256283273477,-0.7301844002277399,-1.0447265991066386
2024-05-16,-0.9172058134796773,-1.2868633529711737,-1.8576150156624744,-1.0097115144860493,-1.7061627198350282,-0.887714805828767,-1.1984218488322382
2024-05-17,-0.8795083296446351,-1.160377386498142,-1.587014924351731,-0.9483860632849027,-1.48389140743193,-0.8522265514565261,-1.082791191000072
2024-05-20,-1.0575566793141802,-1.3296463045376083,-1.8049694101998464,-1.1362668365555064,-1.6809504397200814,-1.02533490631196,-1.2408346082698631
2024-05-21,-1.1113585287631231,-1.339970950464205,-1.8340183559991865,-1.1765505377317294,-1.7075813399417865,-1.0759026793610889,-1.2468896081062284
2024-05-22,-0.19407180410597036,-0.17208760441278614,0.11242731767971992,-0.1915476957700466,0.0045948122225072385,-0.19350697583074894,-0.18849977519017913
2024-05-23,-0.7016792467291861,-0.7425710198663733,-0.9047499778394934,-0.7715957351606729,-0.8757662609154453,-0.6796192835583433,-0.7071282926665221
2024-05-24,-0.9273603934742003,-0.9431965321696052,-1.1439993391724155,-1.0466364924409512,-1.0996939664445953,-0.8969155746250587,-0.9001807986297623
2024-05-28,0.7180752269427269,0.7077436837272559,0.9125606017773493,0.8930630294810544,0.853586423231999,0.6840277739898688,0.6646241493699547
2024-05-29,1.045012720290209,0.930343296588119,1.063450344931306,1.3891371184946586,1.0405462743647957,1.0089070346613633,0.9144933295780806
2024-05-30,-0.0480102042301509,0.010383357712486552,-0.01821048491473609,-0.06771839697904558,-0.018010019583064363,-0.041347994690413614,0.00931066060911745
2024-05-31,-0.1745980537710936,-0.12482137137283722,-0.16756810885083995,-0.24134700501891382,-0.1632833559851432,-0.16318654675448174,-0.12274515887368687
2024-06-03,-0.808256431667491,-0.7345841120489184,-0.8660987761332746,-1.095270680536965,-0.8435229156885796,-0.7739681215945015,-0.7220569356431448
2024-06-04,-0.5806436163974318,-0.5195270350666008,-0.5832106445863415,-0.7513969185821834,-0.5707558881070696,-0.5573951798191503,-0.5070178075573489
2024-06-05,-0.876953253865504,-0.7669328735182056,-0.7837836310141423,-1.142418407061165,-0.7743937509949441,-0.8456042794509521,-0.7517140954659502
2024-06-06,-0.4313346235907861,-0.37723542118059306,-0.39571685705129955,-0.5150979328117247,-0.38766140471448784,-0.4162425938561729,-0.36543129517218886
2024-06-07,-0.3849834728165411,-0.35698656213143776,-0.38333719743390093,-0.44839244044069626,-0.37320868668422624,-0.3704974244408401,-0.3439184595401519
2024-06-10,-0.9158988392639279,-0.8083499827016255,-0.80578998207767,-1.1734812135064163,-0.7913078549046311,-0.8809950915134064,-0.7868421848103361
2024-06-11,1.796504708962493,1.5668315073844776,1.495769817495911,2.4951476682967533,1.4808009419724772,1.7230757898012672,1.5262813290759913
2024-06-12,0.7439899971248354,0.6480821293640694,0.6423748001387811,1.1065094901583201,0.6443101551336851,0.7256315686319458,0.6490687647335892
2024-06-13,0.09542316397221406,0.10979844429673935,0.10835339223781826,0.11312676504322816,0.10933057328231943,0.10116711815560941,0.11060620943109178
2024-06-14,-0.6465810258331957,-0.5245049673091783,-0.4637364591865296,-1.0012564309564072,-0.4695491216813743,-0.6181685262841613,-0.5283327148389445
2024-06-17,-0.8020025783033726,-0.6565514288681511,-0.5466748990252581,-1.1756205859318116,-0.5562162548552697,-0.7728332406340549,-0.6561930358391705
2024-06-18,-0.010205151088848563,0.018366668870043235,0.05238255725782093,0.011022603062391667,0.04878293040766246,-0.006406820478592534,0.020241974184873612
2024-06-19,-0.817752411212364,-0.7451294713365386,-0.6634373780555594,-1.1351417682343559,-0.6631531502355607,-0.7867541233053386,-0.7304545112408215
2024-06-20,0.7915230062473252,0.7320314513952967,0.6957197748592908,1.1384530650670532,0.6919886877210375,0.7660710314508258,0.717926437879989
2024-06-21,-0.4442995680636727,-0.4861984261214943,-0.4736960073972954,-0.6123825833675911,-0.46123932403125617,-0.42136973793051946,-0.46859199762823345
2024-06-24,-0.2020739411573107,-0.20890195173458725,-0.1798270486667798,-0.2635710319501001,-0.1755078143041392,-0.19030944489709278,-0.20097902915475385
2024-06-25,-0.4908624746027586,-0.5317653159616302,-0.501731957773109,-0.6588759522367863,-0.48798533401974714,-0.46762285444489177,-0.5125296369351755
2024-06-26,-0.7373923658767069,-0.7538583011243289,-0.6600522382813566,-0.9957875081846517,-0.6489730392076215,-0.7076251303830823,-0.731020624730602
2024-06-27,-0.15586437205796644,-0.15411939852008838,-0.11328294444496423,-0.1654903867155375,-0.1110654446706808,-0.14895463951614918,-0.14840562614804131
2024-06-28,-0.8507253386956406,-0.7849008238838897,-0.5964966647273193,-1.1623394215607965,-0.5996649633668011,-0.8209212550674327,-0.7695621397752126
2024-07-01,-1.0044283146793744,-0.9154067810362232,-0.6793256179139789,-1.3446539725422268,-0.6863117504115996,-0.9714762005528449,-0.8945445994369611
2024-07-02,-0.15712415712512096,-0.14488208570355976,-0.09263132277450292,-0.1257497804021941,-0.09308940576469438,-0.1539415417393578,-0.1396902874900855
2024-07-03,0.02124472768796526,0.02444853058107177,0.07267628704904061,0.11829030329683721,0.06959821948817158,0.01998379082039725,0.02618383343910413
2024-07-04,0.9925515179996034,0.9391939248618064,0.7934475908554097,1.497328340652084,0.7929677142284527,0.9554994391665447,0.9171429684288905
2024-07-05,-0.38200170369225234,-0.44074472628082373,-0.3646930113067253,-0.52997855943819,-0.35646909522590475,-0.3604208568201472,-0.42574296484128793
2024-07-08,-0.8545472149266972,-0.9120146700124512,-0.7123174288292926,-1.216411883455488,-0.7066694072180202,-0.8173351902262246,-0.8875116584318475
2024-07-09,0.17031277022120883,0.17621522999477768,0.16323119008322307,0.30622107902630846,0.16338108036646548,0.1658348975949362,0.17114668329193994
2024-07-10,0.16351004236133748,0.16159094879786873,0.18613422226099907,0.28336966874465497,0.18435670132332893,0.16194225736848944,0.16156293308134195
2024-07-11,-0.5585458429805578,-0.5849174948822893,-0.4438086066039967,-0.7956082235016391,-0.44152140350487423,-0.5327840944508877,-0.570317367235725
2024-07-12,-0.6017251146480089,-0.6338312012242582,-0.5185560866137555,-0.8226329557381578,-0.509839287180508,-0.5749920524109748,-0.6139314938687723
2024-07-15,0.9466010450890542,1.0031105633246125,0.8815470181931169,1.397616496426392,0.8649979383936297,0.9095551995454437,0.9647230840711449
2024-07-16,-0.7144673070196478,-0.6443092155170902,-0.5411537628724958,-1.0597599465714374,-0.5385419962473273,-0.6833152702815,-0.6370437895389246
2024-07-17,-0.706418364280145,-0.6274515072227644,-0.4937609496305595,-1.0039483566348115,-0.49505008184464283,-0.6790081903914038,-0.6176976001473352
2024-07-18,-0.8417553163586764,-0.7591657101928144,-0.6391140947490981,-1.1536004817988925,-0.6333141205010189,-0.8101142510496095,-0.741310958461001
2024-07-19,-0.016746587123603884,-0.013344336650538247,0.0005713588707794148,0.05525094896474125,0.0030736035582898946,-0.016498726178752143,-0.010695453522060472
2024-07-22,-0.23793301693504387,-0.18993303630620073,-0.12636686303744793,-0.27850875924465845,-0.12561993417924344,-0.22821813703387195,-0.18446492402692394
2024-07-23,-0.5866732006142656,-0.5312618393527586,-0.45116002194734556,-0.7795697253643139,-0.4427090467918767,-0.5627925107964484,-0.5165136590045138
2024-07-24,-0.9227619544216714,-0.8135016989047761,-0.6466500369302963,-1.2597768205929887,-0.6425250119799172,-0.8885455552218132,-0.7950351521095484
2024-07-25,-0.5986695077012578,-0.5247150250409391,-0.39373530289577907,-0.7591425164671687,-0.39333550529700484,-0.5782241828612267,-0.5101552957329355
2024-07-26,3.2390429694899234,2.9320417240259733,2.4822556907359976,4.72551700460277,2.458816808866274,3.10308921908557,2.8386835509986854
2024-07-29,-0.7523365946644112,-1.0316080678705255,-0.9205083282600015,-1.154393934821366,-0.8912532112493107,-0.7088375522451631,-0.9917478276426857
2024-07-30,-0.7436841792907175,-0.963006826227643,-0.8903686268066874,-1.0735505002685226,-0.8591238744241692,-0.705058115592263,-0.9211028445538847
2024-07-31,2.2544407901852606,2.7774039124933267,2.4480806834059763,3.298011543591216,2.3793021208537555,2.1669626123397885,2.638663924659234
2024-08-01,1.3739161244748046,2.168115418322814,2.039641160825071,1.9868041127393332,1.9380657924889653,1.3302033188436844,2.040158815458325
2024-08-02,2.4574121420417576,2.8470460230613135,2.891253024265028,3.6517838678650345,2.844773716884191,2.39219303888327,2.827355075608068
2024-08-05,5.433578145153245,5.154983749788221,5.497432584219809,8.443569977352873,5.530448052588744,5.318037794101053,5.2537043037896884
2024-08-06,0.20051516813961193,0.4513972310746104,0.26616385916473406,-0.29965782530986523,0.2377457023466199,0.21781539838137676,0.4105216010273665
2024-08-07,2.9202238492462356,2.5101042667113087,2.7872743772427544,4.194644568784299,2.829878248116148,2.896511113176595,2.5567023115103242
2024-08-08,0.2846636167377482,0.2664381598386126,0.05929696452351781,-0.14584168016681093,0.05048583272916217,0.29775911550259276,0.23515923638399022
2024-08-09,0.18890861826365923,0.18970078455657713,0.04309963218434003,-0.18575843864130193,0.031124464046872684,0.19566318183225456,0.16194597655910317
2024-08-12,0.27100371824811126,0.27886327232372754,0.16219523947589626,0.0278616363418413,0.15706008239197658,0.2727047351155701,0.26076723532102203
2024-08-13,0.020515593980008337,0.019643944083092266,-0.13360567448424773,-0.25151849626693934,-0.13321335403462353,0.019717655283730498,0.0024428452437976755
2024-08-14,0.18910815600255768,0.19305136175018237,0.08702279379606842,0.03978083342680255,0.09082276244411946,0.18629414653656978,0.18459544803656752
2024-08-15,0.5663070525717686,0.5634404358221677,0.5473123885526696,0.5474799543894684,0.5473649691960787,0.5653163651360351,0.5621903026018944
2024-08-16,-0.025506256912848108,-0.09027276564805703,-0.2372837985712905,-0.1713779372702809,-0.21856258095636683,-0.028191170544989236,-0.09130847586416307
2024-08-19,0.07860533113555179,0.05098985909454229,-0.009712143720831679,-0.015323859656237615,-0.00036614570442228267,0.07443349193624055,0.04986783213304191
2024-08-20,1.108624249741006,1.1502314062195924,1.246172736428984,1.1975365657874402,1.2231862042897481,1.1119636666741566,1.1474541149854003
2024-08-21,-0.29641252888447706,-0.24913810525956848,-0.314534007671963,-0.47584064894916794,-0.3067800495910011,-0.3021714270348671,-0.26085031564123434
2024-08-22,-0.4161813416850728,-0.35403918200248113,-0.4260937279620969,-0.5553053519891943,-0.41340772869032966,-0.4245866319757492,-0.35972908156572747
2024-08-23,-0.13567812774492277,-0.08713281536596473,-0.13580496611241227,-0.19465806137408098,-0.1252656262704881,-0.14196529585819062,-0.08667603458305106
2024-08-27,-0.5014380524016706,-0.4528245915383439,-0.5397326636907782,-0.5702109733187737,-0.5158260662349905,-0.5086364278655419,-0.44604543215520526
2024-08-28,-0.6715869570872359,-0.6096123171610748,-0.7159244208541428,-0.7127732684823879,-0.6833928157730067,-0.6787062534593675,-0.595497577316682
2024-08-29,-0.3730464477729215,-0.3251314373438937,-0.38915371552985933,-0.3795698078684843,-0.3709098842010728,-0.3770963598277545,-0.31182325046974696
2024-08-30,-0.8125606749414314,-0.7593843574441709,-0.8845450849144049,-0.8093886398451907,-0.844718159671856,-0.8142509520234483,-0.7316698777595863
2024-09-02,-0.843478576132735,-0.7785946058754075,-0.8911209136336965,-0.8179288951750262,-0.8563171564496863,-0.8432867848951892,-0.7460963087579098
2024-09-03,0.6523318834212226,0.6048569664501886,0.6476597063445185,0.6283549316775787,0.6292170722874104,0.6507149447279988,0.5871565729354784
2024-09-04,-0.5650937306982098,-0.44406734360111944,-0.46378180500213606,-0.6000756645650873,-0.454918354436834,-0.5614951572623263,-0.4333334457230258
2024-09-05,-0.6130401678648659,-0.47736718118060617,-0.4425884128784722,-0.649157219591793,-0.4390070167444291,-0.6089080796892908,-0.46687316895254
2024-09-06,0.43295480052620583,0.38576777863883827,0.3791043595187653,0.45442906559386753,0.379113360613736,0.43049215708130706,0.3842514632012345
2024-09-09,1.8906197921632888,1.545885909242847,1.397185214590825,2.1166375735947613,1.4080162410604684,1.8765168616489276,1.5459550132870965
2024-09-10,0.5359592623707862,0.5404544437292288,0.5234768394592896,0.593980423619186,0.5232568536946349,0.532656274793521,0.5388712094349457
2024-09-11,-0.5562787046715629,-0.49061521828103566,-0.346536102222616,-0.7669739025652056,-0.35564314718339474,-0.5415236161465505,-0.4962957695344332
2024-09-12,-0.03289120462515893,-0.0014066559738573625,0.07957323736432353,-0.08691120282856657,0.0735515499966981,-0.028216468524453142,-0.0016696355608823987
2024-09-13,-0.4020874297460122,-0.3803738985941907,-0.26968122024734187,-0.5205614334272892,-0.27130103840310654,-0.3908745577550228,-0.3755365141930219
2024-09-16,-0.7620297497980848,-0.7442015997823257,-0.6162803467975003,-0.9161049511939507,-0.6100687498059594,-0.744364806816774,-0.7298533105388032
2024-09-17,-0.5188222859745564,-0.4954568972290857,-0.41885663397630457,-0.6004029105932362,-0.4107601152714128,-0.5067537391489204,-0.4805032416004367
2024-09-18,0.23425368731367135,0.23165522780118109,0.2251360301029205,0.2584957995033774,0.2246464074123672,0.2313675564934039,0.2284525797217658
2024-09-19,1.0604009114001696,0.9815769158098081,0.9038729608758791,1.234464386543892,0.9006419887383191,1.042733525747455,0.9722796436120998
2024-09-20,2.233071341096192,2.4073996419806916,2.229744637893028,2.6886220497887487,2.189800077862674,2.1829956342359487,2.3621621531153276
2024-09-23,-0.28132036505609515,-0.19458715460630865,-0.1819118393900381,-0.5041404046327986,-0.18375918440516195,-0.2645951894484817,-0.204693545453264
2024-09-24,-0.4351602525991941,-0.3468455384408108,-0.3451617779342539,-0.6543125334226092,-0.3406909114911645,-0.41784541497883826,-0.3517515864364924
2024-09-25,-0.602166867709865,-0.5046023635831249,-0.5156250851300095,-0.8140676891027145,-0.5042649119334638,-0.5838804460501248,-0.5032520541598463
2024-09-26,-0.6605436144653309,-0.5520300689753536,-0.5237289656506536,-0.8435071249311675,-0.5164750613254809,-0.6445212643186309,-0.5465589894167765
2024-09-27,-0.3982764446180054,-0.32390975276579514,-0.31477395757168325,-0.4905297953818205,-0.30578439819465353,-0.38779675449653705,-0.31567301507620177
2024-09-30,1.5742332088173998,1.4480647463574878,1.459697981763214,1.835102608251884,1.430928650536495,1.5439376488987269,1.4234362883528255
2024-10-01,-0.21845788714322711,-0.10141118902721791,-0.10365587458071412,-0.3405110223510496,-0.10181988894528099,-0.20797524958077573,-0.10471622433648115
2024-10-02,-0.6575791129770253,-0.5039340073106972,-0.5247491202367269,-0.8711903960897289,-0.5134560253243926,-0.6383191663096324,-0.5023408641169027
2024-10-03,-0.7815274157293471,-0.6156477695196362,-0.6495590302179741,-0.9759464342612126,-0.6319956862276288,-0.7613780603790108,-0.6070480088636369
2024-10-04,-0.8845125462756271,-0.7056033196637544,-0.7147647321343841,-1.0625527360491518,-0.7003406307880378,-0.8642935831325119,-0.6912942193095413
2024-10-07,-0.7651614962690593,-0.6117620014628516,-0.6200683904092594,-0.888675447036915,-0.6097892860008076,-0.7481821345278743,-0.5940686185895732
2024-10-08,4.22457353605777,3.5407456217198785,3.65309228596067,4.892759406894088,3.581396554255698,4.1192919022836,3.4455702980879126
2024-10-09,0.16447620381226935,0.27050838119881926,0.2200481138631627,0.12733452799989786,0.21738796717001618,0.17015052250502483,0.2644024733113292
2024-10-10,-0.5935837270186735,-0.3660486408002487,-0.5048812971606156,-0.8921403689805952,-0.5016828060628171,-0.5707209877245008,-0.3735426972428099
2024-10-11,-0.6202759218343562,-0.3985674355998861,-0.5083151264369669,-0.8673318201190556,-0.5075974015703189,-0.6009850547726798,-0.40035814306718187
2024-10-14,-0.2960859255168589,-0.15959190776574933,-0.23477897467263614,-0.40445474413110494,-0.2306647224447147,-0.2852451761650954,-0.1566311900342079
2024-10-15,-0.19527387964506393,-0.10893337664509406,-0.17413399854276745,-0.2621108635237819,-0.16708790552204,-0.186305782230211,-0.10325313968062588
2024-10-16,1.2855844174965343,1.0866959565632204,1.124308747981027,1.6120652420866375,1.1194784884595963,1.2625594045492852,1.082365120608017
2024-10-17,0.2047043630710731,0.20694115818777525,0.20014313141899487,0.2131793394666035,0.20122584870736826,0.20774054439322553,0.20860840254218338
2024-10-18,-0.48870556269201115,-0.5323146948137931,-0.6198629115005236,-0.686628911797595,-0.5939814009591566,-0.4656559496341053,-0.5161926276847733
2024-10-21,-0.2621241133387513,-0.2729568221053542,-0.292048326566858,-0.37030430155571115,-0.27991268828522153,-0.24879622286174485,-0.26280773961804954
2024-10-22,-0.7302960800664072,-0.7038973867657523,-0.6668022002868219,-0.964958058832566,-0.6534433135297857,-0.7083420671519562,-0.6900986970942471
2024-10-23,-0.0679922835308453,-0.0574664082136912,-0.03812819474831719,-0.09507622057217147,-0.03511833548475041,-0.06308958401513798,-0.052517253363737026
2024-10-24,-0.792683795049157,-0.6968303545311848,-0.5711744775394494,-1.0290160928788494,-0.5719189325103525,-0.7735408468265397,-0.6874039482296995
2024-10-25,-0.7597612822738291,-0.6653296414488672,-0.569005133813308,-0.9438186013692629,-0.5645261226200469,-0.7418828757280203,-0.6503206409095993
2024-10-28,-0.4477256467413221,-0.3827495517072596,-0.2918090096614985,-0.5378230491770659,-0.29182148531318247,-0.437543298291439,-0.37218306491795417
2024-10-29,0.7374480873187877,0.6787986916859893,0.6163221961608993,0.933477172188756,0.6125114083448464,0.7188565525961259,0.6633783494025799
2024-10-30,0.40983044539320845,0.38047283028961065,0.3798489634684802,0.5399789331349114,0.37956420675579905,0.40369039174383237,0.3800639205412947
2024-10-31,0.026147788815340522,0.08481387827939657,0.15599694638997796,0.012606419413075942,0.14939113532870635,0.030226998065361554,0.08293250599255819
2024-11-01,0.6952742529341732,0.6222129938270687,0.6174074421394292,0.9348673053862391,0.6155964074545881,0.6869106632241437,0.6237554965515077
2024-11-04,-0.6910279499692742,-0.5890166518580989,-0.3886925262333449,-1.0148580307878992,-0.3986728829241575,-0.6680274045688871,-0.5919795667128184
2024-11-05,-0.7503939993115344,-0.6391029672120342,-0.4589654384917755,-1.0337429586470102,-0.46401007548206163,-0.7287122580851587,-0.6347866119089904
2024-11-06,-0.8625900766472108,-0.7348000156591487,-0.523616404612807,-1.138512968232822,-0.5318132128369327,-0.8409926993082574,-0.7252898114126259
2024-11-07,-0.6900063490412514,-0.5842642158125745,-0.4101175207633063,-0.8721995375830964,-0.4185477779499459,-0.6735831529602034,-0.5718214438635795
2024-11-08,0.9232273560172587,0.8006714577005744,0.6848155983348585,1.2352211965352253,0.6887776032825084,0.9034296149295753,0.790621786405309
2024-11-11,0.14452610487144413,0.17093228411862105,0.2477089592109652,0.19928138140650686,0.23824400302162246,0.14500338292619475,0.17032639380910775
2024-11-12,2.63598793575103,2.336946903749978,1.9542019841711902,3.625805524606042,1.9750000306930726,2.575740540488122,2.327565154818563
2024-11-13,-0.5331018960114994,-0.28606816762808396,-0.15039807610816142,-0.9353968194967798,-0.17791011551514252,-0.5122103470249193,-0.30633825635825973
2024-11-14,-0.1486891444630165,-0.002321025585384384,0.08055161816347162,-0.2998505019357871,0.06495985968346113,-0.138955580018626,-0.010841160602872824
2024-11-15,-0.6631970442752009,-0.451347745728029,-0.343178952981601,-0.9980098821211593,-0.35798323912117613,-0.6435299569945334,-0.4583044530140678
2024-11-18,-0.07966337925483735,0.005879234050435556,0.06803078698049891,-0.13968980690472865,0.05928515842998755,-0.07382510865736414,0.00524746445340607
2024-11-19,-0.751007726057642,-0.5944064877561717,-0.49266125525160365,-1.0385280369010055,-0.49978700540680837,-0.7302001207974038,-0.588979093804667
2024-11-20,-0.7959857728635451,-0.634955508371498,-0.5117867681286923,-1.0524815007486532,-0.5213536416385957,-0.7767725443584582,-0.6248743576532378
2024-11-21,0.659345528782058,0.5756930818106671,0.5385520914667247,0.8781693128919532,0.5403546048967005,0.6475287946089576,0.5709294305413067
2024-11-22,3.5927106592447378,3.48656378745393,3.096796378291102,4.761109755662051,3.097285288039271,3.501249620371398,3.413889189691572
2024-11-25,-0.3114589065390465,-0.5792468295654329,-0.5268072779260352,-0.5721516051527815,-0.512333516518672,-0.28560520765820163,-0.55874254268345
2024-11-26,-0.3125086008425645,-0.539120127975369,-0.512295919731077,-0.5203646402072777,-0.4944774314940712,-0.2903496643900516,-0.5172423083239744
2024-11-27,-0.5832927962785287,-0.835153468285848,-0.7376220463365684,-0.859332612577092,-0.7203517717041105,-0.5583730527568752,-0.8069445431430965
2024-11-28,-0.731914823023291,-0.9783025427222601,-0.8996089118114453,-0.9985903625365113,-0.8740062208313066,-0.7062683580286984,-0.9401581140895717
2024-11-29,-0.8206423742845871,-1.0372597671638204,-0.9845957466727323,-1.0600118369842395,-0.9532479601380833,-0.7956103642503102,-0.991710249228185
2024-12-02,-0.6795669258704898,-0.819732850590006,-0.8019635348391514,-0.8402696900366444,-0.7745361486964502,-0.6599297780062113,-0.7811282495229785
2024-12-03,-0.15048455561902285,-0.16742902599604548,-0.16745181670667542,-0.16738579365497896,-0.16656807125378537,-0.14522986688540696,-0.16512907178161274
2024-12-04,-0.7617074877243938,-0.9394472143870889,-0.9836198031741801,-0.9192393801675715,-0.9396519107244805,-0.7355479905944023,-0.8893947167525534
2024-12-05,-0.9443815452027755,-1.108815667929579,-1.113129549077505,-1.1341344004258824,-1.0686225665709217,-0.9146085867098824,-1.051655387764586
2024-12-06,-0.3759414880451948,-0.4111870090658304,-0.41760263860268776,-0.41701639753460273,-0.4087379902204874,-0.36550452304852177,-0.39748096757861895
2024-12-09,-0.27375706806061306,-0.28578966920019544,-0.2834286831489886,-0.29939913404646434,-0.27641985370483435,-0.2663796139893059,-0.2768914186503918
2024-12-10,1.0850430071000459,1.237835563250968,1.2825086627221995,1.409548531361044,1.209982657527778,1.0430187761116054,1.1602006367097615
2024-12-11,-0.7245315540348137,-0.6840066006935156,-0.7167420301657741,-0.9770270162855054,-0.6972773217965564,-0.6969874341842182,-0.6689721153821583
2024-12-12,-0.9129231805861856,-0.8648350132971593,-0.9241927051727457,-1.188533054265236,-0.894451355978037,-0.880199244845397,-0.8402986397833757
2024-12-13,-0.9755369496235504,-0.915491054404912,-0.994473723595759,-1.2289431126258217,-0.9591184597823942,-0.9419537464289892,-0.8839100965046057
2024-12-16,-0.4583414552159989,-0.42762419369983484,-0.4476907670665662,-0.5303571433879383,-0.4352568826864629,-0.4448105676021996,-0.4117019913288692
2024-12-17,0.8642941715160297,0.7651117602204619,0.7502984227511356,1.2265861932746096,0.7376264810838457,0.8330665097448464,0.7452515965991
2024-12-18,-0.914772533684015,-0.7174104051150844,-0.6747068899890133,-1.2676780478796221,-0.6731675607934737,-0.8845559998653578,-0.7122297611049198
2024-12-19,2.6024298487068105,2.136751939065512,2.0848835657563187,3.704556501444813,2.0726871467089754,2.5230118501313163,2.111874755656467
2024-12-20,-0.5639931202226055,-0.30404289827896214,-0.31280643612209313,-0.9196053802603352,-0.32392769504357954,-0.5409328692956632,-0.3172427835089836
2024-12-23,-0.6576434033497092,-0.38664933919377464,-0.34312217419851365,-1.0081728609279166,-0.3580203205627973,-0.6363819375406604,-0.3968656354416475
2024-12-24,-0.429381787124302,-0.24045052066956174,-0.21694749338801117,-0.6159232055941125,-0.22376225956125756,-0.41511625139048797,-0.24324633901291054
2024-12-27,-0.828677428834974,-0.5829895733025924,-0.5695517981856248,-1.1590350070300417,-0.5705153987887186,-0.8036268713137921,-0.5800800997749646
2024-12-30,-0.6374386421839152,-0.4520314460719234,-0.4530791516277224,-0.8408287010192637,-0.4492484023080713,-0.6186214450238302,-0.4443559035704207
2024-12-31,0.1070973475970598,0.11582753177957539,0.1281875525870395,0.21262679743555757,0.1278605183907422,0.10469238660572888,0.11742594209762258
2025-01-02,1.981900421495947,1.699358207530914,1.6462749209441092,2.8291324169371403,1.632100668664461,1.9206803558780814,1.6738267366854302
2025-01-03,-0.34895495829000567,-0.41044827320729305,-0.41404354458393056,-0.5360172733016008,-0.3990417350362133,-0.32664654641366225,-0.396914877556689
2025-01-06,-0.5745916755540402,-0.6163924897395802,-0.566056018303961,-0.8455789567008098,-0.5529184439761115,-0.5484254499529554,-0.6013222302170451
2025-01-07,-0.8497560204406974,-0.9018976942166925,-0.8643051031987842,-1.1873286774380714,-0.8395832618419109,-0.816366989280541,-0.8751074568728501
2025-01-08,-0.9254374023435861,-0.9574172979272336,-0.9173249678528322,-1.2412193158976634,-0.8959339457428379,-0.893046707713244,-0.9243665810340409
2025-01-09,0.8840809285773434,0.8957307097450373,0.8813991053032604,1.2519148174688182,0.8575876579585033,0.854832097279569,0.8593642598542792
2025-01-10,0.9215164379126278,1.1015309805896083,1.1413241883867362,1.2954265693630747,1.0885081910024683,0.890925653669915,1.046842858649206
2025-01-13,-0.5818358732376174,-0.5891149280151476,-0.609609105337929,-0.8687477782902393,-0.5942382737976433,-0.5552903070169153,-0.57733897141771
2025-01-14,-0.6534041180788123,-0.6375122138117586,-0.6059976097287372,-0.9357958620316972,-0.5960851097856166,-0.6288035671629835,-0.6247662549637683
2025-01-15,2.6473922194081645,2.5386737141328126,2.330317607424076,3.762653491253168,2.318727761976581,2.57868193701861,2.499455427717069
2025-01-16,1.5962153262691432,2.024053795715271,1.94175549605995,2.2554947459209087,1.897984054693474,1.556215594556213,1.9781948030342507
2025-01-17,2.4685906004847755,3.769751884013049,3.7909816940807066,3.48701091793148,3.632126344616123,2.4023617399878976,3.653783844878826
2025-01-20,-0.2606310703992806,-0.936414838703449,-0.9952116150458694,-0.6394249735217685,-0.9350207730146175,-0.227952283246624,-0.9008517115955259
2025-01-21,-0.24731917955080945,-0.7694550893135714,-0.8327287433159889,-0.5350461323935384,-0.7837194293939788,-0.2219557002012789,-0.7372577418384996
2025-01-22,-0.49138033728925473,-1.1310666051929177,-1.2605387554271263,-0.8068064639349974,-1.1781249707210237,-0.4641467843227796,-1.0776877239502194
2025-01-23,-0.4913018878913563,-1.0031554031383707,-1.1127701515036064,-0.7396523654849255,-1.050286257339437,-0.46985975604890307,-0.9538593274433103
2025-01-24,0.38879321594539007,0.6225225538804917,0.7998749829069511,0.4407517134721508,0.7036038738963606,0.38756961013687985,0.5697385852681178
2025-01-27,-0.6332200677153611,-0.9602419962445985,-1.0867666796603581,-0.9028272233335645,-1.03374253389352,-0.614410240024652,-0.9292264878319553
2025-01-28,-0.4667157836344918,-0.6722354055049632,-0.763686413470152,-0.6352811931722473,-0.7286285138013576,-0.45414377513179377,-0.646845805251133
2025-01-29,-0.6191847422828254,-0.8479952200564352,-0.9820802541748025,-0.7923390560023096,-0.9323126809235875,-0.604234713750859,-0.8123483507788916
2025-01-30,1.6806101300659213,2.1935962272513656,2.766213000738775,2.0253096512583184,2.538648891953912,1.651262070770302,2.074524922442036
2025-01-31,-0.5013622393385566,-0.8605883306495186,-1.03313794287796,-0.6870830919902982,-0.9735428535284412,-0.47986451192212476,-0.8193062455810589
2025-02-03,1.6020932431305663,2.5124143428104047,3.5626310418929377,1.9503916573351758,3.144188168713706,1.5665326784517957,2.3384385398787697
2025-02-04,-0.5475722521014467,-0.6749577423783354,-0.9545251168467362,-0.8199510219199826,-0.9037918580392826,-0.5259186190438556,-0.6638492798167275
2025-02-05,0.05756344842477201,0.0330084658627231,0.014546635329130142,0.01508889373352107,0.013634864693471527,0.06290864480236558,0.03610367856623464
2025-02-06,2.1787152600181234,2.5167493686419724,3.3066624500266335,2.7256534462638693,3.1082978739106255,2.1392663347735392,2.4623025568045875
2025-02-07,-0.3456265801949542,-0.6796552270277348,-0.9108627746327912,-0.5790865548140065,-0.8546711146650774,-0.3228387968842075,-0.6564004928484456
2025-02-10,0.48016240553441647,0.5747344518394104,0.7357533356615855,0.5336444295812355,0.6795350812330008,0.47917789722681203,0.5607055362788906
2025-02-11,-0.5410532434601726,-0.9585772360757392,-1.218642021164528,-0.7866173301376853,-1.1395724766374429,-0.5176074660295087,-0.9235062324247884
2025-02-12,-0.4323243128796047,-0.7167708570763932,-0.8968837026956032,-0.5948502923631005,-0.8458561593456755,-0.4155357522447114,-0.6874058004608296
2025-02-13,-0.2390318624500824,-0.3915521954710032,-0.4429990906814689,-0.32650495080769115,-0.4369723263223749,-0.22795830214465523,-0.3760952361530966
2025-02-14,-0.46294469086348766,-0.6445169240765267,-0.7721936164052017,-0.5950497371448393,-0.731942727538923,-0.44964194200035895,-0.6211409336738043
2025-02-17,-0.43086312350186295,-0.5536499614943335,-0.6234768853240542,-0.542986655957416,-0.5945994151675649,-0.4203842360074276,-0.5356605164056882
2025-02-18,-0.8466157078341208,-1.0588098272780218,-1.2263350320239137,-1.0163359104028429,-1.1584314705597667,-0.8279399220752724,-1.0191177436491912
2025-02-19,0.044798187568553804,0.057613806612325735,0.10828762931456337,0.05239442294866303,0.08529629243265924,0.04543771965772614,0.050875689414876746
2025-02-20,-0.09827741391923417,-0.11118978997651918,-0.12282996518889588,-0.12360968106144199,-0.11941348136401042,-0.09437268109923425,-0.1067751038587178
2025-02-21,-0.8588221763561301,-0.8527849874162083,-0.8796422700502686,-1.0690493897290447,-0.8553536292512438,-0.8423867657366952,-0.838269156418025
2025-02-24,-0.9439808971505714,-0.9213484664929826,-0.9465027214093075,-1.1355918409928665,-0.9248810642104596,-0.9273199902584446,-0.899731528582662
2025-02-25,-0.9876883049595628,-0.9501543782915645,-0.9876499680246771,-1.1560131593768603,-0.9682016123697821,-0.970361719861702,-0.9218928245005049
2025-02-26,0.46309379658758587,0.435369178764468,0.46898437758834266,0.5741858190762965,0.45419596191709233,0.45172183345857575,0.41872838695042214
2025-02-27,-0.7943373068748631,-0.8580451496814203,-0.9395160571334316,-0.9410077199362809,-0.9088142038261753,-0.7715799763687247,-0.8242370003217844
2025-02-28,0.011839927773854786,0.021664667672762983,0.05872933583195872,0.04599629676308781,0.042619520206034656,0.00972276077631351,0.014412090162561286
2025-03-03,0.33274336908392965,0.4100378958319335,0.5565818717419131,0.434590544299462,0.4992049311744753,0.3198623215562193,0.37737576275584606
2025-03-04,3.3349523826978746,4.372643578093065,5.671337492544682,4.170430594998269,5.195554362068896,3.2016181372915398,4.086070278970261
2025-03-05,-0.6124912350701744,-0.5460077235688874,-0.8558584805898051,-0.9597040939091077,-0.8288801531362794,-0.5797371797583697,-0.5467837644443734
2025-03-06,0.7147793226641854,0.6852888480999555,0.8424671568973998,0.9284786788412318,0.8243449812069118,0.7027995896837761,0.6835626796586425
2025-03-07,-0.6215050317336577,-0.4666754386185502,-0.6578328230135905,-0.9662908466045877,-0.6519382024499673,-0.5966608778990032,-0.47431625176980236
2025-03-10,1.0251658295493518,0.925102459637299,1.0373077393391374,1.3547751863959072,1.034321803915394,1.0090442448183867,0.9257537089449591
2025-03-11,2.1046993658907045,1.7803859550946566,1.9091845659743691,2.895269644247109,1.9240237812337557,2.0727230342023555,1.7970184850074062
2025-03-12,0.02180111919405925,0.21241093860434485,0.16782284428249827,-0.1764151398702295,0.15143167636003074,0.03141399948753254,0.1933024667327231
2025-03-13,-0.44995035406244904,-0.18775073342301188,-0.26514679331796687,-0.8158399373871187,-0.2815726485197999,-0.4349098859861912,-0.2097783047289954
2025-03-14,1.3414457813835874,1.163519162025266,1.2045085419878172,1.7480322618607704,1.211620905018214,1.331016057126804,1.1708391738616097
2025-03-17,0.030277102389295207,0.07663528359468647,0.02044048000688503,-0.110985052495576,0.02089366890171368,0.0390201094969464,0.07097778243691111
2025-03-18,-0.3682517680483428,-0.3237668544250796,-0.42917291156605325,-0.6215309628258845,-0.42042226402896465,-0.35413606453766977,-0.3272659937442828
2025-03-19,-0.5893971762834677,-0.5348975633776788,-0.6695171536213979,-0.8546036597797787,-0.6522978976835186,-0.5747163371738728,-0.5325627760649588
2025-03-20,-0.678565271540365,-0.6095165313444144,-0.7513199652655395,-0.9098370696209748,-0.7299267422979113,-0.6661510126631522,-0.6007547571160285
2025-03-21,0.10424122384709944,0.1174436415952359,0.09957300515908574,0.09886722237245982,0.1012510577731911,0.10563307918026155,0.1203434405516115
2025-03-24,-0.7246697957217357,-0.5923839621469497,-0.632457127260631,-0.9464525189463274,-0.6268570727516021,-0.7150849766542067,-0.5873397545135648
2025-03-25,-0.6256316162839513,-0.5070655014373965,-0.5204906725225268,-0.7838916179566467,-0.5183135660368824,-0.6186458899671787,-0.4985399279225543
2025-03-26,-0.6795250149530566,-0.5681777208018619,-0.5973816750083858,-0.8196975586827396,-0.5890012074109701,-0.6708022178385827,-0.5541998881337629
2025-03-27,-0.7674138408778701,-0.65907917818396,-0.7069767490611013,-0.899468596694505,-0.6917950531327919,-0.7559340265972604,-0.6389741401563244
2025-03-28,-0.9880425323142971,-0.8421799558308187,-0.8390293908484401,-1.150692986822516,-0.8275605492235769,-0.9738422252092391,-0.8179207190778657
2025-03-31,1.211888464510696,1.0349176645790465,1.0185627359400762,1.4418118583001234,1.0108347846193964,1.191352295184236,1.007030685406362
2025-04-01,-0.0012841411629521682,0.04749336811194882,0.05677224990859919,0.0005042692530559112,0.05443778877562466,0.0007649117868391286,0.048892929975186905
2025-04-02,-0.6568538870221454,-0.5363141443265848,-0.5332274490244576,-0.8415368108742072,-0.5304850581456038,-0.6398802070795098,-0.5269095034516377
2025-04-03,5.286495314099015,4.490443459603691,4.22199229195464,6.757740248299317,4.231389330746018,5.180757177513465,4.4385022090317925
2025-04-04,39.24445433974394,29.00361355327243,31.54026488810485,58.0653036889447,32.26405911972078,38.45047275709551,29.68013354208147
2025-04-07,6.945752848351458,5.3212998482871425,7.445246286338074,10.914338531737547,7.623632457435475,6.6596467109769115,5.381684710844786
2025-04-08,3.0024008294474056,2.983221848925251,2.9995760767066515,3.453733889172778,3.011456842755137,2.9876973235108473,2.9787257535217124
2025-04-09,3.292438913347341,3.1808852946221102,3.405360109434881,3.8599438321744994,3.4358436918763045,3.2697694538979487,3.1849502302898247
2025-04-10,3.296027547636299,3.197936126214535,3.2904367173991167,3.770765977321049,3.313073668743073,3.2810743489495344,3.1999850767152633
2025-04-11,1.8921404566013396,2.0815494230581475,1.7206431119006111,1.476238060355497,1.6848355744217407,1.9132629937935939,2.0521903853356234
2025-04-14,2.515509896921034,2.570761124725579,2.49653402922976,2.5136877300331526,2.497110930655877,2.5168955373881214,2.5604243904600867
2025-04-15,2.035076183421998,2.1184679733653162,1.8632664864471846,1.8487156410878303,1.8453426778272253,2.034574051199294,2.0968421470677243
2025-04-16,1.5952389288446736,1.692874512373868,1.250536335216804,1.3273344647676826,1.2169875888796706,1.5831617577240686,1.6605076665785843
2025-04-17,1.4429222182130181,1.5568013985470812,1.0926015922167451,1.2391933096231904,1.0569580888387482,1.4152413960747368,1.523325367640907
2025-04-22,1.4202839452571245,1.5368409006531578,1.1258444655634705,1.3024070537488313,1.0928710905686594,1.381875800256562,1.5062887649114802
2025-04-23,1.433333780921026,1.5365921138804817,1.1877489623502253,1.3819663772178243,1.1631398145421072,1.3908886954679356,1.5098043962853192
2025-04-24,1.0902085150831777,1.2112685929426874,0.7218404294922445,1.0787390658564153,0.6873962695894589,1.0236381624900837,1.177055513853682
2025-04-25,0.9624243959107922,1.099051802447678,0.6106896916315581,1.0192610157057298,0.5757764456407398,0.8814869082314504,1.0650689997491505
2025-04-28,0.829510611064027,0.9823519741014628,0.4930853783361964,0.9546139257219765,0.4580646138675585,0.7344143892591916,0.9487044348570156
2025-04-29,0.8485166494096779,0.9942932970993332,0.5868562149233354,1.0152621400587745,0.5591552911985983,0.7572218416435705,0.9656108586805673
2025-04-30,0.6634742573074659,0.8202055875540823,0.37182896590756365,0.8977581692574615,0.34399408838898915,0.5563314947919024,0.7904312145619788
2025-05-01,0.4666167790364064,0.6436553504272771,0.1555660926019081,0.7805940011823052,0.1276237957889217,0.3410184521302531,0.613270772899695
2025-05-02,1.3066129140580305,1.3296577230164408,1.3418453466607703,1.3805750016268998,1.3501000214221042,1.3117263016296024,1.3242753320931815
2025-05-06,0.3267701731730346,0.42351689607863724,-0.06963135649391106,0.6980873731246819,-0.08638122733425496,0.20802933239258606,0.3963466037864618
2025-05-07,0.36137065355149667,0.4571057914943172,0.06318302869681056,0.7405683510934432,0.05175433955226308,0.2560010090412957,0.4364949447226466
2025-05-08,0.19554839282465958,0.3186480845898101,-0.01854896453557811,0.6396935394574891,-0.03571458148117958,0.07834198749852755,0.2970494341174381
2025-05-09,0.06685924718858836,0.20987979535837367,-0.05924069319989464,0.5665077656086042,-0.08061548291053419,-0.05622281591160015,0.18937561308430523
2025-05-12,0.2637192928403837,0.36824662710100625,0.18999744237953642,0.6790089965349959,0.179479253347464,0.1845999372089227,0.3564653467131954
2025-05-13,-0.19851158529555743,-0.06388047228180758,-0.35681637534903077,0.4158646319345664,-0.36821651821499485,-0.32557186533208754,-0.07757520018784121
2025-05-14,-0.25884015189423043,-0.11720886060926092,-0.37582712846659705,0.3840836540335983,-0.3890394719944481,-0.37845493191527596,-0.1249974341614025
2025-05-15,0.06715443595328169,0.15777393859663003,0.04567887623162881,0.5332104274252296,0.03718609272437984,0.007440252855201668,0.15520705685355973
2025-05-16,0.07642261423367985,0.13618635329998474,0.03772898842989081,0.5158336988248167,0.034352616950085624,0.030679773831352675,0.13647585430063236
2025-05-19,-0.47706986400036727,-0.40219008797981026,-0.6202473392575677,0.22549390019787022,-0.6196135755284069,-0.5685868769819777,-0.3968558778976715
2025-05-20,1.0153258518753172,0.9634992276235129,1.1240501494102753,0.9019110645419632,1.1180547418501354,1.0815766975770598,0.9570343012036803
2025-05-21,-0.5395107393852624,-0.6111300791344189,-0.8691030229120487,0.130574532225554,-0.8490953481046487,-0.6010250489860467,-0.5958831585521673
2025-05-22,-0.0950856398539377,-0.11793849300963044,-0.20433162686253703,0.33729695286446304,-0.1980306895370446,-0.12091128894099668,-0.10804755162436785
2025-05-23,-0.5517102192880313,-0.5460779010319872,-0.6809111746068865,0.07921750394556208,-0.6687660218772533,-0.5983931092740408,-0.5326474364713736
2025-05-27,0.24919304033383138,0.24976136527850756,0.25052323388271514,0.45263969109523894,0.2501173852563764,0.25024434729414735,0.2504963676157912
2025-05-28,0.005108172132336608,-0.009415864599650825,-0.029023842662198596,0.3110888363354491,-0.026353993066796977,-0.003487396797274833,-0.004256244247781926
2025-05-29,-0.6948593747353383,-0.6817570050599459,-0.7118293659177453,-0.09309064740437989,-0.7029682568367576,-0.7219172038952537,-0.6698873032254694
2025-05-30,0.10870188246940249,0.11177249448013948,0.11149074819678584,0.3157762120474975,0.11203887241482569,0.10680282681188102,0.11381280560586748
2025-06-02,-0.7991073125245471,-0.8482697729367787,-0.8812418437639556,-0.19825382878364245,-0.8650487768317385,-0.8139630507979817,-0.8249049398782504
2025-06-03,-0.8411627037859608,-0.8674779600707109,-0.9150200189018517,-0.2335143657508107,-0.8955901092776121,-0.8544268171364104,-0.8382365959715378
2025-06-04,-0.9062271779739525,-0.9154541040886411,-0.9836280227204476,-0.28436681552746984,-0.9587213938378306,-0.9159817173369085,-0.8798635081329322
2025-06-05,-1.0194195140731672,-1.013936272285523,-1.1107392990349119,-0.36261136449259246,-1.0780263816464204,-1.024651608875612,-0.9698707630606197
2025-06-06,-0.8427778017736888,-0.8256769592936315,-0.9160227212253307,-0.29665567041346413,-0.8880994951114443,-0.8425759504406267,-0.7872527169567383
2025-06-09,-1.1629620411726898,-1.1472778269520054,-1.3108546250877051,-0.48721705311533536,-1.2610349930795957,-1.1537216090405544,-1.0883517781100758
2025-06-10,-1.0493977834707002,-1.0213028040430847,-1.150821623775421,-0.45885266482223247,-1.114935971860065,-1.037441293470766,-0.9682041815230427
2025-06-11,-1.2300592625731774,-1.1952360479731465,-1.3854809121912006,-0.5810177142683076,-1.3340169207424522,-1.207765295676505,-1.1279472088908162
2025-06-12,-1.141843465875255,-1.0999903751358433,-1.290196686315324,-0.5665849987630935,-1.241843762593252,-1.1166337667208726,-1.0369372840770794
2025-06-13,-0.7877377176363738,-0.7657878644479079,-0.8648758126716741,-0.41690659621943393,-0.8449236249101216,-0.7708764328802797,-0.7277702334425473
2025-06-16,-1.0496074902353936,-0.981177315912237,-1.1245421601512067,-0.6023703305369474,-1.0874188138062488,-1.0192333682632113,-0.9318521402330242
2025-06-17,-0.518671327953243,-0.5039439519680128,-0.5300964129013199,-0.3283545095233693,-0.5286982209948088,-0.5103252839165224,-0.4864140042216676
2025-06-18,-1.2594402788025936,-1.1341058420214272,-1.2928016078462479,-0.8237826674321888,-1.2495011795744138,-1.2119405245305246,-1.0829762934873453
2025-06-19,-0.020567243582377603,-0.055584413666244004,0.0025072072093508257,-0.05608165532126086,-0.017747852593152702,-0.037052922389035015,-0.06339755964769966
2025-06-20,-1.1005413026851052,-0.9318761205015463,-1.0462948947209074,-0.8246463541440366,-1.0176653363146368,-1.0560596234857134,-0.8995485392278757
2025-06-23,-1.1413404479633487,-0.965565584768971,-1.036740258714564,-0.8792841401517731,-1.0142519417742606,-1.0965057010695864,-0.931640189297119
2025-06-24,-1.307503502253764,-1.1017194981402958,-1.1378140798006886,-1.030936122269431,-1.119003605686849,-1.2552191229730691,-1.062083111052734
2025-06-25,-0.5367871833863554,-0.48361055040356893,-0.5040141039691126,-0.4617677396819927,-0.49716019322672844,-0.5260265139767264,-0.46735054337174287
2025-06-26,-1.1637485894317683,-0.9595279193238728,-0.9616226516374746,-1.0024553421621507,-0.9504159672316632,-1.1168827326646573,-0.9284652765179949
2025-06-27,0.6605306702106299,0.4798383966195059,0.5028691561689012,0.5097916765879003,0.4897972634360246,0.6046480590731464,0.45559879979254525
2025-06-30,-0.5798963955239516,-0.571438127146313,-0.6026027076995463,-0.5532478789780584,-0.5899602682680771,-0.5543079076538825,-0.5509502436580973
2025-07-01,-0.9232972281226929,-0.8676896799319067,-0.8809900447714729,-0.9121952320220399,-0.8630626150239988,-0.8785584346615816,-0.8381764428081616
2025-07-02,-1.1689624170028874,-1.105521439500982,-1.1572091173556498,-1.1538586292166064,-1.126627146957326,-1.1107725347189121,-1.0617825149807387
2025-07-03,-0.18782435890167948,-0.19130149521561013,-0.19077103026757802,-0.18880550543268138,-0.19128333287504895,-0.19107537056855284,-0.19002606757609686
2025-07-04,-1.2216517993475955,-1.2363921538543008,-1.318438444492757,-1.2567743990278184,-1.2788026326441555,-1.1569390113242801,-1.179625783882458
2025-07-07,-1.162376586921417,-1.1554664583935073,-1.2526979831168006,-1.189270477131346,-1.2208679107866494,-1.1048075469066767,-1.0994044682146622
2025-07-08,-0.22718531686838372,-0.22989791582225405,-0.22244633801960512,-0.221311522494823,-0.2261048046159726,-0.23128088743548658,-0.23167538713155833
2025-07-09,-1.1946197584909908,-1.2502028917507637,-1.367281356833078,-1.2817400091078908,-1.3279069120461349,-1.1307574400634208,-1.185766598327217
2025-07-10,4.273622468024446,4.449174274776719,5.383019355965794,4.7219681639929485,5.087454257915876,3.9602230292160128,4.097845767511684
2025-07-11,-0.5118673321823719,-0.7919950849314209,-0.8717667602853737,-0.6794473979023734,-0.851336572209505,-0.46724433271309107,-0.7574356212363569
2025-07-14,0.0932823102716065,0.18087476818758463,0.2881735713707536,0.13528739741771845,0.24572739849923875,0.0955030663965869,0.15299100613325067
2025-07-15,0.19184209278814757,0.35435703383489603,0.5622252118289677,0.2601648125797442,0.48267598128077505,0.1895097640036698,0.3098111113948365
2025-07-16,-0.7776627207917507,-1.0115488250996794,-1.1794417607392258,-1.0856220639492713,-1.134127835054859,-0.728710189794241,-0.9775802398072627
2025-07-17,-0.2503522142598047,-0.3074190758682904,-0.32781503565623493,-0.3225838704015547,-0.3238084173026128,-0.23326575018504936,-0.29877586843943627
2025-07-18,-0.8001924003091938,-1.008081998682092,-1.1620216488119848,-1.0479172840315685,-1.1177742668699646,-0.7582082689530584,-0.9680005434118438
2025-07-21,-0.8496404130036996,-1.0274197519668848,-1.2031989576997497,-1.0676300934543053,-1.15466191154034,-0.8095103844797971,-0.9826687802104752
2025-07-22,-1.0237165136931676,-1.2033314967302504,-1.447430019796301,-1.2539613027289347,-1.3808853301872177,-0.9783147697148913,-1.1450123594106372
2025-07-23,-0.5970473574529647,-0.6607232788895093,-0.7380626476155311,-0.6845162147411475,-0.7241319414043647,-0.5744903909353213,-0.6344336229175531
2025-07-24,1.1157892742609534,1.377142412123353,2.150917791727859,1.467458461345908,1.9083027799502357,1.052845017455513,1.2573795330329105
2025-07-25,-0.885435746501045,-1.2122643846472596,-1.5430367709926203,-1.1380967485281186,-1.4555545425063274,-0.8353486458559692,-1.1448204492761902
2025-07-28,-0.5294671417552009,-0.6490457914133517,-0.6999063473268043,-0.6399344987929546,-0.6962198060579359,-0.5037144905575516,-0.625352829963456
2025-07-29,-0.01191992243394946,0.018015134739422622,0.12904434739053317,0.05159827110199777,0.0877018236379663,-0.012597366984979708,0.0047286053151534
2025-07-30,-1.0177313086971385,-1.2914460169521818,-1.5933272780162082,-1.3268967201225896,-1.5060826382324488,-0.9664546259418718,-1.2279999238033423
2025-07-31,-1.0924995102991502,-1.3232084715519778,-1.6550075201082177,-1.3808431367420442,-1.5674134671036288,-1.0425443222223432,-1.2535583942131008
2025-08-01,0.4342252122476369,0.5827715658904609,1.0315044122306998,0.6718712106004385,0.8990359349081853,0.4059090473432363,0.5170742907553407
2025-08-04,0.1755428970126336,0.18039969978145076,0.2922626850402972,0.33504718325329064,0.26414962577296763,0.16753649625525602,0.1730261310650505
2025-08-05,-0.9120503913621082,-1.0316594495949134,-1.3137996780119015,-1.2476597944559433,-1.2563328192950491,-0.8666074920805386,-0.9925304524368523
2025-08-06,-0.8970426236310031,-0.9829295381438531,-1.2499887064806972,-1.1731448731942506,-1.195795210234573,-0.8564286719849644,-0.9419787225519797
2025-08-07,0.3627888540717805,0.4115776985390587,0.7713410541328385,0.6070855705409266,0.6697623539040936,0.34063341943869974,0.37894014300293954
2025-08-08,-0.9875477740182255,-0.94862709042457,-1.2241122564926559,-1.3723944812408815,-1.1743459045417348,-0.9433624034673284,-0.9218871469637249
2025-08-11,-0.6671544588912135,-0.6328387614069307,-0.7808293765566201,-0.8549164886741215,-0.7579796769815863,-0.6411641075677788,-0.612294121287599
2025-08-12,-0.9922587565952042,-0.9626439311868662,-1.2182981656211362,-1.3001125093983146,-1.1712344646600898,-0.9515936468003279,-0.9268775704667491
2025-08-13,-1.059957603192116,-1.0215718873119826,-1.302677740338796,-1.356466115938714,-1.2486833588940618,-1.0174609133658432,-0.9792668888868
2025-08-14,-1.1796900946441404,-1.1296504476552458,-1.460987473131593,-1.4907056006111348,-1.3947156288193487,-1.1318022157710905,-1.0781152013338078
2025-08-15,-0.658838253272752,-0.6331471142032182,-0.7363445749368991,-0.7373230205665372,-0.7244916600451398,-0.638613373000627,-0.6075616492334309
2025-08-18,-1.1153906269439529,-1.0197385849627065,-1.2568364040772382,-1.4194397100377527,-1.2079734351511553,-1.0708235839077493,-0.9782595088152374
2025-08-19,-0.877170899786706,-0.8110488980894051,-0.9799222539157904,-1.048977023517471,-0.9475386316256086,-0.8450291344286645,-0.7771903729088707
2025-08-20,3.020012739406979,2.7518945377122686,4.094822599017601,4.607944228225763,3.7430732812653176,2.8223541147428968,2.5744122739790183
2025-08-21,-0.8381852860214791,-1.103173417369196,-1.4222539121751145,-1.2146788585142716,-1.3468834283506241,-0.7829508216531968,-1.0480706989687039
2025-08-22,-0.9985584185317976,-1.265000496344338,-1.6838380129984427,-1.4028445848555335,-1.5821137116899247,-0.9392010183114577,-1.1960846785886607
2025-08-26,-0.022566153811535372,0.037073575807128556,0.44286770231454153,0.12634181897173358,0.30146459281335325,-0.026792833895279866,0.009313910174592044
2025-08-27,-1.0085060836443396,-1.0981659392132368,-1.4559151923832605,-1.440985413326808,-1.379118741840256,-0.9556136780245368,-1.0533313734171565
2025-08-28,-0.5793507438299701,-0.6079462071519505,-0.716835509238323,-0.7235974425171802,-0.7003941840882987,-0.5540498566503254,-0.5855964669868238
2025-08-29,-0.795997042552802,-0.7969093547889523,-0.9508108354116411,-1.073354411408455,-0.9176584940497923,-0.7616191208361087,-0.7696438488005339
2025-09-01,-1.1011929194933683,-1.0652791687014684,-1.2159395747463944,-1.548471733855646,-1.1757303575741422,-1.0554990675898606,-1.030999051974363
2025-09-02,1.3150458623161185,1.2354374094299971,1.5345219654504887,2.2986803004715926,1.4483464249646585,1.2442922593289607,1.1781302230252833
2025-09-03,0.21331925422672082,0.19953204351015863,0.21110542713264768,0.5041151883456874,0.20767546199251619,0.20671944456794167,0.1997053578004997
2025-09-04,-0.4708134192939414,-0.4383144519197467,-0.5388200995392212,-0.6833620484878461,-0.5210333672472951,-0.44477928436122693,-0.4283019878697436
2025-09-05,-0.9367629859818143,-0.9087609815460458,-1.1168169001725992,-1.4106016751776558,-1.0724810972428918,-0.8911505661335711,-0.8848398749148152
2025-09-08,-0.9804456041487629,-0.9354658982759834,-1.1109850683233322,-1.4153157882492298,-1.0738323996039907,-0.9385365931306987,-0.907499158054074
2025-09-09,-0.9556309703521038,-0.9029933881599589,-1.0792485346188927,-1.3144252964105596,-1.0412568905349697,-0.9177080078498568,-0.8715342652891882
2025-09-10,-1.0653654137575026,-1.0063401180232103,-1.218769586381503,-1.4384992491237178,-1.171289882393678,-1.0233738894688877,-0.9667905777895367
2025-09-11,0.8442469577875773,0.7596796331459754,0.9630035875206269,1.5385265492524822,0.9065776948494519,0.7962810845316082,0.7209286626152114
2025-09-12,-1.007970867647828,-1.111953182517095,-1.3263639789557782,-1.4269008715330396,-1.269976231489221,-0.9583346960258605,-1.0639908755214125
2025-09-15,-1.1257578537807136,-1.2030364653796872,-1.3927653382341985,-1.5693137293474653,-1.3402602939280603,-1.0750866444679985,-1.1501907174282833
2025-09-16,1.3860200050142293,1.4709633473326782,1.8443066504478638,2.3915696562514293,1.7393114523170832,1.3076606122890753,1.3742599423456612
2025-09-17,-0.9102447640487478,-0.8026099100892299,-0.974527049036278,-1.4005737817773762,-0.9541869959998986,-0.8666973644225421,-0.7863194049830756
2025-09-18,-0.912551968661039,-0.8034618070366264,-0.9772723766302172,-1.3278986467047624,-0.9533279187817523,-0.8732704864071374,-0.7819701755928627
2025-09-19,-1.0648864610720514,-0.9434029472178875,-1.1548072422147275,-1.5146333187087062,-1.121257580931517,-1.0211148669632297,-0.9133081105474319
2025-09-22,-1.137561173325457,-1.002879093309388,-1.1813817083522506,-1.5856017855440772,-1.153305120417303,-1.093928343207317,-0.9686836122757129
2025-09-23,-1.2403789438090602,-1.090994173948694,-1.3009663853106248,-1.6971414483477536,-1.2654429942439147,-1.1930507085631805,-1.0486830727423264
2025-09-24,-0.9899162601130296,-0.8770041887271334,-1.0252041951376203,-1.2626510723563027,-1.0043940418376291,-0.9557291545711435,-0.8413716097848051
2025-09-25,-0.7465696730254655,-0.683673078282279,-0.7865778404252983,-0.8593270808848977,-0.7721284356188276,-0.7233503125187825,-0.656124305333479
2025-09-26,0.8600562066994588,0.6914399400064486,0.8503649294047235,1.7447713674555607,0.819073197882348,0.8003071991052424,0.6560960598183874
2025-09-29,-1.0651741017117,-1.1042796902435976,-1.2931828154702922,-1.5211904981058642,-1.253201703924012,-1.0104947383602405,-1.057177185823638
2025-09-30,-0.22263001940529004,-0.22253726689706843,-0.1859984616944632,-0.0813004362988512,-0.19972640782752715,-0.22041026499095273,-0.22175657237213575
2025-10-01,2.2161829154577273,2.47784439077037,3.457506984852677,3.891029942643365,3.2002893273760735,2.071492326012457,2.3073130577334044
2025-10-02,-0.8132853223799063,-1.1727135128035586,-1.465180213405763,-1.2675555260278653,-1.3932846043834524,-0.7555474064781034,-1.112628670540811
2025-10-03,0.2243989584685343,0.37435027068610816,0.6606648969273721,0.5091411366158638,0.56939797917932,0.21443637785396663,0.3309159825504211
2025-10-06,-0.8920380725342802,-1.2943213877506825,-1.6180497646308736,-1.3567238404299773,-1.5328436307176907,-0.8356800645317786,-1.2256530067472027
2025-10-07,-1.0045887414181534,-1.3678225485370097,-1.680835787070439,-1.4731154753112583,-1.599354458015769,-0.9500232250323367,-1.2943662716534967
2025-10-08,0.3117074389932617,0.5185349838112356,0.9911757880094554,0.6615981858574786,0.8456307223193342,0.2920653486580038,0.45014501479703495
2025-10-09,-0.5440198137744591,-0.7140096896929725,-0.7563631557170449,-0.7238030221869286,-0.7612328346741862,-0.513987428224415,-0.6880575004408078
2025-10-10,1.0636402588767546,1.4785722800762489,2.208058592760616,1.82869792662703,1.9932736146206214,1.010585350168005,1.3690451585899321
2025-10-13,-0.7815220986934569,-0.829296187383243,-1.0876308606354554,-1.2555465088159388,-1.0483686284420144,-0.7395756568472944,-0.810648523042991
2025-10-14,-0.9029096324234914,-0.9338426387815169,-1.2223556964240079,-1.3693750185517553,-1.1746238449115858,-0.8615954040620872,-0.9074979438023665
2025-10-15,-0.7731294157805949,-0.7808770625498216,-1.007436777379274,-1.0894524749626555,-0.9700556359312205,-0.7418056198939199,-0.7549184054923677
2025-10-16,-1.0152041393053985,-0.9912544030335881,-1.211426927302086,-1.4461289614107855,-1.1697208239265053,-0.9780928105127461,-0.9605363517593454
2025-10-17,1.204141447549729,1.1492409505670662,1.545801508346768,2.044106587259879,1.4543329643632772,1.1532073978990323,1.1023860198462878
2025-10-20,-0.23438314278796935,-0.17501838751277454,-0.2476970353084319,-0.29037138526884365,-0.240234745885874,-0.22202823597782995,-0.17092277202040052
2025-10-21,-0.7753695584910193,-0.6898446153606976,-0.8812236616025048,-1.1609809331233727,-0.8517409426137506,-0.7420872218733752,-0.675773864803538
2025-10-22,1.3535261810582309,1.2269200662679438,1.5766990464072292,2.2605204535879286,1.5047191864446832,1.3021631829839613,1.2012473733113738
2025-10-23,0.18803189191961334,0.200579872928209,0.3006028747981817,0.3347411800170714,0.2701570482856388,0.18778699183425973,0.19604732098823285
2025-10-24,0.2831525362838492,0.33150717855183887,0.5233016958382402,0.4614940113298769,0.4641012714805539,0.27957715578277276,0.3191979268852291
2025-10-27,-0.7763304870417974,-1.0684641376540127,-1.41341751753866,-1.2041674254407344,-1.3282479433337218,-0.7309586119483061,-1.0265233579328368
2025-10-28,-0.40906489671762847,-0.5272448502593521,-0.6215828913085089,-0.5755236462823302,-0.6087186602273953,-0.3863107997004301,-0.5076038555968468
2025-10-29,0.015526065161441505,0.037365085145126375,0.25858807153909624,0.07091861316302284,0.1769268482698445,0.018905289378356005,0.0262273174306622
2025-10-30,-0.9075023599056277,-1.2370100211655188,-1.6934383370281978,-1.2780189143683898,-1.57526192704964,-0.8629760083494854,-1.1757202997835248
2025-10-31,-0.4746497381770446,-0.5874221204270932,-0.6348615193107641,-0.6038229109776008,-0.6442710438142483,-0.4540108024105475,-0.5655147495589412
2025-11-03,-0.9283479099232248,-1.0977309904172219,-1.4257323532309494,-1.2565894264655022,-1.342942442093669,-0.8921875528813618,-1.0512380203335558
2025-11-04,-1.0111476344382944,-1.1465672753409557,-1.4348916627358117,-1.3355184393646486,-1.359442392609592,-0.9762124112155006,-1.0979420997789995
2025-11-05,0.13034806865419335,0.17093718313851047,0.41687179857195833,0.29819022859486766,0.3329736961714873,0.1208412777660326,0.14812726253840736
2025-11-06,-0.5539563652446033,-0.6427612216126553,-0.7190598335741094,-0.6806890559307136,-0.7115655637632502,-0.5326057889307634,-0.6193571296658286
2025-11-07,-0.19583836578936586,-0.20318470017781887,-0.15619881989932627,-0.17194183123262374,-0.17890434591476123,-0.19026862933692945,-0.20213127375558992
2025-11-10,2.204820756967756,2.2660018619903717,2.7867230650629793,3.3832169076678618,2.625786044219295,2.1208953346843407,2.196107844442179
2025-11-11,2.0704272498539,2.854163679914049,3.6977211129537224,3.2005149484558375,3.413707061699659,1.988169463583281,2.7457834832713433
2025-11-12,-0.5528062672144616,-1.1182231096754995,-1.3919848275543387,-0.9944899768453158,-1.3042228414667436,-0.5061851093809348,-1.0761792823807756
2025-11-13,1.5047223639409206,2.5098233811358757,3.605717051045284,2.2089021814815606,3.2162269345539443,1.4563773631233305,2.3759782805054996
2025-11-14,1.5755040875226147,1.8021766518471074,2.377814800241955,2.3300431819685032,2.2630788888065463,1.5378008031163461,1.7936241864190805
2025-11-17,-0.2665029088376374,-0.25147151682256896,-0.4656476581862836,-0.7053817249223105,-0.4458109085985947,-0.23847823350695435,-0.2640374500829813
2025-11-18,2.1118991615407863,2.0535019793631095,2.3344056448637884,3.099570725607892,2.3031158175460065,2.0765539511945206,2.069434630317172
2025-11-19,0.04345241683399395,0.17166394959758757,0.07274428337000788,-0.26615603268124927,0.07150791538210524,0.05898547720281344,0.15344545871052068
2025-11-20,-0.2475981561936996,-0.0633816843243441,-0.10431921402004775,-0.6601177184096285,-0.1111266393288913,-0.23415561045383457,-0.08559647561667744
2025-11-21,-0.3940960415186546,-0.19549789281288718,-0.24530446862779712,-0.7771005284145561,-0.24785516687385512,-0.38548505003202316,-0.2135096797001828
2025-11-24,-0.522334225994643,-0.3090860466743812,-0.3671660003331384,-0.8663529601170573,-0.3656472313686945,-0.5184305695776965,-0.3221945311725411
2025-11-25,0.51042748505539,0.5056155830548354,0.5025102408781418,0.6115033139475152,0.5024612045259185,0.5104975904674367,0.5049010185019838
2025-11-26,0.7202995746492418,0.692366335556298,0.7066273345655861,0.8814460734449544,0.7043648278628156,0.7183852282972718,0.6928957639939275
2025-11-27,-0.5591323738012289,-0.5810163372166711,-0.6642007700786497,-0.8544572588273042,-0.6446086529922798,-0.5470895053090815,-0.5780102972695275
2025-11-28,-0.5183238304787364,-0.5191862554341993,-0.5996088876979152,-0.7296161384604893,-0.5798205051925904,-0.5117008915266176,-0.5115120327641136
2025-12-01,-0.6778094079912699,-0.6722774033002343,-0.7756531055754072,-0.8771246374131848,-0.7479923917629357,-0.6717602003766419,-0.6582582448947311
2025-12-02,-0.8314706778695988,-0.8022679182111747,-0.8641503578628957,-1.023500334159423,-0.8399961357867257,-0.8273390734939136,-0.7846083852428639
2025-12-03,-0.8975064130245748,-0.8506847934702315,-0.9198168914884503,-1.055882083464617,-0.8991829237237163,-0.8943676018094552,-0.8274173737748132
2025-12-04,-0.9005209189073332,-0.8407593098137105,-0.8842285695550702,-1.0274225304937281,-0.8690232683384784,-0.8975260169027665,-0.8152513384974485
2025-12-05,-0.47458126845734505,-0.44265862806966594,-0.4738226205263645,-0.5183433071028604,-0.46422151632410524,-0.4719470852720866,-0.42699196426694375
2025-12-08,-0.9152866368926558,-0.8134260791765469,-0.8135073800009116,-1.0450660824893705,-0.8018143967515279,-0.9072936300165317,-0.790967144248649
2025-12-09,-1.1125101989933108,-0.9766016858768999,-0.927907659141788,-1.2663038460927207,-0.920008300950151,-1.1016529594387094,-0.949949958378408
2025-12-10,-1.1248241734714322,-0.9851322919426312,-0.9468120797710593,-1.2574848870947872,-0.9420210455045013,-1.1120764216821792,-0.9540481562757955
2025-12-11,-0.40328395503067893,-0.3701862507827537,-0.3677949681248711,-0.4149364411651446,-0.3645100837804267,-0.40038113710346,-0.3588325183469162
2025-12-12,-0.15620701564428452,-0.15909725825231835,-0.15879561770418404,-0.1301936207479879,-0.15910998510534058,-0.158010943486933,-0.15777727553334464
2025-12-15,2.36260541949408,2.041596890320258,1.999305471700442,3.023539932706856,1.9796019997124823,2.289502592949047,1.9847242126383167
2025-12-16,0.24797813523219847,0.29454644959821374,0.30311379443632314,0.3488310394758751,0.29324774455310143,0.24394036799075547,0.28264011382425
2025-12-17,1.0890414766773464,1.1472319500106933,1.1311127395155387,1.5350644210972602,1.1196494832616728,1.0576442038472655,1.132215671391725
2025-12-18,0.145302314566651,0.13320051046773895,0.13469749755369764,0.15052633699674556,0.13276546352630703,0.1523028687360839,0.13194389293478348
2025-12-19,0.034408629380682454,-0.008316588789277102,-0.007332624028332235,-0.007542199317625009,-0.008315656492118073,0.045249506092331915,-0.007690656368557147
2025-12-22,-0.5118672151355356,-0.7694074547186577,-0.8305254609109118,-0.7584303347674433,-0.7974334199999824,-0.481539442687938,-0.7441514819974524
2025-12-23,-0.6610724344019957,-0.8955691588132855,-0.9131320667276976,-0.9254636307834285,-0.8816793523267071,-0.6321694867664989,-0.8687942140984266
2025-12-24,-0.7828555211622842,-1.0048196603375499,-1.0525712655908057,-1.0311880892753449,-1.0129124451886833,-0.7544600559602338,-0.970213583407668
2025-12-29,-0.9351752226035891,-1.1337286838976066,-1.1463317461833635,-1.1898256006691579,-1.1095438560884479,-0.9073522845233561,-1.0942467497904338
2025-12-30,0.5387640355256538,0.6542278327117426,0.6719906695657916,0.7163408171926424,0.644077650534266,0.5243531461639506,0.6178283192897152
2025-12-31,-0.9163466455917637,-1.205472595866475,-1.2732780643525659,-1.1714309391489033,-1.2278683917485038,-0.8832825777638151,-1.155289809362756
2026-01-02,-0.9100123053441245,-1.1314996058096347,-1.1827285353617751,-1.1220459115457029,-1.1477410577766851,-0.8816732070361356,-1.0838275749464177
2026-01-05,-0.23522734381466137,-0.24426981498630385,-0.23122543175678034,-0.24423573235700324,-0.238880725162691,-0.23009185546741306,-0.24652463631169685
2026-01-06,2.9750413689577178,3.9639308760266596,4.704930881622492,3.79203914728358,4.396822745153778,2.86259755205861,3.6857706884158414
2026-01-07,0.40661634216640796,0.789692834261984,1.1098734788538933,0.532619817105348,0.9759934684046141,0.400208573501839,0.7108885277534369
2026-01-08,-0.690931778997007,-1.0331787509238648,-1.2206571870328573,-1.049335898289001,-1.1711492127491974,-0.6518661194097882,-1.002429009049171
2026-01-09,0.593486734808545,0.780302986125929,0.9826204160998318,0.7988064120548821,0.9275106224694984,0.5810305841408452,0.749403923969236
2026-01-12,-0.6815053785054501,-1.0676452894876518,-1.277943119936095,-0.988161134244884,-1.2239825397981832,-0.6465116034718478,-1.0279128433936453
2026-01-13,-0.8254522912890365,-1.1945066804076319,-1.457568123541956,-1.1151079506772952,-1.3909483188102658,-0.7917955145577905,-1.1450768708067607
2026-01-14,-0.3824069119843999,-0.5015337307667782,-0.5415983101037591,-0.4836989409224972,-0.5381237568096691,-0.3679179517431085,-0.4862729877120613
2026-01-15,-0.21359699540891275,-0.25534961142562795,-0.18873745293168764,-0.25420535388682364,-0.21527977790949526,-0.20463348961796357,-0.2553733549029773
2026-01-16,-0.9553017784475415,-1.32089786725699,-1.6801061794131709,-1.1976455248688458,-1.5947375926261007,-0.9200630606195848,-1.2550746554322074
2026-01-19,-0.6093116103541805,-0.7657602611097635,-0.8695592797561156,-0.7237336186613753,-0.8558078105961451,-0.5899713592704489,-0.7357682863326354
2026-01-20,0.2535643752325909,0.35393980736280706,0.5905036700339668,0.36674485198191276,0.527282641449039,0.24448484741579835,0.3219903432502629
2026-01-21,-0.9222591188634226,-0.9814209955955561,-1.1753583385664657,-1.2091305581140024,-1.14286628188858,-0.8929154730541904,-0.9562751930234271
2026-01-22,-0.9991749386030817,-1.035105467543402,-1.2517177995747943,-1.2598015906178046,-1.2134473520207094,-0.9705658232618545,-1.0033544908530323
2026-01-23,-1.104090653651049,-1.1189145671786895,-1.3699978887797928,-1.3531608391797718,-1.323848498214633,-1.0740182087765138,-1.079475400188665
2026-01-26,-1.178479280707446,-1.1707942692167301,-1.4118331500465173,-1.4188089612975616,-1.3707404832703063,-1.1477229793593173,-1.1264000878746878
2026-01-27,-0.07961204185501547,-0.08446263242171792,0.003139091653636683,-0.0031037389631427548,-0.01944440919547019,-0.0849744603932705,-0.09041807013735981
2026-01-28,-0.28691347327512484,-0.29048267375619463,-0.2398264266061465,-0.2748344926848669,-0.25895170980307625,-0.28266589803356457,-0.28791333197097957
2026-01-29,-1.0492911245346404,-1.032565044670372,-1.2341209366430148,-1.3268211623736148,-1.198510695958912,-1.013367790774376,-0.9987674508603469
2026-01-30,-0.3479086462640333,-0.34281796469218573,-0.35586109470742966,-0.3471423722716669,-0.3582401193746598,-0.34145286285733856,-0.3346940863150235
2026-02-02,3.146552953518521,3.263134163936647,4.509974461285379,4.394809837422988,4.222088268099017,2.9965284380400035,3.093653802480519
2026-02-03,-0.6840045354193169,-1.0238605729068448,-1.2722173034898185,-1.0031691045479458,-1.2182778968524999,-0.6395651558627944,-0.9812012402695799
2026-02-04,0.8678025063973163,1.2577500558301253,1.7689715384695341,1.3077824578702342,1.6247159175374117,0.8332559321864244,1.1834990607326616
2026-02-05,1.0024188460509185,1.6547789093904262,2.4500719718788413,1.4745934988520113,2.2119921198844823,0.9653553702762693,1.548616969945248
2026-02-06,0.003753544990507063,-0.04689242453915621,-0.06632924336607648,-0.06805330849747149,-0.06826155112642684,0.017987019980230667,-0.044013875370296995
2026-02-09,-0.6407140882111321,-0.8596619647948707,-1.1420012462187221,-1.0225673526673833,-1.0934598391431625,-0.6034201149777451,-0.8400580171419456
2026-02-10,-0.5723976719747309,-0.7261626883774672,-0.951138242509251,-0.8448084750555511,-0.9125499269162352,-0.5443976932199281,-0.7057075432531366
2026-02-11,2.1591188297724595,2.4881242988014036,3.17311173383321,3.07485422342702,3.0172519675987584,2.0985019293265146,2.4268912786361936
2026-02-12,0.20819775824755482,0.22472290860112976,0.35073508400352393,0.2161377393652204,0.3108567402331004,0.21508647661540803,0.21666647188622323
2026-02-13,-0.2799676016732511,-0.4421922824470888,-0.5380532829494922,-0.5175960532340695,-0.5177170194165681,-0.25860693014464886,-0.43449855443135016
2026-02-16,-0.5419528412454806,-0.7610869162426287,-0.9251603127719289,-0.8432219307200352,-0.8864152425224094,-0.5167637596684358,-0.7445252804817342
2026-02-17,0.5575448970097646,0.6730377257815036,0.8739583244011238,0.7365668808407435,0.8151012084826164,0.5495414906391185,0.6556663268614716
2026-02-18,2.348353521697147,3.262504855774668,4.289401293987676,3.187500283665953,3.9862205426195887,2.2883547555715653,3.1549637187099226
2026-02-19,0.012103820160772716,-0.17382263817639598,-0.14622613978016052,-0.13063216810855505,-0.1642975432085294,0.030072437798433327,-0.17077056816713299
2026-02-20,0.009563475628775686,-0.13837738259432786,-0.1519845226006593,-0.1173869014963127,-0.1514942774470629,0.023243330599827583,-0.1344634512973364
2026-02-23,-0.5711779852303653,-1.0413704611066275,-1.2633019696525543,-0.8896739971977347,-1.1939343665982944,-0.5443710569013651,-1.0114243804161984
2026-02-24,-0.6723135243555527,-1.0952186250161449,-1.3272397688394835,-0.9486970495995103,-1.2616778795272439,-0.6505657229567937,-1.059438881955632
2026-02-25,2.197452395241956,3.1860450037418877,4.108725473144109,2.766131960745756,3.8417030832928,2.1627135402938924,3.051792112341876
2026-02-26,-0.31662412319055944,-0.7396595687881029,-0.8692162574341857,-0.5324806567423515,-0.8363053277667489,-0.29528781604705573,-0.7136713686440322
2026-02-27,0.014546174779768273,-0.046648572510737285,0.08166386633755685,-0.051544230841648386,0.03150697135183389,0.023385995713729013,-0.05555154552910291
2026-03-02,2.1590834927219014,3.959063798941923,5.82986509210575,2.6874426353885923,5.23256453666155,2.114420890046781,3.7194522133398933
2026-03-03,11.467982652711196,13.413563540244924,19.106017351021286,15.898112672782126,18.35093194020908,11.20560781512572,13.38985981603805
2026-03-04,0.8477987075796746,1.0218235302264924,0.7195505413960438,0.5963460323747372,0.7229735918780488,0.8682403945888011,1.0045632581128237
2026-03-05,1.8601079274072894,1.7806345549474187,2.0570103496516268,2.3047216442393688,2.0456940959459406,1.8478816704582015,1.785256770031908
2026-03-06,1.4422735213789681,1.4762409558467529,1.4450422678294006,1.5789096332239785,1.44514813814822,1.4422065823339638,1.4700309837631462
2026-03-09,0.5153113841875503,0.8116676590091652,0.6070276471155441,0.11604276660836053,0.5972634015355712,0.5251726982230714,0.7838152773883778
2026-03-10,2.120742598240377,1.9445604141186243,2.011313600968808,2.568559270800786,2.0197197495474652,2.120340738085086,1.953479578585016
2026-03-11,0.6136541895528761,0.7209121638626714,0.5845250142847601,0.34135787833685816,0.5787522162979893,0.6166489152156243,0.6992726961363557
2026-03-12,0.4678613484677552,0.6024967101064488,0.5276273719880984,0.21644080982225886,0.5164228854535233,0.4633443867395898,0.5795635754347002
2026-03-13,0.3517722567205848,0.5069927077130321,0.4915891480445904,0.1391730389053437,0.4755483899030134,0.33980486436254775,0.48394048958996383
2026-03-16,0.37283075144899436,0.5228177041589368,0.5581975432819691,0.23076467968982128,0.540046520335971,0.35685351943663834,0.5028169901265421
2026-03-17,0.6892619531639645,0.7581218025515991,0.7731815701477871,0.6497775991603435,0.7643784200956736,0.6811081049353579,0.7484020055105552
2026-03-18,0.8982548432062821,0.9122415559699075,0.9165089881390889,0.8974821306170251,0.9139637611042805,0.8969098558894522,0.909072757891318
2026-03-19,5.764655104300937,5.016030461402192,4.667281024322892,6.419897047794186,4.73481211117078,5.884429377679301,5.1070828730133435
2026-03-20,1.7960920777466811,1.7478942805667042,1.748487849789461,1.9805950367366736,1.7498150124393388,1.795668594063955,1.7478245300550808
2026-03-23,0.5374351582741946,0.8719667838121209,0.8907417007201245,0.23358768911377364,0.8609957275780968,0.535671640902562,0.8405621367946163
2026-03-24,0.7270966679065936,0.9795253239008129,1.0140044114017888,0.576537835016453,0.9870369035257253,0.7193210106471577,0.9561890660809259
2026-03-25,1.7808541025294629,1.6911144279151662,1.6892931230297596,1.9076696091069703,1.691194471921607,1.7897595176205168,1.6937184238888632
2026-03-26,1.620859168892594,1.5900451519210383,1.5884859654997676,1.702753409326687,1.590569421187388,1.6244423941175261,1.5927985167333716
2026-03-27,0.3809609946046439,0.6070364198824436,0.6876616010152505,0.17506523882410124,0.6571117747871366,0.36834380572481046,0.5773956024229713
2026-03-30,2.239758886001498,2.0545438993760654,2.014500917476847,2.3970108820989346,2.0311125866929896,2.2622902391553654,2.0707146039412976
2026-03-31,0.5123945743166963,0.5346942595224198,0.5922283457237159,0.37522309176647617,0.5696543655562628,0.5022614709421158,0.5134976079415179
2026-04-01,2.8841092865116726,2.840780448475921,2.7563005834308587,3.0703677613613665,2.7916024209094576,2.9166434724160357,2.8767542617161297
2026-04-02,0.723141664186217,0.561900708946241,0.5894386998769372,0.6153173155693081,0.5822771790203358,0.7191730158186378,0.5503073070600353
2026-04-07,0.8326173731677735,0.7248512758555433,0.7365854136822914,0.7833758804449364,0.734193249712709,0.8267640570317003,0.7196072740221443
2026-04-08,4.999909070099472,5.732390378790805,5.254531504924682,5.32114463451243,5.3088591921893435,5.067600016725214,5.82510151145017
2026-04-09,0.6237554625880098,-0.012909282700409738,0.08491400518707212,0.40492139087086987,0.08983609295273538,0.6287140106478606,-0.02914273765709774
2026-04-10,0.48972754063325286,-0.11656444825354394,-0.014718738614043558,0.34199333489806094,-0.014592851800539732,0.48392719509181126,-0.12945604705278366
2026-04-13,0.3771553887138789,-0.18348013849019365,-0.08600841757981854,0.3002255779394725,-0.09026998995185846,0.361436814241876,-0.19219345917855704
2026-04-14,0.2809965493742823,-0.22380201854390985,-0.10267528958736497,0.26776333018316373,-0.11113385536961091,0.25671766230685406,-0.22951676015130174
2026-04-15,0.3058882978813692,-0.07454858467587738,0.005631404311116639,0.3465879045187246,0.0015015069739907627,0.279186801543948,-0.07543256437276807
2026-04-16,0.09821423376393637,-0.2944548797661709,-0.1340106933902201,0.18422559406671862,-0.14415499364469586,0.06210978932079485,-0.2972732314193164
2026-04-17,0.48970952201228096,0.37752095433419286,0.40690021384311037,0.558539585159206,0.4051269281961689,0.4718462247494456,0.37775322637248865
2026-04-20,0.20075091063984773,-0.04784924145027836,0.021941589237966908,0.3184593497764607,0.02271674529784401,0.1737372900001374,-0.04463081306272909
2026-04-21,1.1565641059604252,1.3800377389527188,1.2269401096824892,1.1086302179907133,1.2300264549918305,1.1743441117859508,1.3783304121872304
2026-04-22,-0.09704191799454527,-0.23645106509681013,-0.0668556673230778,0.03039606320482436,-0.0788892308674991,-0.13064629066384922,-0.24786888372308688
2026-04-23,-0.21035411966452433,-0.32332662634946435,-0.11983044748376019,-0.03440757598607429,-0.13629269018885054,-0.2495169405711418,-0.332523587752165
2026-04-24,0.441039357472685,0.4265395360539597,0.4797117136948954,0.5063161094885489,0.47324067236901923,0.4329127620233972,0.425725335233691
2026-04-27,0.09100839962088764,0.08844788681306542,0.2568580232410719,0.21282857761519983,0.240134100209074,0.06889706292642256,0.08151007359286383
2026-04-28,-0.38284649471985477,-0.3395117691176277,-0.01755977274959551,-0.17641290270998214,-0.04651113127363952,-0.4223990655981218,-0.3538916433011393
2026-04-29,1.7543919061629745,1.6796778297418338,1.424095983078969,1.4954678484380577,1.4403007234497518,1.811204053492699,1.6905162361787371
2026-04-30,3.28247130414622,2.873597681427583,2.448916717533684,2.9831130043604217,2.491475894469083,3.3502437525487694,2.9147458973750444
2026-05-01,-0.04520606935815667,-0.2288208557643111,0.0018903295768825587,-0.06288750836044811,-0.01481749412337487,-0.04601354709229908,-0.24396007280545914
2026-05-05,2.1937739960479408,2.449105550830536,2.073489593059215,2.144648229842026,2.098912261004756,2.2060510342046884,2.471540105539448
2026-05-06,4.536310132369578,4.385809572990284,3.8705841167452224,4.783068554259718,3.940683375134339,4.542692821339003,4.465080474912889
2026-05-07,2.0748092288574096,2.5340496097449887,2.3131267178077084,2.2624248427683127,2.3248238934137,2.063426739541696,2.5659285515161727
2026-05-08,0.5556373062605813,0.4255171822420055,0.5180449943465838,0.3518753183695818,0.5031035145515964,0.5660390152859187,0.4019681893245437
2026-05-11,0.41609018767397477,0.3109733368458866,0.45953399631845854,0.25774604017174124,0.43926864472256105,0.41747038262698205,0.2870816460218968
2026-05-12,0.20682687167808564,0.10171380247548092,0.25269532075841433,0.09623798735540584,0.2322592564750969,0.1995993164404798,0.07846057370376086
2026-05-13,0.3942121776585106,0.33721501151779854,0.4407047742614416,0.36272341280009046,0.423140609092722,0.3829356167961791,0.3241087384638005
2026-05-14,0.20367275412965075,0.1259910711943429,0.23402645846607772,0.20431641221390304,0.21792896775734216,0.18730244773961485,0.11361499344731271
2026-05-15,3.2104685204708208,3.4639662714035646,3.1580745538412636,3.0956419232703407,3.1944599495675234,3.2707514936694464,3.4966335083138764
2026-05-18,1.4940241204711082,1.4632674680775541,1.4594797389572258,1.5327395178432248,1.4631479727233074,1.4969299551818798,1.468016578656664
2026-05-19,0.19622552795538728,0.17682201808516004,0.18900647895550018,0.09661876562769078,0.17568052230561582,0.19083130879914587,0.1554378386975717
2026-05-20,0.9644292297298007,0.9643272384102847,0.9646039621369239,0.9614066558000904,0.9633150363801017,0.9630459022118605,0.9626420533076531
2026-05-21,0.05905847743193653,-0.02783155396461171,-0.03513879820901924,0.03806574275467936,-0.04013789285476607,0.04592166216959004,-0.042314008923859524
2026-05-22,-0.02345805037063116,-0.0875095299752697,-0.10398507503009818,0.014914304324116522,-0.10762439048915873,-0.04361230532658871,-0.09778342232120338
2026-05-26,-0.12136211942438088,-0.16888578334279705,-0.19496893761662604,-0.03006993681505933,-0.19604837895304753,-0.1469475362847124,-0.17519525316700957
2026-05-27,-0.2794895648584912,-0.3150174620473019,-0.35387575148976397,-0.1313913930269026,-0.3517605702500832,-0.3110827680587841,-0.31741602848298145
2026-05-28,0.44786620453552983,0.4457166037678764,0.44052094309563394,0.49251991009777923,0.4409004004122012,0.44344215158685907,0.44598747541776845
2026-05-29,-0.3636968176648299,-0.30676599158776496,-0.2810133275231313,-0.19712662320548954,-0.2841517449153021,-0.3947539169134029,-0.311967592399594
2026-06-01,0.25597785053967737,0.27691238148267594,0.2960582882947471,0.323977421082564,0.2933734580468433,0.24783659619351162,0.2761444271514108
2026-06-02,-0.31792570616875765,-0.2094872091459212,-0.10053690869993429,-0.1610205528914672,-0.11246901993146799,-0.343972975150607,-0.2161418095498955
2026-06-03,-0.3046607322913718,-0.2108653421532492,-0.12597851381209477,-0.13685135096461482,-0.13327957393290712,-0.3273467139438657,-0.21309603067513777
2026-06-04,-0.5077531428990772,-0.374187961009299,-0.22007329800114916,-0.30177769942204186,-0.2330353589488382,-0.5349826177981053,-0.37742162226793097
2026-06-05,-0.7249097970499628,-0.5714748037005234,-0.41997962548734236,-0.4582042199721199,-0.42999006211048,-0.7550145132981595,-0.5697681513955528
2026-06-08,-0.8290841957074644,-0.6606211233479934,-0.5303210426981265,-0.5244361537389945,-0.5376076470439736,-0.8588265721998455,-0.6532940753626585
2026-06-09,4.1483677758127335,3.4823209030315327,3.161055692438388,3.030043867576866,3.1732283728474378,4.264456811274981,3.4400557105342715
2026-06-10,-0.3582737673121755,-0.08805845973704861,-0.10396406728450575,-0.33171439527756724,-0.11664064913798848,-0.3582211325538701,-0.10034002573645
2026-06-11,-0.16742994238847803,0.026987586854117507,0.007002551595194639,-0.12311568410119511,-7.141561840529054e-05,-0.16923565656249717,0.020614159133516774
2026-06-12,4.278965856039577,3.4027977059878434,3.5196919637966846,3.927614554685107,3.531750862948903,4.287735638058395,3.415485292710981
2026-06-15,-0.05301935480434389,-0.21479341187085502,-0.25493432750596956,-0.12910527270012065,-0.24443182841158018,-0.036980553658719856,-0.2146296941215316
2026-06-16,0.18185884476362485,0.11202557880586755,0.12131676356089083,0.15301599284119005,0.12417266605650751,0.18799098411893733,0.11174241138891472
2026-06-17,-0.36176799061775616,-0.5465263973001742,-0.5405164710332214,-0.39486610911701003,-0.5260016061971764,-0.3515268018191773,-0.5421676006283951
2026-06-18,1.2881007233726467,1.4434407341283864,1.4571163447239728,1.2763956626571251,1.4367794959386817,1.2840632341635492,1.4325564569774947
2026-06-19,-0.19482830685613378,-0.18849827362382168,-0.18794290060187552,-0.24833027135418925,-0.1835599964182119,-0.18894501874610667,-0.19440933842483646
2026-06-22,0.3560120309249309,0.36365519455552714,0.38027425157261957,0.3499905578791982,0.3800590892568987,0.3562865552318768,0.36217758280781254
2026-06-23,-0.4600937899581922,-0.49483382702375994,-0.44406682895413596,-0.4862808851105978,-0.4364158281576139,-0.45649142210849847,-0.4965299366878365
2026-06-24,-0.4016878660879474,-0.41313826121944697,-0.35865635805358964,-0.38811867351092744,-0.3563033423504308,-0.4028837377032912,-0.41120104878115504
2026-06-25,0.15879837537827235,0.1570887101967412,0.16572353069317092,0.1692411104094782,0.16743039748958655,0.15829216173182303,0.15845663073449012
2026-06-26,-0.5879531821409956,-0.6597527451212599,-0.63798436743496,-0.5430147162419064,-0.621896629473299,-0.5860637291008125,-0.6474101461146267
2026-06-29,-0.6462567439574042,-0.6893399265387588,-0.6295173283175719,-0.5790828688670443,-0.6192735104101788,-0.6471059844439387,-0.6757815865391145
2026-06-30,-0.7959867757654894,-0.813592719828186,-0.7066133485197006,-0.7044844574393558,-0.7012411775293795,-0.7986514002610273,-0.7976304327516984
2026-07-01,-0.8404216445536641,-0.8381939791605416,-0.7628606884506587,-0.7246907919117097,-0.7538911680607696,-0.8427888867221527,-0.8172236232595415
2026-07-02,6.371712796597628,6.199371728485414,5.548269559556134,5.557148635437291,5.52545855315107,6.385718497511251,6.048543034097218
2026-07-03,-0.33548172684526656,-0.8575096024882022,-0.7910129100124942,-0.4660168053779541,-0.7667808064655227,-0.3103424877893084,-0.831415059095985
2026-07-06,-0.4183111171527244,-0.8907969527747208,-0.8554027348531523,-0.5054611954188718,-0.826951124426639,-0.39824006517030985,-0.8603352939913821
2026-07-07,-0.5812802519711985,-1.0409519005748393,-0.9572465625934805,-0.6467881278905553,-0.9320149553342957,-0.5649009449609723,-1.0069844542375932
2026-07-08,4.996245942902128,7.66146105941365,7.289563557655362,5.1277552884394115,7.060738563960799,4.933528874043027,7.339433886323993
2026-07-09,-0.19334836439906888,-0.12615064890353997,-0.34438509818777135,-0.4445141166963291,-0.34079488924997275,-0.17172843820453793,-0.1392027300982945
2026-07-10,-0.25528330713975833,-0.1754425196031028,-0.34215232498734444,-0.4476739538440013,-0.34321540537702366,-0.24174730871735622,-0.1851197691548921
2026-07-13,-0.4386252801030728,-0.3432466490673411,-0.5323305729989766,-0.5996450240177288,-0.5291768275687453,-0.429309281072577,-0.34892863277415415
2026-07-14,-0.39559854433926755,-0.3007433656181283,-0.4672063041062911,-0.4920946134050257,-0.46494726178249324,-0.3922456247126357,-0.3014267258164432
2026-07-15,-0.6055779343458614,-0.49723316867288864,-0.6977863086678913,-0.6792125754252235,-0.6895454236491908,-0.6039716249376882,-0.49306926392351835
2026-07-16,-0.13816568328818335,-0.08180789313787751,-0.15514003923667274,-0.15521147863720763,-0.15375755246887712,-0.13888806556327393,-0.07814513554556701
2026-07-17,-0.6106332240236143,-0.5437054138306809,-0.7003947433077901,-0.6384931422177869,-0.689635211963723,-0.6089126581243348,-0.5324553397510963
2026-07-20,0.3473859506734567,0.3356233666199485,0.37967734219341365,0.3481019726533374,0.37323679139196975,0.34695399496339063,0.33398670976837386
2026-07-21,-0.04673235184457292,0.0023050399237964925,-0.035120190990455935,-0.06292236262454498,-0.0327389066002608,-0.04531772231560394,0.004510726365952622
2026-07-22,2.5439262544347656,2.3554970553463974,2.6434310548113342,2.6935966215140223,2.6012925071061215,2.52209657690436,2.3320793784551386
2026-07-23,0.37079061666317636,0.37783537919039856,0.41402391338878775,0.3695628460544853,0.40287315968900284,0.37314923624692453,0.37531105644052565
2026-07-24,0.8646119643784219,0.9150996032307165,0.9546963750171424,0.9607787259069566,0.941566733905573,0.8573744592231052,0.9128285933360423
2026-07-27,-0.18258691260452692,-0.34302866286903655,-0.39587863495873127,-0.31504434906550305,-0.3754992957414749,-0.16660785338869483,-0.3366925141060678
2026-07-28,0.626147033243456,0.7028486978220463,0.7629021439062675,0.668432475463758,0.7376336179873033,0.6230455533307336,0.6953338154089725
2026-07-29,-0.3231255456468315,-0.5786703393277672,-0.668819862432491,-0.4484989232044817,-0.6318095463782485,-0.3059888509377754,-0.5629029629593901
2026-07-30,-0.5886015553506923,-0.8988306066608727,-1.0472715497949003,-0.7073470563412217,-0.988580883742994,-0.5708787083863209,-0.8718213368572367
2026-07-31,-0.5583071012861471,-0.7898003274589485,-0.8934902807568732,-0.6308101056564752,-0.8516582735749624,-0.5468311331058006,-0.7643482307585439
2026-08-03,-0.7551455921017701,-0.9740229950473989,-1.0388898654636534,-0.8198912036402052,-0.9970685063669814,-0.7453870330493302,-0.9447892009381482
2026-08-04,-0.7687313906218511,-0.9375025949272225,-0.9832765435690984,-0.8034507000116649,-0.9510630112156467,-0.7619137997955785,-0.9073900352851187
2026-08-05,-0.9284681870943176,-1.087789944375643,-1.171897886364181,-0.9398762362427477,-1.1301100482297846,-0.9205434911793489,-1.0483380925966959
2026-08-06,-0.9319893856578527,-1.048387177093188,-1.1557512041576221,-0.9207207851869962,-1.114134900431869,-0.9240610570852124,-1.0070077692308455
2026-08-07,-0.8140144084342289,-0.8787383012419423,-0.9334211587793582,-0.8014933208848963,-0.9071452603063245,-0.8070375531402055,-0.8460974006748557
2026-08-10,-0.74794932956046,-0.7990403839645378,-0.8644916895993224,-0.7333729778846776,-0.8395765125104163,-0.7389176010115845,-0.768525675924041
2026-08-11,-1.0619221749960701,-1.087940506997986,-1.136085575689482,-1.0656577525596287,-1.1044243113803247,-1.046796761049289,-1.048297698059733
2026-08-12,-1.1712951272893506,-1.1705710218106171,-1.1914956286914258,-1.1774948077399334,-1.1648467726505833,-1.1534377804394291,-1.1275237047052535
2026-08-13,-0.15371530085436524,-0.15612305166293328,-0.15487998258081448,-0.15297306362574625,-0.15677730374471022,-0.15584407412125345,-0.15895408238348652
2026-08-14,-1.0315357150788937,-0.9440883382132934,-0.9184258152192443,-1.108451377511797,-0.9097103687553424,-1.010909740792287,-0.9192806965577905
2026-08-17,-0.957730909058031,-0.8668045198490584,-0.8142909267401292,-1.0291446547407999,-0.811073536675988,-0.9389636983608571,-0.8441435624501605
2026-08-18,-1.2237833926593904,-1.0838164892861168,-0.9727695074159527,-1.3402250714827217,-0.9745769536741494,-1.1974704396880766,-1.0565134194782535
2026-08-19,-1.2318815434194708,-1.0877745568934465,-1.0194155103426665,-1.3357009699928701,-1.0165378206889353,-1.2036197934429593,-1.0550898608563615
2026-08-20,-1.3574862869076896,-1.1960495705485086,-1.165294707457445,-1.4686220127579137,-1.1560646221520439,-1.3219910848720982,-1.154432987379684
2026-08-21,0.2467447704375212,0.15407817326104123,0.15946377094809217,0.33595724474545374,0.1535365562704598,0.2208141699632742,0.13611085292274572
2026-08-24,-0.8592214641568385,-0.850183126927741,-0.8822890960628826,-0.9517098877518562,-0.8669798582281372,-0.8311549468960724,-0.8189175987592493
2026-08-25,-1.0015822020199128,-1.0033827296813567,-1.0731255416807084,-1.123668978850258,-1.0483583754631316,-0.9645305353861873,-0.9618726166945657
2026-08-26,-1.335915635966099,-1.3423512461990812,-1.4938927439676581,-1.526750389058172,-1.447197971005661,-1.2790274247533235,-1.2773898388630012
2026-08-27,1.1441082787075276,1.1157837097324832,1.3872691435419353,1.5190200910239198,1.3101554000285203,1.056073440779923,1.017487055649017
2026-08-28,-0.8763481617243717,-0.7633643251969913,-0.8735328941851079,-1.1076126640373305,-0.8593805757579478,-0.8384813065638697,-0.7432808999379243
