Date,GARCH-t,GJR-GARCH-t,EGARCH-t,EWMA
2018-01-02,-0.21988270705327262,-0.2778000108865186,-0.24733415200225228,-0.2779984693456654
2018-01-03,-0.5357154012607326,-0.7102468398874637,-0.754868958649069,-0.7069952832145932
2018-01-04,-0.8135447987990042,-1.0516798906099647,-1.1537653195567097,-1.0411201966607058
2018-01-05,-0.786892129153183,-0.9879421156111207,-1.0994507078662352,-0.9735496717667633
2018-01-08,-0.7696222593202566,-0.9483467143934923,-1.0664187998051866,-0.928106361175296
2018-01-09,-0.8576842859815924,-1.0033458008198812,-1.0945065565099097,-1.0388931095498661
2018-01-10,-0.8284484596722621,-0.977237033145117,-1.0849460299369886,-0.9903211823820108
2018-01-11,-0.9552626709936529,-1.1033740927052507,-1.2538465548014033,-1.1231608091823033
2018-01-12,-0.9197441924494799,-1.0294422175835332,-1.1716628094866834,-1.0537448266720653
2018-01-15,-1.2248683120052481,-1.3594807762254044,-1.625696909896353,-1.4079686623253156
2018-01-16,-0.7538276929584375,-0.7930922417814583,-0.8485800067523217,-0.8181613957260163
2018-01-17,-0.9175044471276779,-0.9541262626532703,-1.0428769609988922,-1.0121500727317767
2018-01-18,-0.6320384320373145,-0.633664523154447,-0.6592243563088506,-0.6665545893047459
2018-01-19,-1.059135102480576,-1.034477620427493,-1.0831041108846413,-1.2276950462274219
2018-01-22,-1.091570116888016,-1.0879816739192636,-1.1688210713635847,-1.2687673788681806
2018-01-23,-1.1258115156598998,-1.1019454448299566,-1.1520583008884222,-1.309285762788367
2018-01-24,0.6364291637387065,0.5894436699741061,0.724636719593122,1.0574866560850211
2018-01-25,-0.5105619753681564,-0.37251763066865917,-0.5000022835012115,-0.6801588770424848
2018-01-26,-0.5694124622205008,-0.41664815825140067,-0.4982593730181928,-0.7525197084461566
2018-01-29,-0.8895538665200496,-0.7528946898803998,-0.8994702833879056,-1.2528031577365986
2018-01-30,0.22535506696651142,0.1921356110563177,0.229338847596529,0.4627332045778698
2018-01-31,0.039092023737542836,0.11282854326791136,0.0631645579745268,0.061974642221264364
2018-02-01,0.0791379385244585,0.16655378489340128,0.14404502329859353,0.09673517651916663
2018-02-02,-0.20884256164523674,-0.0376523662090838,-0.020256356193127156,-0.3594457985602234
2018-02-05,0.8827064202755085,0.7612071597159418,0.7511335453228032,1.3503517788125825
2018-02-06,6.1959518007713665,4.488610481615317,4.322585439745469,9.95990050463526
2018-02-07,1.751397663910955,1.698820810834106,1.6933659369039322,2.233369911789125
2018-02-08,1.0937218574373009,1.1819236162560647,1.0914080673655298,0.964771968687661
2018-02-09,0.9523769651716507,1.1108994942596553,1.046622688419245,0.7019441762231755
2018-02-12,1.0142398592135287,1.1719291630190691,1.1698563118064567,0.832233219139255
2018-02-13,0.5690787629787597,0.7509798381595676,0.7248147719064615,0.18135928780334365
2018-02-14,0.840941714066742,0.9637202571535433,0.9560572020924869,0.6736892288774411
2018-02-15,0.4976694789400531,0.654647633997144,0.6308785040662193,0.2553639130821805
2018-02-16,0.4975376915308975,0.641706904144373,0.6128349948411169,0.3274216009249709
2018-02-19,0.4030951357136333,0.5179221881515925,0.47385281356449444,0.2451075782308157
2018-02-20,0.3310429523781497,0.4680963171314162,0.4901234141393169,0.19154724051304814
2018-02-21,0.32760227203288184,0.45645893604225707,0.475042829195079,0.2397104709903004
2018-02-22,0.5647524621168488,0.632781076007253,0.6381807592996074,0.5360367147872482
2018-02-23,-0.05515487619044637,0.11741735751120533,0.18724568190316848,-0.11376314927081341
2018-02-26,0.13254746976687137,0.26085042158282196,0.32657668387765804,0.11813560717773686
2018-02-27,-0.0811276718834878,0.045976513944991554,0.10842256160014967,-0.08353322044575429
2018-02-28,-0.04667703767917658,0.06793655408769589,0.13506213176442783,-0.02457234926875773
2018-03-01,0.222198672408561,0.30732550528517355,0.3916479824623466,0.22945685997188192
2018-03-02,0.9482343403518076,0.8925096094964883,0.9015892208031616,0.9495475101706944
2018-03-05,0.10727911925373931,0.3556653949185416,0.4956487206200536,0.014705458263777504
2018-03-06,0.37101463895594733,0.507439344512324,0.5967549425099596,0.33267073182224277
2018-03-07,0.1780925310072331,0.3341071397960023,0.4242794780803755,0.14557289964610937
2018-03-08,0.05481613741915159,0.22177817791747373,0.3072250363883503,0.04289863815904632
2018-03-09,-0.3120105789264008,-0.11090493591919819,-0.014408869788028314,-0.3172011813407762
2018-03-12,-0.15846847882361625,-0.007256305419280851,0.05945103636690813,-0.13972444440075343
2018-03-13,0.64694196769066,0.6140466110793318,0.6203268002754678,0.6318749468565136
2018-03-14,-0.1530556413571812,0.056955464704273845,0.16600360545832288,-0.1724312065560501
2018-03-15,-0.42101308822292216,-0.1592858916408319,-0.02138077835908024,-0.41509402482163704
2018-03-16,-0.24285073709806027,-0.04691318810273648,0.05364576089108347,-0.2178638866524643
2018-03-19,1.7846944308899149,1.4267288795502338,1.330982277347864,1.6840747756259578
2018-03-20,-0.12192398071280691,0.21107240107422492,0.20743172332752366,-0.26240545929333114
2018-03-21,-0.11213451784665743,0.18826709029834596,0.17687541911165922,-0.20316169084513253
2018-03-22,1.3456092887220283,1.1588548201006545,1.150545836836944,1.4286101187990918
2018-03-23,0.2955667364836671,0.5119419941896333,0.5642001122863709,0.23123266471071435
2018-03-26,0.5494410692847926,0.6608345929794968,0.7262725762301174,0.5437080437847251
2018-03-27,2.2214536432308063,1.7421374596486898,1.6269225994527485,2.4456961547770097
2018-03-28,1.1122665922037374,1.0995743627416703,1.0861156496723927,1.1925508082100476
2018-03-29,0.20097569488720693,0.2179349109598106,0.31598817422027015,0.10153409370087635
2018-04-03,0.15925351811678762,0.1822146084849095,0.26518517280022164,0.09262510802563162
2018-04-04,0.2180779752047805,0.24626052925805753,0.34504119232449787,0.17970683120818304
2018-04-05,2.665439141770334,2.501258528659181,2.194400440373149,2.803157417509889
2018-04-06,0.2856762762121787,-0.18556775142876053,-0.0917155118478703,0.07156816467462468
2018-04-09,0.3031265136630952,-0.047676267106864456,0.046204536264632,0.1553649991574585
2018-04-10,0.3032686988457118,0.04382600919261104,0.10370666987736116,0.20712913125531385
2018-04-11,-0.026174868144386056,-0.5985925479023961,-0.4911200254052839,-0.1739669526365074
2018-04-12,-0.12924160613974572,-0.6681431915088404,-0.5362027129904954,-0.2362468047411293
2018-04-13,-0.2284313604666119,-0.7330276756961343,-0.6168916438928351,-0.29382345724174963
2018-04-16,0.11211661840677833,-0.06290808790254931,-0.04128271434433728,0.09853921002502808
2018-04-17,-0.09302116995315152,-0.2975395712075893,-0.22615318947172025,-0.1392303297264057
2018-04-18,0.6067334715159656,0.6605532113241693,0.6350211052033047,0.6079752265019225
2018-04-19,-0.19709574990933662,-0.6357595035627196,-0.6049563477580978,-0.271892467621857
2018-04-20,-0.1877407189550991,-0.5354044349127687,-0.5237704229256515,-0.2200776386515388
2018-04-23,-0.24143494337027105,-0.5922129089933102,-0.601989604681973,-0.2539453302480654
2018-04-24,-0.322013531205419,-0.671059132315555,-0.7013805557957434,-0.31095889152028566
2018-04-25,0.43213951958325614,0.567563910448108,0.6183695991167844,0.4318189471177022
2018-04-26,-0.06961617018118083,-0.18596333357974715,-0.18748066489877324,-0.05654451943535921
2018-04-27,0.2640387729132677,0.2884416570710955,0.29992643844878075,0.26846878826353615
2018-04-30,-0.2560890027066985,-0.6030249105401269,-0.6532110407955282,-0.27144188918095113
2018-05-01,-0.3986693776672088,-0.7523269237535302,-0.8254543492908084,-0.38606848564559193
2018-05-02,-0.3384919866536961,-0.5812280664315272,-0.6359101503821131,-0.30647372793601485
2018-05-03,-0.23187918805738195,-0.36698069236176734,-0.38115739509950264,-0.19614652951209666
2018-05-04,-0.150961760938643,-0.2284132898580965,-0.23810084335669257,-0.1294370121127958
2018-05-08,-0.41858241805762797,-0.684750397524317,-0.7576305042078081,-0.4064749805196303
2018-05-09,0.4970327330988379,0.7256205290197344,0.8912854584670682,0.48417883536190054
2018-05-10,0.04934573427755218,-0.0382665205180468,0.03950028460691435,0.025049733553878628
2018-05-11,-0.45737758773646353,-0.9842603420318932,-1.15864143956758,-0.494278527813226
2018-05-14,-0.5041468940936039,-0.9766368594790804,-1.1557103472089982,-0.5155102712652637
2018-05-15,-0.22795633926959225,-0.37882638611615016,-0.35106054234254636,-0.22362315292500135
2018-05-16,-0.7514649374009584,-1.2080713717170006,-1.43707302446459,-0.7175141814665729
2018-05-17,-0.09240233440156143,-0.043381171314733846,0.17200734114364802,-0.08132842160775189
2018-05-18,-0.6934123759730348,-1.0916044077717364,-1.3037460925633386,-0.6648552597919166
2018-05-21,0.2936707797307586,0.6263207557884836,1.181771056502949,0.2802937739084481
2018-05-22,-0.4908744412074825,-0.8821757280885526,-0.9734581449347879,-0.5152145573527567
2018-05-23,0.9096593960555476,1.9300822743599413,3.6076609407856366,0.9171049592942254
2018-05-24,0.2172988946675869,0.2043215215490265,0.3304731326095707,0.20466122200853198
2018-05-25,-0.27597935192747763,-0.2899526243320414,-0.5170411756881081,-0.4090422273040089
2018-05-29,1.0147875934635238,1.018219271362494,1.3450972535079377,1.1298712411691845
2018-05-30,0.07256203155588536,0.1626991475336742,0.012960497879343724,-0.041454325129249625
2018-05-31,0.12598481237278664,0.1681111484414055,0.04298495243332323,0.03748043187640948
2018-06-01,-0.03380238579977379,0.021765506179061478,-0.1063263440240948,-0.12382084711578079
2018-06-04,-0.05123380575025971,-0.002081635987356778,-0.11723412822723622,-0.11500072132038497
2018-06-05,-0.2544197056583069,-0.21117312441010538,-0.3727563046175468,-0.331213420650407
2018-06-06,-0.2241569273096341,-0.14313712760599467,-0.24547373379102577,-0.3116797612466027
2018-06-07,-0.27827860263161724,-0.20307176777824626,-0.3096118579484933,-0.3463937897280855
2018-06-08,0.008028463604913716,0.044082587016457064,0.005409863304991935,-0.008489565176617586
2018-06-11,-0.052767461542495675,-0.010506991551812006,-0.03327996767649111,-0.06779626028945795
2018-06-12,-0.29389503726816946,-0.27055716556580783,-0.32067590965528214,-0.33883063019680526
2018-06-13,-0.15939886465934727,-0.1299776465896253,-0.13710815982858593,-0.18826795364407045
2018-06-14,2.199204758572331,2.004569588185986,2.0608442635444515,2.363826103971448
2018-06-15,2.218257520522125,2.3112733003944372,2.4582072751541166,2.4496169541815576
2018-06-18,-0.15363848447687892,0.0435026135814289,-0.15586065020347525,-0.3957873591943603
2018-06-19,0.22851442874891398,0.3307738377888649,0.2345496317266535,0.161236977564843
2018-06-20,0.5411694450743665,0.5636641847406803,0.543674135899127,0.5792953879192979
2018-06-21,1.091990412468851,0.9729105286893385,1.0351086998524428,1.2600140180530028
2018-06-22,1.3055009166793612,1.143362468983534,1.1691059090703746,1.5451109346383698
2018-06-25,2.0818171943135484,2.227340147149346,2.391025504228736,2.5737296492555384
2018-06-26,0.43355727927189525,0.6031608575743793,0.39057586256195864,0.0961965911672461
2018-06-27,0.9626431402034882,1.0213506830266104,0.9512081153936246,0.9372686246436093
2018-06-28,0.34913417298446736,0.4348045690586025,0.21037530585541078,0.0871773389217261
2018-06-29,0.5468124486480379,0.610568245591777,0.4792592956272172,0.4213022830967924
2018-07-02,0.5674050383547753,0.6210693806330287,0.518315983515409,0.492574310185843
2018-07-03,0.4918103286784631,0.6026712614735262,0.5126138029403846,0.375790666293111
2018-07-04,0.026992993458132164,0.18378296283300036,0.0286721139438266,-0.16014118933554594
2018-07-05,0.05642502044357728,0.2055836296958382,0.11374322693478135,-0.0719139136573243
2018-07-06,0.0692220405689209,0.19794888555682594,0.10837108912540791,-0.014494972446038312
2018-07-09,0.21564467195704484,0.3093545386949468,0.2422863709313488,0.18102043050178412
2018-07-10,-0.19007802835219934,-0.12090148353162794,-0.25272576520026957,-0.2618647313862792
2018-07-11,0.7979221361485942,0.7834206077897938,0.8134941488282323,0.8075933145664617
2018-07-12,0.16511852542558153,0.2968491841578452,0.22217222138658793,0.08973706237927287
2018-07-13,0.07851613455279072,0.17365826730031322,0.08382399457865417,0.005738045084381638
2018-07-16,0.5802963893176081,0.599958453846021,0.5812014265468227,0.5781170450367437
2018-07-17,-0.032969843829583956,0.10717796859295162,0.07666841503262439,-0.09052549678937671
2018-07-18,-0.08912469452200095,0.04372315907353047,0.005899270798155165,-0.12079222741890816
2018-07-19,-0.2828447235459425,-0.1677799067469349,-0.22724372169272516,-0.3106377228777704
2018-07-20,0.029693689486948727,0.09809873345434877,0.06048433345493026,0.031157592688152547
2018-07-23,-0.26869283024031676,-0.16318778968091724,-0.20583982801495876,-0.24618186323876806
2018-07-24,0.33936257889024923,0.34470171355240065,0.3448169652561892,0.3376317418168019
2018-07-25,-0.10654171467783258,-0.06703142212667368,-0.07721185587066304,-0.08974392568830991
2018-07-26,-0.4564188491837825,-0.3430012239114101,-0.3006801010901379,-0.4481684809578522
2018-07-27,-0.3947238911274509,-0.2931763485856495,-0.26636371676199405,-0.3687408430975349
2018-07-30,-0.35181553943576654,-0.28500422172171513,-0.27491374047445033,-0.3246824135414689
2018-07-31,0.22490281407052048,0.2165790321587211,0.2166652327877916,0.21783209675026938
2018-08-01,1.132462362837652,1.0786275942642782,1.098415703296544,1.073307804800553
2018-08-02,0.6190574986219594,0.5997388288573038,0.600987939759585,0.647860403298088
2018-08-03,0.32194599859778195,0.40247670628752885,0.3987351779670709,0.29963464204022094
2018-08-06,-0.19456384058604362,-0.12481787699705588,-0.15341877200093762,-0.34100043970212157
2018-08-07,0.2954100380349797,0.3215250879286449,0.3094123478871057,0.2715496311883283
2018-08-08,0.18202947272325415,0.19255093550726704,0.17204653434352402,0.14576255989272613
2018-08-09,-0.11518857518021619,-0.14275694537094863,-0.1929600808879688,-0.18841982422193776
2018-08-10,0.1955232984888181,0.19428219420387904,0.1935503575438251,0.17219846545750794
2018-08-13,-0.18333120899093458,-0.10887187828193728,-0.07962711706177678,-0.2953952648983409
2018-08-14,-0.07841603761576943,-0.009278513153575363,0.05145356543767271,-0.14768105997685066
2018-08-15,2.1437099033745817,1.9219982510337785,1.7302773941550535,2.3681566437768424
2018-08-16,0.10838723480895995,0.28819623957221363,0.34025842700073194,-0.030541030516335388
2018-08-17,0.05020454718118339,0.1868449325483219,0.22571571195587078,-0.08594520639578035
2018-08-20,-0.08522221095288174,0.06626388589769541,0.10064859710060253,-0.2035032947507029
2018-08-21,-0.26967904262485654,-0.10965341679902538,-0.08384114107112572,-0.38430196294655394
2018-08-22,0.08448538014233908,0.17660711463473044,0.2241490520065243,0.043166940761011685
2018-08-23,-0.43338954680221764,-0.252284481596684,-0.1846433006157839,-0.5023842153199689
2018-08-24,-0.6078308015409417,-0.39965913511135703,-0.3005677219310987,-0.6611665001883631
2018-08-28,-0.31714026537463574,-0.1833088270743486,-0.12489726497566694,-0.33281674325033284
2018-08-29,0.349458595113912,0.33438867131451144,0.33801896295009903,0.35434758850018677
2018-08-30,-0.18063728295800163,-0.07313433267607605,-0.002401766692053664,-0.20702558552875494
2018-08-31,0.30467786622048965,0.320828067251677,0.3682021037883009,0.31554008498848973
2018-09-03,0.2363272351356649,0.3370691249644671,0.41842386924469405,0.2124225963564239
2018-09-04,0.5065605357383722,0.5194389266548362,0.5509367558082363,0.5265711475051956
2018-09-05,0.5818361241904754,0.5841999475407302,0.625194210139679,0.6211214132527669
2018-09-06,0.30999821697895863,0.40164066064658166,0.5184558450683538,0.2648676352979906
2018-09-07,0.6396607513802457,0.6749983948978497,0.7681939893832971,0.6746058648232117
2018-09-10,-0.13645351255065707,0.09402551965650187,0.36744348324523624,-0.2982048962031307
2018-09-11,-0.09657836341820558,0.10435516495109326,0.3391157433046672,-0.2027502948493755
2018-09-12,0.08637902587268365,0.21739555196974736,0.4014864357368184,0.045633172273990996
2018-09-13,-0.3869699111136337,-0.17455785057469705,0.07515328630369729,-0.4896140684622092
2018-09-14,-0.44655906190961947,-0.21915279730384563,0.0766806603558686,-0.5456793045484348
2018-09-17,-0.383679421599133,-0.19596182647336324,0.052383977083227534,-0.44736754820806435
2018-09-18,-0.6202497787413557,-0.3892585976380875,-0.1169047800628562,-0.6802328283380568
2018-09-19,-0.18234677554997203,-0.07905770035054738,0.08141072490924739,-0.19471008473676
2018-09-20,-0.6267874234048003,-0.4452006859289437,-0.22816742046267158,-0.6561061834369943
2018-09-21,1.9028631551294908,1.563652660093613,1.2894181332266699,1.991743625944947
2018-09-24,-0.3023032178338136,-0.6008945844436602,-0.4387453504839371,-0.4846363325179077
2018-09-25,-0.12870634726937558,-0.2905042768888254,-0.1562282053494941,-0.24314431584119883
2018-09-26,-0.4418831511329856,-0.7452629058502115,-0.5517134876569065,-0.6087022951527455
2018-09-27,-0.19477003794470765,-0.34262597238894066,-0.2558450080700202,-0.2738420836162432
2018-09-28,-0.0029409175833897683,-0.05750866814219324,-0.04037334316130459,-0.035896116479811835
2018-10-01,-0.26281512078131025,-0.3736767865164976,-0.27557279779455374,-0.32805346669666524
2018-10-02,-0.4366073973108748,-0.5549221071203219,-0.41164196906610523,-0.5039056370383936
2018-10-03,-0.49810404147288734,-0.59252251396544,-0.41966589618384703,-0.5591084202607278
2018-10-04,0.6669755521001585,0.8015337064637635,0.6355637239147044,0.7265703200571092
2018-10-05,0.675692190617079,0.6571203395789074,0.6460173561304788,0.7720730849812726
2018-10-08,0.37364333579421644,0.4490706762558667,0.4624995402078602,0.3262738758791496
2018-10-09,0.12082183900265853,0.31157947659262003,0.3648966460071855,-0.07362522979022035
2018-10-10,0.5743869676163523,0.6344360184044842,0.6558491523546005,0.589044860547415
2018-10-11,1.7032422744477012,1.503460581307226,1.4770440491433017,2.1025000992245664
2018-10-12,0.5575024746849466,0.8221929536208925,0.841913569072199,0.34731739337308276
2018-10-15,0.4724428545971257,0.7361768072713479,0.7701707388154664,0.2936601530528515
2018-10-16,0.2740694742192734,0.5644224284098179,0.5910112764773153,0.07635053835555444
2018-10-17,0.2792781785249703,0.5325901081826481,0.5477845608990297,0.13628347827018827
2018-10-18,0.025918283281782584,0.3329866704902361,0.35691279373889157,-0.13133086751450213
2018-10-19,0.030868749496541115,0.31765121782798844,0.386177119669523,-0.08872881066853217
2018-10-22,0.16338938354038413,0.3752216131392216,0.4226515123811711,0.10278177209395978
2018-10-23,1.0761561547835097,0.9626695309119164,0.9622784550962499,1.1490230239097818
2018-10-24,0.5883424215177676,0.7003601764939843,0.7500710301246846,0.5844713943647546
2018-10-25,1.1577381967000542,1.0424089965245973,1.0449476175633037,1.2579860653392738
2018-10-26,2.2956726135300767,1.8111189483212493,1.7429329914553462,2.534072362190791
2018-10-29,1.9279081262635236,1.5690689870125085,1.5023681557799589,2.160265724990814
2018-10-30,0.29215581391672124,0.3770811458833157,0.4450499328598203,0.21993164404721693
2018-10-31,1.261555347904864,1.1719665029080064,1.1412533153291966,1.3695943781005324
2018-11-01,0.3431187717321208,0.3249144348960143,0.3607570175178192,0.2747755593354968
2018-11-02,0.6981732435750134,0.6989111259952274,0.7007392190510738,0.7118518762601501
2018-11-05,0.020175114548151518,0.019857816892667912,0.12098174066962988,-0.04212789149158247
2018-11-06,0.46289959531646163,0.4635091062253098,0.48116096551073995,0.46305545495334044
2018-11-07,0.5893187913934957,0.5911536903657343,0.6181843711073575,0.5992960833515228
2018-11-08,-0.03322341871572326,-0.07804385313940837,0.02839214970368109,-0.12046728109333532
2018-11-09,0.09968810314811666,0.07213742522295252,0.1358573807785039,0.05777251911138104
2018-11-12,1.5722668019775412,1.5916236669904804,1.4098177127309133,1.672337135299333
2018-11-13,0.4134117741473815,0.4202972538867051,0.4814688433126554,0.4071719442244933
2018-11-14,1.7402679545654545,1.6562109775045637,1.4419355714038373,1.8324679987184282
2018-11-15,0.8121758324582136,0.7770110111893942,0.7304999531268767,0.8344716086462306
2018-11-16,1.5909363029387071,1.465461925941682,1.2485967751872886,1.609476590511043
2018-11-19,0.05800411919087489,0.08289068327734883,0.18674598071788684,0.057257889624324765
2018-11-20,1.1261955320449046,1.004537979584614,0.8489807521887167,1.1132837114884897
2018-11-21,1.1978561674686687,1.0376542225354766,0.9090410654352136,1.2440758472695488
2018-11-22,0.8360020983202061,0.9282350498664014,0.815150626724463,0.9037080713754183
2018-11-23,0.28149805827266117,0.28739577291154617,0.38418549401496144,0.1939687445893571
2018-11-26,0.6550732063598086,0.6546815227748299,0.6748595260103052,0.6814652683740027
2018-11-27,0.07330499464233164,-0.02676002108071701,0.08628089413524975,-0.059124832900282476
2018-11-28,0.15116443756270576,0.09151892145124202,0.19842160166758932,0.07105287869822197
2018-11-29,0.1734698178152796,0.13674176839797947,0.23290380513007192,0.1252086071725207
2018-11-30,0.20660271800939833,0.17726175748411865,0.2388268763304357,0.1780315933977623
2018-12-03,2.6817024028599663,2.712891015285083,2.266381290714858,3.0275027748395797
2018-12-04,0.5278780982243121,0.5226351973708021,0.5280306099243928,0.5203442195838657
2018-12-05,0.8611174271470141,0.9111312832511762,0.8395338799565678,0.9190051331417122
2018-12-06,5.493592392812807,5.15961093106226,4.579014092436774,6.800884219841465
2018-12-07,1.7532621724074344,1.7735151722484344,1.7476305183771128,1.91805713870019
2018-12-10,1.000165974577675,1.1835789509220978,1.0268148713167675,0.8071331382733877
2018-12-11,1.382873455420993,1.4620482865671274,1.4154633407187556,1.3891100768370164
2018-12-12,0.9316018094808064,1.063488907469701,0.9593633136359774,0.7735852063967534
2018-12-13,0.6421182627700164,0.7679364886307953,0.6157237096687284,0.422812341728628
2018-12-14,0.7847215781515452,0.8829421514568665,0.7754110094769766,0.6698439426904154
2018-12-17,0.6865566155772822,0.7969447633934096,0.7294497703958083,0.5906121324537529
2018-12-18,0.5748551015083811,0.7324440893991297,0.7200191794870094,0.4636690420317559
2018-12-19,0.7209888033884593,0.871165554465313,0.9115776815296783,0.6407643619395298
2018-12-20,1.1375513010345482,1.168947898745652,1.1802604493733768,1.1352770161673758
2018-12-21,0.5995672721674941,0.734848321166649,0.81476028088401,0.536194700931798
2018-12-24,0.3383165939416638,0.5118833179481086,0.5963678020158769,0.29064605076643946
2018-12-27,3.0417496173387923,2.621368765396327,2.42140199400857,3.1197408373786013
2018-12-28,1.89653265391834,1.7397196828282917,1.708289148375769,1.9866144943634165
2018-12-31,0.5019589502817537,0.417378081564408,0.5463361963773552,0.3171371541382974
2019-01-02,1.706404465426392,1.7383471539321635,1.6832674676356079,1.7771706501362776
2019-01-03,0.5143800691029077,0.4734688762799809,0.5676434748936117,0.44856580858291906
2019-01-04,1.8402373161297778,1.8551975359549369,1.7423298550564725,1.8898476440886958
2019-01-07,0.8861308188237282,0.724613651487972,0.7846037940065413,0.8100965255124808
2019-01-08,0.837634786991136,0.708133437825375,0.7811096496126898,0.7879896177328967
2019-01-09,0.5935353071879581,0.38103939991571656,0.4885581982903195,0.5456390173137289
2019-01-10,0.6566849348726143,0.502182754421083,0.5641136126353645,0.6376444768585879
2019-01-11,0.7583960701055071,0.6912371864109175,0.7047855370903667,0.7590750332316435
2019-01-14,0.44034882107510304,0.281596302729775,0.3740232583537626,0.46234281769513924
2019-01-15,0.27354952206078237,0.12855126790435956,0.29569887938272205,0.2957606221576903
2019-01-16,0.25255023973877655,0.1109741108977868,0.2499711753576611,0.2946008077426359
2019-01-17,0.20915921371173407,0.10051478759021698,0.27279984305672844,0.26627635570941793
2019-01-18,1.9021040266140434,2.08888424328025,1.7258779495513974,1.7846160351732039
2019-01-21,0.1681938584825479,-0.3290646172807246,-0.07413407537833347,0.13392069922763788
2019-01-22,0.6015946672558669,0.5029851745163405,0.5261331009105907,0.6053271888299504
2019-01-23,0.34596257462179875,0.15071448705370266,0.3010041200125123,0.3423534179395624
2019-01-24,0.20027337120512567,0.03528388879051045,0.260011338011974,0.19640033588709724
2019-01-25,0.1207728796454325,-0.01859964732808278,0.24056248731799731,0.1439210938378934
2019-01-28,0.38883229374191985,0.33087356920129274,0.4753020471770502,0.4186683696127357
2019-01-29,1.01651787173367,1.0296909519898805,1.005640701766999,1.0083823442717923
2019-01-30,1.3943103678864,1.5542097309926557,1.3544333934312875,1.392622269997832
2019-01-31,0.2682411549880387,-0.08711673083402888,0.12692930325654056,0.2210465290173351
2019-02-01,0.20686645032839274,-0.12069614988819866,0.06600355175125225,0.19363859192336136
2019-02-04,0.07751534699704377,-0.3201635558723393,-0.12567041561369655,0.08223137915241045
2019-02-05,1.6691827186688015,2.312016918725746,1.9319626602732902,1.629921115545332
2019-02-06,0.24174673948482495,-0.5185961054218052,-0.370596816460189,0.15930684323193178
2019-02-07,0.6428935039767936,0.5851457524929148,0.5378353904439407,0.6257119614307244
2019-02-08,0.25294163430690425,-0.14957051827561818,-0.05580373127332966,0.20161282730847105
2019-02-11,0.4269370815573819,0.21915107168016212,0.2828975449238611,0.4137822468939058
2019-02-12,0.11379479173835921,-0.29315522499504687,-0.17811768034583295,0.10906507158911315
2019-02-13,0.2696440800730884,0.04863445600909033,0.09731106261755651,0.2920663261156695
2019-02-14,0.024939038479998926,-0.3651383066207058,-0.2928053352862365,0.0635262971057689
2019-02-15,0.25168251697678706,0.0990345068765559,0.11246035558611744,0.29561140195322155
2019-02-18,-0.2437610540200363,-0.6875181358632528,-0.6365286733869572,-0.1416274344751173
2019-02-19,-0.08776718626603824,-0.3476108206039824,-0.29639573870837066,0.009311080245629488
2019-02-20,-0.11809210848344465,-0.3234001091888002,-0.23661321027922605,-0.022062720046934603
2019-02-21,0.3710640729276303,0.3946894487721092,0.3682926623159706,0.3993625706033974
2019-02-22,-0.07789326972882848,-0.2062723062496722,-0.12842257331575396,-0.013091950012764142
2019-02-25,-0.2100264345122193,-0.33452009822806283,-0.2620720207622158,-0.11654297293396004
2019-02-26,0.5008198870289008,0.5421214922517638,0.5141263991971237,0.49303685437721567
2019-02-27,-0.0191551093058846,-0.0535059728695354,-0.002357541834403065,0.047391431359047775
2019-02-28,-0.05396613387525295,-0.06675465388818858,0.020719970972092994,0.0064898435229036044
2019-03-01,-0.26978394596533545,-0.26419236322914674,-0.10322454475159948,-0.1873008563376829
2019-03-04,-0.2241077209177964,-0.22935030695406278,-0.10840552535066333,-0.14791915618142665
2019-03-05,-0.15512143999219874,-0.1623266899732968,-0.08228039838334356,-0.09059372263842835
2019-03-06,-0.5337398841309793,-0.609846270826005,-0.48418736335272583,-0.42687953936912615
2019-03-07,-0.06415817481565667,-0.07658749180894797,-0.05201969966607212,-0.023236784272457678
2019-03-08,0.21022224001737,0.21182187445188216,0.21057697941501785,0.20772232168727656
2019-03-11,0.13989024011740792,0.1469608596098213,0.1920304040733456,0.14628978791935043
2019-03-12,0.30829340945086237,0.29964069095026,0.2993974065191912,0.2977568881375213
2019-03-13,-0.42509459683619344,-0.3922003817752139,-0.3018174571394654,-0.37071940177500434
2019-03-14,-0.1380951255516557,-0.12527030338131417,-0.09162414085109938,-0.11559598979261854
2019-03-15,-0.3773791737512059,-0.3556714356831686,-0.313793792239625,-0.3301053823442214
2019-03-18,-0.06497012647184064,-0.06528971246648596,-0.062148561082908116,-0.057091080341385214
2019-03-19,-0.3700657735473865,-0.47862184281709985,-0.4697076368499411,-0.36446526242995053
2019-03-20,-0.48935150752406853,-0.6108696158574048,-0.6159307908182002,-0.47381570738928463
2019-03-21,0.159473977733395,0.18898497104911338,0.17590963293648132,0.15848374561174094
2019-03-22,3.356014222622874,4.601061120795503,4.572996279698767,3.49081144383343
2019-03-25,0.1550317981730971,0.2860875841129148,0.05489916835848391,-0.03524251280066143
2019-03-26,0.004800576179023824,0.16198667544715434,-0.02698643458437408,-0.18792147319896046
2019-03-27,0.05207174215230531,0.18663410777644227,0.025142952692837617,-0.07561424677810641
2019-03-28,0.162433507368961,0.26404241537476036,0.1520270556457265,0.09776052453154838
2019-03-29,-0.019192226686923886,0.0857399770643571,-0.05800717621898388,-0.09829447063789731
2019-04-01,0.08702489760098175,0.14478838805625477,0.03780257946230203,0.03768957891457425
2019-04-02,0.31773138087473596,0.33407099913892924,0.31178479324607544,0.3101691356162676
2019-04-03,-0.33454582085964746,-0.38354829235362176,-0.6347710761287321,-0.45075266631486266
2019-04-04,-0.2600628996837862,-0.3002676506275323,-0.5016873085680849,-0.33350647087123403
2019-04-05,-0.18586715861249675,-0.20396651798218018,-0.3229982716353662,-0.229346776641904
2019-04-08,-0.4674447822236121,-0.5328134647108165,-0.7431909409362156,-0.5260080107175262
2019-04-09,-0.183305526402895,-0.2081753544419056,-0.29377812069249054,-0.2013551449190868
2019-04-10,-0.6569609720698127,-0.6765217720303155,-0.8430727767659516,-0.6885347076585993
2019-04-11,-0.34570085714588716,-0.34722022464809255,-0.42356904865718337,-0.3520097770351984
2019-04-12,-0.6998001590824818,-0.688105952940903,-0.8187187131645756,-0.6954087367990953
2019-04-15,-0.9074176348084381,-0.8885668154012948,-1.0680140959647908,-0.8883875970883108
2019-04-16,-0.6421422573983431,-0.6201089161048512,-0.7301271028821373,-0.6219713726113381
2019-04-17,-0.9049799338820109,-0.9007700926785648,-1.090812164551971,-0.8808121825994262
2019-04-18,-0.8967517184985784,-0.8781229799415159,-1.060342275476543,-0.8664921851575325
2019-04-23,-0.18153719609746521,-0.18448484397438825,-0.14457871590572147,-0.18424230340717296
2019-04-24,-0.2304017936087136,-0.23951392805076677,-0.18618146831032445,-0.23522792860333475
2019-04-25,-0.1989243248990067,-0.2041846718093272,-0.22006620199087412,-0.21492654305431058
2019-04-26,-0.6581437021783676,-0.636676614187029,-0.7108954021935774,-0.7435088753840741
2019-04-29,-0.594294296236469,-0.56711749125072,-0.6193303473167905,-0.6528431987471099
2019-04-30,-0.47097498599942167,-0.448539950308644,-0.48978405230697064,-0.5011447645043899
2019-05-01,-0.22658877117475462,-0.2177936493148832,-0.2241405853844186,-0.22628103034598013
2019-05-02,-0.5331435348759114,-0.47907297637688884,-0.47270141737372784,-0.5793918378539995
2019-05-03,-0.17814751808916196,-0.16000601854701246,-0.1433450965628157,-0.16869020888965114
2019-05-07,2.485618646198803,2.16003050575779,2.060196745596863,2.9889671841368486
2019-05-08,-0.16906605886755444,0.04969892227809833,-0.07539192400976485,-0.381356915279904
2019-05-09,0.17612518925132614,0.27892195272597564,0.21210952604601874,0.15813726270521655
2019-05-10,0.18506541207987293,0.3174080898884898,0.27786156834251163,0.14069460894889774
2019-05-13,-0.05836861412629135,0.1219608672484156,0.07855792409460899,-0.16003561843798297
2019-05-14,0.15696103532206018,0.27194802565459614,0.27628813347742937,0.14319477925698199
2019-05-15,0.224939239854564,0.2701753234496335,0.26477891359293065,0.18927601436134456
2019-05-16,0.3526649357077162,0.36246873564076026,0.35640620662678946,0.3611135902942989
2019-05-17,-0.27164122567075377,-0.28624180924777454,-0.33102212048173635,-0.4784242853632645
2019-05-20,0.4335049417301192,0.4335475660653536,0.4371577809510032,0.48370300431116275
2019-05-21,-0.19822665747762264,-0.17339059576812493,-0.15481686269446776,-0.32235847250904526
2019-05-22,-0.23329704545783758,-0.20641443829266054,-0.19882885087344715,-0.33225782469792176
2019-05-23,1.5124758319716816,1.4268599844048921,1.4288095774681524,1.8133744672644603
2019-05-24,0.10147072029359377,0.21617542753446176,0.17301565550702191,-0.004949748309433621
2019-05-28,-0.18954595358607024,-0.06242648435877457,-0.13414890057564288,-0.37491736142386367
2019-05-29,1.1354605365881167,1.0291237736681391,1.062513682853454,1.3762158497839438
2019-05-30,-0.08323625423726011,0.10122944416888671,0.0792359907259001,-0.26933279867323945
2019-05-31,0.382794674701186,0.4384849265722113,0.42509254464261315,0.3807484434708822
2019-06-03,0.8247452519352456,0.7914942137016081,0.7930585439681404,0.9562526212036716
2019-06-04,0.34566025705347336,0.4053105496871836,0.41332281347707434,0.3460292781607438
2019-06-05,-0.18444130414093934,-0.027593904896897392,-0.021751777644510972,-0.296693103547477
2019-06-06,-0.2508818414823876,-0.0931303597209216,-0.09472059203121053,-0.34254866942181317
2019-06-07,0.38681726543597705,0.38519555521685067,0.3833046479795855,0.422767471847164
2019-06-10,-0.3355153603829879,-0.31526788098057307,-0.35121424958011505,-0.46677670632968227
2019-06-11,-0.3942970464322568,-0.4078827832780835,-0.46123449331980176,-0.5211074772285029
2019-06-12,-0.06851881578344798,-0.0736910337185781,-0.10120113658529084,-0.1115498982860822
2019-06-13,-0.44423372235542,-0.42822918622173967,-0.4367789848914547,-0.5385532852021029
2019-06-14,-0.42360350234364313,-0.39971193362504753,-0.41600199755988676,-0.4879021039537825
2019-06-17,-0.5543958666269009,-0.5096084529590462,-0.4860059350223403,-0.6248734315623854
2019-06-18,1.7077560484223913,1.578957543826753,1.5594197308673825,1.873454364116223
2019-06-19,-0.3148150543081659,-0.433675519358538,-0.4478438205584031,-0.40877434971013205
2019-06-20,-0.29727133486518265,-0.3702882888262602,-0.35119635996432486,-0.38811949721103656
2019-06-21,-0.008813306917732855,-0.02547606042898143,-0.024483844748479755,-0.0268093709010776
2019-06-24,-0.686800740387092,-0.7645795385468399,-0.7176477297214897,-0.7974500365218145
2019-06-25,-0.4176334888348143,-0.4500961012180916,-0.4360375663791257,-0.46655537607928765
2019-06-26,-0.8807943130686586,-0.9248896658556304,-0.9184603091787216,-0.9630663620421072
2019-06-27,-0.29858393697522423,-0.3034354820303129,-0.30116635179096984,-0.3104870441405907
2019-06-28,-0.884669996511193,-0.8869317372567891,-0.8507123497324582,-0.9451605380273046
2019-07-01,1.1786557677912888,1.1909183665874725,1.1722280283751279,1.3048360071050187
2019-07-02,-0.20695513823071143,-0.2288254081886083,-0.22586624115206488,-0.22838558835048517
2019-07-03,-0.30290184098646855,-0.4042917231676536,-0.4081853977897967,-0.36657030059190987
2019-07-04,-0.8208946409564732,-1.2474373189280057,-1.377811436330958,-1.0025151933302299
2019-07-05,-0.3382727042797302,-0.4287347685339996,-0.423738685655612,-0.39308981103376883
2019-07-08,-0.7416886723825731,-0.9299769285996811,-1.0080299595579356,-0.9168795722238993
2019-07-09,-0.7749324559983333,-0.9279317560809868,-1.0012885377689933,-0.9245042834408261
2019-07-10,-0.7100213897442796,-0.8125403877021129,-0.8492889444348246,-0.8252559074340696
2019-07-11,-0.49826342698124937,-0.5420602538298809,-0.5569682539769854,-0.5525899669687782
2019-07-12,-0.781775417442496,-0.8347512048357513,-0.8360212630417333,-0.8855509330452145
2019-07-15,-0.4212346045864208,-0.4312147318931677,-0.43247378666896497,-0.4404448485310415
2019-07-16,-0.3022471280495853,-0.30212294837710596,-0.29870757848328244,-0.2932063503757838
2019-07-17,-0.4973481300247208,-0.5331932799412876,-0.5445909677840395,-0.5373682595459286
2019-07-18,-0.5879070440445864,-0.6101978455024203,-0.6285871706746242,-0.6720504813925907
2019-07-19,-0.12646503568213396,-0.12542027400659472,-0.1249022849346404,-0.09294059892417428
2019-07-22,-0.48123562691729405,-0.46852899548580107,-0.4751734729894749,-0.5363483720233614
2019-07-23,0.28999263731750036,0.26159776215762953,0.28491351890080985,0.4703833715850638
2019-07-24,0.12188098893730004,0.12964200483785215,0.16802266124011678,0.2536674303888127
2019-07-25,0.12281950786595064,0.11004431060222575,0.11660640808216827,0.2505384446465022
2019-07-26,-0.24683303044242755,-0.22980860207979215,-0.23315004393108862,-0.23479482084381886
2019-07-29,3.515827914713731,3.742988220231682,3.9725920174371576,4.928662668342029
2019-07-30,0.23723432356139962,0.19787271844951082,0.25014734496508506,0.15357992960545097
2019-07-31,0.056291606149804496,-0.12415611101272017,-0.12737816076295283,-0.09143396638868884
2019-08-01,0.10060848827350877,-0.033138368091203296,-0.035599094917254104,-0.035421575816632855
2019-08-02,3.2973726191667287,4.53338131125358,4.607206557970304,4.553265188263909
2019-08-05,2.6350635166849923,2.4093057150512904,2.939377451660061,3.648318712635071
2019-08-06,0.7804244883021376,1.0310348406542604,0.7609559508401162,0.4233459225787087
2019-08-07,0.7852629076199353,1.0260240887298406,0.8454161095702222,0.5058767944859649
2019-08-08,0.7973701091704257,1.0071314127107105,0.843273673141539,0.6065403835177471
2019-08-09,0.5380841509449983,0.7356508961625334,0.5093719556535022,0.25018123683211263
2019-08-12,0.7738267337176483,0.9116277444162744,0.7995159337334498,0.6441937262293206
2019-08-13,0.9314814323120373,1.0189494363180243,0.9672449581425906,0.8961922663410157
2019-08-14,1.664169591822641,1.5583599242548414,1.6050564664042637,1.8403534700869466
2019-08-15,1.1727118963875154,1.2185327152428824,1.201038501200415,1.2054494445300443
2019-08-16,0.4023484053110435,0.6823403537349787,0.6936677566906482,0.21160101645761376
2019-08-19,0.7105018536600205,0.8640536995653476,0.8623503039356755,0.6364615482032215
2019-08-20,0.8773276215313554,0.9482201208382806,0.939938961432216,0.8470076892479615
2019-08-21,0.6523602139017116,0.7815363012209813,0.8163882127430351,0.5835715170626132
2019-08-22,0.7425213487577003,0.8035752496000215,0.8218380396200138,0.6927878648900536
2019-08-23,0.6675043872595383,0.7667770141301269,0.8284735925865325,0.6016444582848733
2019-08-27,0.33707336553439005,0.49418404134036487,0.6210924887423882,0.25002943998930327
2019-08-28,0.43503867748754366,0.5596432046182857,0.6656969507897494,0.39604579770809417
2019-08-29,0.6023028903211354,0.6734282066858944,0.7402563353643508,0.5934893873938589
2019-08-30,0.14154794609899546,0.2317302382664034,0.33242689154128924,0.11202520325161078
2019-09-02,0.7822661192430622,0.7860551355434124,0.8032540823653758,0.7823325153107059
2019-09-03,0.11417792468612803,0.11665993119803497,0.1834477346679383,0.10288340781997346
2019-09-04,0.09555600719960666,0.10869457236072627,0.190493861299512,0.10786005737048987
2019-09-05,0.26178637138856303,0.258415932325594,0.3031352960563917,0.27805497895946124
2019-09-06,-0.24420164568512331,-0.2160004665140408,-0.06380739027083235,-0.2026566038032837
2019-09-09,1.1047668838914464,1.0771597056571736,1.0089949728842338,1.0571198553561267
2019-09-10,0.06730388477678939,0.11031394065326822,0.22611285876275686,0.0999950266938075
2019-09-11,0.16669229722669165,0.1892983146661834,0.26437691162754595,0.19470173086272974
2019-09-12,-0.023631229833811218,-0.05687483953072747,0.03248649961115668,0.006334563878774735
2019-09-13,-0.1357006184364093,-0.16026942072900757,-0.07650457037858771,-0.08477146514363437
2019-09-16,-0.25817736733909263,-0.28237041988352934,-0.20490815786537442,-0.1865270208261734
2019-09-17,-0.233289764565056,-0.21904482638627176,-0.10745250112957966,-0.17953748777317818
2019-09-18,-0.4070378124924556,-0.37932126005992634,-0.26119268263758816,-0.32569297298249167
2019-09-19,0.21640428770727704,0.2138310227332284,0.22761260377227566,0.21665496175477794
2019-09-20,-0.3985500093416987,-0.39774589648760095,-0.31152138339729407,-0.320779133675464
2019-09-23,0.09409650487762344,0.093519692014433,0.1061422132798937,0.10024157144016377
2019-09-24,-0.17511740939919496,-0.16549638808004696,-0.10176737104553901,-0.13717918529207673
2019-09-25,0.1631004579282802,0.1528325312422525,0.17079283424871428,0.15148529724711202
2019-09-26,1.30469965079994,1.1654601511715081,0.9488916141361368,1.125017452146397
2019-09-27,0.4278241206655796,0.45822898350306374,0.38839410155929877,0.4037085948739265
2019-09-30,-0.5825872064425421,-0.8121852390071697,-0.6940102111039077,-0.5958123419621207
2019-10-01,0.14803906830131253,0.18237743786772698,0.14968779289940481,0.14803966527800272
2019-10-02,8.177946640945114,9.241518057030817,7.530699991635386,8.503469696907844
2019-10-03,1.1723865273935958,1.3168484070924453,1.1501798346714964,1.1169155405822861
2019-10-04,0.7026367756265697,0.971454243325581,0.722519321898643,0.46481322290218474
2019-10-07,0.6303438858238083,0.8516324443080919,0.5857649365079951,0.3952704763552596
2019-10-08,0.6203455193610354,0.8122150252341478,0.5671043103705091,0.4440383737598753
2019-10-09,0.3988764753779571,0.6475409516287611,0.4378279266080609,0.18916423312035485
2019-10-10,0.5389867993259876,0.7281343644508884,0.5647290103741188,0.4261590892308931
2019-10-11,0.7757524748302934,0.8792679930829967,0.7866031529638517,0.7480290552861506
2019-10-14,0.20999582793361285,0.4021818808609625,0.1859807653560802,0.10405542372802173
2019-10-15,0.229555216647827,0.4127028558508562,0.277492595200218,0.15780848458653174
2019-10-16,0.1875758345622537,0.3643479449279493,0.24150587396667894,0.14824983375390804
2019-10-17,0.26206015882679956,0.42166591574417017,0.3685914651065728,0.23688191531923236
2019-10-18,-0.0926967035671804,0.13690525822809926,0.0593523631763512,-0.10182433374952182
2019-10-21,-0.05591398978764811,0.15759317363957104,0.14221080173488443,-0.05200899329016928
2019-10-22,0.3002801507132581,0.39641554526843026,0.38414182656358065,0.30928001051976245
2019-10-23,0.07437573896303606,0.18949594120110314,0.16484373423249477,0.09357050945886813
2019-10-24,0.2665151167673122,0.3129789046943897,0.2935977842697621,0.2767637141585938
2019-10-25,-0.20306827576992176,-0.1694663870487706,-0.23168085672218086,-0.18814824208643133
2019-10-28,-0.2200042530852495,-0.17966789142472334,-0.22931334986176644,-0.18472239993507478
2019-10-29,-0.008760035802500177,0.018649856310218316,-0.01217108582004478,0.022448603769539943
2019-10-30,-0.3017919722723565,-0.24210634461309016,-0.2526979502397449,-0.24479769582840727
2019-10-31,0.4266378240350378,0.4089122777549744,0.41425890664222476,0.4064165318280397
2019-11-01,-0.16475857335259725,-0.036251602882492406,-0.060789420318263676,-0.17396082849403632
2019-11-04,0.3928978996775987,0.4025510436742854,0.3962397442008706,0.3926248187186572
2019-11-05,-0.403879451144845,-0.4173099604280636,-0.48879847746265165,-0.4435201432783927
2019-11-06,-0.4634184724489477,-0.4676796492033861,-0.5490906040890207,-0.47394845758482484
2019-11-07,-0.536170489946478,-0.5256854826742208,-0.6165185203332673,-0.5196041057132532
2019-11-08,-0.3074634371267825,-0.2922703001108928,-0.3545063033712277,-0.28168957565083297
2019-11-11,0.7151190120940478,0.6768180419481528,0.693057391222606,0.7080567131538132
2019-11-12,-0.23689216647999978,-0.18079256837780766,-0.16440973196300362,-0.23144209127543203
2019-11-13,-0.20951624870455476,-0.17731651451299146,-0.173610934197589,-0.2025942789619979
2019-11-14,-0.3385055685921927,-0.29306855455624337,-0.2686134592762293,-0.32389489173888975
2019-11-15,0.4920480838567296,0.458620146128365,0.454491285245871,0.5046366601200688
2019-11-18,-0.6021791166336368,-0.4676711217206583,-0.4154168536157908,-0.6113054541132994
2019-11-19,0.6818628542023987,0.582826768062092,0.566272118887095,0.6753721766342258
2019-11-20,1.0840570551474127,0.8992727577509546,0.8790586532703581,1.0541458399830255
2019-11-21,-0.17703499956575275,-0.08365706222663194,-0.05720284000785303,-0.19492922624725117
2019-11-22,0.9680060496596574,0.7879992127752355,0.7439532067239139,1.0342238204083016
2019-11-25,0.0590738120497768,0.0428622696335772,0.06253402383041462,0.026317684092116655
2019-11-26,-0.4379526810709672,-0.619220109344007,-0.5804930064386989,-0.5904811331960107
2019-11-27,-0.4182560109416967,-0.5534077074597316,-0.5348743469522179,-0.5249175372781336
2019-11-28,-0.4797468766448037,-0.6110182623136441,-0.6107171995152654,-0.5683522602880178
2019-11-29,0.02046634244945289,0.00875388669103383,0.009494198953181043,0.010043656947210766
2019-12-02,1.336057990483467,1.32090923151812,1.2961920649767706,1.5534016036200566
2019-12-03,2.31060912536325,2.1300594990695263,2.018111149011133,2.7927219215263306
2019-12-04,0.03837765122219289,0.25961920947869455,0.1985898326032079,-0.22102696497051944
2019-12-05,0.11041828834157241,0.28777930926234374,0.22925152576211283,-0.062392188586895825
2019-12-06,0.7109181266310249,0.7504356914493551,0.7519180199060422,0.7536084025601129
2019-12-09,-0.007044293200881679,0.022723492196482217,0.006272169491987986,-0.2746731750340208
2019-12-10,0.5914528773444285,0.601607603179285,0.6008023107811973,0.5737378363885708
2019-12-11,-0.02515445520755133,0.024946706107030703,0.06104795558315626,-0.17934623487566131
2019-12-12,0.44833403629970525,0.46294967767411715,0.47169305649240323,0.43898880920685424
2019-12-13,3.8991620143030987,3.8853650442359733,3.824810382956357,4.554453868963261
2019-12-16,3.279615067816797,3.7476012159007563,3.773347307102481,3.85169764496693
2019-12-17,0.24179423207535355,-0.38750364505419366,-0.4308586681284897,-0.03651374666352113
2019-12-18,0.1468855929319255,-0.4362348608269132,-0.4885526750452066,-0.08162429332074622
2019-12-19,0.10082239918943023,-0.4001444732328118,-0.45568838853042687,-0.07175743535782736
2019-12-20,-0.06528364205239344,-0.6254204891594016,-0.7125930192879084,-0.219295307991767
2019-12-23,0.12223494609409757,-0.16532302969824964,-0.1972008962240116,0.04711603461345221
2019-12-24,-0.2572132571739103,-0.8047677119158294,-0.9364951246863571,-0.3464702427716522
2019-12-27,-0.25147061548151706,-0.6845436190860514,-0.7997106862088742,-0.29741144398174924
2019-12-30,-0.17161844614451632,-0.45634475460192647,-0.5240508353017783,-0.18368263788231914
2019-12-31,-0.18365709370030114,-0.3926682991421257,-0.4615101493149243,-0.21303998408958658
2020-01-02,0.19629883746400634,0.15125973690366779,0.1478387916791506,0.18414564940432832
2020-01-03,0.08582588367211408,-0.011868814788004833,-0.023891745532851782,0.06533419011122621
2020-01-06,0.4183167467109198,0.47057917922681547,0.5120343139514183,0.4186735655139393
2020-01-07,-0.3915298517942456,-0.5371441929006529,-0.5530291737289634,-0.4157887605564774
2020-01-08,-0.31608336249495084,-0.4127787891412923,-0.4280779021839591,-0.31547712163777425
2020-01-09,-0.40026680749540977,-0.48147416935756115,-0.5067093235105945,-0.38131792761226985
2020-01-10,-0.5312059377298983,-0.6162561921346424,-0.660812582253792,-0.4957487565125542
2020-01-13,-0.481613359710374,-0.5349650095707792,-0.5558100753156296,-0.44201674148059233
2020-01-14,-0.3448606952038269,-0.3815317872228954,-0.401361717995503,-0.3143391902186655
2020-01-15,-0.8592825234626862,-0.9256133090641954,-1.0035236315832836,-0.7799239314342914
2020-01-16,-0.47347880846648316,-0.49789730606961446,-0.532217858292394,-0.43132237625625436
2020-01-17,0.08513109995274593,0.08756399308411833,0.10243687952779856,0.07328640431757694
2020-01-20,-0.6747009219850446,-0.8055042457691978,-0.8698870287464009,-0.6745088426475568
2020-01-21,0.7460282989980644,0.876879093538746,0.9226436032177996,0.7475937591007167
2020-01-22,-0.07314220711131592,-0.07571610123324424,-0.07519621682160005,-0.07525200478570182
2020-01-23,-0.17840626918043068,-0.17599654478417126,-0.15808824241002417,-0.18946926202589143
2020-01-24,1.8034314683301886,1.620238417669403,1.5189705082349518,2.0788503828349447
2020-01-27,4.087714980149923,4.5017682712259335,4.3110031608777435,4.925304557371451
2020-01-28,0.4641190696562462,0.6365602605097469,0.4445560868601938,0.25849946651745587
2020-01-29,0.20891911816524739,0.3713802284575475,0.11197651079012343,-0.08295446061059378
2020-01-30,1.0457190984707008,1.0432909233265524,1.0649970436189782,1.146545073396606
2020-01-31,1.019040869691894,1.059387910148193,1.0225171983734422,1.071687602749875
2020-02-03,0.4613259420508733,0.6842269111230949,0.5981594236595049,0.251106692464815
2020-02-04,0.8931726958127306,0.9717094466045935,0.9302441159718176,0.8895549670504892
2020-02-05,0.7594556722913783,0.7915779453142547,0.7310827591909727,0.6650478069203646
2020-02-06,0.23729126467622186,0.289410704536548,0.15532361653692797,0.02294976970928339
2020-02-07,0.2595082406843461,0.3101655923861195,0.1910093129535208,0.11450335496497208
2020-02-10,0.014042974951119336,0.10110624792755073,0.029941758065438154,-0.14414647065658587
2020-02-11,0.3411387570748333,0.3980912749200471,0.38422622249624194,0.28094151480546165
2020-02-12,-0.04218432815513806,0.012253236964953507,-0.022440978707933573,-0.1337819642598055
2020-02-13,1.122772784563106,1.1009275027991816,1.122822129183982,1.1618561779730316
2020-02-14,0.16904264459472707,0.26201365806444654,0.26120524970396475,0.09625787359183974
2020-02-17,-0.1261709843466617,0.02449475566425191,0.09257486795039002,-0.21716751341806992
2020-02-18,0.243563919803039,0.3210326501434684,0.35393325284778276,0.2181007178328786
2020-02-19,0.23521105903533152,0.3285638898745228,0.40193169407613943,0.20911523684586503
2020-02-20,-0.15018548154051095,-0.09395832953085576,0.0023412490450054058,-0.22125754649895313
2020-02-21,0.023659955878183647,0.07455870184294167,0.1764971106859765,-0.006820473470286581
2020-02-24,8.694074930373786,7.820409362493848,6.422537964466542,9.008413181737525
2020-02-25,2.060283760820918,1.983083159671993,2.028233987486399,2.3541680734822736
2020-02-26,1.8017519390068686,1.850877134866831,1.809148453294549,1.920146997477103
2020-02-27,4.619572756099586,3.683487883607371,4.089766687615682,5.853349777599934
2020-02-28,4.13996566190324,3.5037872899141784,3.8056753562970367,5.311514672406885
2020-03-02,2.995268734893779,2.8547934375718733,2.881966602343757,3.459965346822453
2020-03-03,2.0857181696971954,2.2347881445595537,2.1438175275376463,2.0802375439918768
2020-03-04,1.7679676826693318,1.9856591688877152,1.8495947513842184,1.6684674691625059
2020-03-05,1.8823431294967858,2.014516435392377,1.9087827374015784,1.8457276644880944
2020-03-06,3.1760178178030296,2.9034763483830677,2.990609332565456,3.523983019273127
2020-03-09,8.726042965651887,6.653071696420641,7.351011149088114,11.301321977711986
2020-03-10,3.214923632984801,3.3734247182385637,3.2274994081343666,3.2423759080181513
2020-03-11,2.8122097934381873,3.0799297094924043,2.8365478088969827,2.671861732016924
2020-03-12,7.63094981491422,6.0190039829829844,7.110449565949187,9.72623757197054
2020-03-13,4.242102578601368,4.29944979885664,4.244264631597319,4.480594263867229
2020-03-16,4.4745789847142685,4.4036866766413105,4.516383679701721,4.852979822086265
2020-03-17,3.741716813450252,3.9375346571793526,3.7520809038938485,3.7054138953543028
2020-03-18,3.5311788853540644,3.75548347881491,3.515361835077765,3.437280867619757
2020-03-19,3.343142750484822,3.639990718482724,3.3879909722653103,3.189451170661771
2020-03-20,3.3562706042015713,3.6066690526023555,3.372199344667661,3.2679477950782
2020-03-23,3.389081145866404,3.58681740547567,3.391247973278337,3.3527859522507075
2020-03-24,4.557326842911448,4.312129191941263,4.458009366635226,4.73737068387633
2020-03-25,3.6882987708104342,3.6828375595093714,3.6037246319405205,3.6156072600279443
2020-03-26,3.5577082154537703,3.5108622111750556,3.3978818560813844,3.4596733152149355
2020-03-27,3.952276594022892,3.963738110244644,4.229289381764231,3.978035285013193
2020-03-30,3.2644007458031497,3.276608194353331,3.0174237571403393,3.130694643497569
2020-03-31,3.0147681835546747,3.0384337415189195,2.6905299469360373,2.909022672959677
2020-04-01,3.2461430998386973,3.2554521964809253,3.0781670010333837,3.2124286191647076
2020-04-02,2.9321666120320495,3.0075423609816623,2.728748502944579,2.885647558233607
2020-04-03,2.682200718433462,2.782120726464257,2.4255973792086296,2.6919802686691154
2020-04-06,2.795317028723797,2.8873925592998244,2.6559823469274764,2.8462805677353176
2020-04-07,2.8304093078361037,2.8641656667767617,2.649054664482938,2.89001559574104
2020-04-08,2.511966086355572,2.529878540330739,2.1846272596982446,2.6303332334474505
2020-04-09,2.558195664590701,2.5846031565157337,2.3347649331852267,2.7041893485629984
2020-04-14,2.372621239401439,2.33122001358519,1.9862544232162616,2.555437625999991
2020-04-15,2.733271480807422,2.723709539917979,2.645513609809459,2.85553841980879
2020-04-16,2.2279821170769827,2.300109614247186,2.0554914237478945,2.4453820900121745
2020-04-17,2.665556312457371,2.7000707820563687,2.6089818134441796,2.798475899183101
2020-04-20,2.2040832426653227,2.19267567134577,1.9408979826276236,2.449697693471172
2020-04-21,2.374282192560899,2.373856433435604,2.2319193937627997,2.5873554907846077
2020-04-22,2.2194096069362272,2.287997330567952,2.1177336200883627,2.458253578797253
2020-04-23,2.069758621398883,2.087645830863979,1.8686446672520285,2.3491689991522753
2020-04-24,1.943739268308713,1.9616048495631477,1.721283482285824,2.2782014763480385
2020-04-27,1.8869696812302816,1.9309795694384557,1.767215075502275,2.2466142446326485
2020-04-28,2.0209934429141145,2.0281710240793194,1.9017276646041976,2.3297456537294488
2020-04-29,2.223444165604331,2.2055199846785003,2.154454702262403,2.4467184779308306
2020-04-30,2.8931239604666157,2.9819961696440465,3.2311766407661127,2.8695318073735967
2020-05-01,2.2017484283234046,2.2138846121991707,2.0812260511616807,2.389753826266228
2020-05-04,1.911132755308721,1.9904179885478024,1.8524164765244178,2.1643001005462255
2020-05-05,1.9074049716523267,1.9882905165631364,1.8693412249012233,2.1824032829053537
2020-05-06,1.6343050365586114,1.6933409907627237,1.5172644079981166,1.9977630659037184
2020-05-07,1.6240944031055318,1.6899518532372306,1.5249214531411819,2.008678151929083
2020-05-11,1.6235674217273852,1.6552613408273498,1.4924621667883429,2.0068440320779386
2020-05-12,1.5336713978505716,1.576047290061196,1.4147465134596793,1.957448171393879
2020-05-13,1.46621206911359,1.4988075361491446,1.3373820836530188,1.9146550228028336
2020-05-14,3.2242827733152697,3.1168095523025445,3.2750009624840013,2.8651630460484343
2020-05-15,1.5524422784637175,1.7120751079381207,1.6221064099562659,1.8975599057440315
2020-05-18,3.2918088216016264,3.1110545024251666,3.231399108152567,2.9626904731959804
2020-05-19,2.017993514643736,1.8685231836332652,1.8066383680643692,2.1520056028391727
2020-05-20,1.7591211992244125,1.5768433223371814,1.5127040962777958,1.965182916627514
2020-05-21,1.5708955826324895,1.3494601903861896,1.258751953023002,1.8394846591655079
2020-05-22,1.7281540971879457,1.610071361626985,1.5916312626677902,1.957597154931146
2020-05-26,1.7304250507786225,1.6525754935347394,1.6510243304652987,1.9587577965972827
2020-05-27,1.4065766548744927,1.2423207742400204,1.2278265682190468,1.7462762204455688
2020-05-28,1.2882442800550977,1.080090377748878,1.0522144020548536,1.6673561974558777
2020-05-29,1.8808445204129571,1.9210502177603133,1.9442302850794921,2.017530874413703
2020-06-01,1.416916098628222,1.352727900580511,1.3069487541400227,1.7039354583105142
2020-06-02,1.2089622758899137,1.073029815291546,0.9970470182901578,1.5594813265938243
2020-06-03,2.020204211546781,2.054687461000892,2.0975101551711317,2.0784486944823506
2020-06-04,1.3235829695779993,1.0116003969521594,0.9232526186894863,1.5939260588890558
2020-06-05,1.707911950517591,1.6626903538473798,1.6693262273540492,1.8631409863753297
2020-06-08,1.301051781898857,0.9059432795256053,0.8545406333714267,1.5574598592985214
2020-06-09,1.7139611611532806,1.7295468714668218,1.7527157352743188,1.851817295744976
2020-06-10,1.3127302816827273,1.1377465227654433,1.089391584913112,1.5454008122149272
2020-06-11,3.3163476354725994,3.7226266837615194,3.865207857319602,2.9422984477321927
2020-06-12,2.2778451389092376,2.3063846667039254,2.2679496885493875,2.2877832048637172
2020-06-15,1.9282212367073717,1.9927721733455532,1.883811971947022,1.9780686801071579
2020-06-16,2.770931042393678,2.6900509359536535,2.8053077128419392,2.689975519078347
2020-06-17,1.475815482027516,1.406200084837372,1.188601288537948,1.5558770806936837
2020-06-18,1.4864357721207102,1.4406952846543664,1.259687155149444,1.6029011244435911
2020-06-19,1.374764430157886,1.3451881001549055,1.199056302316561,1.53450252936207
2020-06-22,1.2470814821286753,1.1941522914773288,1.0254023272218418,1.4464521213714674
2020-06-23,1.2659543002304257,1.2429879930429737,1.1529090271922606,1.4720480626845995
2020-06-24,2.3794918827315787,2.4278247281552816,2.5583333894063935,2.284509888440545
2020-06-25,1.7076441808038587,1.7813167436427308,1.6748768165791232,1.7667329532174467
2020-06-26,1.4882267450080602,1.582887084196004,1.4472455842000391,1.5966769206862343
2020-06-29,1.5505691505704755,1.6257112738044994,1.525471649729123,1.6596294615244347
2020-06-30,1.1885377800978865,1.2845367713796072,1.10916287163138,1.3837381041469008
2020-07-01,1.3879407516778381,1.4627006728348093,1.3896969817013702,1.5343394235485077
2020-07-02,1.1536396064663674,1.2561943364329036,1.177196857272974,1.3682036206275439
2020-07-03,1.4226819528039203,1.4486647950546871,1.4104125964877134,1.5481144987729047
2020-07-06,1.696819940640429,1.7010948808447466,1.6965304048864405,1.7342282162525913
2020-07-07,1.2512001721310821,1.2164439328122651,1.1746362170932994,1.396591130877754
2020-07-08,0.9598714431402965,0.9792852429170434,0.9662051720200102,1.1531254330465237
2020-07-09,1.5925842051499224,1.597936309896026,1.6045792913831711,1.6489931474056583
2020-07-10,1.2606053667423178,1.331776563571645,1.3796128770119513,1.379972316359202
2020-07-13,1.0746632512209242,1.149592000096477,1.1921744869280517,1.241835869915621
2020-07-14,1.0164216949514928,1.0410680346681858,1.0697801089792163,1.1929278832662324
2020-07-15,1.6552178925413523,1.6490706744192032,1.6470319924576355,1.663793275786749
2020-07-16,0.850370388777973,0.7491724803877039,0.7556062459929571,1.0513313501430734
2020-07-17,0.743874918215689,0.6700810251389628,0.7339587731911937,0.9795568750017821
2020-07-20,0.7695958382148249,0.7037952142105339,0.747436157421759,1.0074024711468363
2020-07-21,0.5810314168351941,0.5271146778379676,0.623494765058118,0.8797397996796603
2020-07-22,0.6181717436532888,0.5864780655454553,0.6578916900760264,0.9092001729474402
2020-07-23,0.5810869152717949,0.5926939109457925,0.7106807476391779,0.8675817508109451
2020-07-24,1.1876509881202335,1.1846394616543463,1.1886246446998612,1.2445878971500357
2020-07-27,0.32799810419711306,0.44873982899302983,0.6036796820611277,0.6578268684848663
2020-07-28,0.4766764449155796,0.5772627547062885,0.7268082751590382,0.7614938316579627
2020-07-29,0.13360084627735133,0.2712080731547018,0.44762348307001076,0.5412398330975412
2020-07-30,5.349674367135786,4.6447227681585295,4.046358998018431,3.669329915070482
2020-07-31,1.918184266865149,1.8124108340535536,1.810784791608148,1.839939983516092
2020-08-03,2.607811328505682,2.3227207158423298,2.2894015324464947,2.47998378735561
2020-08-04,0.9094597370216517,0.9233256534917462,0.9515617732677568,0.9189499725910351
2020-08-05,0.8641001477584568,0.8884748175982347,0.9080665273910045,0.9131224799759219
2020-08-06,1.426053561644549,1.424111090332771,1.4245875073679457,1.4363972822918916
2020-08-07,0.6552268775990608,0.6971831515122464,0.763146122704062,0.7210774625382989
2020-08-10,0.7257880268174801,0.7702277685434686,0.8167342500264939,0.8174901497288722
2020-08-11,2.0328485384006125,1.9801877543817914,1.9481062520959402,1.9211839097118246
2020-08-12,1.7243458130730214,1.782569090180162,1.7680046733260508,1.6944473896747207
2020-08-13,1.0364602005858286,0.8672938585975639,0.8667017511476416,1.0536592203890445
2020-08-14,1.7837369876096916,1.8498530357597893,1.8385828512343183,1.7824982337809347
2020-08-17,0.9620951788352945,0.9134742210495628,0.9558116141861741,0.9509556536358154
2020-08-18,1.1077406663580085,1.07636550293193,1.0963447887874485,1.1227906367221534
2020-08-19,0.7770239776819412,0.7582711111267864,0.8467061185339174,0.8207824621518409
2020-08-20,1.0865312109852112,1.0776207625373542,1.1120577535477163,1.1228922353717943
2020-08-21,0.9598690698063976,1.0077356929920733,1.0780854105977888,0.9857455481558947
2020-08-24,1.312751059970681,1.32373789470796,1.3531675859668346,1.3232746528689692
2020-08-25,1.681057104024482,1.7058670083905043,1.676348347872634,1.6714846994883068
2020-08-26,0.6663627530160561,0.6547808966794249,0.7934748744098203,0.7092521102012916
2020-08-27,0.6093152736598422,0.6111142912615481,0.7324126839842083,0.6905847819170127
2020-08-28,0.6506875289822798,0.6784090784487452,0.8317463099029556,0.7359784007672561
2020-09-01,2.0770844775576487,2.0156808418659615,1.8679914787263499,1.9571968388919305
2020-09-02,1.2705054568975813,1.3008296678518643,1.3785768389783226,1.277628585473585
2020-09-03,2.14582162793738,2.1010102998503726,1.994144022152982,2.1079797950151065
2020-09-04,1.5166398002246646,1.518222610347105,1.5591893475391945,1.516140782842611
2020-09-07,1.9437221269528402,1.8689248279410182,1.8348829596081004,1.9286790852529214
2020-09-08,1.3777770151327597,1.3411072618551863,1.4014230338421105,1.3578058001291442
2020-09-09,1.2240472968178353,1.1845333464907246,1.2613271672167095,1.216885662908536
2020-09-10,0.8999007703988674,0.74749569841703,0.8858837537996636,0.8869040181414106
2020-09-11,0.6990041018987203,0.5361665118100073,0.7125512377539274,0.7242949445728118
2020-09-14,0.6566233113835631,0.5127374001998315,0.6622135097654269,0.7135962558667455
2020-09-15,0.9632603554595611,0.929293536913041,0.9737681662857636,1.0037157902278429
2020-09-16,0.5348400574407125,0.31468811383765194,0.4555979308300556,0.6170778366452327
2020-09-17,0.6938729170724831,0.5852738080591832,0.6868018769295334,0.7699147998377291
2020-09-18,0.289261878367986,0.10598454762142359,0.354745967249796,0.4384938042602228
2020-09-21,5.3139207919030405,6.13242088473858,4.55225859789487,4.558408313785861
2020-09-22,1.0890227303726323,1.2763136466103853,1.1601501338249958,0.962440901706203
2020-09-23,1.7871494244937773,1.7970848881034065,1.7834952396064612,1.8071194380201316
2020-09-24,1.1402087556812939,1.2469145895885922,1.144311022443671,1.0922096707387645
2020-09-25,0.941127859523484,1.1114834215370912,1.0482329950523963,0.8782489847546917
2020-09-28,1.2931052454115235,1.3713999643066104,1.335885592646407,1.2849805100738358
2020-09-29,0.8061596170004788,0.8973905700820298,0.8082461350538827,0.7792563231430133
2020-09-30,0.8467239011139898,0.9364779232133025,0.9042999207886171,0.8515486013279877
2020-10-01,0.7835363077351923,0.8833072122534673,0.8947674692079277,0.8122536483843485
2020-10-02,0.9523778600451804,1.0151809549675825,1.0182847197694058,0.9864163715688161
2020-10-05,0.6087197963801652,0.7126469566197415,0.7100491533013534,0.6943333475450624
2020-10-06,0.5196001370448122,0.6090155829020686,0.5969925172105907,0.6264761657892866
2020-10-07,0.21263738539914895,0.341430040107362,0.3198019849008911,0.39180637399978313
2020-10-08,0.5126484483407234,0.5859247900456772,0.5776372137326132,0.6318162829551259
2020-10-09,0.2696671343654987,0.3599957518803168,0.34107349652004654,0.4477554784525846
2020-10-12,-0.036546487222586854,0.06092156232210849,0.022479635475482318,0.22047125413772725
2020-10-13,0.1272212068723627,0.20507709175749528,0.2065968535536992,0.3367326718313255
2020-10-14,0.6485657349454138,0.6535717661141116,0.6650986323917593,0.6891673418224371
2020-10-15,3.1749943302866206,2.7244731492927627,2.4592970145464244,2.453986890035806
2020-10-16,1.0762201337849686,1.0801980898114607,1.0888265328501578,1.0673822394621444
2020-10-19,0.8084920090495816,0.8284610826273742,0.8360902576029383,0.8192141639433194
2020-10-20,0.3008870272117345,0.373205808856898,0.4465954537080731,0.34598453009606583
2020-10-21,2.0044398945105493,1.8880581350495584,1.8168360126226935,1.892655141676699
2020-10-22,0.7749017012615305,0.8997244321843587,0.9058937603042643,0.7514422928736084
2020-10-23,1.1293772314033637,1.1537253638556875,1.154109305410739,1.1295221508711684
2020-10-26,0.8252272963081658,0.8671852633758517,0.8592466199452026,0.8182066750723141
2020-10-27,0.7305982324857816,0.8177675457537963,0.8460071935194555,0.7119134714640154
2020-10-28,4.089933076946375,3.5397413420082753,3.3056850594496483,4.245433641329619
2020-10-29,1.033772794696537,1.2426979515530983,1.2390025948491203,0.918141497841833
2020-10-30,0.742924514245697,1.0109792492048246,1.0016807440002589,0.6250923442813121
2020-11-02,1.338573893053174,1.4054605943141767,1.4033903121058207,1.3402575596801527
2020-11-03,1.6976654527527861,1.6619997815930976,1.6634390153902028,1.7368818233509529
2020-11-04,2.3607952361251607,2.4552926148750425,2.516124231425296,2.5231321118767074
2020-11-05,0.818912908505814,0.6044109235556268,0.5334750051738617,0.6660413807644794
2020-11-06,1.0619749491928339,0.9550278140977462,0.9217498660365888,1.002967047944162
2020-11-09,7.979099255963389,9.617166810134426,10.531837051406166,8.437442716528132
2020-11-10,1.7048047175288037,1.4270750564560928,1.4960916466493868,1.5304546275787776
2020-11-11,1.5473196671307012,0.9732705158959408,0.9777441700767187,1.3441248926251435
2020-11-12,1.4097968702606083,0.6546109121267298,0.6071598108804963,1.2160754734828678
2020-11-13,1.209156750885877,0.28157306146018113,0.20848609904016785,1.0347628314442492
2020-11-16,1.7003492287429882,2.021174948565406,2.0744619725495985,1.6671758960200076
2020-11-17,1.4267275785328875,1.247487384888644,1.2827868444603732,1.3624671105137436
2020-11-18,1.0730502925503522,0.36451874428187975,0.3707328182649238,1.007123624366629
2020-11-19,0.9881124234938119,0.3479814871692275,0.34684127360473244,0.9701479061760088
2020-11-20,0.8727427824956261,0.25202619994464154,0.2977383233042789,0.8849449619507379
2020-11-23,0.8083370205577692,0.2699680930423324,0.30064611627870574,0.8641209236022951
2020-11-24,1.011243835257773,0.8643509008483323,0.8529324087812248,1.0721805120757517
2020-11-25,0.9729901291049544,0.7360778440600916,0.7300925947742347,1.0281444916009788
2020-11-26,0.6641730827776537,0.15019292443277166,0.22757846775539858,0.7687530337051518
2020-11-27,0.684996582952838,0.3321406697164794,0.40510966503302465,0.8052424480992728
2020-11-30,1.589347079116917,2.2522380314576878,1.9704089141251593,1.538034474623959
2020-12-01,1.5336018164388516,1.654498694304279,1.61620291683129,1.5184511632691529
2020-12-02,1.038277669274259,0.8907088381508959,0.8933992632674781,1.0694399644991415
2020-12-03,0.6758619386534234,0.2303502083563396,0.23872463610921615,0.735010322073721
2020-12-04,0.650902139500912,0.28308939754304896,0.2820837098387555,0.7417855823199232
2020-12-07,0.7205218532323336,0.44355854750927554,0.4380610789855993,0.8115599278479939
2020-12-08,0.3688339827018081,-0.09625670389240792,-0.12110862706544717,0.537800793162036
2020-12-09,0.4016326929043586,0.07199919899751706,0.0512835504969924,0.5832110463211295
2020-12-10,0.5131887880978606,0.3580925363350377,0.35494765432813047,0.6751748320429116
2020-12-11,0.5974594491935429,0.5585515986867575,0.5791139292106043,0.7323031098421352
2020-12-14,0.2105783604129951,-0.016742844472158458,-0.02250279148176465,0.4397506834962406
2020-12-15,0.3628445183480417,0.2578580225720918,0.2652773556982807,0.5468429040489377
2020-12-16,0.5187387789715932,0.5081300483273378,0.5021514585344258,0.6428094126011561
2020-12-17,-0.013772778926885443,-0.2607886058311838,-0.22448449279573413,0.26562582848886007
2020-12-18,0.5296594064751208,0.558246780471127,0.5343454460227293,0.6264010272225926
2020-12-21,5.909111570351018,7.672341700433516,6.5105469453922185,4.139637686328818
2020-12-22,0.4517505796810358,0.48250378924391135,0.4590298927637083,0.5318116729604294
2020-12-23,0.2879292663192773,0.312913745569225,0.2774688539232699,0.3995923755914067
2020-12-24,0.06439546351745529,0.07089839716680102,0.013687697993742143,0.21924041842195469
2020-12-29,3.139303033961903,3.072709367987918,3.292035241534493,2.627989364552847
2020-12-30,0.35863719589139303,0.2295424103409876,0.18516338658228298,0.4281138605650495
2020-12-31,1.1882827452028077,1.2707180279522916,1.2879977536252514,1.1584009114510467
2021-01-04,3.3361078980479477,3.3039911792603562,3.3978012453488935,3.2822421571460794
2021-01-05,0.6277355177517261,0.4942911160215667,0.46296393513551193,0.5977856161601459
2021-01-06,4.390287189136693,5.400979656738047,5.808221298187975,4.43057744633299
2021-01-07,1.2226136748549792,0.9071467209233957,0.9339486870149074,1.0792032384166794
2021-01-08,0.8015157477071558,-0.040505119161712344,-0.14643659055482844,0.6210277597158371
2021-01-11,1.0593251139567246,0.8617948668872,0.9189265932217612,0.9884239505344892
2021-01-12,0.8332492003906578,0.40282069285504596,0.36692058421380763,0.7452352208719195
2021-01-13,0.5378485865573002,-0.03805218611301463,-0.038340695018461726,0.45842803291280343
2021-01-14,0.5912797611874903,0.1816539531979401,0.1949668366806567,0.5669799887506373
2021-01-15,1.2262688202905645,1.4114922210666236,1.4102391558961558,1.226266696875677
2021-01-18,0.33521606392385483,-0.08334983599610297,-0.030808151562997835,0.34033738820794557
2021-01-19,0.5241600622135112,0.29075783729534027,0.3376434619459693,0.5589688285622734
2021-01-20,0.27726572396923505,-0.009166892751798106,0.07128877679163803,0.35802214276026334
2021-01-21,0.2713782277015409,0.03474284311613074,0.0905720696193939,0.37426272541962935
2021-01-22,0.24735955418855576,0.06295596002614967,0.14465917618482638,0.364718185709984
2021-01-25,0.8815476832364407,0.9631987405510505,0.8941135325537697,0.8832714262910553
2021-01-26,0.22539999922797002,0.13718570084702542,0.26486394451204576,0.33929260865022404
2021-01-27,2.4410265954202472,2.736450404115701,2.324538217279014,2.1021412790610463
2021-01-28,1.4680177859327412,1.449490642086665,1.3773502326903404,1.4059044977233128
2021-01-29,1.5518204805226,1.5022788455039662,1.3999858483922902,1.470483179914957
2021-02-01,0.7168297844420394,0.82187426905556,0.8798218017962144,0.6999982078041597
2021-02-02,0.34432172771258107,0.46582051484766895,0.534604597351616,0.3255261792028322
2021-02-03,0.6065914729832101,0.6597057267555737,0.6952228840849204,0.606684476745996
2021-02-04,0.4456448435990819,0.5130542704580818,0.5647326387565751,0.46847938440491876
2021-02-05,0.20541997927739628,0.29914767330254427,0.36638353184482986,0.26333818423987004
2021-02-08,0.410680082110754,0.47029257951583425,0.5318342189006549,0.45699461863253
2021-02-09,-0.14866791237588506,-0.03401125653634399,0.06534919010528598,-0.021747435259942355
2021-02-10,0.7709493703159437,0.751999299983682,0.7535144016633231,0.7512776755304464
2021-02-11,-0.313753636806553,-0.1792011575062416,-0.07765003157064534,-0.129346461603968
2021-02-12,1.1107135494928384,1.0010054926115164,0.9598809281815286,0.9687201726118233
2021-02-15,4.31534407836987,4.196764070466352,3.9046227126376873,3.607428527596458
2021-02-16,0.4299165701919874,-0.032037080480159075,-0.020416268441860952,0.33504490980899965
2021-02-17,0.31458856786425315,-0.13558689859058082,-0.11327682714455234,0.25366784483687344
2021-02-18,1.389485685767557,1.9691140325860248,1.801085344985926,1.4144209266575634
2021-02-19,0.26166543455124097,0.035687577788067554,0.05856411814725904,0.16704671023481557
2021-02-22,0.5153596740310589,0.4119909116230413,0.41840680781192413,0.48572375925863687
2021-02-23,1.202212541317663,1.3067975992421388,1.274596800720958,1.2087798086187358
2021-02-24,0.7569454519713699,0.7714165338378991,0.7648990204100792,0.7580410201374066
2021-02-25,0.08181107194429887,-0.04392285213375713,-0.03220876681627188,0.11692677119754388
2021-02-26,3.884446220974888,4.5692674220697995,4.4036547610488475,3.5990417627139277
2021-03-01,1.3416523419950268,1.3567331659843824,1.3465087333055419,1.373895757737889
2021-03-02,0.9494326417712484,0.9640572924233595,0.8496847271906669,0.8658700455291305
2021-03-03,0.7988926344168517,0.8185001217596046,0.6847312652730391,0.7235744390486255
2021-03-04,0.8166258017328707,0.8108832493253361,0.7069465756986241,0.7622624776323572
2021-03-05,1.7368690633408461,1.731165766296209,1.9312421709155323,1.802508224895271
2021-03-08,1.0471216362313858,1.0477142910565478,1.0595286790243283,1.048508388579605
2021-03-09,0.7804367312147581,0.7435182418827132,0.7092485457563011,0.7566325993491148
2021-03-10,0.331872021099392,0.2608121261043302,0.12987593162071592,0.31264897621560256
2021-03-11,0.17749368063014567,0.11481975868331079,-0.01927485850015942,0.1894763664356357
2021-03-12,0.11821028627302743,0.07126367661356442,-0.05757855737034617,0.15996868609013
2021-03-15,0.4042102861870207,0.3858166815448012,0.34849230145805965,0.43706907571751974
2021-03-16,0.07471983885758426,0.05186405973128566,-0.03040494858727294,0.1502497682823345
2021-03-17,-0.07791092535603722,-0.1574097071028842,-0.2778819077245869,0.01083814258826804
2021-03-18,-0.1036639815423977,-0.1414935603423811,-0.2038768769134056,-0.017696644000113337
2021-03-19,1.2511598618340019,1.285792404650842,1.3896046149662387,1.1521895478312345
2021-03-22,0.4036441900029191,0.42187750642942995,0.40742519899941637,0.42063067275873406
2021-03-23,0.006918689488140839,0.052538344358021405,0.013926361001291132,0.06487700775204974
2021-03-24,0.20100132551636496,0.2340898200668392,0.23531586006764554,0.23727267456229612
2021-03-25,1.256586875073742,1.1611887306551374,1.168261878413961,1.1409383860323863
2021-03-26,0.04658757666015689,0.10327037238200293,0.13241810893040118,0.09493270775325413
2021-03-29,-0.15923067749463404,-0.1662004866895504,-0.1434253053930752,-0.10914166911838463
2021-03-30,-0.05458849381047681,-0.05145396404447167,-0.031533462278306,-0.00530876528009272
2021-03-31,-0.07876313915366939,-0.0889095109170529,-0.08064254163680462,-0.02771695090914117
2021-04-01,-0.19402610821201305,-0.14907614090462618,-0.10963025404091875,-0.16312871863604356
2021-04-06,1.0612210772985904,1.0143108594796613,0.9894971402407583,1.0107670980979826
2021-04-07,0.2193714033216273,0.1670321535151047,0.16755894437316265,0.21116663586551254
2021-04-08,-0.045223268720130716,-0.22156688002432412,-0.23579496231682662,-0.07011507660197491
2021-04-09,-0.20513783249329576,-0.49733969588674143,-0.5406332482283227,-0.2392198381733512
2021-04-12,-0.005397851849462454,-0.14852789165985958,-0.14539807083492118,-0.01771160919968323
2021-04-13,-0.3819341405335449,-0.6017995394780378,-0.5410597642840396,-0.3886684746035074
2021-04-14,-0.09762186332947309,-0.190565239326705,-0.171853878273301,-0.08599532004850452
2021-04-15,-0.20314663406722933,-0.35460897889913834,-0.3462547822131288,-0.193529411260142
2021-04-16,-0.23987190005245423,-0.4163887377488671,-0.4233583067078688,-0.2291746479101352
2021-04-19,-0.14671178928865958,-0.2695597342156042,-0.2795219852819386,-0.13315317169587515
2021-04-20,2.5875510091091867,3.495766895074751,3.479909273049799,2.488177574429116
2021-04-21,0.14443008616278363,0.264981078096405,0.035857102654183126,-0.02129539251618351
2021-04-22,0.052428093324694724,0.16322096649749382,-0.07690227389674664,-0.09109190100194042
2021-04-23,-0.03741485320943852,0.05124415997097345,-0.20705069514574764,-0.16577322250109505
2021-04-26,0.0072251495470041505,0.09083838550688428,-0.11806228822244302,-0.07066003847434366
2021-04-27,-0.19891129892262893,-0.10163296563320773,-0.3602851822451418,-0.26785157320274033
2021-04-28,-0.2905582861886268,-0.17813143161317993,-0.389291887837923,-0.3404651644627109
2021-04-29,-0.01610948294011305,0.05082476656316404,-0.06696128149810343,-0.029719453548844532
2021-04-30,-0.09590384563337795,-0.02371775667503284,-0.13792180609339666,-0.09740250772467307
2021-05-04,1.6312903312260367,1.4199051104692355,1.8049703944859323,1.597097106586095
2021-05-05,1.6734866224271534,1.4237189218732202,1.6211374963239824,1.6934476666849727
2021-05-06,-0.08452840901675093,-0.2835074962291061,-0.4229253105987906,-0.20916482438753503
2021-05-07,0.08538869115079312,-0.042801826662016484,-0.10966264781496748,0.01683201939039425
2021-05-10,-0.02624187467421013,-0.21451567219291257,-0.31793861516240474,-0.1033342225304209
2021-05-11,4.901668837004683,6.58061431126239,8.406885333092305,5.347916274875315
2021-05-12,0.6261475755097654,0.7414911446493008,0.4764903954739735,0.4532195685077595
2021-05-13,2.26213888729656,2.1257535360497495,2.762512152170415,2.6870548103542533
2021-05-14,0.5816841970263864,0.6738802187036339,0.4919836395935237,0.4660500185030705
2021-05-17,0.5053097041274444,0.5407422653115722,0.33280982748095594,0.369573390375189
2021-05-18,0.37983236514397095,0.4275688140242283,0.22748934055503695,0.2624759331730866
2021-05-19,1.4452285263748241,1.4015735010188195,1.6376212584043923,1.5498427173023193
2021-05-20,0.6326985076215431,0.6992602259847478,0.6134102387369097,0.580491185309949
2021-05-21,0.20480544061896233,0.26491682310157555,0.07789026537185889,0.07584771741834986
2021-05-24,0.012051221267809165,0.09280836858626182,-0.11312177862832012,-0.0961611837024619
2021-05-25,-0.0793472586664826,-0.005348544761297619,-0.2244983572619086,-0.1586474026584005
2021-05-26,-0.019929630493199124,0.0576213340036166,-0.07541873023543127,-0.06342766730256455
2021-05-27,-0.25513147748442633,-0.15035657691120036,-0.3004612056618876,-0.27456096622262083
2021-05-28,-0.33855421826499477,-0.22165368771597582,-0.34850035576251837,-0.3288047994067649
2021-06-01,0.5932235640408868,0.5794829799488721,0.5939446184730994,0.5864014940833813
2021-06-02,-0.262378726724387,-0.2300499701399975,-0.3551994335165267,-0.24315544802882255
2021-06-03,0.5715858587227669,0.5648572679041486,0.6183110971609582,0.5631433318844554
2021-06-04,-0.4854701432065024,-0.40874713325253353,-0.4928734205404288,-0.4578684448609528
2021-06-07,-0.2517612847431693,-0.19298963207072428,-0.2536594030668515,-0.21746408757821462
2021-06-08,-0.46883105463793723,-0.38662966667388077,-0.4704361746632233,-0.40769173229863476
2021-06-09,-0.4499074530333786,-0.37563832081083737,-0.4592725888027364,-0.3839943867241121
2021-06-10,-0.6842393689899702,-0.5775550834572484,-0.6465489888690777,-0.5925505044495007
2021-06-11,-0.47816920376798944,-0.40169961034958185,-0.45665605908972284,-0.40908515085435204
2021-06-14,-0.38546394839579845,-0.36207192842424685,-0.4171442348443368,-0.34054916124163004
2021-06-15,-0.615714628473286,-0.5761785550559093,-0.6668139276069548,-0.5453990362320394
2021-06-16,-0.6138052346550635,-0.585575802238693,-0.6809601828842625,-0.5480397649680715
2021-06-17,-0.5577498402562081,-0.530581082920931,-0.6100457461895333,-0.5011732987882794
2021-06-18,3.7118994387263826,3.3234404068701457,3.814152322300586,3.3812967239649367
2021-06-21,1.061936625551968,0.997451471788943,1.0793391479944197,1.223625983476834
2021-06-22,-0.23554214338407797,-0.003587392752029947,-0.31928125732708323,-0.43390009684297787
2021-06-23,-0.11555247995617252,0.06347064418099146,-0.18954001790975955,-0.2411869494732996
2021-06-24,-0.25548135265633964,-0.054629640268170326,-0.28483220500526424,-0.3758038694583148
2021-06-25,-0.48667824284584776,-0.27209242781621035,-0.5639966823450916,-0.6224612388466195
2021-06-28,-0.09336943120441299,0.017474105950094188,-0.13653837869885144,-0.1429581974877676
2021-06-29,-0.27190413644285505,-0.07589111712403168,-0.23812234811833155,-0.3885827882543983
2021-06-30,0.47858143099928285,0.4785987647463492,0.47336261318522044,0.5114896725813451
2021-07-01,0.6321258926832123,0.6038931072700672,0.6040907640771529,0.6950924867324692
2021-07-02,-0.14958917754388812,-0.12811975300999034,-0.23389434473245313,-0.2940081323588928
2021-07-05,-0.15513404087511296,-0.12508412531524182,-0.21522443379054446,-0.2595730942838164
2021-07-06,0.5635265536258602,0.562314894714929,0.6031314437706842,0.6034773852587063
2021-07-07,-0.1758073351848255,-0.11021555748705003,-0.17221435483282282,-0.3037534267084829
2021-07-08,2.957912993149204,2.8854854284265734,3.1753990440009816,3.4871473881671164
2021-07-09,0.556330754923391,0.6325987614463228,0.5671955323396158,0.499978766848071
2021-07-12,0.3044889631995575,0.3217654298939332,0.20023847977295103,0.12495731728440718
2021-07-13,-0.049669933879172276,-0.009413499138692327,-0.1880888448628284,-0.2791835779111587
2021-07-14,-0.019001862551489446,0.02886628824068002,-0.1211953080371102,-0.17908262206090397
2021-07-15,0.817697873546575,0.8093978846396359,0.8205087420696131,0.8692578402593188
2021-07-16,0.3426835363295704,0.42434402203234045,0.40258305290591256,0.25807057259926736
2021-07-19,3.651010378117441,3.165826266844481,3.244006704842395,4.304889325756089
2021-07-20,0.8731036414677261,1.0220166685597332,0.9315710357661545,0.7857561488388676
2021-07-21,1.1832228528803455,1.2200384203167465,1.1870838930758003,1.2456908904887916
2021-07-22,0.5108848373196717,0.574227506813511,0.4036892628415897,0.27612941883242503
2021-07-23,0.4552753919188725,0.5329036606655454,0.42282352042511684,0.26249943757427957
2021-07-26,0.36442426991835347,0.40980710787356756,0.28200862557894546,0.18364068227277247
2021-07-27,0.735476246132394,0.7601874774799838,0.7122266135739688,0.6903162931590683
2021-07-28,0.1404276622664273,0.2211295370213514,0.1522670312473703,0.015462796524467998
2021-07-29,0.4661285720143179,0.5113736641591203,0.47127433799138685,0.42569688179749693
2021-07-30,0.4111940798851749,0.42520613223695514,0.377102516633462,0.3703206246033824
2021-08-02,0.359392817396589,0.39366911841979574,0.38331118339416514,0.3217867296019918
2021-08-03,-0.051015537861406834,-0.026772872435723877,-0.060086029101989014,-0.10575799308363265
2021-08-04,-0.1894900704577859,-0.15956147733997017,-0.20637866414509803,-0.21589761470244032
2021-08-05,-0.30862306692294095,-0.268359737597957,-0.32765703853153955,-0.30307512956310423
2021-08-06,-0.3922858732671125,-0.3372310198842842,-0.3877345225591772,-0.35599432135031794
2021-08-09,-0.2918901654313904,-0.2362913419465641,-0.28297591157790203,-0.23967746269129275
2021-08-10,-0.3315540770948933,-0.2696505382339786,-0.3216286901429648,-0.2622322072547465
2021-08-11,-0.17822527973043434,-0.14201363437272063,-0.18580826668094608,-0.12252632889160164
2021-08-12,-0.5019403740968323,-0.5364633933886349,-0.6390938255703519,-0.4346791865427089
2021-08-13,-0.6064779251652875,-0.6121201797697254,-0.6569254017691883,-0.5317132586073607
2021-08-16,0.7997941389900088,0.8061915091571276,0.8592042654656021,0.7441184614649284
2021-08-17,-0.002691268935441138,0.03061056748997315,0.018667273259126205,0.0020266506897391734
2021-08-18,-0.2982217763561302,-0.2493750562722336,-0.2796668032049486,-0.2793047585559372
2021-08-19,4.284147767981675,3.884524891022095,3.938674488691015,4.074191950586943
2021-08-20,0.03372356434365581,0.19142079078070187,0.11571891590727879,-0.050806902078542715
2021-08-23,-0.0596264776276596,0.09458117915244085,0.009450096267013874,-0.1306583868128472
2021-08-24,-0.19471880883956522,-0.029442772372908155,-0.12785060414338195,-0.25317980148859565
2021-08-25,-0.5124656764393617,-0.29344806338947466,-0.42926251570024654,-0.5669467851127823
2021-08-26,-0.27636012397231674,-0.12969000076184867,-0.2343371568707996,-0.29783142197430773
2021-08-27,-0.3949318169051878,-0.22452100299876965,-0.28667491074303075,-0.41469482456174467
2021-08-31,-0.065188873541835,0.013438680855011764,-0.025523828318056774,-0.06790312691986933
2021-09-01,-0.09925190088946767,-0.014838824886101332,-0.025549689488443494,-0.10308641549086683
2021-09-02,-0.6384728980109009,-0.46440261895339163,-0.5023997351000147,-0.6442859554191046
2021-09-03,-0.34142642482948227,-0.24109976618685303,-0.2730628575479318,-0.33753965471282055
2021-09-06,-0.3789597589025253,-0.2702698551081616,-0.26805403070083217,-0.3790633786600053
2021-09-07,-0.6787485275760483,-0.5808101665294421,-0.6016753377821307,-0.7004929396644956
2021-09-08,0.4889448319523084,0.4349352814007895,0.42632186034981867,0.5185308486367921
2021-09-09,0.7459300156272881,0.651765185398576,0.6301831394209851,0.8327697673762781
2021-09-10,-0.43243076703563976,-0.21806595977712687,-0.12951971338404702,-0.5856706185319114
2021-09-13,-0.17261727184223608,-0.03521677887305591,0.018942180105488926,-0.2366399999598684
2021-09-14,-0.4096119694796015,-0.2581912340627285,-0.207846830151184,-0.5103843177126695
2021-09-15,-0.6450127104957686,-0.432554996688038,-0.3094205219345269,-0.7912921629804059
2021-09-16,-0.5478206648822797,-0.3621995056630437,-0.22067173114572985,-0.6555628773477057
2021-09-17,3.3402950425114777,2.611946550300092,2.2812537030932925,3.852036217022601
2021-09-20,2.249718480432586,1.7642368862757767,1.577771037281383,2.7722311763675003
2021-09-21,0.8204554893337359,0.7298665619668299,0.7349340151069618,1.0077306034597089
2021-09-22,0.9549723267474935,0.9141112771202342,0.8721001102338606,1.1620869631405393
2021-09-23,0.06497725846330449,-0.07124513842849178,0.012208549479093389,-0.1263601052070768
2021-09-24,-0.2248789826739475,-0.3876274835232256,-0.2655269435737446,-0.4591895521737308
2021-09-27,0.25069191806513236,0.21413664925478282,0.2670741796690544,0.19972664896864534
2021-09-28,-0.1565613560861709,-0.23337398641219592,-0.12315339974696021,-0.28418123553460756
2021-09-29,0.47745145555336554,0.4852387387888931,0.48104912094327984,0.5185569742445116
2021-09-30,0.39525444429202866,0.38866081467653435,0.38603500231525356,0.3854221962082005
2021-10-01,0.6285886709104962,0.6989019208109123,0.6265978018202062,0.6932295283954446
2021-10-04,0.0949110492209505,0.05438915564685021,0.16588527879751408,0.00938711554951055
2021-10-05,0.12715054534522874,0.1058007224148173,0.20861503625594424,0.07674101604954775
2021-10-06,1.5934877414987212,1.8649882220108456,1.5455461161277348,1.890965819072029
2021-10-07,0.6606134671137752,0.6609562141297531,0.6732255420941674,0.7042398108355569
2021-10-08,-0.11505328232633794,-0.27749609420727317,-0.1441315058209599,-0.34900599565376056
2021-10-11,0.026020633500967616,-0.07653283321254178,0.005345117009484535,-0.11102897924053179
2021-10-12,0.3498496283032691,0.30774439013165633,0.3238043302053669,0.3084159930603757
2021-10-13,0.01574166729973986,-0.07511218229686922,-0.00270239051421145,-0.07331672524882837
2021-10-14,0.11999570490458145,0.07528154540657883,0.10972173346668201,0.07869960710476875
2021-10-15,-0.3401854099350096,-0.5751747315961034,-0.4969754656641381,-0.47484718751207655
2021-10-18,-0.21888886541056213,-0.382872581804963,-0.3440390116765551,-0.30137070742915123
2021-10-19,-0.47775403181051845,-0.658284820790343,-0.5477881059865599,-0.5817692966073702
2021-10-20,-0.5854811258118483,-0.7514987397012138,-0.6587910684652394,-0.6669582786889386
2021-10-21,-0.48182789376401447,-0.5898999352224101,-0.5357613187350577,-0.5266175842353041
2021-10-22,-0.5051422898597042,-0.5728282883809863,-0.4767887330550975,-0.5552903063655532
2021-10-25,-0.5883909353907981,-0.6446708896994019,-0.5665952588648611,-0.6241707446222401
2021-10-26,-0.3530965802574222,-0.3788964063401057,-0.3482992623155422,-0.36624128285337554
2021-10-27,-0.7167711026897472,-0.8697113467023551,-0.8398988428002977,-0.7732588485767298
2021-10-28,-0.6856580803730472,-0.7867176834833431,-0.7192810753471184,-0.7383468542695996
2021-10-29,-0.3882177238431638,-0.4254079809393041,-0.39666674260515333,-0.4079024203227505
2021-11-01,-0.21051001668943403,-0.21791884532761896,-0.20583946235744022,-0.21580553139157943
2021-11-02,-0.5703374004197219,-0.6691968892227168,-0.6386360578398135,-0.6162840200106378
2021-11-03,-0.7163564129216988,-0.8117450445336527,-0.754478466267826,-0.767488783646822
2021-11-04,-0.675417002851602,-0.7304674253815087,-0.6493688404083634,-0.7297465976193576
2021-11-05,-0.3403577797810511,-0.3613448286089449,-0.3453759235986045,-0.3584312273018232
2021-11-08,-1.0468304649835374,-1.1541253654103776,-1.1067909519369492,-1.1310186741710289
2021-11-09,-0.7524476313688364,-0.7994960695727482,-0.7786743475414554,-0.797883019444124
2021-11-10,-0.0936439483187157,-0.08741024782006046,-0.09932616868445954,-0.06912732757114215
2021-11-11,-0.2510479610433255,-0.27765494422170867,-0.2781022650912084,-0.27681886090741503
2021-11-12,-0.30641904227665173,-0.35938781954415,-0.35943678915365607,-0.34940283614326806
2021-11-15,-0.7200638808870585,-0.868506186376075,-0.8512261074323411,-0.8715859785687831
2021-11-16,-0.695859240470577,-0.8022492577654063,-0.8063010742151748,-0.8136919172378665
2021-11-17,-0.8261237947953751,-0.9144098821321975,-0.8810481514912318,-0.9751689446791538
2021-11-18,-0.5925685294637659,-0.6165873739101739,-0.5668003654590865,-0.7015144620129714
2021-11-19,0.5754679471299267,0.5671191067916168,0.4928186913358771,0.8134556291105821
2021-11-22,-0.22642155308469547,-0.21521570814576918,-0.15940824371024342,-0.2355992534301914
2021-11-23,0.512743318828415,0.4981544052917819,0.42834246156394096,0.7492524815399837
2021-11-24,-0.32636519277977005,-0.31862945797369235,-0.28628014829194315,-0.34027020226761384
2021-11-25,-1.0565092655259074,-1.0212260982358792,-0.9428527245259188,-1.2716950106145215
2021-11-26,16.18856359165716,15.715127523262847,14.927293308834166,21.005602974637952
2021-11-29,1.1378983226658528,1.3526653500012895,1.076963442378234,0.9946591942620525
2021-11-30,1.1440610782407017,1.3135783510912566,1.0815201825788734,1.0493022933393452
2021-12-01,1.129665278036915,1.2881964104814143,1.107884068093902,1.0695001856134412
2021-12-02,0.8082321393047149,0.969478467209574,0.6532046078401051,0.5567109994645986
2021-12-03,0.7903213717425012,0.949927835663499,0.7145009793211835,0.5948262674135657
2021-12-06,1.0937374541780223,1.1687790075851519,1.078836852597793,1.0772641889092462
2021-12-07,0.958442824894389,0.9972724520959031,0.8704529785202606,0.866260269222711
2021-12-08,0.4982829693242887,0.4512385200602663,0.09850742125450665,0.2359057917168645
2021-12-09,0.49308464900879884,0.4665792847440553,0.17415004635911296,0.3054569208864237
2021-12-10,0.3111255864254012,0.2996104300682106,0.01128953626973156,0.14202151019064974
2021-12-13,0.5205443494182849,0.5276560925204282,0.3942130742935457,0.43550685023707575
2021-12-14,0.34719207571509336,0.39316957377421297,0.2907078734206529,0.24641734537612872
2021-12-15,0.2098225142578307,0.27136403327346814,0.19071291086941713,0.13469383110926353
2021-12-16,0.7070966848748776,0.7367443559906418,0.7323135511049531,0.691959366151256
2021-12-17,0.16157983305806672,0.12931031530777384,0.09517881229265392,0.07833408084541728
2021-12-20,2.126237464297625,2.1535482387989515,2.22117717194616,2.2015194836353587
2021-12-21,0.6524490549029662,0.6687955464122991,0.6762152701043953,0.6349159676224587
2021-12-22,0.3227749971790968,0.23523292099197238,0.23116217978815184,0.2502233994506825
2021-12-23,0.150474520008539,0.03651662551295448,0.018228340393173614,0.09224692336679077
2021-12-24,-0.051228377646625634,-0.18121171695667893,-0.21624501350642547,-0.0839342005770543
2021-12-29,0.359616665335592,0.3159506667867849,0.3043549118774617,0.36169816910954644
2021-12-30,-0.21205973290128674,-0.35574961137608635,-0.4105314799591151,-0.19028300262712178
2021-12-31,-0.17711112867647422,-0.27832543114950836,-0.2835764202156318,-0.13329125495560504
2022-01-04,1.4559802986331882,1.5591398151977756,1.5090593544873565,1.38651906119631
2022-01-05,-0.017483854218691808,-0.38402514025271683,-0.38837468195653935,-0.057550932639732655
2022-01-06,0.5237688568194843,0.5247241428733161,0.5300348406071139,0.5224221439733622
2022-01-07,-0.013969461512277542,-0.20500020498284216,-0.1884012049138652,-0.036798311680289186
2022-01-10,0.15529257336431312,0.036711614069538934,0.03759226694423967,0.1554701708580593
2022-01-11,-0.12046783479528494,-0.2620246960624836,-0.20684920271920337,-0.11318309312474925
2022-01-12,0.0957393810949484,-0.0008166107360498831,0.01846631078193328,0.10833124769795249
2022-01-13,-0.28751389387546555,-0.5412299319536198,-0.5260708124699784,-0.2686175086519229
2022-01-14,-0.29371310267655243,-0.4983834231222209,-0.49853703223238033,-0.24882854466398327
2022-01-17,0.017658108146976326,-0.05690547946760227,-0.04192495636293059,0.05023047299825345
2022-01-18,0.17217798969485498,0.11738863508165687,0.11757206291615441,0.1865763377399412
2022-01-19,0.32901391114032497,0.3242215066770092,0.3197768264196199,0.33366849580441105
2022-01-20,-0.06140160729231403,-0.1467949654300328,-0.13050767362004956,-0.0345608630256351
2022-01-21,1.6305966944432633,1.9433182569433924,1.8434168343464181,1.524694787603638
2022-01-24,4.257312123326036,4.1700646320344585,4.201170040939528,4.420400648092557
2022-01-25,0.6589774757250603,0.8623611423632171,0.656552086716192,0.47970925793600827
2022-01-26,1.4494380308753585,1.4360442893762568,1.4704128325511663,1.5517634323560041
2022-01-27,2.362229151891824,2.263112800927046,2.6768886106184833,2.722536255501145
2022-01-28,1.1549277484461213,1.1575942149472807,1.1675033983182503,1.151129887226243
2022-01-31,0.5531524577774196,0.620843827986117,0.4504911646761208,0.38640967994068637
2022-02-01,0.5822117371326954,0.6479064066593244,0.5120617150432069,0.47784966129917644
2022-02-02,0.41817136743503114,0.44959862865399913,0.27479804739697355,0.30403690445410114
2022-02-03,0.4260932177397897,0.4426100826366203,0.28397319596653237,0.34914620315001804
2022-02-04,0.6769550341382848,0.7020637514118306,0.6497408178624554,0.6435312736187929
2022-02-07,0.40104584604855587,0.44674460511207453,0.38532555241757716,0.3692260597553681
2022-02-08,0.3727590388312565,0.3919531857682475,0.32595598510427676,0.3522224292096234
2022-02-09,0.4224083168091353,0.44277004958859767,0.4023030903442165,0.4224653093945251
2022-02-10,0.12246917661674495,0.08417824392482323,-0.004460630784760555,0.11572067090655108
2022-02-11,0.19992590729333926,0.17275740806525497,0.1036629747167312,0.2137434479006501
2022-02-14,2.5004960206327738,2.5627884197821715,2.8012372070350717,2.3918884177458564
2022-02-15,0.5577473416576649,0.6287380354739837,0.5588517825667504,0.5229479769945775
2022-02-16,0.2757472185431169,0.31992653587780107,0.19837899818014723,0.21501945847690043
2022-02-17,0.6963188797308283,0.7115399749279803,0.6860721128395013,0.6896116245057233
2022-02-18,0.1399863549627976,0.2374745447095549,0.18910603754407804,0.09812143403047807
2022-02-21,1.0209024417341168,0.997322516777643,0.9977389441733967,1.028019157853998
2022-02-22,2.126520450674423,1.9183597135927253,1.8587883469501247,2.129941787860734
2022-02-23,-0.06167719224384505,0.0641628107337111,0.10081000943916268,-0.03787299328188598
2022-02-24,8.93866238617247,7.460161414482854,7.185204162157192,8.361620129440087
2022-02-25,3.312874741566814,2.8886904490902268,3.3630992944983804,4.060305799646219
2022-02-28,1.5725091332856467,1.4663591075231093,1.2009854795405999,1.3098316920192894
2022-03-01,1.764427535398614,1.7171668048770838,1.6591598687822005,1.6670026845415045
2022-03-02,1.5694394806593783,1.5453285517245723,1.4032972489180755,1.4006559666130678
2022-03-03,2.352553301953086,2.3800708808884066,2.567327250005546,2.485228587783265
2022-03-04,2.619556818145287,2.5962999817316232,2.7055599349589077,2.8125612578622863
2022-03-07,2.4931798771330715,2.5130652474867348,2.4932240721933425,2.5655501870074477
2022-03-08,1.6418277052333512,1.8151286180501984,1.670491307770166,1.442061752364153
2022-03-09,2.309614556488346,2.323765872259176,2.307991426364746,2.3551893959433867
2022-03-10,1.7014077963373004,1.6737274500345944,1.5066319823534018,1.521438663526811
2022-03-11,1.8259791500197546,1.8287219122206635,1.7547982733738938,1.7213732527374517
2022-03-14,1.3774306938546572,1.3811729141279212,1.2350946622019627,1.233794857464525
2022-03-15,1.4548111863228923,1.463523049238027,1.341510405091818,1.3812142156346645
2022-03-16,1.4846503671393592,1.5010401062192882,1.4194250603060048,1.4558622617927897
2022-03-17,1.3899752955497429,1.3572344676710135,1.2543901814761498,1.3666192797979932
2022-03-18,1.1489621580101843,1.0681365024380185,0.9103848716096377,1.1423924863423096
2022-03-21,0.9480736542841245,0.8714238364438808,0.6839725199115385,0.9905562383724087
2022-03-22,0.8037972253147657,0.7294606512372338,0.5216278909955699,0.8958686978043795
2022-03-23,0.7557616011539826,0.6928424511199713,0.4929144211153964,0.887421624304827
2022-03-24,0.5702571896131774,0.5197496986588312,0.33627765776795393,0.7614838639650002
2022-03-25,0.5598558327992577,0.5300009489058094,0.3675788842849339,0.7793293786386161
2022-03-28,0.5042149632088825,0.48875089707408687,0.33536856004958426,0.7549522224107177
2022-03-29,0.831366996175746,0.8310220230047524,0.7832364605549955,0.9920081695107488
2022-03-30,0.292464514216183,0.2525196658427832,0.09951386416806995,0.6126610911653868
2022-03-31,0.4241584772696871,0.3901829344610792,0.27986015028500427,0.7028790372301998
2022-04-01,0.13433711544100335,0.14008013293315247,0.05720670643987262,0.49228177697006703
2022-04-04,0.033409029583972946,0.04899995094231467,-0.04059535702342709,0.4326627227740119
2022-04-05,0.26518564123823285,0.2813144596394075,0.2227058741118309,0.5765284203837959
2022-04-06,0.2487524440373815,0.2393549356753848,0.17761503094323666,0.5528395386735995
2022-04-07,0.03918330499636563,0.044913287857776985,0.009964838092973494,0.4140733026476679
2022-04-08,0.8829155288031554,0.872771560520325,0.8675090113695101,0.894239193386496
2022-04-11,0.10209595456816117,-0.0970070228620144,-0.10940416943360848,0.38074610246099855
2022-04-12,0.2504581639834651,0.14797496546008704,0.1795850147734559,0.47340462287208085
2022-04-13,-0.05412312569527464,-0.16461899338815666,-0.0536439333133083,0.2507045222609165
2022-04-14,0.10739401227668027,0.046418634078547905,0.11388469875165136,0.3623143075742523
2022-04-19,-0.07795097024918152,-0.15784769567724077,-0.08973130529905954,0.23249480527902627
2022-04-20,-0.2672656606114832,-0.34075529243287556,-0.22983308756979584,0.10367499714515555
2022-04-21,-0.1747136149593071,-0.2299271238899664,-0.15769534256616874,0.1526068216724098
2022-04-22,0.7178696954383017,0.7498472930720428,0.7022080436738999,0.6741853923048999
2022-04-25,2.7415450564316286,2.4923055261538263,2.4766851537096937,2.270707287668688
2022-04-26,0.47211797120661597,0.6408064635487547,0.5866397347361252,0.4928913489641566
2022-04-27,0.8368224340977634,0.8971760715817279,0.8721679350855265,0.8480350208627723
2022-04-28,0.5169783735443427,0.6281166780809326,0.5818234751332237,0.5607379323978827
2022-04-29,0.1592163251474461,0.25532215895690574,0.16216116573194284,0.22567230011247852
2022-05-03,0.37972792200508965,0.4353095674929271,0.37227034447949603,0.43779599941577746
2022-05-04,0.2474969467611956,0.3123992648626339,0.240819664921738,0.3317865332929068
2022-05-05,1.0354072351148949,1.0038181739107495,1.0085782943949035,1.0090852269227737
2022-05-06,1.71564374481267,1.5463139866624762,1.588024242940163,1.5633135874561863
2022-05-09,2.1762919437902606,1.9034296071341126,1.9441636803521607,2.156781763257496
2022-05-10,0.796003316675169,1.0268038114070972,0.9374767955886201,0.6984300002821978
2022-05-11,0.9012353511917182,1.0701021815373966,0.9968614508972726,0.8593355731812934
2022-05-12,2.104942132958274,1.976559047508431,2.0716516295104412,2.2337406670778117
2022-05-13,1.996294436510879,1.8923193027437746,1.9145409406737302,2.123037965696125
2022-05-16,1.0504308326946337,0.9698811222925827,0.8976075984244569,0.8973418847045744
2022-05-17,0.797603028202432,0.6952676049277001,0.5903524640094311,0.6410663144859899
2022-05-18,0.8155760786831606,0.720742373719583,0.6254438108424689,0.713332247385118
2022-05-19,2.292419002746247,2.3462666529586786,2.3966904329613814,2.416374472817223
2022-05-20,1.4287544123677414,1.4451888717379577,1.4394654456743097,1.4102902985808
2022-05-23,1.1323583409199878,1.1365957653408234,1.1163268161325473,1.0732150818966955
2022-05-24,0.9380356832932004,0.845401278465743,0.7984442136822845,0.8383903960755127
2022-05-25,0.6653107861325407,0.5695398430499511,0.5564022984745078,0.5808209404602263
2022-05-26,0.5837550014199122,0.49279012166747027,0.4697313941556437,0.542504652905274
2022-05-27,0.46046484167212387,0.3643228130968149,0.3291200686777671,0.4574891390310143
2022-05-30,0.33584188345388943,0.25069226873202927,0.20745078747826878,0.37813405711488624
2022-05-31,0.28183744764472474,0.21636457865944694,0.1706590391272675,0.36382722200225126
2022-06-01,0.7567684305103137,0.7438313417689433,0.7338191783443614,0.7997617413137647
2022-06-06,0.8134743320204745,0.8178403487041122,0.8217036001902227,0.8436201383214642
2022-06-07,0.1381558584466573,0.08223720732567631,0.07725212817228956,0.24415321602220796
2022-06-08,0.19389478671188495,0.16246424348626834,0.17673179037838055,0.3148967675470531
2022-06-09,0.9326301474489436,0.9367413207402673,0.9310837747852567,0.9261267795144782
2022-06-10,2.1793913157759213,2.0420679261075243,2.038124211681444,2.1009613762498818
2022-06-13,1.3470147748947479,1.382132383145339,1.3678967967682536,1.3509269685999703
2022-06-14,1.2762564132947225,1.362463408484888,1.3643119623486373,1.2625736985048541
2022-06-15,1.1279991089321633,1.22990561907839,1.246475519406172,1.114488221219151
2022-06-16,3.109731494447453,2.7736731330572497,2.7546280781288277,3.2418035774816043
2022-06-17,1.4005509012221047,1.5920572997677858,1.5080823291374925,1.295542798227077
2022-06-20,1.192820361784484,1.4222456476240817,1.3566846193810451,1.0824571437839525
2022-06-21,0.9389110672226999,1.156404590337486,1.0535487155921743,0.7854329741805187
2022-06-22,1.2054004653105115,1.3399841381035051,1.2685709343978788,1.150996831687284
2022-06-23,0.9972811374559777,1.1799776174641339,1.1497894477175878,0.9385383160109118
2022-06-24,2.1265838075778083,2.011486349810167,2.0057112943152866,2.1805141974286255
2022-06-27,0.9905596843003789,0.9273971724011825,0.9253244122704916,0.8480616247476314
2022-06-28,1.0742624541540842,1.0229277982422773,1.012066318675467,0.9968368343748764
2022-06-29,0.8805680602463929,0.8009098752949333,0.7748306623173591,0.8183299864892306
2022-06-30,2.192203437553524,2.257480021933033,2.2665931785356888,2.211820978407648
2022-07-01,1.1325364139152576,1.1721635836473978,1.1674130384565535,1.0850351308012174
2022-07-04,0.8729469536638583,0.9335728606975993,0.9257640356819519,0.8486117830526476
2022-07-05,3.071699150337329,2.9896057985777618,3.032948124708736,3.0736210043783814
2022-07-06,1.7677470476237782,1.8166666231659638,1.783837918939307,1.7630936371747725
2022-07-07,1.1618617993041378,1.2924474513470254,1.1860613259295492,1.0798308936402172
2022-07-08,0.9785085040017933,1.0918402228898039,0.9536768176607808,0.9052005658260605
2022-07-11,1.065047212238802,1.1608582211082723,1.05232503408984,1.0434949902883113
2022-07-12,0.7493681527557896,0.8862619737859295,0.741805408976888,0.7632239674310277
2022-07-13,0.9332329170709548,1.0304441386758474,0.9324116197394985,0.9689744749004262
2022-07-14,1.4986237927050527,1.4900580590211336,1.4881660800448813,1.4888966827399261
2022-07-15,1.217075986409589,1.3056183879826513,1.2941963745213814,1.2255218446948104
2022-07-18,1.020654361959364,1.0700601081726873,1.0392821695369467,1.0219431285625236
2022-07-19,1.246828627313394,1.2606149273025522,1.243319639335872,1.2548533542465887
2022-07-20,0.8098400409190174,0.8129253219081028,0.7571523224086769,0.8455431540613814
2022-07-21,0.5973401187867406,0.6181468888665471,0.5990974798275572,0.6708051074064919
2022-07-22,0.41309261535581043,0.4488374158118701,0.4240042509498987,0.5358190334337753
2022-07-25,0.3697013727709255,0.4142980367111062,0.3880703556720839,0.5217439434321591
2022-07-26,0.2738995790492178,0.3194007875954255,0.28527427940240585,0.4587142819272657
2022-07-27,0.14716329680288592,0.20580404581027636,0.17020550539928964,0.3740116140555374
2022-07-28,0.42611152254326673,0.449238714898057,0.42386948977876615,0.5783354308441249
2022-07-29,0.5211546107660147,0.5370594235615191,0.5250695746773089,0.6373078799925425
2022-08-01,0.0916502455709938,0.04823636348583188,-0.0036865094828788525,0.31546084031009874
2022-08-02,-0.13732431356415592,-0.17413647726682444,-0.2113680864989991,0.15485789657383445
2022-08-03,0.10763345930729956,0.09512756709754355,0.08071983406189792,0.3221454442000013
2022-08-04,0.08901529300046396,0.07060967671544216,0.05099424779716277,0.2994747252938186
2022-08-05,-0.2986983475537774,-0.31757725671918424,-0.3607157765881524,0.038548039698030945
2022-08-08,0.016019248564337896,0.01379155165813084,0.004038957403594057,0.22411239729589555
2022-08-09,-0.6011866202176301,-0.6486705278764772,-0.7045945581051076,-0.17906350938694426
2022-08-10,-0.4174475399202183,-0.43758115607315484,-0.48438800188917785,-0.07455835927195056
2022-08-11,-0.41558301279833226,-0.4284076452405817,-0.4801504406312199,-0.08872945794510156
2022-08-12,-0.44330341856249567,-0.4213307140010151,-0.435039563263919,-0.13624550284229625
2022-08-15,0.0032070165693878216,0.0036839453764709873,-0.0003123144154486557,0.12831134556551993
2022-08-16,-0.48006734125424233,-0.4684050680911692,-0.5060383727007566,-0.19272258118763647
2022-08-17,-0.5402522315270721,-0.534665752342811,-0.5878469537568373,-0.24858264910162764
2022-08-18,-0.6417847891765242,-0.6191561114316844,-0.6463108739891978,-0.33541826748684644
2022-08-19,-0.28452797734944424,-0.27995911646644656,-0.2925992551114249,-0.13050685901536485
2022-08-22,-0.4581524157302318,-0.445702602945912,-0.4752925208069396,-0.26017525289847687
2022-08-23,-0.26887459861512863,-0.2642229206853792,-0.2687720977550604,-0.16376869645401293
2022-08-24,0.08524379631412637,0.0666118084104177,0.06716456875764365,0.07554382635944024
2022-08-25,-0.25758818747214407,-0.23588136292800987,-0.22735535375293947,-0.18307607909621582
2022-08-26,1.40257241784793,1.1708471566734293,1.1614007403224502,0.9740660869449534
2022-08-30,2.49571127176101,2.014912498339651,1.9337605216048952,2.023386374178323
2022-08-31,1.2737813945520862,1.030567831112841,0.9950799024735212,1.2064256414084995
2022-09-01,2.4762186800251387,1.939361105683913,1.8607658647107685,2.649989595824781
2022-09-02,1.4115635943854576,1.3088138502717905,1.314828267227927,1.646723348544578
2022-09-05,0.7144883992387541,0.7190485955718131,0.6744378076615151,0.5967692437181584
2022-09-06,0.33885752642519024,0.35920151082852203,0.28360057184478754,0.1456860224941935
2022-09-07,0.8846784917834007,0.887506424911967,0.8841059241352607,0.9049816377595409
2022-09-08,0.627750603262219,0.6613867433990473,0.6547712582614476,0.5797287531651683
2022-09-09,1.067380096392628,1.047971609903023,1.051808118174285,1.1370114530582769
2022-09-12,1.159786889484037,1.1802965649179777,1.2013787874786348,1.239928639442856
2022-09-13,1.064984094271142,1.121297800716226,1.161888703436588,1.089637344331713
2022-09-14,1.0790623386712805,1.0832028778633471,1.088472565626561,1.0969222149370557
2022-09-15,0.5178074245582645,0.5141981882281225,0.5001302682834042,0.3133996134421771
2022-09-16,0.36010920472572266,0.37074313843142737,0.3523622597937853,0.18398618394338978
2022-09-20,1.6126416471914993,1.5869179195900607,1.5615278114817224,1.7547522766850279
2022-09-21,0.541910103196837,0.5837179428124338,0.6572970882490285,0.4709239178038668
2022-09-22,0.5956418904423004,0.6173955931208123,0.6669779999505971,0.5569549627425909
2022-09-23,2.563282331034538,2.3714874028783433,2.1932454398111316,2.839669021397529
2022-09-26,1.2736413769356847,1.3114231419744367,1.331098575620357,1.3059191074575085
2022-09-27,0.6676706007319608,0.8264591893508746,0.868040312190236,0.5697444736665642
2022-09-28,2.1933096456235837,1.9541954685051366,1.8933842764580127,2.418626482214126
2022-09-29,2.352935386475386,2.0417981037048243,1.9635975808333128,2.538319787003275
2022-09-30,1.0248034263848398,1.1416017220870456,1.1874460833838705,0.9992528577925818
2022-10-03,1.2060607920758204,1.2374819506052013,1.2618881953637144,1.2362194212260396
2022-10-04,2.3648330162422577,2.00541770027629,1.9601975822557172,2.531501947089226
2022-10-05,1.0101308558292048,0.9272887416155751,0.9413604924021906,0.9057773557306996
2022-10-06,1.0831538807420857,1.0446362735776296,1.0671183531090067,1.0371022742279166
2022-10-07,0.5229954676009664,0.44108720047308486,0.5827956458262256,0.37949550495134976
2022-10-10,0.5540451898431892,0.5006043643590672,0.6247990556660529,0.4735254659004329
2022-10-11,0.7738305381648378,0.7572386857226134,0.8517824464464707,0.747082152122066
2022-10-12,1.151372206419218,1.1510839030912383,1.1895855146755447,1.1590656071793732
2022-10-13,2.036353634570887,1.961457126689473,1.7917071328369116,2.1262694611053976
2022-10-14,1.1993934212506305,1.1853648861115471,1.2038078736527125,1.2080351750612603
2022-10-17,0.8989292526979616,0.9027875711422434,0.9677619478590207,0.8987887657566243
2022-10-18,0.6690183863143023,0.6744032032620466,0.7647889483536943,0.6728580472103969
2022-10-19,0.3370412333510661,0.35358290198073894,0.49173666574885255,0.3662348704632402
2022-10-20,0.03404549402820617,0.06997935799996374,0.27418204002493357,0.10325690787986486
2022-10-21,1.0260764555475395,0.9996239644788958,0.9457075946272321,0.9737111011212938
2022-10-24,1.665529659344349,1.5981082010156582,1.3906896417585242,1.487477361441471
2022-10-25,0.1915031700587292,0.19321884671998102,0.27329150604073776,0.250723362549311
2022-10-26,0.6789516941549418,0.6712987155482004,0.6369596079898624,0.638227654624671
2022-10-27,-0.1768482661132884,-0.19167306574937926,-0.08867847312604898,-0.0572707136299867
2022-10-28,0.1457953135142248,0.1439754217150393,0.1704097467268113,0.1955721947921223
2022-10-31,0.8890588599245722,0.8771915993776886,0.7706109831043756,0.7687788038225866
2022-11-01,1.6941138558658793,1.79436414629324,1.5347583409755123,1.430062544974172
2022-11-02,0.13773272140567827,0.06061096863400306,0.07296832942624121,0.15889279075118867
2022-11-03,0.9870965721978202,1.1937469074428,1.0437405677256022,0.9631970897867215
2022-11-04,3.648990512791521,4.8826969030834775,4.2521012308299,3.4766192839217656
2022-11-07,0.20121439368808944,-0.344467135847084,-0.311897049804007,0.07373772441484333
2022-11-08,0.24329754739429488,-0.10679005504240369,-0.07017703888344295,0.1579445569132148
2022-11-09,-0.0615731084755283,-0.6050118122951248,-0.5310047890746565,-0.13564190437863174
2022-11-10,1.8220530345639452,3.198421190220224,2.813847356932298,1.8788528243796474
2022-11-11,0.4660555774167188,0.5549305530269559,0.5128104554569307,0.4480767281195542
2022-11-14,0.5369504072247213,0.5731520410095602,0.5449270767938383,0.5234042812408102
2022-11-15,0.1423518729316084,-0.13849250365018873,-0.12571353061699497,0.09359998743146891
2022-11-16,-0.08717763995526467,-0.4534022414692717,-0.40394114855827645,-0.11954336821363859
2022-11-17,-0.07257296814847664,-0.33712634268545716,-0.2793512821814367,-0.07946220838898643
2022-11-18,0.18688396433408516,0.15148117914229986,0.1406662931089896,0.1945849080738392
2022-11-21,-0.16632752462333167,-0.3842094534398476,-0.35082978661553577,-0.14086734842858162
2022-11-22,0.26190648017850016,0.3352405275222581,0.2956505107897086,0.2688139144935745
2022-11-23,-0.3249554760091331,-0.7296090589545958,-0.7005018868998785,-0.31922879732689
2022-11-24,-0.40567753578485394,-0.7729728180965728,-0.7659962880091236,-0.37301509090666535
2022-11-25,-0.5765967116668084,-0.9647260462697487,-0.9810429782359704,-0.5135513625549195
2022-11-28,0.04772472477000067,0.09814601869278206,0.12728132980221485,0.06469756472794097
2022-11-29,-0.14840027121258736,-0.17876661572262997,-0.17362596664267493,-0.11452369564573739
2022-11-30,0.28803956094066996,0.498583555562915,0.5827330043723111,0.2723358366365356
2022-12-01,-0.508294256688267,-0.8148757800139304,-0.8776981528436081,-0.4728545700065828
2022-12-02,-0.291820055264318,-0.39459546033527815,-0.39027070030509226,-0.2649614506309218
2022-12-05,-0.557622794412984,-0.7533411497226661,-0.79516132306873,-0.5068709727227739
2022-12-06,-0.6706910198575007,-0.8663857528443052,-0.9366686145762906,-0.6054997278487767
2022-12-07,0.05217675185248294,0.0832293922592422,0.13166947037634102,0.05123074538452721
2022-12-08,-0.7352953606159233,-0.822491313950322,-0.8625129540629117,-0.7290514503001387
2022-12-09,-0.23026150099215092,-0.24208596307191566,-0.24290790355966363,-0.2285177206586294
2022-12-12,-0.8446096847952711,-0.8854201938799948,-0.912971448290463,-0.8271491820883148
2022-12-13,1.9395874383773373,1.9435530126716651,1.8941554434813133,1.9606975144610215
2022-12-14,-0.6908911378563922,-0.7932835515104896,-0.811015727035874,-0.7380593084560648
2022-12-15,0.2980865266655297,0.3588644112561443,0.36967789526268247,0.3238242846525128
2022-12-16,1.5402112561228032,1.4638236659238317,1.5308502033173674,1.8484379558568498
2022-12-19,-0.2090784050751382,-0.06331788127352261,-0.13407517871167474,-0.4079072027545531
2022-12-20,0.3235569504559359,0.35338955594473664,0.3322775152382298,0.34455415875555473
2022-12-21,1.5134588311136703,1.3105681253847856,1.4211565728751627,1.8917948251454542
2022-12-22,0.23012421381615267,0.09698723632662343,0.051676409877082996,0.08282053540345202
2022-12-23,-0.2378854392566539,-0.46830579641359826,-0.5398083704539905,-0.5234373963809441
2022-12-28,0.1009968274327005,0.011830255482592422,-0.014348796785797924,-0.0023729665644827147
2022-12-29,0.20298587506263754,0.16411849433323988,0.16072663806811927,0.1624196818401642
2022-12-30,-0.17472370322225916,-0.2729994364694026,-0.3284285761627995,-0.27694201274049635
2023-01-03,2.9531883114068824,3.1146257880455117,3.309476845396484,3.660536420927059
2023-01-04,0.027665350783597442,-0.17889755934091678,-0.22977960734453295,-0.14373384413264612
2023-01-05,0.41990604341984294,0.42050835044746393,0.45791284197255455,0.40713660937162655
2023-01-06,-0.015411475940492914,-0.1959611889633901,-0.24610816763919807,-0.13221244489202022
2023-01-09,-0.30139723672437524,-0.6991445943984921,-0.8584496582632729,-0.4942255369426025
2023-01-10,-0.3488827727796019,-0.7050361207249723,-0.8699143057225889,-0.5015105699758724
2023-01-11,0.07693943830867189,-0.0009813838909841222,0.0010244129393623957,0.02794143187563225
2023-01-12,0.1686426252683204,0.16137142451871056,0.2089557314907331,0.1509290653573232
2023-01-13,-0.04520855481670105,-0.1943896956033394,-0.20092800703698033,-0.11228764310601713
2023-01-16,-0.5337319208976699,-1.0005505767392209,-1.2297122121887312,-0.6716516695565414
2023-01-17,-0.4537479038868504,-0.7820969957291526,-0.946531814539677,-0.5393691268098801
2023-01-18,-0.5461028398772435,-0.8468652865053397,-1.0048766659166462,-0.6129219591139479
2023-01-19,0.6724092530924556,0.9664072167584901,1.23903572812208,0.7159328702092714
2023-01-20,-0.4100900497489021,-0.46108437914613365,-0.6199037837682191,-0.5564229839529837
2023-01-23,-0.48315180281096215,-0.5284908628554358,-0.6992836019956241,-0.6049139435991885
2023-01-24,-0.32997333139173324,-0.3518294258198959,-0.4654012227136617,-0.39576005600920217
2023-01-25,-0.28833435501758575,-0.28987370600816764,-0.3540945877113195,-0.340457843907393
2023-01-26,-0.6391531493498499,-0.625604072409484,-0.7079051784044951,-0.7163552251338935
2023-01-27,-0.7848835330821939,-0.7610319223801738,-0.8709858866600111,-0.854244625503056
2023-01-30,-0.1528678662326538,-0.14745167499462664,-0.15688897885480424,-0.15678994373952992
2023-01-31,-0.03883677587839163,-0.041803170419365765,-0.01620972998871051,-0.0318686781215316
2023-02-01,-0.6313483754893763,-0.597432788016316,-0.6627647891941877,-0.6577110495844
2023-02-02,0.0472126170369358,0.02704928961512376,0.05392243581295575,0.0673255542109239
2023-02-03,0.6471344724240367,0.7214101826687607,0.9002675690203723,0.7594968959888433
2023-02-06,0.34558801866544575,0.5185620693716984,0.7435085795152641,0.42286991138647023
2023-02-07,-0.36783102247667854,-0.45806649296750707,-0.5542466135722615,-0.5250542977190986
2023-02-08,-0.180787015172851,-0.22881346509771827,-0.26826606533856123,-0.2523660713767194
2023-02-09,-0.09139942847542692,-0.11157587956687387,-0.10506342002135693,-0.11605260000897433
2023-02-10,-0.3637217734593986,-0.4130348996685378,-0.47785154783708683,-0.43699048307678956
2023-02-13,-0.3161532548770125,-0.34033174065864547,-0.38013450919786906,-0.3728171857341328
2023-02-14,-0.5496183509508168,-0.6969236068137104,-0.8213743847008036,-0.7045982293934382
2023-02-15,0.04878354339083002,0.07129764534356742,0.17443334249268228,0.07669015789193567
2023-02-16,-0.2713699941168315,-0.32528605378284625,-0.3174238238355973,-0.3221202932180842
2023-02-17,-0.5562610707167981,-0.6564762879689406,-0.7565054457430571,-0.6506976555893378
2023-02-20,-1.0008528387466291,-1.1590043621019543,-1.4267773973067257,-1.1699296120923992
2023-02-21,-0.4726797088279313,-0.5085975745802412,-0.5179951700710179,-0.5139901426994171
2023-02-22,0.6168847834917104,0.6699571369312742,0.950776999883155,0.8271760122445608
2023-02-23,-0.7042256517653827,-0.6872481097828536,-0.7859950955305708,-0.8610477430715293
2023-02-24,-0.28032592553692404,-0.26934634360411225,-0.2858232295206019,-0.29366300729410977
2023-02-27,-0.22262362450776418,-0.20980363996390405,-0.21282041362844895,-0.21069603324220632
2023-02-28,0.015338451941683484,0.019105878688016942,0.027890201321053798,0.08856603207753944
2023-03-01,-0.07539420700234145,-0.06423655770052417,-0.06861792888622498,-0.07000119979009511
2023-03-02,-0.19992737922784098,-0.19496680652011722,-0.20865263092189046,-0.24034114582264499
2023-03-03,-0.5357088813022577,-0.5324405407804806,-0.577148005614245,-0.6904687400872542
2023-03-06,-0.629495995630988,-0.6144224785517547,-0.6732099416902548,-0.7827588443236513
2023-03-07,-0.6801299346138121,-0.6510890303357583,-0.6818267278288249,-0.8329363071854079
2023-03-08,-0.6094070919447244,-0.5782882330046846,-0.5905870068661779,-0.7125803386168034
2023-03-09,-0.30783317332751714,-0.2994104642589466,-0.30595830267054036,-0.2791799299931592
2023-03-10,4.2983294738938005,3.698408744148109,3.721637294275067,6.3228616720750175
2023-03-13,3.6468270640086815,2.8642293334157567,3.3644076784934445,5.934461182240714
2023-03-14,1.1957632844913366,1.30903761424933,1.2035563160780063,1.303158191277863
2023-03-15,4.620143941521486,3.8194736046660402,4.8460360869111065,7.193007019383873
2023-03-16,1.4697461414415438,1.7482845705116932,1.4393073047510294,1.150895149597819
2023-03-17,1.9790208610142113,2.05500365166862,1.9787337228584114,2.125143250478354
2023-03-20,2.206722152479699,2.1886998500506487,2.194582804353364,2.509271398062589
2023-03-21,1.5011688823237175,1.6704472299176831,1.505504593089543,1.4205150165185225
2023-03-22,1.048180278021851,1.2438124187995259,0.9236669127191682,0.740038340532148
2023-03-23,1.0030122911544603,1.1913168825249003,0.892845520050424,0.775072908830587
2023-03-24,1.572433907534342,1.6304159559769666,1.5712679226217192,1.5793545343613635
2023-03-27,0.9125717640321329,1.1451621900403626,1.0163225874312423,0.7306102009038656
2023-03-28,0.7138071494485059,0.9490383548016464,0.7908093988183514,0.5391562735850433
2023-03-29,0.734595743816616,0.9483061351277633,0.8063930665856195,0.6359452163301826
2023-03-30,0.645373814495612,0.8160130404381916,0.6555542507541963,0.5618989994228728
2023-03-31,0.40173441032835994,0.5806824316900179,0.37990613416063995,0.3422087487291792
2023-04-03,0.4343396680013524,0.5997225217313366,0.42642429897322465,0.4318847163880769
2023-04-04,0.5832524330346266,0.6975280976661193,0.5684128025805081,0.6078114546114494
2023-04-05,0.15181151661109704,0.34708914915987993,0.2265501297052177,0.2240261624331243
2023-04-06,0.43160721952302505,0.5531237600233541,0.47302633361562696,0.5015292369266916
2023-04-11,0.20827385927488584,0.29059367443143713,0.1715330003398919,0.29741400208287505
2023-04-12,0.25768035097942327,0.31386180752731857,0.2096116318467561,0.3558682441804637
2023-04-13,-0.11566481958787882,-0.0464061981614806,-0.20899348840805454,0.05780323898471702
2023-04-14,-0.029352990211744923,0.03404793206169704,-0.09686199808444063,0.14735801635461132
2023-04-17,-0.24055810249964968,-0.1677220265336866,-0.3280050979844304,-0.0047363457925222174
2023-04-18,-0.41639793099334466,-0.3229515349684965,-0.4998454849806312,-0.12146408083683258
2023-04-19,-0.4508313856695315,-0.3684358094891156,-0.546066475380115,-0.14263236739328844
2023-04-20,-0.61550482652636,-0.5116947592862856,-0.6643845203486924,-0.25453094968394885
2023-04-21,-0.48212505399431066,-0.39157749961970556,-0.5123564694171803,-0.1664441155929447
2023-04-24,-0.544250545224097,-0.4486621318001065,-0.5729332831966043,-0.2140497183565855
2023-04-25,-0.6134299501041311,-0.5113101905608766,-0.6304270874177604,-0.2695193249268645
2023-04-26,-0.2711581869179416,-0.21963832597754718,-0.25470883675853795,-0.07981634410955152
2023-04-27,-0.6236587093778219,-0.4956520687719993,-0.5110843435104249,-0.3325463528491558
2023-04-28,-0.000808525976281782,0.009281199309375099,0.015330630491831476,0.056779111027231544
2023-05-02,1.6187277691390267,1.4019824576658868,1.3943622677515313,1.1441435383924268
2023-05-03,-0.4012547889367733,-0.19666257339149879,-0.2569806373641933,-0.32929790104632356
2023-05-04,0.45005116465149575,0.43786770783114193,0.43381366191505755,0.434867787333975
2023-05-05,0.1089190779560606,0.2516420472556318,0.2275491577706697,0.10312694500097974
2023-05-09,-0.1402318710644485,-0.037416363988782786,-0.0876282461500198,-0.17689156980612175
2023-05-10,-0.2648405125419577,-0.14572496452342204,-0.16269926167456134,-0.27669459065907115
2023-05-11,0.6093741441851083,0.586955238348631,0.5866422425055071,0.6075810701973319
2023-05-12,-0.47651064383634045,-0.3260473974740524,-0.26585261009292294,-0.4460009235624463
2023-05-15,-0.5747230971630757,-0.4251480687458559,-0.3787112767299452,-0.5219852291584925
2023-05-16,-0.29002076705454227,-0.20400612008472407,-0.1845762569246655,-0.2492963671942815
2023-05-17,-0.6002287773166317,-0.45719755466027934,-0.37941856610768854,-0.5385741468691883
2023-05-18,-0.5010996236706139,-0.37146767570186867,-0.26169309528676804,-0.45575613180556745
2023-05-19,-0.6189478779980819,-0.4822507065963625,-0.38425965744840984,-0.5584482228284939
2023-05-22,-0.8919277774141775,-0.7147048362600983,-0.6169993262127961,-0.7990092357701865
2023-05-23,-0.6055123796021894,-0.4954055347213485,-0.44477746266691104,-0.544081221847208
2023-05-24,4.9480037672045,3.9358757676618614,3.5599514915185395,4.328288850987596
2023-05-25,-0.0657026808326579,0.18376840663675129,0.05020401529688068,-0.24002779179010175
2023-05-26,0.30246292273962827,0.4524550022267227,0.416005429435666,0.24652182994657468
2023-05-30,0.7702945613418191,0.7622002647249799,0.7562484744628013,0.8633035932955839
2023-05-31,0.2702762116036115,0.4750395366401362,0.4361907302241986,0.10557894351114194
2023-06-01,0.08632878585373312,0.3749075964454124,0.398128063059335,-0.18124853622855358
2023-06-02,1.003405217213496,0.9955736350404019,0.9976167047349273,1.1285683966749551
2023-06-05,0.23537780450339088,0.2478307255832806,0.23744498087457241,-0.01829933243843268
2023-06-06,0.33611291421689293,0.3568204448258512,0.3623393586384237,0.19520481208435764
2023-06-07,-0.09929178884646754,-0.06267109179096823,-0.06336230002284111,-0.30881318015219494
2023-06-08,-0.10221801281325049,-0.05482000373507645,-0.04582855144412459,-0.24533074280889205
2023-06-09,0.1254010109595753,0.16678224946405867,0.20700641187390567,0.0601602760659683
2023-06-12,-0.27451997744528744,-0.17779759434574863,-0.05137977886144224,-0.384945329229209
2023-06-13,-0.23643184021991032,-0.1442006784610947,-0.04342560733813822,-0.2978756272910891
2023-06-14,-0.2122559424996362,-0.13435871648313308,-0.05720639183804871,-0.24457607082079585
2023-06-15,-0.4443713966129654,-0.3389124367967327,-0.25894608367654826,-0.45941489772323363
2023-06-16,-0.3188539256134656,-0.2449914912244383,-0.19525861234876885,-0.3174713828012213
2023-06-19,-0.33281647362931055,-0.26363788221054196,-0.22942365413030158,-0.31921942062763176
2023-06-20,-0.5771622549649117,-0.42354888184239176,-0.33026566034423716,-0.607179782680344
2023-06-21,-0.3909734859590418,-0.27429310475240404,-0.1709346262183899,-0.4046855085869444
2023-06-22,0.737989277150115,0.6226059605881937,0.5770961124780897,0.7441861891979706
2023-06-23,-0.2608818504675614,-0.13549600086272695,-0.009986919530908023,-0.2974062868633225
2023-06-26,0.01660927665116163,0.0867244049162268,0.20138147766262854,0.005408015697018098
2023-06-27,-0.1725349974284751,-0.07362175858852815,0.06950316331403833,-0.1932749241316244
2023-06-28,-0.43749457235455524,-0.290338693115348,-0.12752466208267993,-0.4669979028614585
2023-06-29,-0.6474496304322818,-0.4998647437060073,-0.3298304478371593,-0.6983102090030477
2023-06-30,0.11207746089493065,0.10913566261865104,0.16868192767896772,0.13094162210301175
2023-07-03,-0.5589847921505835,-0.5231391478820109,-0.35567559483426575,-0.6515760298277924
2023-07-04,-0.8527011409135126,-0.7901924160404765,-0.5829221814772972,-0.9618857822162883
2023-07-05,0.28941206051361124,0.2623716376045936,0.23694760761814304,0.34038225095679464
2023-07-06,3.6552106257854433,3.0371018972751007,2.6740656284065,4.731442140398075
2023-07-07,0.19461330384207215,0.49159476382182893,0.356314347097493,-0.19220551803214347
2023-07-10,0.2536924395806852,0.5123444428099794,0.4432047798597494,-0.0035831740159129044
2023-07-11,-0.019035794180775667,0.29445394066821085,0.21083777183767768,-0.32475144636310177
2023-07-12,1.538685301117193,1.334854741896848,1.3675889008805964,1.9418240844957686
2023-07-13,0.17947759922362866,0.12461782591547571,0.01614426484271342,-0.152937523984014
2023-07-14,0.16915711659346935,0.13009417787124236,0.031151598593060104,-0.07587482201291346
2023-07-17,-0.051710483562453974,-0.07767697917108954,-0.17480759657052689,-0.2965955895607798
2023-07-18,0.04101823584043551,0.04221708030693061,0.018889836646391267,-0.12105661002890372
2023-07-19,2.2595591081151594,2.321533538462182,2.412639188721524,2.679227864473672
2023-07-20,0.36452963187817805,0.11087343216779072,0.07262143324276793,0.17956038891175025
2023-07-21,0.033851108733740386,-0.41080465306937297,-0.5118509870787908,-0.2190464332925725
2023-07-24,0.03557473857608259,-0.3140906292080481,-0.40176451629910104,-0.13848373226796842
2023-07-25,-0.21438598924306523,-0.6157187311545109,-0.7473554660056028,-0.373448895083981
2023-07-26,0.09612278976081828,-0.07041639948924072,-0.10851525835949449,0.03674859333227232
2023-07-27,-0.2543202369343791,-0.513974015873124,-0.5848154055059976,-0.3160574501108506
2023-07-28,-0.42833136202631006,-0.6955714622371431,-0.7956591389933911,-0.4606684916857371
2023-07-31,-0.311211894090251,-0.47744201328165803,-0.5474500033625104,-0.310329430171345
2023-08-01,-0.21296474578492863,-0.304808360294203,-0.3415555401464022,-0.19610325975293164
2023-08-02,2.0936274187661583,2.468475817434364,2.682206570044032,2.0374648439519394
2023-08-03,1.0907374358351645,1.044448296732925,1.1380444359845079,1.2034394787312932
2023-08-04,0.2112845957104854,0.25581696497460044,0.22350332671238898,0.175085633534928
2023-08-07,-0.16101442703935537,-0.09362582935141539,-0.1599290714742197,-0.23041506318128763
2023-08-08,-0.10268920297983497,-0.04293306551548193,-0.07758138369026002,-0.13910001597323118
2023-08-09,-0.01909171515820418,0.033178444491116954,0.03599132425624696,-0.03972816989268979
2023-08-10,-0.35777302736702765,-0.34301782439186057,-0.3578550314357847,-0.4220970287900647
2023-08-11,0.875217458430635,0.8711456207078778,0.8982720536171871,0.9222145792936602
2023-08-14,-0.15924220679095302,-0.03835233571509372,-0.09519779991602467,-0.3023171324040234
2023-08-15,1.6183607573778842,1.4426185176736817,1.4599430846522339,1.859022258934779
2023-08-16,0.10674733851121554,0.3241392807923214,0.2650182242876464,-0.10776408987655084
2023-08-17,-0.019134028201533287,0.2217424141673816,0.22448881327959957,-0.22749400004116987
2023-08-18,0.5245837594375019,0.6211304771913625,0.6589555062260655,0.5065089467850467
2023-08-21,0.07906966310772767,0.30021403417085174,0.4203776542077071,-0.061427963494807725
2023-08-22,-0.13325086889857363,0.12516354385425288,0.2652208389615903,-0.27496862221960133
2023-08-23,0.16890390083583096,0.31286035847461835,0.40184665688766535,0.12852535246911145
2023-08-24,-0.04813462110634026,0.1052460470823387,0.19825857446794054,-0.12016420370084913
2023-08-25,-0.14748537619992946,0.010437684336897401,0.09592773420208595,-0.20249722425761996
2023-08-29,1.6754584472067333,1.361282924934331,1.2763776342548914,1.7938113104083755
2023-08-30,-0.10024653208645573,-0.31468567948808535,-0.25395617696454453,-0.30823684601740825
2023-08-31,-0.023713496339918927,-0.16607212549648603,-0.13047142990104682,-0.14963542755632314
2023-09-01,-0.15042120099983536,-0.2701599442263417,-0.1794247718682332,-0.278068006527018
2023-09-04,0.08890513797003197,0.033731278649650975,0.06894612333215111,0.038906180776623445
2023-09-05,0.3974886025101557,0.4093679238043867,0.3974109159902609,0.4059227339894744
2023-09-06,0.11101898781210329,0.09593567524534952,0.12745650748313264,0.09798649052621666
2023-09-07,0.05019390491592335,0.04001786054492362,0.07830821596430526,0.041840303395918044
2023-09-08,0.08813456857339685,0.0873019589059213,0.09961094088202549,0.08723147917084795
2023-09-11,0.15528847951242697,0.1653029160580861,0.1540431199932928,0.15730341716563467
2023-09-12,-0.4805319726089481,-0.5218881258829591,-0.4681862648286794,-0.48552222352278107
2023-09-13,-0.48173619312213867,-0.5274688847621913,-0.49765358410887406,-0.48464813172196675
2023-09-14,3.6935493155724544,3.992832601485618,3.7973431965962097,3.6543971081944795
2023-09-15,0.13051865412432306,-0.13511045017559664,-0.13196070870612298,-0.017646462238137817
2023-09-18,0.16910104294892592,0.05664945107805086,0.08769051894152513,0.07133352286427508
2023-09-19,-0.22550761311767042,-0.6897394970093742,-0.7395240675850916,-0.4474213703669012
2023-09-20,0.1876968473464764,0.12025621862732683,0.13633443780193377,0.13076203896028749
2023-09-21,0.053188093187348684,-0.15734181917187628,-0.16159436619647716,-0.05113929231807135
2023-09-22,0.40625695004883,0.426544857863403,0.4532697479183926,0.391954097506485
2023-09-25,0.6080720895339188,0.7678607948923445,0.8443780324848333,0.6546490427335862
2023-09-26,-0.0849261432597192,-0.2048603970782631,-0.2269271063606353,-0.19891116664799702
2023-09-27,-0.06722639157351373,-0.14744832257700446,-0.16781614025609826,-0.13862923444395636
2023-09-28,0.1532317067169061,0.13365139640977397,0.13549590696596814,0.13162188647537265
2023-09-29,-0.06223574814710975,-0.09292416308777018,-0.09309915940833902,-0.09654068079050182
2023-10-02,1.9711033489061243,2.1291343572482173,2.1735281422270143,2.1474119744896347
2023-10-03,0.16081081079627468,0.21241783076028292,0.17063676654435517,0.09830004026934502
2023-10-04,0.7149483277040423,0.6904688102951702,0.6913442187222245,0.812937052514092
2023-10-05,0.1691553830699028,0.2533705577245803,0.2829509170842059,0.10618015406064685
2023-10-06,0.04948400847677126,0.12774044674874857,0.15073378626902711,-0.02612481015605761
2023-10-09,-0.06364279705367393,-0.00029803583363430253,0.013846486858638984,-0.15113009049164539
2023-10-10,1.9486620306978415,1.7467307663952245,1.7087685652550868,2.273173044329982
2023-10-11,-0.0560946671503407,-0.4073475415696174,-0.4229956138409823,-0.32632977919881095
2023-10-12,0.07944248848517693,-0.12670037774375742,-0.12418782985685406,-0.07437924838794696
2023-10-13,0.04540416881637577,-0.12481865492537791,-0.13035820255339747,-0.07020095290466999
2023-10-16,-0.005063723423751498,-0.13989452273555592,-0.1140658771579951,-0.12181184807569578
2023-10-17,-0.06461893006227948,-0.19228621793251288,-0.17855287966747424,-0.1602174206204089
2023-10-18,0.571369093340601,0.6575079029034093,0.6571426188454452,0.6074326297942373
2023-10-19,0.5026183035775342,0.4978455878883663,0.4955491012010183,0.5012190221148672
2023-10-20,0.6546753072619182,0.6682448110654354,0.6655130381534292,0.6648528686068019
2023-10-23,0.20983571900621373,0.3505849745808676,0.35837494636012374,-0.012180087058926536
2023-10-24,0.33689397466156834,0.4492985213655103,0.49452184265407373,0.2158946151279214
2023-10-25,0.030110925876025263,0.18655041109980358,0.2380736092314251,-0.12976676842056573
2023-10-26,0.12172091238447719,0.240665402509969,0.27595081282202527,0.030800476132396448
2023-10-27,0.6101116855129465,0.6470641100259876,0.6851609320125427,0.6261597202634951
2023-10-30,0.1368392344913102,0.3069948112428372,0.4362346520610978,0.024309806771184217
2023-10-31,0.021000769717773426,0.18480107641190555,0.3077550393537498,-0.08495858372267906
2023-11-01,0.21629793551089743,0.3172130425426277,0.4116521774516582,0.1806135532385077
2023-11-02,1.3286434397906577,1.1485286478686734,1.0884997161732333,1.4468429967050445
2023-11-03,0.34405563281079266,0.31919677102346333,0.36421131642641025,0.29016346372554647
2023-11-06,-0.20202393349787495,-0.23788810198002047,-0.07447119606850847,-0.34364084130575534
2023-11-07,-0.3797405955257054,-0.40130366927507116,-0.23175386073766271,-0.49933050085592157
2023-11-08,-0.20295614209206603,-0.20568046962179898,-0.07164093698771506,-0.26224533201976136
2023-11-09,0.5686151689961066,0.5648387470138895,0.5397559787045583,0.5899934308990307
2023-11-10,1.7112291473661068,1.8278936429533128,1.5666983841819282,1.8320534724843973
2023-11-13,0.021375556239383475,0.09251033525870489,0.14741691272529922,-0.09083027194144344
2023-11-14,0.08849594074752593,0.09173875684805421,0.12593134584730076,-0.011962098958964384
2023-11-15,0.4251662658518751,0.4272803261365632,0.43410284592533094,0.4225391562125994
2023-11-16,0.24144322025118703,0.2347554692072492,0.241353225176831,0.21411726395112973
2023-11-17,0.5478575583276464,0.556389121143392,0.5646203232315344,0.5579646242495122
2023-11-20,-0.1631974117190729,-0.29074988875188507,-0.27179601263169445,-0.3794605059059115
2023-11-21,-0.12741456012346516,-0.21577694734257985,-0.1815928409137494,-0.2730751029054965
2023-11-22,-0.1760910254644451,-0.2403214274592177,-0.17768711315418156,-0.2862701897677511
2023-11-23,-0.3316745167257652,-0.38288678623254313,-0.2860114029208356,-0.42617923357250814
2023-11-24,-0.4000655382169232,-0.43682124523206617,-0.3565848323343178,-0.46418889622484233
2023-11-27,-0.5637850812927826,-0.586479346556218,-0.5129874105581907,-0.6064395781167837
2023-11-28,-0.30818311369395834,-0.3029934540439673,-0.2193031289431519,-0.3324445824894885
2023-11-29,-0.5025974462646772,-0.48438067978647054,-0.379740802357885,-0.5170491324099465
2023-11-30,1.0534402496560398,0.9931600069027924,0.8581578848332905,1.0892780719996562
2023-12-01,0.24394852483540108,0.23702602596041733,0.23083571623441723,0.24953110354001218
2023-12-04,-0.3141895451457542,-0.41680299341867444,-0.35115642381005857,-0.37519540211239844
2023-12-05,-0.4173348058388513,-0.5069111831091995,-0.41214022081891183,-0.4724015333244219
2023-12-06,-0.40044140807142603,-0.45671937468272883,-0.3455500830260274,-0.44599349235777375
2023-12-07,-0.633635395765161,-0.7113086596611184,-0.5886459646101279,-0.6856365631142827
2023-12-08,-0.12169527458302964,-0.127237914167057,-0.11201924863159984,-0.12613022019598852
2023-12-11,-0.298873130348124,-0.33254907527680977,-0.3075918905168852,-0.31757300903653385
2023-12-12,-0.2955394381582206,-0.31468484583490397,-0.2924556330853706,-0.30750867097336465
2023-12-13,-0.7967574174802452,-0.8504008179372711,-0.7838499073514078,-0.8300700409505543
2023-12-14,5.3066123497626565,5.641156998275698,5.2794082450257225,5.555308409548729
2023-12-15,0.5471073703335781,0.9604207627590007,0.9779496740640776,0.6577280248556898
2023-12-18,0.010387796465597399,-0.05793733095108178,-0.07290307892214809,-0.07277667242155794
2023-12-19,-0.4960039001753188,-0.6933312862440993,-0.7768376004273877,-0.7187143153873984
2023-12-20,1.2485711048102766,1.5275577155375353,1.750318523643355,1.550537609753168
2023-12-21,-0.35506243289123174,-0.6430132403478579,-0.7501511750259209,-0.5513398935991671
2023-12-22,-0.4983207698144942,-0.7764272001168908,-0.8594322976663175,-0.698190099477304
2023-12-27,-0.2671382305970156,-0.3951591399253047,-0.4305923481464786,-0.3621707862590505
2023-12-28,-0.6426902030089348,-0.8785696489534695,-1.0041803842749961,-0.7965940295695639
2023-12-29,-0.8039852087611118,-1.035131778345847,-1.1890700905679759,-0.9540704884816437
2024-01-02,-0.06650751408939315,-0.054092593759655916,0.01662599118442243,-0.06505957795400286
2024-01-03,0.5065634714969658,0.6474120328535851,0.847282115011351,0.605265547543606
2024-01-04,-0.6179801651971284,-0.6694610004115127,-0.7252649896457454,-0.7165338038601125
2024-01-05,0.07103069576896681,0.09807707478920524,0.15577761713271143,0.11153769383844558
2024-01-08,-0.4497888875064384,-0.4785632996745586,-0.5052125146819731,-0.5247046419124519
2024-01-09,-0.7759549303036277,-0.8073004710362894,-0.8740166588643841,-0.9006206418418871
2024-01-10,-0.9034378267217573,-0.9194906664943965,-0.975557381362304,-1.0407242928797593
2024-01-11,1.5442101392814247,1.4914235037702688,1.5093112516996914,2.00491034497475
2024-01-12,0.04686074456208622,0.07384642994951729,0.06335555187280284,0.08160141204556748
2024-01-15,-0.3365270119201432,-0.29496152287776956,-0.33472045655045723,-0.46736720550562927
2024-01-16,-0.4070974726446791,-0.34568355741484275,-0.3459451789946517,-0.5537421864582136
2024-01-17,2.8406922207861682,2.478942392413709,2.325600314757184,4.059365129303721
2024-01-18,-0.22479835419134728,0.01000557372182942,-0.042279801059743494,-0.5766082423205231
2024-01-19,0.009323662877871564,0.16461179817020063,0.1250751867826605,-0.13161897966045455
2024-01-22,-0.3554576373064567,-0.12653665619860105,-0.18334163209406334,-0.6158393718106694
2024-01-23,-0.23671376843757064,-0.06704196021281489,-0.12025016106989322,-0.39368993767188776
2024-01-24,-0.3949273279177001,-0.20393788512515842,-0.2580083634562567,-0.5675188340179453
2024-01-25,-0.6103379216589355,-0.4241824835732666,-0.5064123971721465,-0.8502031419552228
2024-01-26,1.3952238804873693,1.1485262128428633,1.2482831615122718,1.873871933777347
2024-01-29,-0.41472843675911264,-0.5879667035061484,-0.7167621559425603,-0.732057366692189
2024-01-30,-0.32793676765323326,-0.4426894995162285,-0.533355753221256,-0.5408685050474947
2024-01-31,-0.26458374588120215,-0.3610252074004827,-0.43785784105480396,-0.41714909851516635
2024-02-01,-0.17218823628957236,-0.21958189445769194,-0.2498160553063309,-0.2798790073254699
2024-02-02,-0.28268025223001525,-0.32236607050396837,-0.34641565483063885,-0.3914792728251886
2024-02-05,-0.1709257049757289,-0.18729281821037014,-0.19632437904207,-0.21632029402954112
2024-02-06,0.0881583753456383,0.09169787174546973,0.0979210207619845,0.13426569184165915
2024-02-07,-0.16807539786331827,-0.2245894923610926,-0.23521235075099034,-0.23023440074214896
2024-02-08,-0.29788430398089977,-0.3453434944544769,-0.36371901768460335,-0.4295685364188614
2024-02-09,-0.43972111372370826,-0.4656071060784939,-0.44475256249104833,-0.6116889460735475
2024-02-12,-0.6827798133717848,-0.6894286308204622,-0.6135473185964273,-0.9138312512943729
2024-02-13,0.4481228672130232,0.4435994356286931,0.4199548581027822,0.612205516528024
2024-02-14,0.049491863872051844,0.07007721897105113,0.09183305440290812,0.058996111712227295
2024-02-15,-0.43183779091621133,-0.43364840124978493,-0.3992368152863574,-0.6284432700453089
2024-02-16,1.312915037683399,1.3299214446388026,1.3008584896938866,1.7764838447064046
2024-02-19,-0.2854757457488765,-0.6579401894521382,-0.6818016187012685,-0.599120490643148
2024-02-20,-0.3521233810279441,-0.6825684437870704,-0.7233341315687797,-0.6208287871426195
2024-02-21,0.03846548406004424,-0.030440794970140406,-0.03010571064887202,-0.02717316561162786
2024-02-22,-0.30379058309845886,-0.4506627582016426,-0.4466674140909805,-0.5201000621446941
2024-02-23,-0.5026802962708332,-0.6658184599505143,-0.6801805170647275,-0.7378828459430787
2024-02-26,-0.6067119139630983,-0.7636090968535585,-0.800322635678415,-0.8259080720822916
2024-02-27,-0.7049737455936981,-0.8308715214861535,-0.8165362371931671,-0.923506113416833
2024-02-28,-0.09885806256291674,-0.11590303157534398,-0.11548378839486373,-0.12063303213995447
2024-02-29,-0.3921804521211509,-0.3864746681246333,-0.3668847964903799,-0.5373822614067527
2024-03-01,-0.24782650310841692,-0.23769875126052797,-0.23237666248523114,-0.31455179269451283
2024-03-04,-0.3457910062013412,-0.3798296242448107,-0.3900979903627493,-0.45332691372865275
2024-03-05,-0.3873682292101975,-0.3877257005756762,-0.36305038166505105,-0.518489903258235
2024-03-06,-0.32700058096717044,-0.3197291000751906,-0.309856758683397,-0.40627685800468405
2024-03-07,-0.2505797832524137,-0.2534233708523429,-0.2558705937539153,-0.2970257018453535
2024-03-08,-0.6447245779737707,-0.6418557954583065,-0.6638281009112819,-0.7693734469249413
2024-03-11,-0.48005255669484226,-0.4567447576372097,-0.4413873562225845,-0.5692788771995613
2024-03-12,0.5647907524169362,0.5236923777323124,0.5211104552622725,0.7675311247942829
2024-03-13,-0.5594519761897466,-0.7031414201802295,-0.7335663878572056,-0.7483313524915332
2024-03-14,-0.3991461988867838,-0.4835922115522886,-0.5102909829265349,-0.5043030769323276
2024-03-15,-0.7872932568856729,-0.9044033238693101,-0.9200950687614228,-1.0126685425823267
2024-03-18,-0.8168733867023529,-0.9015141358924501,-0.8843670274120918,-1.0270858504371554
2024-03-19,-0.8070953286081968,-0.8643916164053137,-0.8500021585173778,-0.983894356280568
2024-03-20,-0.8848102633456804,-0.9319883439051765,-0.9447782379737176,-1.0591521389009713
2024-03-21,4.220889505295835,4.411491482568839,4.619021239890732,5.51442171286027
2024-03-22,0.1257351375263428,0.02392134110858235,0.08542859821687565,-0.008551255945588365
2024-03-25,-0.2593857525457488,-0.8390705922366779,-0.9297822359157003,-0.5576203667244358
2024-03-26,-0.3805798704031873,-0.951740221134564,-1.045535005195792,-0.6672802487992114
2024-03-27,-0.4299753106941554,-0.9157866801578206,-1.0171501649344714,-0.6716111045606796
2024-03-28,-0.515573866905855,-0.9596480115093299,-1.0816143919211467,-0.7325429774487933
2024-04-02,0.15515955788598446,0.3741848279547155,0.7160356077353371,0.18951816638054075
2024-04-03,-0.47171812027359955,-0.7076366169824243,-0.7538190714575839,-0.6050230448515088
2024-04-04,-0.5519066745832321,-0.7697304342190722,-0.8300861347133014,-0.6748325225408092
2024-04-05,0.3002399856347562,0.6203933909867765,1.157701150494764,0.4054156485167779
2024-04-08,-0.27717145448555813,-0.3481583153804565,-0.4046583444377385,-0.37606743005613374
2024-04-09,-0.6103850595127641,-0.7479922023331238,-0.9473518385643744,-0.7981320050240592
2024-04-10,0.07263111754867158,0.09666715486156563,0.23818354254558916,0.12544381132266702
2024-04-11,0.08208875645963576,0.11662218293195625,0.313432678356349,0.1474588104758503
2024-04-12,1.2783807761907564,1.3952712551824535,1.8363833271299335,1.728924677029332
2024-04-15,-0.4236715930678945,-0.560239443953797,-0.6538266188422794,-0.5723956050787575
2024-04-16,3.3124235438884404,4.071404373340506,5.036274102557927,4.534730463816439
2024-04-17,0.4280191720765585,0.5065263460488572,0.37907524867683284,0.36709411458955654
2024-04-18,-0.11538825779248482,0.0424598902214412,-0.26913174369900106,-0.4209326120653201
2024-04-19,0.31052141709417436,0.37253556636870333,0.2730731534239671,0.2739812202050249
2024-04-22,1.547452515625685,1.3758687062741264,1.8379612737913407,2.0570857573258543
2024-04-23,-0.000499722851934864,-0.1635726897496706,-0.47005493579690666,-0.2956348593813869
2024-04-24,-0.032092050573643616,-0.16792832498744897,-0.43167313721955136,-0.26489290163729834
2024-04-25,0.06531842192636333,-0.017137423793753714,-0.14362787228622187,-0.06963761602471552
2024-04-26,-0.07060288528605002,-0.17194817502618143,-0.3438755302202148,-0.2144131561967274
2024-04-29,-0.24117046439864284,-0.426099384245179,-0.7133800249873122,-0.42639832341839584
2024-04-30,-0.21065092294966858,-0.34359380912065784,-0.5390050801442249,-0.3379253611337674
2024-05-01,-0.1871726622294908,-0.279264935310512,-0.39164457709504474,-0.27269965338452873
2024-05-02,-0.34624478342928705,-0.4364828096129996,-0.6005314174944009,-0.4416552457985957
2024-05-03,-0.08609240470959789,-0.14278396774028423,-0.13739220933600826,-0.1323536985779873
2024-05-07,0.9377484651530947,1.1649385229013036,1.9369200543919143,1.0671789468973565
2024-05-08,-0.3156959576169575,-0.6718495378571245,-0.9078368963477351,-0.4796587217668294
2024-05-09,-0.40701318869866754,-0.785617214656795,-1.0761591664500774,-0.5606150702739829
2024-05-10,-0.12786361091782084,-0.26320741519454083,-0.1311089796216458,-0.19350346688846087
2024-05-13,-0.558766263867884,-0.9841768318054585,-1.3917769093146606,-0.6952696241968619
2024-05-14,-0.5828924790451594,-0.928506755005969,-1.241288607792257,-0.6961238822093648
2024-05-15,-0.6012476576817991,-0.8833585775874565,-1.148260039175494,-0.6855541198383013
2024-05-16,-0.6248446599759754,-0.8602310169977498,-1.08644546442194,-0.6884430414490463
2024-05-17,-0.7835311688309152,-1.026543285977995,-1.351459734668953,-0.844442152203273
2024-05-20,-0.8979552238775321,-1.1197258913154025,-1.4655992646287501,-0.9635070263231242
2024-05-21,-0.8132974597199033,-0.9627474900783343,-1.2018247116810732,-0.8578354086579214
2024-05-22,-0.28877196679423267,-0.2873990503013202,-0.075821631171193,-0.29257620311058663
2024-05-23,-0.6833959802033118,-0.722888121370983,-0.8763267304950298,-0.7507933581132433
2024-05-24,-0.2094341653823787,-0.21069947029024638,-0.18827384194604302,-0.20896897652085
2024-05-28,0.3320855897158952,0.3262644925911178,0.4498111409171166,0.4374853190953709
2024-05-29,-0.17633389962731283,-0.14989616752702806,-0.1790659650001104,-0.18904274643666086
2024-05-30,0.11954623305825052,0.14669305887931516,0.1306295179527316,0.165377881705163
2024-05-31,-0.43018423252226706,-0.34836515237689525,-0.41785543790359886,-0.5931487889095488
2024-06-03,0.7103817884799223,0.6703932279952587,0.7485835631734676,0.9686252444012959
2024-06-04,-0.3958052996275855,-0.3510308211568025,-0.3976335668014499,-0.504170108284493
2024-06-05,-0.6877795323751994,-0.5991228243081996,-0.6128791588277442,-0.8882537434161797
2024-06-06,-0.7974175692061853,-0.7001409441609366,-0.7320074351492398,-0.9979735145716229
2024-06-07,0.09032434408328105,0.08254125512361488,0.08963303431508707,0.1761558336148903
2024-06-10,-0.45815770449393833,-0.402796609526036,-0.4013946840202677,-0.5563181897304526
2024-06-11,2.3594920367380867,2.0586161962877316,1.9641893935933914,3.2522791397556237
2024-06-12,0.29163616079396504,0.290328808044222,0.2932087389545601,0.43906679833719386
2024-06-13,-0.2257643379379003,-0.18646867534914602,-0.18997925587300218,-0.36049529627757315
2024-06-14,-0.25163854112904926,-0.17878365905175064,-0.1399973479208781,-0.41328670451544536
2024-06-17,-0.2721346141027646,-0.1988773006341128,-0.13690138703376342,-0.40308974009301446
2024-06-18,-0.4524532003053845,-0.3597752642999751,-0.28359581562553593,-0.6192405804858357
2024-06-19,-0.5832587496372537,-0.5281807069557168,-0.4645638216258601,-0.8037762486878232
2024-06-20,-0.3026947434673125,-0.27076336111793453,-0.24393308019247528,-0.3732853585256801
2024-06-21,0.26563319204996805,0.2788134034802763,0.27409942209813565,0.3835595851130218
2024-06-24,0.1636614569322402,0.16512938603746763,0.16237954547958122,0.25062092693365456
2024-06-25,-0.5975332692502271,-0.6463443664348472,-0.6104095592411729,-0.8070646811097562
2024-06-26,0.3315443422871104,0.3370373940406033,0.31270512305751663,0.4951553087839782
2024-06-27,-0.5738386077850304,-0.5681391792400408,-0.46497056723762703,-0.7454413033849085
2024-06-28,-0.17478318476368526,-0.15614602858492577,-0.0840408312454698,-0.20215383899628736
2024-07-01,-0.4601116940782638,-0.4175791516217572,-0.2864096584820954,-0.5788125876855018
2024-07-02,-0.5042180555105388,-0.4580703647311827,-0.34596335164011305,-0.6068091756914564
2024-07-03,-0.541178030688608,-0.45878389404727815,-0.3052866568685455,-0.6876336629233762
2024-07-04,0.10008791640260428,0.09596227485049513,0.10806439360012599,0.2182041859415529
2024-07-05,0.33038166553201387,0.3669628774719238,0.32386728639660234,0.5074986095280782
2024-07-08,-0.4607671664561664,-0.49392824815648523,-0.37258323284621686,-0.640562651483322
2024-07-09,0.04895442028554209,0.0502840799403661,0.06267290237602141,0.13154325746149564
2024-07-10,-0.47257413420416766,-0.4415423689958691,-0.2888003149224494,-0.6600630918162173
2024-07-11,-0.6589634368033056,-0.6893195031867467,-0.5292074869897668,-0.9433150620244958
2024-07-12,-0.5517336476475028,-0.5813680045297995,-0.47422469617801566,-0.7506429655566709
2024-07-15,-0.10652491103199502,-0.11240415331643361,-0.0943240647771788,-0.09178824122956963
2024-07-16,-0.42520192464034573,-0.3769181163545276,-0.30265501604969686,-0.6280157178348363
2024-07-17,-0.20281678278215542,-0.16997479516868907,-0.10335785094883809,-0.2636750514953987
2024-07-18,-0.06267103174984545,-0.049298398913095065,-0.017924478003529254,-0.03311815843825916
2024-07-19,-0.6623598457261026,-0.5991206397413577,-0.5252957924025535,-0.855862365152524
2024-07-22,0.045678742507938574,0.05393014791552275,0.08280074502807022,0.1344140461353922
2024-07-23,-0.13904243886369938,-0.12159728626819388,-0.08815753050220487,-0.13411948215550074
2024-07-24,-0.4899840575887223,-0.42880342591071674,-0.32466196815596987,-0.6323182106573012
2024-07-25,1.672574299483515,1.468211854300416,1.2265839875336537,2.5081961927354284
2024-07-26,0.7939799722048124,0.7157811832502496,0.6174176038916145,1.2412221210452803
2024-07-29,-0.0008103910633722178,-0.03336834581550807,-0.029016287922936757,-0.0229250391736584
2024-07-30,-0.37315562537813246,-0.4867676163181669,-0.4525661679407055,-0.5309693860132605
2024-07-31,1.1306071131868833,1.3951316860092107,1.2260221680463135,1.6744535206767148
2024-08-01,1.2596524389767407,1.983490073462449,1.8652657207917218,1.816724314387029
2024-08-02,0.9009174080476712,0.9993035425699873,1.0117104996603392,1.250341214152948
2024-08-05,4.7537765766616396,4.5154222929959795,4.808480781628839,7.350886199166077
2024-08-06,0.7215206819416387,0.852568982650064,0.7525900845414437,0.587461172520729
2024-08-07,1.2325966699151736,1.2203812189228815,1.2214560356347568,1.4821127312525646
2024-08-08,0.6865227495486266,0.6761480522107106,0.5706831730560715,0.4935815420578687
2024-08-09,0.2852322955283028,0.28594233621530785,0.1559124657888909,-0.04048482282923349
2024-08-12,0.1710023860347381,0.17992154376672947,0.045764561537307735,-0.1148669999201283
2024-08-13,0.10517808008083712,0.10438839790018722,-0.03296944026382739,-0.13634223993894612
2024-08-14,0.03199598803560649,0.03691814717023559,-0.09943584238728104,-0.16369908648127685
2024-08-15,0.2899081746231686,0.2824976646001873,0.20766151018179563,0.2029564802272884
2024-08-16,-0.03749019363204681,-0.10334627533114893,-0.253398090620851,-0.18601649665473063
2024-08-19,0.21897596473098446,0.1983181772440631,0.15533743543888068,0.15157097394600438
2024-08-20,0.17794355830176467,0.14863812108477187,0.10503686547871138,0.12405602955850137
2024-08-21,-0.2386647607484247,-0.1941097901492026,-0.2557077776403251,-0.4064584591382664
2024-08-22,-0.2827885652657506,-0.22871902275937495,-0.2913658057194518,-0.4018934473086051
2024-08-23,-0.3529913683177831,-0.2882678640590859,-0.3531631865328985,-0.43469678917689414
2024-08-27,-0.09574355906324811,-0.06797968426922169,-0.1167490539090944,-0.13289205654105618
2024-08-28,-0.5066252054261837,-0.4545703684436357,-0.5434784875111627,-0.5408702905162656
2024-08-29,-0.41978487881651594,-0.36841065711834964,-0.4371570607982174,-0.4268137926029028
2024-08-30,-0.517703000273988,-0.4798386058426429,-0.5676108882785329,-0.5154674876857124
2024-09-02,-0.8092613475863976,-0.7466494004658542,-0.8551265618220112,-0.7846261170116241
2024-09-03,0.25142585433388986,0.2366588620136627,0.2497685653420182,0.2433452730721386
2024-09-04,-0.07392102669005896,-0.027237350832973628,-0.03592740984096665,-0.08403037124371504
2024-09-05,-0.6433310168740816,-0.5026169159850725,-0.4667272271470149,-0.6810190663243667
2024-09-06,0.22446013369750406,0.2146992043686501,0.22568329754786098,0.23449869490477082
2024-09-09,0.23196431661067807,0.24340291990648222,0.2760852431149294,0.24848013588923723
2024-09-10,-0.06313531935397443,-0.07200580156227054,-0.023944155381574017,-0.12867310095724216
2024-09-11,-0.21207287654834228,-0.1691243253075823,-0.06960300032009409,-0.3378789690678201
2024-09-12,0.5303104924147295,0.5165062626441645,0.5125251805249417,0.5948919947332535
2024-09-13,-0.3588807854758973,-0.33849146113792605,-0.23373752614363486,-0.46891107804685156
2024-09-16,-0.5687973510848633,-0.5544136559909595,-0.4494575613358787,-0.6903474085480347
2024-09-17,-0.19748272056321992,-0.1852081853004398,-0.14126529613096683,-0.23512210731066518
2024-09-18,-0.3700644512979139,-0.3611275763122791,-0.3204349748991737,-0.418520128238119
2024-09-19,0.8133092871161262,0.7572138054336987,0.705629021073914,0.9437127141167474
2024-09-20,0.4738719142632444,0.49571431057705284,0.4735169079187299,0.5416160894340468
2024-09-23,-0.2547291322614171,-0.1707329867742186,-0.15842772603470417,-0.4683855149083637
2024-09-24,-0.3376307361498893,-0.2587469602530217,-0.25723254631766657,-0.5277849897442013
2024-09-25,-0.06531635149284165,-0.020321256577623403,-0.025687014400188057,-0.14100050333366987
2024-09-26,-0.18845122380510182,-0.1322388999855149,-0.11652534558053534,-0.26640762431543075
2024-09-27,-0.5135703850071796,-0.42574095683760055,-0.41512992874616267,-0.6275444481947337
2024-09-30,0.1608910460913343,0.16253633877695084,0.1619818840786128,0.17925672830803285
2024-10-01,-0.2349830986292627,-0.11496284531345685,-0.11725600341607434,-0.3617516041307147
2024-10-02,-0.3927721056546574,-0.2788864661360243,-0.2947068705966683,-0.5381966429099174
2024-10-03,-0.21907421514753778,-0.14086983772602574,-0.1580693032943873,-0.2893140415592108
2024-10-04,-0.3199244677118649,-0.23360389268411358,-0.23841657028563717,-0.38777334857918444
2024-10-07,-0.4144332432583796,-0.3211784111320049,-0.32656710184831844,-0.4778226503243369
2024-10-08,1.0953422389114322,0.9257632097226136,0.9518639070721215,1.2799367622310291
2024-10-09,-0.2877506092441914,-0.0642216955044134,-0.15860011266983215,-0.49664991378532225
2024-10-10,-0.3194331911976834,-0.1481228162097346,-0.25420938348922517,-0.5213449972628248
2024-10-11,-0.38737126979493774,-0.21493271160939187,-0.30185756633230676,-0.5620796230394237
2024-10-14,-0.43267323424447107,-0.2670176504207625,-0.3567311106716988,-0.5781274220753099
2024-10-15,-0.32756598089434497,-0.21729018919825321,-0.2994588390210784,-0.4276038804688078
2024-10-16,0.3061215672109986,0.3039057773986783,0.30001072126392914,0.3706172876443341
2024-10-17,-0.136252862335012,-0.12711389542628293,-0.163608994420803,-0.23240422511568748
2024-10-18,-0.19810856951071842,-0.22520673501807154,-0.2757979849011618,-0.3103494230393671
2024-10-21,-0.15887105236256893,-0.16745772818098803,-0.1823408221937668,-0.23853761152197372
2024-10-22,-0.2803244017292791,-0.26616017865016495,-0.2456732466811084,-0.3891028518958578
2024-10-23,-0.2351077258033354,-0.21720091409535147,-0.18704953287902037,-0.304535483527433
2024-10-24,-0.04405641481123612,-0.0191552320074454,0.02389687997169243,-0.0703067264117927
2024-10-25,-0.7808625990306143,-0.6842194377007904,-0.5859115869896344,-0.9701871439993074
2024-10-28,0.03255511436386005,0.03996072989279631,0.06898380695246953,0.05864112999387516
2024-10-29,0.7395603918498305,0.6807316704605427,0.6180245357745093,0.9360839844182887
2024-10-30,-0.3116957811993507,-0.22798058574118568,-0.15044997323583315,-0.41213928920765397
2024-10-31,0.14239177611412301,0.17823294522636457,0.23419793560452007,0.1717293094447676
2024-11-01,0.33898857252091263,0.3436137170516318,0.39667920004510526,0.44044916306031845
2024-11-04,-0.26026953865817687,-0.2006001236584149,-0.07156636951690987,-0.41591406669517605
2024-11-05,-0.2521310705077947,-0.19557331617431167,-0.09113884770659048,-0.3615143036113
2024-11-06,2.2976589535582503,2.042409218662608,1.7204611924356517,3.041603763037471
2024-11-07,-0.5355904665419018,-0.45006096214911523,-0.30234436548625365,-0.6717588246872527
2024-11-08,0.3603220182944561,0.3204042374196304,0.3167058818205686,0.5037048794850538
2024-11-11,-0.1108324993814307,-0.032749654833536646,0.0894440989752896,-0.15489784174480548
2024-11-12,0.6110842635091822,0.5649495034791682,0.5364894911995035,0.8342780762726132
2024-11-13,-0.11074315287555114,0.04345213834169043,0.1371623607713855,-0.30216419889727564
2024-11-14,-0.11635258511679003,0.022690968192218663,0.10255198352464179,-0.25310994009919785
2024-11-15,-0.26061834941005013,-0.12673065310778808,-0.052270208360998716,-0.43129806621911093
2024-11-18,-0.40548367915643035,-0.2547085968561226,-0.1611060395034256,-0.5860285693938188
2024-11-19,0.2780572675475237,0.2808381619653745,0.29554398953405236,0.3504596183665163
2024-11-20,-0.48229089632544647,-0.37086363843133824,-0.27997908270613403,-0.6378041386091587
2024-11-21,0.13971525570081322,0.14264603034024737,0.1709066236299842,0.20113992228356614
2024-11-22,1.1269981965431866,1.097086534939927,0.9942322985543611,1.4914349768031032
2024-11-25,-0.34386610421278085,-0.6258183484404115,-0.5700157300391502,-0.618246570891468
2024-11-26,-0.4020489051886995,-0.6660723679689833,-0.6336383687860176,-0.643350008880905
2024-11-27,-0.4748206773930892,-0.6922960878179039,-0.6093223135807705,-0.7125899483067544
2024-11-28,-0.6320068775360776,-0.8500230880819247,-0.7811843687650607,-0.8676377258889376
2024-11-29,-0.6429971052057347,-0.8159706544222362,-0.7748288017606941,-0.8335479695799373
2024-12-02,-0.48772598957708174,-0.587747600578653,-0.5756684494833473,-0.6014543726565444
2024-12-03,-0.17287477483813873,-0.1942834908612482,-0.19466096131420985,-0.19480306117071655
2024-12-04,-0.7538243291739348,-0.9294923346200024,-0.9730391371705351,-0.9095539283448517
2024-12-05,-0.8962952831420138,-1.051312840739551,-1.055354032407835,-1.0750106837534916
2024-12-06,-0.6369546060164829,-0.7155462115949942,-0.735194158715327,-0.7332260559325201
2024-12-09,-0.4580604575842253,-0.4825894172641113,-0.4773886865027218,-0.5302184239902238
2024-12-10,-0.15288256100756192,-0.15729034695247845,-0.1561323967362127,-0.14841629697692627
2024-12-11,-0.2510977265279406,-0.2327240502123542,-0.24766420138523026,-0.33159785205973547
2024-12-12,-0.8229665234069652,-0.7792650128644539,-0.8331745986924202,-1.0684705809797646
2024-12-13,-0.670766444417084,-0.6294256827493363,-0.6835396713766015,-0.8296891047849441
2024-12-16,-0.6833586000063789,-0.6355725124161056,-0.666389301243227,-0.8231433086659801
2024-12-17,-0.2682152108712781,-0.23992641159320804,-0.23385738956656343,-0.28591086157703116
2024-12-18,-0.7034614523685709,-0.5441237866852446,-0.5086969219765596,-0.9662110170773142
2024-12-19,1.1363999990541709,0.9441207350394836,0.9245049785961251,1.6536016276193795
2024-12-20,0.4984775341251042,0.48838461342381334,0.48735925834980276,0.705539155598939
2024-12-23,-0.34494331675772544,-0.15470662808065233,-0.12187352125136575,-0.5397881139297683
2024-12-24,-0.5357928702551242,-0.3196753708214536,-0.2935417023260528,-0.7709364994037678
2024-12-27,-0.686994017228812,-0.4736807224583077,-0.46177189918170924,-0.9567553594188707
2024-12-30,-0.533659680310218,-0.3721060311715716,-0.37304140322024004,-0.6958707959457653
2024-12-31,0.036875263355621746,0.062218462965481725,0.07804913998617546,0.11425332844746983
2025-01-02,0.7312204545367218,0.6385654843034385,0.6235309730965986,1.075105027538985
2025-01-03,-0.483190030938457,-0.5600501991399779,-0.5646411835682557,-0.730575501052838
2025-01-06,-0.46901421307641294,-0.5050018641457392,-0.4616175929768557,-0.6934110716695041
2025-01-07,-0.3842580617236924,-0.41130671926379864,-0.3919383478078892,-0.5331388180478444
2025-01-08,-0.11202695128812823,-0.11723643784519722,-0.11056704771170933,-0.12061391450900394
2025-01-09,-0.10064479270197502,-0.10163530789036812,-0.10039136063966025,-0.07960175839988626
2025-01-10,-0.10099151006845042,-0.12230683159004307,-0.12299586762188308,-0.11721487659202312
2025-01-13,-0.33132922072168736,-0.3363503151373779,-0.3503507480094983,-0.505549193514487
2025-01-14,-0.5128492006070768,-0.4996332120947569,-0.47324573851932306,-0.7348220536841479
2025-01-15,0.6117461343791508,0.5911697537114127,0.5567672183425406,0.8850005188184245
2025-01-16,0.17084682883999103,0.15028881495079593,0.14878490326305105,0.16325522800502235
2025-01-17,1.1661105251725912,1.691907768664905,1.701347155172952,1.5680238446250514
2025-01-20,-0.15705775731559515,-0.72317071279264,-0.7676833562458969,-0.48485655725501886
2025-01-21,-0.30480034693044,-0.8824741161016133,-0.9569160026221228,-0.6170924788450441
2025-01-22,-0.23235130169866336,-0.6389610320340418,-0.7000710432696867,-0.4514146789627549
2025-01-23,-0.44564627728934314,-0.9205922615776354,-1.0181937883588645,-0.6792049946570642
2025-01-24,0.18292132971340747,0.264985402368098,0.3746255744799738,0.1770998655624083
2025-01-27,-0.3785736437727744,-0.607030016534112,-0.6858813162495718,-0.5693350116001994
2025-01-28,-0.23383080887455437,-0.3595834603071275,-0.40170236838027895,-0.33963802536348575
2025-01-29,-0.32041653782736124,-0.45032178784502996,-0.5063693485635384,-0.4221126860899571
2025-01-30,0.467501551925792,0.6082728485896078,0.8068295194461113,0.5566952346276917
2025-01-31,-0.49497891232900726,-0.8502651414747457,-1.0195868348125834,-0.678977948995178
2025-02-03,1.7248200869736419,2.705708295786329,3.8262898116041235,2.1020902249640643
2025-02-04,-0.27990078152184705,-0.36918215981084074,-0.5437083353146241,-0.46378761898011617
2025-02-05,-0.1613904602020636,-0.2109814896781832,-0.2975618643809709,-0.2680921862726856
2025-02-06,1.2894403001565715,1.4731912598231176,1.9333218027110766,1.591620708184546
2025-02-07,-0.35589654739591314,-0.6951954438101887,-0.9322753324640418,-0.5927428676635512
2025-02-10,0.12430464474629555,0.06751120090703944,0.09597919168207025,0.07205853946272944
2025-02-11,-0.4362994558650084,-0.7977412324874894,-1.007938496077562,-0.651898903380264
2025-02-12,-0.42058489715047065,-0.6993916811283993,-0.8735760364537055,-0.5802670493538433
2025-02-13,0.08050468175312542,0.07362442140712244,0.2012654647862362,0.05976510777856647
2025-02-14,-0.4979712953617059,-0.6904323807397159,-0.8294242706846847,-0.6375416674723066
2025-02-17,-0.5951830785275264,-0.755635514476291,-0.8544764850717044,-0.7411352560449175
2025-02-18,-0.7493820648776177,-0.9385767485656171,-1.0841579823400114,-0.9011057086920345
2025-02-19,-0.26847339715013807,-0.31868350180885285,-0.3419285171919574,-0.3111146687674131
2025-02-20,-0.44039256952902567,-0.47790425372761247,-0.5296904384632021,-0.5358909650254272
2025-02-21,-0.6197192139964752,-0.6151270660627068,-0.635487862365794,-0.77372213078018
2025-02-24,-0.2620633628696265,-0.2546918652987775,-0.2628632458964655,-0.3096442816905788
2025-02-25,-0.07902312718624072,-0.07612470742491817,-0.07902088285705888,-0.07358039626562451
2025-02-26,-0.4058959143982136,-0.38835041102304757,-0.4090754612316341,-0.44626749992054837
2025-02-27,-0.013892990969621044,-0.01033571347067741,0.005814925101657931,0.006248521139775143
2025-02-28,0.16871837253723476,0.19123828652182717,0.25442818654043786,0.234173150946551
2025-03-03,0.2361883456532312,0.29681798928921266,0.41962569077703704,0.31692975556659353
2025-03-04,1.0363509971627962,1.3802986733182945,1.8573944445438944,1.3098884811042275
2025-03-05,-0.01784179094846683,0.010304291913824093,-0.09684312827860786,-0.11733875613796951
2025-03-06,0.9828792213058442,0.9326812085638243,1.1755147329137412,1.2966142200684323
2025-03-07,-0.1327501426987659,-0.04815216670537609,-0.15095699463885182,-0.275728566760309
2025-03-10,0.46126636350594596,0.4472035708627671,0.4642687625078654,0.5821197445541308
2025-03-11,0.7575128129216642,0.7090114672624194,0.7227910016514809,0.9782430363590623
2025-03-12,-0.03682352120105886,0.16882420896975936,0.12129632790040701,-0.26411427403109156
2025-03-13,-0.09338598912764423,0.08653988057586295,0.031226064981978496,-0.3016217545384754
2025-03-14,0.37862370706398685,0.42901050828696785,0.4077080057130183,0.4112695360818768
2025-03-17,-0.14921732720717074,-0.08799464882875296,-0.1625408424328847,-0.36104760917797446
2025-03-18,-0.33219047032962684,-0.28950797379865445,-0.3904619733618984,-0.5728053850724578
2025-03-19,-0.3188184161637516,-0.2786778862384919,-0.3763544100989445,-0.501792679248129
2025-03-20,-0.11746915512572387,-0.08605909535214007,-0.1476148366138993,-0.201670619109655
2025-03-21,-0.0022713608972193544,0.019449366594203488,-0.011899922393404538,-0.03195946349902845
2025-03-24,-0.10953100607138844,-0.054953697485730646,-0.07260686373143144,-0.17427502034255693
2025-03-25,-0.14427723771106882,-0.0912310299899517,-0.09781251728063045,-0.19329573227654318
2025-03-26,-0.4966429167144723,-0.4091187524276481,-0.43246965628723755,-0.5998895971285216
2025-03-27,-0.18795018736673796,-0.15126411206775803,-0.16889805353972165,-0.2148437443293133
2025-03-28,-0.5752863789290674,-0.48637387105668156,-0.4843610150452549,-0.663372103488606
2025-03-31,1.269036120324323,1.0836965732538961,1.0664980443421248,1.5085818500354842
2025-04-01,0.06601229008440579,0.1007930719939093,0.1084915421049012,0.08689815941033863
2025-04-02,0.0012535695440948347,0.02883639887868017,0.029766700170074767,0.0017096736860500172
2025-04-03,2.0985249562469197,1.7972408347774769,1.7001961396871477,2.690258180530997
2025-04-04,16.172227904527727,12.066537283920768,13.077897624147974,23.818452141789514
2025-04-07,5.635174831036527,4.490311403673347,5.996372581826669,8.552994657728448
2025-04-08,2.552445929672199,2.7013113788486978,2.553878848111686,2.6459277595146915
2025-04-09,2.7582616352158853,2.7961117678629077,2.778356080146448,2.9530123362967533
2025-04-10,4.077562943167465,3.7412248190364727,4.063388563873572,5.05257382781148
2025-04-11,2.0020401501574963,2.171393497264348,1.8528697393655469,1.649276036547777
2025-04-14,2.088219302576791,2.224515396931852,1.9771143636630293,1.8880995771914142
2025-04-15,1.8186793728407706,1.9281107809983422,1.569910581930948,1.5464709586921968
2025-04-16,1.693534589263179,1.7818465606067295,1.3905485507231798,1.4566974126362828
2025-04-17,1.5667491289859345,1.6673002903190408,1.2683767177050191,1.3910008743215834
2025-04-22,1.390647334619453,1.5108142516935505,1.084267381395285,1.268537337882111
2025-04-23,1.4940812149083647,1.5897522498603698,1.273531867542584,1.4470196871107204
2025-04-24,1.1383574278606696,1.2539235128395558,0.7914596894678861,1.1274438716293658
2025-04-25,0.9995890165188277,1.1314562891192654,0.6635960605382537,1.054365653992989
2025-04-28,0.8602129932593747,1.0087018601706954,0.5360709305976638,0.9817050985574558
2025-04-29,0.8103184315912675,0.962031558129397,0.5343984340231507,0.9837636613173046
2025-04-30,0.7033468347822656,0.85389329612522,0.4267627545477558,0.928773160277034
2025-05-01,0.5093081838522802,0.6794181468817088,0.21384048427263408,0.8117789595327138
2025-05-02,0.8890864636134899,0.9856152422651453,0.785290383606442,1.0952919113504351
2025-05-06,0.5118490185356424,0.5915273497585678,0.20549512935217074,0.825755539916458
2025-05-07,0.3772679551372561,0.4713045567028947,0.08621352115698466,0.7508445942626645
2025-05-08,0.4912863189122274,0.5770108684680071,0.35735329276600303,0.8226192479112701
2025-05-09,0.11614469744180908,0.2521477652022187,-0.0027182032009063495,0.5955109336394876
2025-05-12,0.4286682076863798,0.5084283156029445,0.37701043496682457,0.7706843303111619
2025-05-13,-0.10457290564753237,0.018218008041382877,-0.24675130021500696,0.4666664561685288
2025-05-14,-0.0930266747375095,0.025516993363876833,-0.18794990636841485,0.468752281019739
2025-05-15,0.3775446798662748,0.4208325351434963,0.36973216491265515,0.6847052798747868
2025-05-16,-0.16762774142429387,-0.07915068640941769,-0.23002115271464213,0.3978099368326453
2025-05-19,0.07381862542164064,0.10709045362434594,0.020476377704769178,0.4916181781838632
2025-05-20,0.10810944662672661,0.1345718749992273,0.07896557126858739,0.4830268140407525
2025-05-21,-0.43843243600135606,-0.502494087548495,-0.72820184576786,0.18212765808841455
2025-05-22,0.2028829784507623,0.1963703263430897,0.20467469565618013,0.4826992750328967
2025-05-23,2.1702159356176614,2.1585658408755823,2.4741868369699267,1.446207664492798
2025-05-27,0.36479660805522407,0.36198465680627345,0.3727693809756488,0.5095309800011256
2025-05-28,-0.1995603861692199,-0.2267745561646024,-0.2726075469259772,0.20557259346195117
2025-05-29,-0.2817749522519973,-0.27418209666433685,-0.291495442312594,0.13070233987608565
2025-05-30,-0.21602691717153055,-0.2027848770222732,-0.20387595963876948,0.14488155673677214
2025-06-02,-0.404576994101362,-0.4338368723337515,-0.45290070509480057,0.01798230515269561
2025-06-03,-0.43797864175498086,-0.45294801404940127,-0.4791289726404981,-0.019115480549388664
2025-06-04,-0.7686065201552091,-0.7764604438350973,-0.8340203544064867,-0.2129249796456164
2025-06-05,-0.6255524293949806,-0.6223001992339758,-0.6777144403301497,-0.16184665530805564
2025-06-06,-0.829942479607952,-0.8131447459588197,-0.9017640212826712,-0.29021472621120287
2025-06-09,-0.9503278482273488,-0.9379955915174506,-1.0638088305655222,-0.3797281394909047
2025-06-10,-0.7807585025508508,-0.761800088812883,-0.8456739367152268,-0.3234985837070766
2025-06-11,-1.0473841620301978,-1.0191905687838654,-1.1697993767243704,-0.4882979239983076
2025-06-12,-0.8461845813727683,-0.8194007125892743,-0.932054085250044,-0.41621499379543914
2025-06-13,-0.313671678334585,-0.31602274913360384,-0.26362937355142146,-0.1718559999435917
2025-06-16,-0.873791900481193,-0.8213482038882574,-0.9284778682869151,-0.5036286704644785
2025-06-17,-0.5969960378893896,-0.5760616582599092,-0.6225886818014025,-0.37332610594364696
2025-06-18,-1.0542921262549645,-0.954061902951548,-1.0803741184658668,-0.693115172559429
2025-06-19,-0.8071339079492234,-0.739258720891872,-0.8331901308023236,-0.5581155897318861
2025-06-20,-0.33570681512060485,-0.3001745014178724,-0.32747589422842927,-0.26397070286547153
2025-06-23,-0.9212381107487451,-0.7852028278929963,-0.8413555595393822,-0.7154276449508115
2025-06-24,-0.36610189373865687,-0.3354789739187223,-0.3433997649633528,-0.3170767990369743
2025-06-25,-0.2947856887878775,-0.2877520724049816,-0.2945935137661524,-0.27781148250860954
2025-06-26,-0.8762898640511453,-0.7316817406387757,-0.7332408623697706,-0.7633451845715563
2025-06-27,-0.6246142125106089,-0.5452187359444696,-0.5601778409211577,-0.5642732500444166
2025-06-30,-0.6874760895242709,-0.6767113999475574,-0.7171065702384132,-0.6539531326228047
2025-07-01,-0.5517395440987373,-0.5222984009682498,-0.5295657148145747,-0.5460649784525686
2025-07-02,0.039478926177714646,0.02504017820565485,0.036389517211722566,0.03554402362661513
2025-07-03,-0.6118170888857846,-0.5812985669676843,-0.5941511808067502,-0.6075666379150557
2025-07-04,-0.8459078358465772,-0.8550683475204528,-0.9045077356680393,-0.8675982900689327
2025-07-07,-1.0424856112016327,-1.0365185623316753,-1.119655298122866,-1.0656266920479456
2025-07-08,-0.8740067893100675,-0.8549706916751416,-0.8953528112204248,-0.8994477947951103
2025-07-09,-1.0858985527104452,-1.134737090347309,-1.236071066279595,-1.162246617815144
2025-07-10,0.8314227787729733,0.8761783139576467,1.1289486336753571,0.9476526569799133
2025-07-11,-0.4059173979305847,-0.6128011181554587,-0.641398443093689,-0.5386587790581561
2025-07-14,-0.3879320127454833,-0.5359046860768704,-0.5650762316344484,-0.5037794827853702
2025-07-15,-0.21130364370875232,-0.28177083927444535,-0.23917239286399172,-0.2763448288726056
2025-07-16,-0.6036902414508155,-0.7893566909805205,-0.9140873843115275,-0.8453809694640171
2025-07-17,-0.5508442074705049,-0.6762308029383548,-0.7535993496389262,-0.727099923445624
2025-07-18,-0.6682935070269034,-0.840423100658825,-0.9604305122000969,-0.8721785288284954
2025-07-21,-0.8231015548036211,-0.9946049033540376,-1.162300811292663,-1.0331559041229204
2025-07-22,-0.8561821670720005,-1.0010981324081256,-1.1854239029431608,-1.040638477355355
2025-07-23,-0.6965913661405705,-0.776926133628719,-0.8944498741601269,-0.8090860440948793
2025-07-24,0.15747752429355666,0.23458349671762213,0.5366191165591125,0.2654695423852962
2025-07-25,-0.6956940715955353,-0.9361821527710159,-1.127628861372027,-0.8850218677491049
2025-07-28,0.4696132295650133,0.7127823837492562,1.2242846427371397,0.6807377236389984
2025-07-29,-0.11636596329787097,-0.10953352963056084,-0.034924022891676954,-0.08942539242446657
2025-07-30,-0.6508199069793419,-0.8089981984463221,-0.9408283833235942,-0.8270361776290669
2025-07-31,-0.3740605648730567,-0.4169085340505524,-0.38826743318347057,-0.42033634083955507
2025-08-01,0.3816428465196955,0.5190117475724658,0.94190600108467,0.6023690825230126
2025-08-04,-0.5747104612470489,-0.5868397661008196,-0.7134786587544808,-0.7374150513554492
2025-08-05,-0.6755894992118617,-0.7627251931115555,-0.9473509035860216,-0.9071402082372396
2025-08-06,-0.8443793652127031,-0.9245330826840374,-1.1680501186080483,-1.0990590128483086
2025-08-07,-0.27480614783430135,-0.28488495295317295,-0.23958663461542362,-0.2745619656296898
2025-08-08,-0.7335414748987091,-0.7043969461424298,-0.9015750367118506,-0.9976482194297822
2025-08-11,-0.8231894523918187,-0.7802486627596691,-0.9729367780729337,-1.0810312735701564
2025-08-12,-0.8387862023894597,-0.8142345506966009,-1.0189173915774536,-1.0802670168192114
2025-08-13,-0.9507254219926327,-0.9169746161254839,-1.1580488572704013,-1.2022703147565772
2025-08-14,-0.9577634852082313,-0.9191997104638403,-1.160775798043301,-1.1806245573482643
2025-08-15,0.04841171635547914,0.02769071776287313,0.2370755922154133,0.24468855989986982
2025-08-18,-1.0350480200680463,-0.9478677741173456,-1.1617016144750019,-1.3029698787462791
2025-08-19,-1.0312483374130836,-0.9486261798134268,-1.1682050166850728,-1.271382278973068
2025-08-20,1.5687405660338616,1.4180975150701827,2.195774584730107,2.5037174818901433
2025-08-21,-0.6781863615056523,-0.8837938215183377,-1.0898794637827431,-0.9624529936737342
2025-08-22,-0.43579488652897247,-0.5186051602647076,-0.5058156348278768,-0.5372137005648705
2025-08-26,-0.3750758212373694,-0.4118957652427907,-0.29475014472332917,-0.4051905239481457
2025-08-27,-0.43725431141432325,-0.47118471375691606,-0.5433825514750928,-0.5427663709251137
2025-08-28,-0.6097576974018656,-0.6403600629462478,-0.762350185672987,-0.7708149254162087
2025-08-29,-0.8585242780280395,-0.8595194475988828,-1.0301853569773916,-1.172193861729475
2025-09-01,-0.8419166135622338,-0.8154189137758696,-0.9240494427203019,-1.1357588885259768
2025-09-02,-0.084917635993907,-0.0897922365915429,-0.05960264042522634,0.10155323469150823
2025-09-03,-0.3737085552732352,-0.2938301846882111,-0.3682435309183627,-0.49216903573687254
2025-09-04,-0.30290226748455806,-0.2798042991101243,-0.34748544118090485,-0.40261296370178945
2025-09-05,-0.6141894902287071,-0.5953012625289511,-0.7287752861378556,-0.8848429733765044
2025-09-08,-0.8028315999498146,-0.7661215606640921,-0.9068444226521082,-1.1312444037554787
2025-09-09,-0.975419134269499,-0.9215872853014634,-1.1022220290202558,-1.345431006665763
2025-09-10,-0.5415933857226124,-0.5160914473744337,-0.5950621743668943,-0.6305164414138528
2025-09-11,-0.478947113827183,-0.4544558822748409,-0.5005870533912642,-0.5070486708274917
2025-09-12,-0.6749942954434219,-0.739421696444585,-0.8551264593036357,-0.8996916798438955
2025-09-15,-0.790727898259215,-0.8406632154741074,-0.953227887821706,-1.042942589515984
2025-09-16,-0.1522924128566996,-0.14801109281549785,-0.10658670551995764,-0.006027952424066951
2025-09-17,-0.6830123666977113,-0.5996465966491002,-0.7313611708426757,-1.0165819509030647
2025-09-18,-0.8784750733524191,-0.7733653554024373,-0.9405498206436992,-1.2717630748492472
2025-09-19,-0.8701054860619548,-0.7718563506380123,-0.9407168375127811,-1.2004152796960827
2025-09-22,-0.9521181209988352,-0.8416059406418428,-0.9872870367986198,-1.2886087080784006
2025-09-23,-0.9664751983893225,-0.8552530033248187,-1.0098682519593445,-1.263467939663377
2025-09-24,-0.05687041583961672,-0.08192635631121092,-0.041926740765399595,0.21175173413057613
2025-09-25,-0.967649434612408,-0.8756697321864088,-1.0326963423441162,-1.2080073207439401
2025-09-26,-0.2183151613855958,-0.21882872380080043,-0.2190327765562996,-0.017794631025608965
2025-09-29,-0.5100594713744246,-0.5249573043909175,-0.5793503066615994,-0.5961031563726564
2025-09-30,0.1113737260740928,0.11925858611484585,0.25006135990260003,0.46719155287989445
2025-10-01,0.43541228208504346,0.5066062173025863,0.8199567932692149,0.9732400072131973
2025-10-02,-0.5786223135242086,-0.8195689686989143,-0.9614753369401708,-0.8724376832335632
2025-10-03,-0.45970095406680966,-0.5899755681225651,-0.6333953087781401,-0.6228008354743082
2025-10-06,-0.6649319166120211,-0.9470972495978871,-1.1249324096559743,-0.9854931319062681
2025-10-07,-0.8835724200528138,-1.1933278316334766,-1.4414135872597158,-1.2790514181179655
2025-10-08,-0.05735677495586855,0.01187035803784764,0.2661839159119388,0.08201712313499221
2025-10-09,-0.5640996398256541,-0.7444548716418432,-0.8027731238707803,-0.7554025041927906
2025-10-10,0.22172739567355237,0.3526474292041133,0.6604841061355173,0.4931137130615779
2025-10-13,-0.6061095552072808,-0.6447027516275734,-0.8435522959286439,-0.9617270226906206
2025-10-14,-0.4240697577694974,-0.439514282271424,-0.5560737247587876,-0.5925941248667435
2025-10-15,-0.3140416958830171,-0.3170579275756088,-0.3694740247793028,-0.3641953838593459
2025-10-16,-0.8044270845721739,-0.7856748851553854,-0.9525241264320716,-1.1140077732317981
2025-10-17,2.1104623613768796,2.017758819014593,2.6671090979188845,3.444882671886181
2025-10-20,-0.5249280513513467,-0.4223683872762162,-0.5513660233508472,-0.7720788975283154
2025-10-21,-0.7856046787626335,-0.6991007999380203,-0.8928462487713855,-1.1775723374162044
2025-10-22,0.5222592321373116,0.4761955243742054,0.6156365809339941,0.9488119016758874
2025-10-23,-0.11286889169556602,-0.14168411716027274,-0.1539764017843781,-0.14651739737189295
2025-10-24,-0.176878032415549,-0.23694279195138124,-0.2575105682980021,-0.2614002928947379
2025-10-27,-0.6561808869174435,-0.9066577409836744,-1.1828649631146124,-1.0182497060420876
2025-10-28,-0.26359872326983713,-0.3387090230515808,-0.34588028166041074,-0.3577955320403774
2025-10-29,-0.13497915651681247,-0.15991557548773838,-0.040765077779795655,-0.14937287486394268
2025-10-30,-0.4005629654874395,-0.5310626931838993,-0.5753581164856274,-0.5423392631767995
2025-10-31,-0.5647113873204404,-0.7074950419299119,-0.831216359574292,-0.7311501612414049
2025-11-03,-0.7447165219149496,-0.8769721823213086,-1.1071231699730368,-0.9934234323504674
2025-11-04,1.1689386314060668,1.3718944328357194,2.007536924716832,1.7524668602572733
2025-11-05,0.20616648019976846,0.25606895895775894,0.5372846312174322,0.40363732765183946
2025-11-06,-0.6501537506449135,-0.7623126303877418,-0.8967232274211344,-0.8164474515946992
2025-11-07,-0.019573532130715554,-0.0031311554560431443,0.11084192341777444,0.08165018439362126
2025-11-10,0.447563438289432,0.46093132205916376,0.5928606834536609,0.7704391209478412
2025-11-11,0.5022772159984111,0.674353582253556,0.9214435053461967,0.7707152496080325
2025-11-12,-0.40223279818476065,-0.8477947273405437,-1.0309425917271562,-0.756848049821162
2025-11-13,0.18054407908065873,0.2539468616533105,0.4903202756972991,0.2080040895604256
2025-11-14,1.9598237578983386,2.2611980014773048,2.9991367906609,2.938747484972581
2025-11-17,-0.26014361699973965,-0.24521517640198243,-0.45773442711939655,-0.6950100305993161
2025-11-18,1.1971050108232777,1.1734801308229974,1.293874298188479,1.6719677084450404
2025-11-19,-0.050417658516574704,0.09270238117201114,-0.017403403057504874,-0.4187397888014186
2025-11-20,0.09269036086444216,0.2165602935958234,0.18797795228058578,-0.12776453036646707
2025-11-21,0.4202840867484411,0.4692493068933699,0.4541060324227565,0.4313298200452559
2025-11-24,-0.21846966589383449,-0.06377979133866354,-0.10713647127227377,-0.43696003144871354
2025-11-25,0.024900661093084087,0.11789976536206281,0.09670839736895376,-0.04635073829170666
2025-11-26,0.2691417778907387,0.2879865238972449,0.2759097372548932,0.27435307829250155
2025-11-27,-0.4473695290217101,-0.4667782240875693,-0.5400425177733913,-0.7042458879762563
2025-11-28,-0.5058000086973978,-0.5066497804185999,-0.5858234257536636,-0.7134811207032493
2025-12-01,-0.5600186890864158,-0.5551871865911325,-0.6446935390988602,-0.730796029281768
2025-12-02,-0.4886040544028303,-0.46927030731422104,-0.5098924598414131,-0.6080361105755563
2025-12-03,-0.8136778383754922,-0.7707850758951746,-0.8340470491371458,-0.9572297594648165
2025-12-04,-0.7116408000255829,-0.664001606168096,-0.6987423707916385,-0.8095945954062799
2025-12-05,-0.505524127608782,-0.47133264227446436,-0.5047064626513375,-0.5533042873696746
2025-12-08,-0.6169132687073059,-0.5484033455995807,-0.5484598085513033,-0.6967595820476677
2025-12-09,-0.9042750872978166,-0.7949015823011334,-0.7548659888698286,-1.0233218172980119
2025-12-10,-0.6222354075375932,-0.551930158032498,-0.5308127526587043,-0.6779186488722313
2025-12-11,-0.3901805611793894,-0.35898800532408237,-0.35669395217365296,-0.39997623586726827
2025-12-12,0.7325100764198664,0.660432009732089,0.6864352376906462,0.9085043307985168
2025-12-15,0.5900902370129655,0.5022371694301093,0.491858030019926,0.8040188919551496
2025-12-16,0.2169965298440918,0.2568578356976816,0.2645621546828085,0.30629578206809693
2025-12-17,1.5916480354237557,1.6814311179730232,1.6567578332286228,2.248991772773615
2025-12-18,0.01071652868130435,-0.03812578328327709,-0.03989533182962579,-0.04359028161208012
2025-12-19,-0.17720849619964352,-0.2938650273623744,-0.3082610858228948,-0.307013586354833
2025-12-22,-0.3610371618183894,-0.5570587454732105,-0.5986567947477374,-0.5493374230464894
2025-12-23,-0.5353088452218302,-0.7304590036442882,-0.7445337536981902,-0.7543635899057872
2025-12-24,-0.7806591299061914,-1.0020131564500194,-1.0496101697426559,-1.0282973719168635
2025-12-29,-0.8284534048431611,-1.0034334114809282,-1.0143744351463237,-1.0519669761377144
2025-12-30,-0.11025019331054908,-0.11137353313991105,-0.1095466939792551,-0.1034882200079843
2025-12-31,-0.8344916980941368,-1.0953255422540695,-1.1551455655256166,-1.0650809248815847
2026-01-02,0.31699352853066953,0.4483677434019373,0.4946120895059216,0.4405641778941043
2026-01-05,-0.5549460255892521,-0.6430065612982675,-0.6734176579016249,-0.6431691260409103
2026-01-06,1.41769606199848,1.9229109379035387,2.3194184347201423,1.832728511736739
2026-01-07,-0.11564369964560262,-0.18272512355404946,-0.10617769022538837,-0.19415844558964812
2026-01-08,-0.4040327872782764,-0.6287921181807716,-0.7325385626945629,-0.6383394735673331
2026-01-09,0.03570059220058841,0.02523740773985117,0.06943485204445654,0.02794301134590338
2026-01-12,-0.47169574894220045,-0.7505363521156853,-0.8784481581160405,-0.6971952740796072
2026-01-13,-0.5807541561294642,-0.8401990608015104,-0.9961577127574246,-0.7879320252383544
2026-01-14,-0.708285314205516,-0.9525506406942363,-1.1331724548337319,-0.9069911198940948
2026-01-15,-0.4199812166870658,-0.5441474142840943,-0.5843198404103938,-0.5186711594012714
2026-01-16,-0.7767155892017463,-1.0631200630153046,-1.3101692946878534,-0.9698830216122745
2026-01-19,-0.5739773317133328,-0.7171620800844952,-0.7991911179592087,-0.6796274479488024
2026-01-20,1.068668901549792,1.3676171351056194,1.9216243403264184,1.4008533697006145
2026-01-21,-0.5346859673188031,-0.5693872081392342,-0.6712888391705936,-0.6869595207233571
2026-01-22,-0.27056731850533655,-0.2787024743405143,-0.30248781022949944,-0.3024450046130416
2026-01-23,-0.8251407966440006,-0.8357416599609475,-1.0045694889825114,-0.9939402091028684
2026-01-26,-0.780511212190121,-0.7759022961944653,-0.9079770009786707,-0.9113818242891948
2026-01-27,-0.4619920884578882,-0.4555678281294886,-0.4856717743287775,-0.48583071323125404
2026-01-28,-0.4471308934536885,-0.4623438756668806,-0.4765096560033393,-0.4826534652347564
2026-01-29,0.5088213076665731,0.49714250379105485,0.680017137688183,0.7996640624234761
2026-01-30,-0.2150389083611569,-0.21429401331524112,-0.1899438131026896,-0.16833159334370973
2026-02-02,3.332855749664989,3.455913347645024,4.769009270029379,4.647899716013791
2026-02-03,0.7286047516373053,1.13378333494556,1.7894609039373575,1.0965845652862476
2026-02-04,1.580569487992428,2.2669232126477272,3.09252363056477,2.350008294314424
2026-02-05,0.186427657392096,0.3229719007187415,0.6141705492215341,0.2691852617820647
2026-02-06,0.4026475764521831,0.43567387302359417,0.5728883015121888,0.549246934423339
2026-02-09,0.03755078342932583,-0.0043289127658691084,0.018039177573653475,-0.003743376636232698
2026-02-10,-0.4110058588695883,-0.5287076392355152,-0.6775469241269464,-0.611693478502047
2026-02-11,0.6694807623333089,0.7623585532273514,0.9913824730039282,0.9564626410783263
2026-02-12,0.6475143663372575,0.8977658318407868,1.2330504452609667,0.8668756985097132
2026-02-13,-0.27654740584176385,-0.4377621103283263,-0.5327563352120983,-0.5125098241606815
2026-02-16,-0.5517317550290715,-0.7737524925127499,-0.9406786482483573,-0.8572260348253026
2026-02-17,-0.27558046641542583,-0.3814903955047467,-0.45134943953973616,-0.4117202839730618
2026-02-18,0.9919415171485332,1.3490484863173768,1.8058622312488717,1.3173962422308136
2026-02-19,-0.07275175179268661,-0.33170086131833076,-0.3582194491013255,-0.25304084891248546
2026-02-20,0.2326085477892419,0.2139266400547053,0.27529124654401693,0.19981938731670978
2026-02-23,-0.2261960026750076,-0.48904576393026244,-0.5735260023406424,-0.41516992591076224
2026-02-24,-0.35418614651959085,-0.6088886466543488,-0.7131933420510388,-0.5289046127579915
2026-02-25,0.29657956023899934,0.41029135893968927,0.5909438487719092,0.34710741536047873
2026-02-26,-0.15999864933625668,-0.44247940365977556,-0.4778873104476229,-0.3208602614490357
2026-02-27,-0.17868556662890167,-0.4009324578587501,-0.40334280266082545,-0.3025778507383937
2026-03-02,1.2605160689662842,2.2925234753743835,3.456800973645661,1.5446793533778516
2026-03-03,6.47995405389125,7.541341249750184,10.69640365060699,8.911264962685049
2026-03-04,0.8848936821411776,1.0501447714539371,0.7665297762042258,0.6603380740189693
2026-03-05,1.6066570151902906,1.580347141405253,1.7244553694721612,1.89519472995143
2026-03-06,1.7602039607157645,1.715195200632719,1.7832474279177806,2.0867318336185527
2026-03-09,1.3630384485994478,1.4290562213174256,1.3749340228013733,1.4343820355969437
2026-03-10,1.4217110291744046,1.4423110828219854,1.4192858990641068,1.549139057729047
2026-03-11,0.7181202808961097,0.8122996455109188,0.6929435399562858,0.4919566992234672
2026-03-12,0.5397061006097326,0.6638062751499229,0.5945516692128493,0.3144895314697249
2026-03-13,0.9811084109174617,1.0327434966804905,1.0266886170423808,0.9523570956470835
2026-03-16,0.5504962347935778,0.6683825488405876,0.6973189970365355,0.44857189843869444
2026-03-17,0.4734968852414277,0.5784971590770012,0.59959119529554,0.3990038727054608
2026-03-18,0.9536419098336341,0.9614428350065413,0.964551876035555,0.9599298945843584
2026-03-19,3.388902924002015,3.0184964045189084,2.8520655414148908,3.7234168432104733
2026-03-20,1.478185400886436,1.5154527000856677,1.5026998973671484,1.5440113540938474
2026-03-23,3.518917098602583,2.9835371244173547,2.9620342325353914,4.328098792556467
2026-03-24,0.8258334324586176,1.0485444503874453,1.0799627743759346,0.7033768317793028
2026-03-25,0.9156026744385883,1.0689212305394122,1.0867115466201085,0.8557690285823685
2026-03-26,0.9172466614122121,0.9949155608817267,1.0053369218914159,0.8476118030367759
2026-03-27,0.8739386748619259,1.0001376436844636,1.0502774058521989,0.780970095694392
2026-03-30,1.1219101912572906,1.1762345089918138,1.203434828792898,1.1129323394003405
2026-03-31,0.7471550926455168,0.7633159379243886,0.8058678092987036,0.652429150782825
2026-04-01,1.6263529536430614,1.6164473702811277,1.5988957482343875,1.6744214083245634
2026-04-02,1.1086305104709568,1.0572022351309,1.0627270294254674,1.0693343866116742
2026-04-07,0.9125107841810168,0.8288757284675966,0.8370639379717563,0.8724247606776931
2026-04-08,3.1956514484993646,3.5823544311509132,3.3283926379739563,3.3634425067728944
2026-04-09,0.764129196541158,0.25275009526849906,0.32575710676029007,0.5796935921211619
2026-04-10,0.6198642412194594,0.12215452681155423,0.20086599916531314,0.4928602128470789
2026-04-13,0.4993173440433215,0.033722121325928806,0.1103823539960697,0.43236208809576354
2026-04-14,0.32632024922374847,-0.14609294812635817,-0.03452550258147161,0.3137217168563595
2026-04-15,0.29584790349832174,-0.09128858755597186,-0.009275972013814526,0.3370401905046795
2026-04-16,0.27484431453725316,-0.020958632383727915,0.09413417005077795,0.34513026995117135
2026-04-17,0.3998210435153607,0.24170840915576286,0.29153946745537374,0.4812912565386465
2026-04-20,0.2237709361903784,-0.011871768077973632,0.05312413000210786,0.337806687533645
2026-04-21,0.6525278717111926,0.6657361841077031,0.6428926301065278,0.6937474472614544
2026-04-22,-0.030671458587677794,-0.15955562712503496,-0.00255737757138208,0.08846758331781521
2026-04-23,0.3188607267616494,0.2725350914132261,0.3616321786332405,0.4061051546570995
2026-04-24,0.08375264673746102,0.03523375055079142,0.17270245072085122,0.22263694846332446
2026-04-27,0.052729274005749116,0.04999000204635873,0.22773322774306085,0.18165009798353696
2026-04-28,0.03640421913110348,0.061626178543543186,0.2716729424382031,0.1634015719583465
2026-04-29,0.766862572772002,0.7518637991152265,0.7409715516571733,0.7339093212018513
2026-04-30,1.2465792382234382,1.1673476036717008,1.1242991684578647,1.1859932993359097
2026-05-01,0.18932015447298192,0.05426574132391404,0.22539530102376223,0.17591853271413585
2026-05-05,1.4791874130720488,1.609126888677724,1.4236166683974316,1.4559139423806517
2026-05-06,2.4486856340346965,2.387474731580752,2.1882672229055324,2.5513002746880296
2026-05-07,0.9803268819930308,0.8951275156193338,0.9128641039405972,0.9214346445354846
2026-05-08,0.6326273620077323,0.5148914378283883,0.5983987713848397,0.4492736045229448
2026-05-11,0.41496681540653374,0.30971143707340837,0.4584629061615231,0.25640683385647756
2026-05-12,0.6050132781107032,0.5440974453143749,0.6330079060357674,0.5410542148907455
2026-05-13,0.5323431937973903,0.48758254365243986,0.5699043701514172,0.5074228003943765
2026-05-14,0.1357454528612361,0.050916453799304956,0.1686548552475383,0.1364446044563706
2026-05-15,1.6059310404354072,1.687682129880916,1.589980978066395,1.5714760040398053
2026-05-18,1.1721029075223912,1.1779716165959417,1.1805768981238054,1.1779945493691326
2026-05-19,0.4322795549344257,0.41751797117141376,0.42677693928556737,0.3574943121791597
2026-05-20,1.074556312554061,1.0745651691251565,1.0745436449026378,1.0754811155071966
2026-05-21,0.49028993006606947,0.4430201520614722,0.4392083274997214,0.4785493053760517
2026-05-22,0.06036037028105541,0.0021742925246110156,-0.012723427065002124,0.09541382765788523
2026-05-26,0.174205888891564,0.14219985971902416,0.12500501061593283,0.23797099658974913
2026-05-27,-0.14156408388582384,-0.17198347371207348,-0.20503204164688094,-0.012830336779765306
2026-05-28,0.35745960371109986,0.3537972484785435,0.3436389339541489,0.4187861545134047
2026-05-29,-0.2635599553344594,-0.21237921635305845,-0.18911397513906614,-0.11286931295442121
2026-06-01,0.31064099220370367,0.32747226837647503,0.34365732227208945,0.3680482985374307
2026-06-02,-0.2853133262425006,-0.18087661902708857,-0.0753713249728391,-0.13400694827158055
2026-06-03,-0.36672261348648366,-0.265460593167984,-0.17481870193041374,-0.1863829497838296
2026-06-04,0.31473457437811514,0.3312735644532482,0.3731931522179411,0.34824486679203004
2026-06-05,-0.2403216498541369,-0.15652229080968788,-0.06387231980072294,-0.08809483976476323
2026-06-08,-0.20663209602995813,-0.13512887378561456,-0.06929332996466919,-0.06612471717956303
2026-06-09,0.8927715001211508,0.7712232501805132,0.7244337953125158,0.7084504454456212
2026-06-10,0.5599657785667834,0.5920110050510364,0.5880509305209249,0.5594039677200532
2026-06-11,0.26358944591219724,0.34668704961819624,0.3360155026818455,0.27771502666214826
2026-06-12,1.1646404829326729,1.0115971932810541,1.0283544569829919,1.0965516166992586
2026-06-15,0.7074247435807395,0.7212039168606135,0.7326368310920528,0.7081052197614326
2026-06-16,0.07908034355588289,-0.008408791133576232,0.0036344821345826173,0.04369566144162257
2026-06-17,-0.31130900624377766,-0.4854731174302532,-0.47984164919392674,-0.342658899725661
2026-06-18,0.47324385189728546,0.4825872465207921,0.4844578186106665,0.47377827565295694
2026-06-19,-0.16375223923803947,-0.15766057023418373,-0.15712600411507285,-0.21514682732662
2026-06-22,0.03621795554057006,0.05559492773641633,0.09240819279312901,0.01902926321318732
2026-06-23,0.42919465578526245,0.4262846597466807,0.43091468261577237,0.4268956282855361
2026-06-24,-0.3474655898843837,-0.3581576549701359,-0.3071732993789591,-0.334778719009482
2026-06-25,0.959639492816136,0.9658300606074491,0.9383087066830801,0.929212901352739
2026-06-26,0.34327247521277315,0.34778335139451777,0.3457147291265248,0.3436797919432668
2026-06-29,-0.5883771234429522,-0.6285823510089388,-0.5727142957107796,-0.5253904409107238
2026-06-30,0.41296291515460004,0.41761646048486667,0.3955941470662758,0.3953026537884029
2026-07-01,-0.4038643092332128,-0.4026931508295466,-0.36150426265763497,-0.3395198784573633
2026-07-02,4.811671191919871,4.6816717038169955,4.192398832623252,4.199048775085911
2026-07-03,0.0311803812983254,-0.191412225028039,-0.17563181536305328,-0.04220763795970772
2026-07-06,0.18141282311109186,0.15306161620069747,0.1439351458730973,0.1563980222794088
2026-07-07,-0.07948326616122037,-0.23036454949679774,-0.2150234839980958,-0.10980307032502556
2026-07-08,1.9005120547384886,2.885658986089569,2.7419384746883653,1.9458315558693662
2026-07-09,0.6062044084322048,0.6198890183336412,0.5904184007832934,0.5928564298559214
2026-07-10,-0.2138744156443602,-0.13745721875075545,-0.29663407640552686,-0.3965527159405732
2026-07-13,-0.21028372499958317,-0.13568028351869488,-0.2815541804974684,-0.33140373980939225
2026-07-14,0.4047619365086167,0.4157476391871843,0.4041800244768087,0.40572209010747073
2026-07-15,0.014901647606143542,0.05770777515823189,-0.015252127329779874,-0.009675060698004612
2026-07-16,0.32194010900326986,0.32352565610763095,0.3251244136833641,0.32514262293975627
2026-07-17,-0.12552487565963666,-0.09517756495025587,-0.1605366254803996,-0.13713004875565216
2026-07-20,-0.2676896494318486,-0.2311904255007079,-0.31462839561208844,-0.26925350887980126
2026-07-21,-0.028586977564016403,0.01792299563208022,-0.017688169392545916,-0.043569661212994215
2026-07-22,1.855351434412579,1.7236153062426074,1.925734254459449,1.9614001550801037
2026-07-23,0.11657954836231954,0.0556466093492769,0.04076686569971877,0.06947455592154739
2026-07-24,0.5200929265265496,0.530687872645658,0.5438220180669477,0.5460777989056161
2026-07-27,-0.11278754897995719,-0.25451951730207983,-0.2994880695329216,-0.23030252365704823
2026-07-28,0.1438367909751418,0.09173728098087264,0.08368172617440173,0.10445038554332964
2026-07-29,-0.13522143835884393,-0.31611905739857504,-0.3703824748488366,-0.22803029217882886
2026-07-30,0.11629611521127092,0.0693220848292403,0.08066486318093369,0.08837543465350539
2026-07-31,0.8684369567784921,1.0945125875999828,1.2534479053983751,0.9232760830297584
2026-08-03,-0.2978629125726436,-0.40200485891677673,-0.42749020626525724,-0.3313582629670858
2026-08-04,-0.43270275892978494,-0.5318257412009749,-0.5560123484171148,-0.4542602064801372
2026-08-05,0.09618373029072091,0.11748661212961764,0.14152114484885847,0.09674022286723416
2026-08-06,-0.4933195456694891,-0.5487722700256582,-0.5913551186880328,-0.4874967836223624
2026-08-07,-0.1015882988965624,-0.09831479182834868,-0.08805661270951837,-0.10125894503164046
2026-08-10,-0.5005906830182324,-0.5292293231642965,-0.5601099310829948,-0.4918517137522139
2026-08-11,-0.7070152879202799,-0.7227254104863449,-0.7509136677297692,-0.7092907447606651
2026-08-12,-0.9044229398828316,-0.9038988830216833,-0.9189795341047601,-0.9089034594553487
2026-08-13,-0.5529240874193401,-0.545651616810245,-0.5497061157914176,-0.5547621065085434
2026-08-14,-0.7348943226052074,-0.675992926115785,-0.6580974938885656,-0.783737081830999
2026-08-17,-0.6093517203812348,-0.5579765957300167,-0.525654013382283,-0.6447651625730602
2026-08-18,-0.5798795417945601,-0.5253385750068462,-0.4738131916309173,-0.6151755840089652
2026-08-19,-0.8202639743276128,-0.7352724578112062,-0.6917110507788808,-0.8748786055860842
2026-08-20,-0.529462935450577,-0.49229348047684485,-0.482991254299753,-0.5424094385532124
2026-08-21,-0.21947172605463128,-0.23765426459085548,-0.23742224639645126,-0.1875183903112938
2026-08-24,-0.8147867729815128,-0.8064640815401716,-0.8359276321414123,-0.8984392385560223
2026-08-25,-0.8942831478681622,-0.8957971970850596,-0.9534904402044457,-0.9939295734340757
2026-08-26,-0.859432632696894,-0.8627237378978416,-0.9337508613522443,-0.9473949861143207
2026-08-27,0.003150703159575441,-0.00423456319629123,0.07515199114041504,0.11904563445125116
2026-08-28,-0.880467036586291,-0.7669046150175416,-0.8776358552723806,-1.1134176160101321
