Date,GARCH-t,GJR-GARCH-t,EGARCH-t,EWMA
2018-01-02,0.015597173890043415,0.0004477678623074556,0.0037433023750196833,0.0005187857811920211
2018-01-03,0.06455814627439696,0.021558627310848028,0.014394041140610155,0.022134608062120295
2018-01-04,0.10103537957751028,0.049321699587903584,0.035015249825044,0.05102716217675761
2018-01-05,0.07252463710313906,0.0332018487865551,0.01947497068632295,0.03533584930617285
2018-01-08,0.055388605627478604,0.023395489170611017,0.010564679447685325,0.026180947330129205
2018-01-09,0.06300672575872403,0.03643776741428031,0.02458217242706625,0.03143510468274525
2018-01-10,0.05252539632648754,0.02702694647219573,0.014728633347134205,0.025289717696382785
2018-01-11,0.05461393888090814,0.031882862728605056,0.016670375655350272,0.029484910599549576
2018-01-12,0.03595985524732139,0.020835348151350817,0.007965349107737784,0.01814973354005311
2018-01-15,0.0595097430734608,0.04274717865388313,0.021386024872070687,0.037838981720619044
2018-01-16,0.009381852506831793,0.0048452537130162345,0.00024916618300561803,0.0024881140608752138
2018-01-17,0.0147684822824093,0.010766668791824018,0.0034440250033297244,0.005616149503891459
2018-01-18,0.0036029717920082025,0.0034029132539585413,0.0006443403801163858,2.2033688279263902e-05
2018-01-19,0.02692436019712557,0.030060379552268247,0.024091520625963887,0.010917197542414981
2018-01-22,0.028221034177925416,0.028654399254997256,0.01992832097068875,0.01177306427301274
2018-01-23,0.026085665931992342,0.028846802360172702,0.0232638048035251,0.010406666782151144
2018-01-24,0.06443850881153619,0.05946158007639539,0.07275035689493341,0.09617843869350784
2018-01-25,0.035637178506360966,0.08429848280659011,0.038564729934371045,0.003412218004400197
2018-01-26,0.03705917688965378,0.0883515802989338,0.05771186312230228,0.0045229380207028914
2018-01-29,0.10911934137047477,0.1527296164599193,0.10644125087441146,0.04162257254594796
2018-01-30,0.01065955906973501,0.0017951353250623306,0.011570150069638798,0.04601946372416642
2018-01-31,0.006238608364321867,0.04790957813519553,0.017478690522886517,0.00791663707699234
2018-02-01,0.007820988837115357,0.06448131318388264,0.046846004722579895,0.008021052040166237
2018-02-02,0.05073898735565549,0.16108739003718497,0.17640914201494443,0.0024795035743887094
2018-02-05,0.08644783601002189,0.010832519892661955,0.0008272801849011147,0.22165143977172092
2018-02-06,14.793143909113397,12.413593613941094,12.054980348524577,16.960480638241222
2018-02-07,0.30729903298848243,0.05968408262567543,0.007141234219113211,1.3816390033333852
2018-02-08,0.5142824632784798,1.1221765028784307,0.501259668580488,0.0008146260031280079
2018-02-09,1.1776456842258607,2.451401921535886,1.8606883655116278,0.152831124489402
2018-02-12,0.8013647909040007,2.037948840000554,2.0171449821124217,0.06846411913273448
2018-02-13,2.4660916546964993,3.6991739354029507,3.491405661888668,1.0021194053126874
2018-02-14,0.6741679730594864,1.3459967453943988,1.2956945738655712,0.13721576485843945
2018-02-15,1.2124878129169836,1.919598183438075,1.794640868888912,0.5427135486291143
2018-02-16,0.7274047638300232,1.2539040301423359,1.1312907261534166,0.3308180615577865
2018-02-19,0.7338081918978313,1.092200632027959,0.9417522662482438,0.3921571413586005
2018-02-20,0.661896270002099,1.0496738511618389,1.1257074026104348,0.3888899042391933
2018-02-21,0.3879088740887001,0.6841735522259806,0.7368085737434571,0.2437138686297884
2018-02-22,0.0805441564333693,0.21153746162905077,0.22396906798478736,0.039181262011916
2018-02-23,0.4940589676712398,0.7793186724166212,0.9306207185755365,0.42037595827881885
2018-02-26,0.1746804903876506,0.3499759837133256,0.47120788025066407,0.15932531066736597
2018-02-27,0.26205238135546666,0.41173569009194516,0.5056465844013184,0.25968403798512374
2018-02-28,0.14178395457915868,0.253770265710328,0.3401431457307082,0.16029604049548532
2018-03-01,0.04198892260071485,0.12890776189571568,0.2543084578861837,0.04796497089794323
2018-03-02,0.06112949789657343,0.003691850834260649,0.022973335240929683,0.062230489258024095
2018-03-05,0.3718795366550032,0.8728797045345535,1.3291584071707165,0.2558536453567906
2018-03-06,0.10431339270644426,0.34191725730283923,0.577605434316344,0.05995718156868211
2018-03-07,0.14285493520775835,0.36882332287375186,0.5623023099801532,0.10988423719908011
2018-03-08,0.12597650485459425,0.32495859416751866,0.4754240880947664,0.1157156404943545
2018-03-09,0.30209491879749256,0.5098444124745728,0.6484000415077061,0.2978996322573735
2018-03-12,0.13046886140217862,0.26156258151795997,0.3405580100187314,0.14361247526446785
2018-03-13,0.02198470857429544,1.6016809986905504e-05,0.006784237697718567,0.012943851056054069
2018-03-14,0.17105044811928924,0.3899834986406995,0.5629566492558398,0.15671619381154506
2018-03-15,0.22168060534689718,0.4478732030324302,0.6338280109836513,0.22541754790122603
2018-03-16,0.0825671354094223,0.22441596272196748,0.3368282390162509,0.0960448599750397
2018-03-19,0.5250775591816572,0.3125514395973679,0.22468957183283148,0.4770951039707679
2018-03-20,0.43317794447097385,1.0213310144471486,1.012233340414879,0.29222640564557884
2018-03-21,0.2728503164142293,0.7114663116217955,0.6882026944449589,0.19460442281984142
2018-03-22,0.25637857392264657,0.04140450496530097,0.025919588815802263,0.3185571422277263
2018-03-23,0.10637066173937988,0.5012095582681946,0.6492953350501526,0.042958206693117514
2018-03-26,0.0058095027055506746,0.19364594347142514,0.36934826478098054,0.0003743276830292902
2018-03-27,1.180529277829085,0.5431505672801459,0.2524699205800544,1.3577856049659804
2018-03-28,0.04654616410137924,0.026001462687153806,0.0001746812516232797,0.1443251586526663
2018-03-29,0.24848216898283368,0.27215119667623094,0.43695213533925176,0.13416657240595625
2018-04-03,0.16243255770700654,0.18883101090143067,0.30384048478681136,0.09759681301749254
2018-04-04,0.07846105285968047,0.10697892001252021,0.2387513354589039,0.04554596130361716
2018-04-05,1.7685683412570548,1.631365321130945,1.2970412322214808,1.8683656555044192
2018-04-06,0.9097262288031271,0.19349212337289118,0.2760951513872291,0.47948421331922964
2018-04-09,0.5390555146871816,0.08620185437759555,0.16223888530782563,0.2874654042760335
2018-04-10,0.31280277735610373,0.03196980452518591,0.0726939052958234,0.17491424261639366
2018-04-11,0.7620092480595615,0.199927802654971,0.2598837895862334,0.545903140355547
2018-04-12,0.6181544854854748,0.1756325262184797,0.24178164609376496,0.48566352655440304
2018-04-13,0.4936356963302436,0.14913056730172836,0.1986096339637403,0.4252516177175121
2018-04-16,0.11165816914556434,0.003823008291328872,0.011727120143637387,0.09961891088426883
2018-04-17,0.28503690270620224,0.12706803292877836,0.17222652719044565,0.24114707899846632
2018-04-18,0.00040207515139594494,0.03274551269255642,0.01929330635923933,0.0014340140369348963
2018-04-19,0.47118985127201984,0.15433936374474402,0.16777923296463187,0.39312149649500305
2018-04-20,0.29706318681538535,0.08540019919287241,0.08971514551777822,0.268353921066408
2018-04-23,0.26041146933601017,0.071963702304346,0.06889967500072892,0.2502977132061221
2018-04-24,0.2282937722807718,0.06560192146447633,0.05751221011128129,0.2362314706404424
2018-04-25,0.000262636285505435,0.04658243210870366,0.05815861397585686,6.85462353651545e-05
2018-04-26,0.066031342870181,0.012459631857619993,0.011969604774972288,0.0741116156553795
2018-04-27,0.0026918437553269765,0.009863635562404811,0.013002477196394505,0.005268626832797348
2018-04-30,0.19816917468295844,0.040441739940415486,0.028886247050237804,0.1873820870166386
2018-05-01,0.18337079616982732,0.04799811942724428,0.03340196207278959,0.1909263912265443
2018-05-02,0.09876842820724871,0.018181876082107952,0.008658481127618535,0.11526137205052052
2018-05-03,0.04287647104186037,0.0022604141541837726,7.309669359275864e-07,0.059103940286052876
2018-05-04,0.027697241532174552,0.0024348080847993703,0.0003808699467288763,0.03716958228129976
2018-05-08,0.11772760624482564,0.030501139390728762,0.017463602005656952,0.12360808561613919
2018-05-09,0.018465183785264495,0.0776419397504962,0.10363941395970579,0.013116880494841252
2018-05-10,0.050374199119403495,0.003437445496401954,0.013580998895518316,0.035445029048352956
2018-05-11,0.20992811693775637,0.036714259835734626,0.01608312184230507,0.1891594768251239
2018-05-14,0.16491949193791644,0.02857678750976241,0.009838824039454007,0.15930923236198175
2018-05-15,0.04386642275457301,4.5594635625966965e-05,0.0026373153394915225,0.045727682308078464
2018-05-16,0.14171797576927772,0.04063323058122843,0.01924458609321797,0.1543270515164408
2018-05-17,0.003251579510973231,0.008679395955518405,0.025732806082512674,0.00682770252342803
2018-05-18,0.10017799514106998,0.02067627277015242,0.004738023205299174,0.10980696136099405
2018-05-21,0.010905133874975957,0.06331771600051371,0.10227479262334091,0.006983886360005443
2018-05-22,0.0963247930389777,0.006618166246123896,1.4037027372975178e-05,0.08683818699069841
2018-05-23,0.10729361390935314,0.2793566630459287,0.3727316008316193,0.10983057145461221
2018-05-24,0.006620088564548652,1.3703712413436812e-05,0.028026063829677816,0.00015788852464822945
2018-05-25,0.1898212082368936,0.18038213525385535,0.06924912659568272,0.11312981129043499
2018-05-29,0.11759180605817732,0.11953835316599307,0.24835957631054825,0.17384709721358851
2018-05-30,0.12913964596713703,0.2258538586244608,0.08078518046503573,0.04607553038114162
2018-05-31,0.09412635044926995,0.13460677081599579,0.033705323541148274,0.030551010726342108
2018-06-01,0.10156664047799335,0.14643163220806682,0.05568859336774194,0.046571274486210346
2018-06-04,0.06540946199087058,0.09894268598505772,0.030439893397507887,0.03144572350678329
2018-06-05,0.1053017301208727,0.13112865757760903,0.05105459141563245,0.06759332812783304
2018-06-06,0.10902316431641416,0.16317931704214528,0.0969666853542774,0.06465890178541327
2018-06-07,0.08674774593033745,0.12965533205228483,0.07182400166988831,0.056298501880849415
2018-06-08,0.009635056607880273,0.027261889772602115,0.008544239621677586,0.0032405014952746804
2018-06-11,0.00866968856956235,0.027419750630701862,0.01660528961905862,0.0034549287086715263
2018-06-12,0.0482134281467958,0.05802357119284166,0.038051524248381645,0.03180055504418823
2018-06-13,0.02003748963394816,0.03215017245233874,0.029029498134161467,0.010110993322280912
2018-06-14,0.7124751497900194,0.6444332139276782,0.6655197102374272,0.760936325315336
2018-06-15,0.7836823515337658,0.8163916618902911,0.8627971973020268,0.8602417572586676
2018-06-18,0.3696538918441102,0.6353861631250646,0.3673073583672939,0.17610646965575943
2018-06-19,0.05328950147636302,0.16823988225294775,0.05858885321149189,0.006534289437374665
2018-06-20,0.0003929887711734773,0.0247718421135324,0.0026764919929860697,0.021723298924729614
2018-06-21,0.14094491726135017,0.04629940069726526,0.1014250993108438,0.22738011376219436
2018-06-22,0.23716391317875002,0.07743887167631616,0.10999082564254278,0.3788868535892597
2018-06-25,1.112489299646797,1.2963244854128693,1.4647921705294558,1.6194656122610733
2018-06-26,1.3331585269375,2.0801923019552904,1.185880243964853,0.49769566939107096
2018-06-27,0.07485365665200129,0.2881142937582828,0.04320702556279612,0.007581381964536333
2018-06-28,1.0135887750109798,1.2889517062935356,0.6719557842007374,0.45288779266818546
2018-06-29,0.32303632083528633,0.4897287293860689,0.18543174056647443,0.09565291169336126
2018-07-02,0.1530529740178969,0.2680441458564956,0.07161032776700747,0.037698518451720606
2018-07-03,0.3098130177084105,0.598485729019184,0.3558395396052621,0.11196957392093765
2018-07-04,0.7961948394924534,1.1386200891583067,0.7992866946624159,0.5132534759787393
2018-07-05,0.491839661230005,0.7649171048035929,0.5852346622649318,0.32548449972182225
2018-07-06,0.31432488082993804,0.5107747010127154,0.3668839761142143,0.2199139731436144
2018-07-09,0.10793068455588781,0.2263670530250783,0.13721005453662838,0.07468470407560329
2018-07-10,0.41672807419583,0.4973066424344233,0.3539133791664323,0.34547981040418885
2018-07-11,0.01941588187954244,0.0055981632510537895,0.032201702033233,0.02754056881419076
2018-07-12,0.23460088985098757,0.4420044035810632,0.3141597573996421,0.15010392465955777
2018-07-13,0.26966553957867284,0.40198946151332166,0.2761191511912425,0.19093143362733997
2018-07-16,0.00205438886325538,0.025148023408837112,0.0029560259237300943,4.163076922933925e-06
2018-07-17,0.24233870884175066,0.41608076904169944,0.372353308840752,0.18875316979171228
2018-07-18,0.1858746794839693,0.32392334934261063,0.27912787037312303,0.1602151072003041
2018-07-19,0.268303891643099,0.3737263220999231,0.31562238684827293,0.24694097363542006
2018-07-20,0.05507658555556339,0.10746725757991485,0.07671574344939863,0.05603602279319054
2018-07-23,0.10236180386116722,0.17006772463716555,0.14001847676261836,0.11499672922628394
2018-07-24,0.000861151898905962,0.004436468570903046,0.004514684626400682,1.0535578018641514e-05
2018-07-25,0.0370005127247876,0.057897036585552966,0.052136218263506034,0.045406603874916227
2018-07-26,0.14656960553592902,0.2126186315174176,0.24254410360619397,0.15075100502902056
2018-07-27,0.07759662428435814,0.12750592952950282,0.14347914427753886,0.08889117645881012
2018-07-30,0.054265927329736556,0.08350392018751901,0.08854752290388922,0.06530000037656533
2018-07-31,0.0029476826933145838,1.2189877905779036e-05,4.9030377848704544e-05,0.00050049397169443
2018-08-01,0.17618963007861355,0.15744672664266343,0.16457789934583525,0.15547754365741828
2018-08-02,0.01358868427191858,0.00015539020866315437,0.0011868311707751934,0.02938146840238485
2018-08-03,0.016427161560577566,0.10132577328309546,0.09641964706360281,0.0012092443086561726
2018-08-06,0.31191328436373783,0.3831847773763976,0.3524921216873958,0.19684520426179375
2018-08-07,0.01929212058980136,0.04152298384947069,0.03066516076667451,0.003141334813656224
2018-08-08,0.038543318225505364,0.04660650616343404,0.03136442643320533,0.014698693793346613
2018-08-09,0.13935694811730123,0.11995671521506002,0.08895012989776271,0.09153689481400357
2018-08-10,0.021328943835777697,0.020508504335417947,0.02002852024078588,0.007324460831750887
2018-08-13,0.21382330117846302,0.2802850374996362,0.3102201970963549,0.1363455037516061
2018-08-14,0.10452134467767298,0.15883384333940195,0.21809021997095251,0.062251983669099814
2018-08-15,0.9260642653954616,0.7681220664177407,0.5829950537692264,1.0492423647686648
2018-08-16,0.22730191297407687,0.5073524497727919,0.6194574108523225,0.09755747281392706
2018-08-17,0.24363107581253565,0.4318102418700246,0.5000213495656807,0.11968264624924303
2018-08-20,0.21810109029186692,0.3900309245605703,0.43991956879152977,0.1272434084629381
2018-08-21,0.25303151926471723,0.4070258682670667,0.4379226164067632,0.174819335654929
2018-08-22,0.04836297893380812,0.12709087856685428,0.18128953972498937,0.023285102812117674
2018-08-23,0.17963292114998494,0.3079596689250543,0.37216103636724074,0.14400933732322577
2018-08-24,0.18650115054299707,0.3119848619264239,0.39522654424054643,0.1627064303361615
2018-08-28,0.05199428873020227,0.12074892273350972,0.1618839025854846,0.04593462058510412
2018-08-29,0.006431166125340544,9.454095201790993e-05,0.00226216989466399,0.008224744068793
2018-08-30,0.03398665023150449,0.09211158299094963,0.1460805139976105,0.02359503697632414
2018-08-31,0.000901134403919953,0.011706302913875866,0.05472973660844883,0.0051763042431575085
2018-09-03,0.014060114596413306,0.10945283057064227,0.2301027205544623,0.00044108256164769155
2018-09-04,7.240540544947761e-06,0.011989323377071467,0.05053519543654565,0.011552186304147005
2018-09-05,0.0027190704676094955,0.005878630039338238,0.06239806850391484,0.025504970339182465
2018-09-06,0.035687345422403954,0.14310328590148277,0.36270982846806304,0.0024951557640771186
2018-09-07,1.7534156320422866e-05,0.05005937140137475,0.2662185702007396,0.024350890786961364
2018-09-10,0.23668743100249423,0.5184185527901725,1.1472891111747245,0.12139815943144082
2018-09-11,0.1264870322632904,0.33048475502801816,0.7754174833331471,0.06222945574658646
2018-09-12,0.029344115307832,0.1421083626684444,0.43944468628275996,0.008128552655966494
2018-09-13,0.15384097546674275,0.31102488781424764,0.6395053676075564,0.10423612788847694
2018-09-14,0.14694230210142567,0.30342388703597184,0.6903315395292581,0.10273012945989486
2018-09-17,0.08450984564173991,0.19498579307090377,0.4646017212099479,0.05943550142794925
2018-09-18,0.10835172018017047,0.22293132617621936,0.4717244253394337,0.08807223601524683
2018-09-19,0.009350579548966786,0.05393051333759955,0.17953972449422112,0.005740942585530368
2018-09-20,0.05993358858842286,0.12799103178154733,0.2685145424963663,0.05198559618310231
2018-09-21,0.49149600118056347,0.3780357436628365,0.2327983881645946,0.5146310365305861
2018-09-24,0.26430788204444117,0.10136638463314061,0.17464502150577887,0.1507163975145089
2018-09-25,0.12238685162165738,0.037901917750389175,0.10427881463150517,0.05747657813213986
2018-09-26,0.2587753488052034,0.11477109515804051,0.19474865434560967,0.16735183255993794
2018-09-27,0.08029761732458517,0.019760201089665308,0.05066952513913198,0.043232356260906775
2018-09-28,0.02126528860354027,7.802910479498365e-05,0.005451524338893478,0.00707865513120506
2018-10-01,0.06288231398868548,0.022189301772500118,0.057193441334747235,0.03662120425504851
2018-10-02,0.075763253570736,0.037486906059660735,0.08594936280972464,0.05210179803557706
2018-10-03,0.06743641990371668,0.03926877366564499,0.09833440290551927,0.04822299894167075
2018-10-04,0.05383374929507915,0.08991278823652335,0.0430163799181679,0.07146258079970498
2018-10-05,0.023726438598308044,0.011831039608649363,0.0035103398281534537,0.06875871204741058
2018-10-08,0.03838134732995024,0.13360374079266954,0.15484243629685873,0.0001212290034027169
2018-10-09,0.26916142733501197,0.593273901949341,0.7191825448448336,0.08654264792786023
2018-10-10,0.004488767197314004,0.09191050471107723,0.13346655147294717,0.012699971938353625
2018-10-11,0.544191904632042,0.16726657427888386,0.08921182990024025,0.9409938626382703
2018-10-12,0.5350854701930612,1.6793293758512446,1.803829095340975,0.11614694921235771
2018-10-15,0.3981022995369328,1.3264693256268965,1.5059409610452896,0.10004141741051756
2018-10-16,0.46807752363939403,1.3082795662906272,1.4215515971024202,0.18368836822778672
2018-10-17,0.2924705287808907,0.9008603583381788,0.9533188819234447,0.11341075697656335
2018-10-18,0.3677273871694174,0.9685235063369364,1.037210570752922,0.20255542633982834
2018-10-19,0.25091839638024943,0.7378427243342611,0.919673747230044,0.1400775094843146
2018-10-22,0.09431715401047655,0.3969008565987147,0.4998441916172043,0.04551290802102804
2018-10-23,0.11881558468371015,0.00204555820527253,0.001536510112408911,0.16832695125598982
2018-10-24,0.006572807225835736,0.21143589495894344,0.35113994041076196,0.0020648832915220808
2018-10-25,0.1404701996970493,0.0006436355114586846,0.006854080669142394,0.21733751142434746
2018-10-26,1.2383553700535046,0.6757833904280303,0.5481918964490181,1.4091862539173026
2018-10-29,0.7964077003868089,0.32316900343426797,0.1696744366864511,0.9786912571962271
2018-10-30,0.1164985671278822,0.2369610836680008,0.3656727464189423,0.0446252239359855
2018-10-31,0.1891727802539218,0.08652241968460946,0.03908360454627512,0.2789173019670321
2018-11-01,0.1193033574049491,0.09703563732393432,0.14274525236899,0.04545035911154651
2018-11-02,0.0001821761642567636,0.0009389712026452427,0.003307235639192282,0.012218219055145859
2018-11-05,0.14765292731976845,0.14737031517023488,0.25446030720255275,0.09787696712706594
2018-11-06,0.0004529806095895264,0.0009065844264409475,0.016888955322335836,0.0005106420657195807
2018-11-07,0.00041091442201603737,0.0022378392273055634,0.036248843554887306,0.007625998083303769
2018-11-08,0.22235105230142943,0.18139184788743679,0.2882812939017192,0.1474784617370476
2018-11-09,0.08517148229236078,0.06388854897885853,0.11729469738775468,0.053837434895228804
2018-11-12,0.4234338859462201,0.4376648694690944,0.2782829748175398,0.49204877502071764
2018-11-13,0.004505629659066004,0.010100829121520076,0.07948735543899796,5.272199590325829e-05
2018-11-14,0.5476037515153398,0.49073888452707753,0.2973024766941171,0.602161881398939
2018-11-15,0.05804844706086004,0.03712943822083956,0.00021315766050313827,0.06968569475772897
2018-11-16,0.4029252788303933,0.3398790240831864,0.18609346020619527,0.4112250888032843
2018-11-19,0.004330025506716887,0.01597145157516109,0.09232597632732942,0.004027917545420851
2018-11-20,0.17418895066599502,0.12534601278174715,0.029348181489947785,0.16960967110227365
2018-11-21,0.20101245483469293,0.12147713201755503,0.01720890515113532,0.21913756984034816
2018-11-22,0.03479896343867167,0.09352634332037554,0.016744655894112614,0.08007758318410543
2018-11-23,0.11439828656052616,0.12131127252359726,0.26244923240792284,0.03229765758271437
2018-11-26,0.0003793692955898806,1.063461167552544e-06,0.0267543835170229,0.020004244420566943
2018-11-27,0.2532354057474913,0.1527790709632944,0.26870662157343717,0.12669883819000077
2018-11-28,0.11898799787382418,0.0673122585423556,0.16992991616877232,0.05258435206904392
2018-11-29,0.058118726119493244,0.031074837568188844,0.11436931031461924,0.023772858594411115
2018-11-30,0.02898510838459421,0.010081271221872926,0.05484139422831888,0.01051667809014675
2018-12-03,1.8171209346620636,1.8413527224597437,1.4074676576983767,2.052572983723515
2018-12-04,0.007720103518079037,0.002206018197689079,0.007872451901213566,0.0006594686447649773
2018-12-05,0.028813342613632355,0.06813019094068974,0.006753709620821725,0.07344786867761878
2018-12-06,15.673858882593754,15.153294449986168,14.020841886219312,17.155241810335472
2018-12-07,0.044459221261574006,0.3188773581759952,0.0009089511236139483,0.7596857721811651
2018-12-10,1.1612470834411148,2.7945932395271,1.3443446226976945,0.2531903415185611
2018-12-11,0.06094854686021767,0.7128072770717324,0.2844186077050155,0.05923854128768107
2018-12-12,0.9535541062158486,1.8771037479493793,1.11664433935132,0.2830851727512979
2018-12-13,1.787034356770819,2.544337050339833,1.6550089370822736,0.9110353838925357
2018-12-14,0.6782283190794194,1.155611744580135,0.6406217972905267,0.2935842889487625
2018-12-17,0.5776576356145512,1.032827955520352,0.7354304962309633,0.30027137612386384
2018-12-18,0.7939467219171502,1.4630275658825904,1.3991298763977769,0.4750454161861267
2018-12-19,0.47759833608546365,1.1360774551280834,1.3751742515667438,0.2479004091194342
2018-12-20,0.010432169837182552,0.13272070852628698,0.18652251216922378,0.0031400230171702644
2018-12-21,0.46798959511729826,0.9513619374842084,1.3474820646810164,0.307321029362681
2018-12-24,0.6003250981321708,1.1031905451781077,1.442628570582995,0.4987026596147084
2018-12-27,4.129466988162677,3.0794683432031222,2.32223818898784,4.277011194753699
2018-12-28,0.755988878549628,0.20622076769836478,0.027829589187961256,0.9710623177891515
2018-12-31,2.140763846421084,1.765931379572413,2.3661456154296205,1.4012309678685348
2019-01-02,0.27475922593092644,0.3891000866314397,0.17909774490580008,0.5091985988800692
2019-01-03,0.7620772111940154,0.6429153771296519,0.9394797311164829,0.5770310724800015
2019-01-04,0.6448473100653898,0.6841521851146645,0.33407258923247285,0.7693361797451777
2019-01-07,0.6348786055598383,0.1014021924121707,0.2544833213302078,0.33502040302934594
2019-01-08,0.4258884709793951,0.06380893849670737,0.23824982147353838,0.2585612211841844
2019-01-09,0.6911637868853905,0.19240879100261238,0.3998859301201068,0.5460347388668055
2019-01-10,0.3663330110563071,0.05304737473230852,0.15136127856441373,0.3149800791825495
2019-01-11,0.12299434381807013,3.2529259554428704e-05,0.01838536693954127,0.12459640005802404
2019-01-14,0.2959145687753014,0.06574156818932493,0.18090591187648508,0.3407730692783368
2019-01-15,0.4967928999864381,0.2657202280473478,0.5413479994214863,0.5414760725056948
2019-01-16,0.3700241184014746,0.17723726815779675,0.36569027652858205,0.44561041505533766
2019-01-17,0.29154246289989355,0.15833873146583327,0.3940759451865442,0.38262559153833403
2019-01-18,0.8079218505009097,1.0091712887834323,0.54499712397565,0.6438348326573256
2019-01-21,1.0289605028295803,0.3006717254776375,0.5757052713864601,0.949433353169508
2019-01-22,0.1417454966710146,0.0006820497875339655,0.024225378193570703,0.1490477473693135
2019-01-23,0.42652090307373514,0.1377551077099676,0.34268365990011634,0.4193506100302611
2019-01-24,0.590725959070072,0.33185465804094455,0.7152921524411355,0.5832838350244365
2019-01-25,0.48316005004377816,0.2945292567451259,0.7097260140531023,0.52173556919936
2019-01-28,0.10786272640682507,0.04205379388835175,0.24775112093871463,0.15024759884984984
2019-01-29,0.028205456011817485,0.04535546816593773,0.016845257265336196,0.016471306014429043
2019-01-30,0.19645053284141095,0.4038546419555846,0.12359984111210917,0.19362785785629227
2019-01-31,0.7301705674251876,0.20030694188395712,0.45858709482758453,0.6283661318764242
2019-02-01,0.5556695971150826,0.14626699290764472,0.33317732203097694,0.5310416456037043
2019-02-04,0.6137115213688533,0.17698935500698768,0.33784625550499164,0.6218480450838878
2019-02-05,0.5029461026688546,1.0479855912226108,0.7890056921729507,0.4453485303751392
2019-02-06,1.1483532062092991,0.14978827355825755,0.23414346137817077,0.9417148400809452
2019-02-07,0.1818821293371732,0.02920070172636537,0.00640705200435337,0.14557437296522305
2019-02-08,0.8085464760106111,0.21142950129173915,0.3006684725061091,0.6948971878834121
2019-02-11,0.30622357856900584,0.0323598060491915,0.09080956880729413,0.2811674588258448
2019-02-12,0.6341333250301607,0.16953029309800052,0.2563285896995362,0.6256134976971729
2019-02-13,0.2424615204865575,0.026012904349108728,0.05710205704325786,0.27663905296541913
2019-02-14,0.438051652376471,0.09950894260052423,0.1379699868727403,0.4944193757013701
2019-02-15,0.12164007318075648,0.0025372465526890273,0.008641473343781349,0.17620081448484753
2019-02-18,0.4029713901534089,0.12335620833917758,0.14283557794616475,0.5176718026078719
2019-02-19,0.17963678336763872,0.033538085501505326,0.0525338457577256,0.27421561845530756
2019-02-20,0.16523758596730817,0.04828472541379302,0.08792215010036024,0.25243985601104496
2019-02-21,0.007182521164227502,0.013673645633320098,0.003688836434465174,0.03209936213952514
2019-02-22,0.16413971867441657,0.07826855159728886,0.12586490267304562,0.22304055245042861
2019-02-25,0.15186187483719868,0.08177568654898713,0.1192089753594995,0.22476529580779656
2019-02-26,0.005260806420423796,0.024351659241979746,0.012150442683372774,0.000633480551456594
2019-02-27,0.030416553595668472,0.01443430617559877,0.03953131465120838,0.07163492601749555
2019-02-28,0.03771134216311166,0.03127995292808334,0.08445310515900345,0.07429336103242094
2019-03-01,0.07594051476546979,0.07867328382836973,0.18372470525801265,0.12209932763048681
2019-03-04,0.04697112434304225,0.04470585633449129,0.11116672347744322,0.08601578413999085
2019-03-05,0.021896533371453916,0.019157670638254867,0.056439093159219744,0.051849601196239575
2019-03-06,0.10794067468911409,0.0803113590214089,0.12929186332759648,0.15777045507658302
2019-03-07,0.005507955267823541,0.0015875527500153195,0.009914766420194038,0.022320012772708196
2019-03-08,0.0013839083582820918,0.0019258567356321109,0.0019196814581229186,0.0005660612057722037
2019-03-11,0.0006477190365911541,0.0037430474217900215,0.030711992077844547,0.003430859072696355
2019-03-12,0.005200000365203608,0.001928113315137577,0.0023374356824590247,0.0011479330550940349
2019-03-13,0.03796069924016553,0.04888027476064211,0.08670309643342175,0.05679070543071188
2019-03-14,0.0020920036872282633,0.005786706545673845,0.017900192736843314,0.008931973606695533
2019-03-15,0.012244157482476193,0.017826820456827052,0.03062990270736006,0.02531987223084897
2019-03-18,9.47956096633642e-05,1.5668009749544765e-05,0.0008488095702158554,0.0023406383485296183
2019-03-19,0.04577629122955834,0.01486522817695947,0.016852250763430988,0.04779228229230324
2019-03-20,0.050363230338609115,0.019637469625144156,0.018659131467803132,0.05539489516561879
2019-03-21,0.0014569391761429162,0.009017933179669261,0.005939189983461357,0.0011503271597829742
2019-03-22,1.9281493334324105,2.270990344437078,2.2653043692709405,1.9772676768021704
2019-03-25,0.3562065855682275,0.5904912525868998,0.22796584623658633,0.142033380581614
2019-03-26,0.37261681890071474,0.617733824935076,0.33397421645469905,0.18190912903243134
2019-03-27,0.20260253546572454,0.37675752176985944,0.1756763343693875,0.09419539951677262
2019-03-28,0.07249412688889387,0.1819231179350383,0.06383094085880904,0.025744342550549897
2019-03-29,0.11318991110942296,0.21092105140140469,0.0853749275875854,0.06068110225068402
2019-04-01,0.05751007327839472,0.10510562075929322,0.026468600520187756,0.026407082418412078
2019-04-02,0.004536926837820151,0.016366959775107045,0.000777704956899772,2.6420166058125605e-05
2019-04-03,0.27472484257135094,0.23957377078290717,0.11228524455726434,0.1975701539254596
2019-04-04,0.1592900913707793,0.13455745401649552,0.047621049683327143,0.1162000915711218
2019-04-05,0.08219521565955341,0.07248802547291103,0.02364142890162103,0.05995233554388065
2019-04-08,0.17018673568738585,0.1383067965367011,0.06572760138185596,0.14138569223683284
2019-04-09,0.040116315063297256,0.02979236227213978,0.003657289694849997,0.03249907319357373
2019-04-10,0.1437660583308514,0.13615567069189888,0.08393418408206217,0.13165318361707684
2019-04-11,0.03460500255809222,0.03409616949521003,0.012755670570823984,0.032514429471676216
2019-04-12,0.0753266283860383,0.07871933491891166,0.04647278343388775,0.07658790653469548
2019-04-15,0.09397565121363405,0.09878891563285147,0.06050137649418708,0.09883568541450682
2019-04-16,0.02938786323356407,0.03430033885982845,0.013553597375610143,0.03386930908211526
2019-04-17,0.06067715289538624,0.06154822301446813,0.03053892621557018,0.0658097598898153
2019-04-18,0.041683674180606214,0.04507955597501572,0.018811263107163904,0.04729424987831348
2019-04-23,0.000586276568463257,9.871291996261192e-05,0.0052872062903430534,0.00014087064759139392
2019-04-24,0.0018977100350032906,4.4223401546742586e-05,0.005968723673907612,0.0008697044248432119
2019-04-25,0.004959834594950136,0.0035930426740045135,3.471894511492689e-05,0.0010720023448742824
2019-04-26,0.0601428661625169,0.06620602131839476,0.046821409455205576,0.03962127385861618
2019-04-29,0.03223872910311557,0.0389645623877493,0.026630466228880604,0.019955792665377548
2019-04-30,0.011022026883921836,0.0159049811527838,0.007409667486914492,0.005442999096890648
2019-05-01,0.00026679165945718585,0.0021387413538149942,0.0007531844613554246,0.0002783348329116463
2019-05-02,0.013534444287391154,0.025704131798388034,0.027351440154144518,0.005592603553181068
2019-05-03,0.00010950974379047932,0.004630247118000197,0.009742665173842922,0.00157793852517149
2019-05-07,0.6766200421695973,0.6054225923802049,0.5792237205274408,0.7578934914182307
2019-05-08,0.14513883505974384,0.35992675466762525,0.22093651382143012,0.03866018134824616
2019-05-09,0.01204633290328683,0.0986130516048506,0.03631105678963775,0.0019578103513288123
2019-05-10,0.024762556709492962,0.1572678098337405,0.10836192332344959,0.0002516040150127798
2019-05-13,0.04929223877933859,0.19833915726422066,0.15277942256248744,0.005893182073407924
2019-05-14,0.009372976467019794,0.10439956060418071,0.10926577646403292,0.0019021059796413833
2019-05-15,0.02113853967231312,0.05814756550618155,0.053156942123310784,0.00033697264574971466
2019-05-16,0.0052231709406245505,0.01257982063378735,0.007917371051208927,0.007075822745214569
2019-05-17,0.19974088316112687,0.18961679836071596,0.16093439355854264,0.08823309143019059
2019-05-20,0.0006620103779353915,0.0006869535831338344,0.002687059490136022,0.02209176915895318
2019-05-21,0.08523235546391979,0.09958758195698073,0.11116680074895717,0.030705970425958923
2019-05-22,0.060265270931230124,0.07353254985657623,0.07752798692794853,0.022423232623194466
2019-05-23,0.34520311700451384,0.30932395284822267,0.3101979938144794,0.44205254157492535
2019-05-24,0.07734340465876277,0.19472015153001695,0.1442383184397394,0.012027333209342145
2019-05-28,0.1832194438986601,0.29764708168285525,0.22819293208360864,0.07644714279927707
2019-05-29,0.16077347835699307,0.08154691006409272,0.10977125227143232,0.27619069916380123
2019-05-30,0.19611152254083636,0.40871656901771386,0.3772932484610958,0.07288872355794129
2019-05-31,0.006998664226027657,0.06330668374354145,0.04746760214401084,0.0038928934844192223
2019-06-03,0.031824250826267594,0.0003677603482748523,0.0026232381071091865,0.1096834711853228
2019-06-04,0.004461029984412902,0.06025986305177727,0.06978505216514794,0.0034000961974962993
2019-06-05,0.09867222211549136,0.22023508750647858,0.22600699990684722,0.04405747653997594
2019-06-06,0.07469755890942995,0.17753851336204476,0.1762207518801001,0.03657998843930133
2019-06-07,0.003246832642649306,0.0032347588577465503,0.0019239869774937922,0.017046246169797313
2019-06-10,0.14480643839959964,0.15674981510683283,0.13600291881071205,0.08218264277048246
2019-06-11,0.14889403409343271,0.14166620797402393,0.11574207449407108,0.0909008412206845
2019-06-12,0.026956906357313026,0.024583369922764664,0.013195950419967753,0.009462146527310134
2019-06-13,0.09835275867082979,0.1054053054549062,0.10159646611170514,0.06304508801415679
2019-06-14,0.05818005484678784,0.06717599785564816,0.06096167030339513,0.037475962308629554
2019-06-17,0.06799805415148202,0.08361644057845492,0.09273206929812321,0.04743785502908885
2019-06-18,0.3989126939664463,0.3601457748755331,0.35367868837293137,0.44089958741203394
2019-06-19,0.07522007500183542,0.031400196364410035,0.027430448672042404,0.0389841233826288
2019-06-20,0.06605243960973421,0.03773457017882058,0.044369986200817814,0.03200036267870163
2019-06-21,0.006384142521488239,0.0006611773377953707,0.0009571247034655648,0.00027760407346986656
2019-06-24,0.10553524150932445,0.08188438111657208,0.09559038411932806,0.07322864099576362
2019-06-25,0.02793910487344067,0.019361318335831993,0.022914125460154613,0.015509384118891243
2019-06-26,0.08283827167931246,0.07269011019740229,0.07410270633730975,0.06474660084363475
2019-06-27,0.003098071428015532,0.0021087579361149154,0.0025639640727437825,0.0007882983572263722
2019-06-28,0.046407714114764693,0.045983775076938724,0.053109860830199904,0.03596935238331282
2019-07-01,0.16993196460617435,0.17202628394479372,0.16881951495087702,0.18990960776824303
2019-07-02,0.00530857562747058,0.00018537674722919585,0.0006244623470408896,0.00029427630461855873
2019-07-03,0.024776646209257357,0.0005279008314689008,2.2686278953956337e-06,0.007500530480004051
2019-07-04,0.14635254437741108,0.0525089999496419,0.03754717098987648,0.09563936130593845
2019-07-05,0.01953490325609219,8.986379320627515e-05,0.0005723228268620274,0.006107646176382736
2019-07-08,0.1129533851300736,0.06384947125484533,0.04937151629793737,0.06657395515939887
2019-07-09,0.08549098275187664,0.05053738452577991,0.03822254662631016,0.05117551473844962
2019-07-10,0.052002658793128924,0.030755488836757095,0.024724392956402153,0.02858191724112744
2019-07-11,0.014412903762355721,0.0063062944155760315,0.004043947367661629,0.004681366139332866
2019-07-12,0.03682136435941802,0.027384326931676403,0.02717815635338523,0.01981737814395808
2019-07-15,0.0029262924553939483,0.0013341828820586646,0.0011480203339087724,6.958810532050806e-05
2019-07-16,8.739877211422509e-05,9.69971800644077e-05,0.0005385782563503035,0.0011856842859642998
2019-07-17,0.007002683500783362,0.0015337953185241369,0.00020615830379483086,0.0010178108822381491
2019-07-18,0.01830048382663097,0.014122553317785107,0.011009281763765248,0.004821572511452249
2019-07-19,5.288000909342577e-05,0.00028999928054308365,0.0004117404013919285,0.0051067608566631156
2019-07-22,0.009325664557694563,0.011873087098870057,0.010516134790830557,0.0006915406752125851
2019-07-23,0.023594134190709482,0.01857649148150645,0.022738132545651664,0.04683550244568571
2019-07-24,0.009780357504652755,0.011130661403611743,0.017079029532407784,0.02757189367557962
2019-07-25,0.004423173813548458,0.0011740050378497662,0.00291360857667966,0.02537431156849662
2019-07-26,0.001316613736601345,0.005287462871213463,0.004444474054314673,0.0024029877680763244
2019-07-29,1.6227542628976475,1.6781462291551912,1.7278250270704916,1.886726900270779
2019-07-30,0.056138324153527486,0.011281978357493023,0.020816946865746904,0.00013231215154599506
2019-07-31,0.09767183772067617,0.0009863796934434172,0.00020845146789157912,0.011337158941940291
2019-08-01,0.09292883627891073,0.010145327920701335,0.009176881920420075,0.009246024673692106
2019-08-02,2.773696940968272,3.377589809868705,3.4028303309734453,3.384470699270666
2019-08-05,2.9759036072636396,2.252490074714486,3.66131957975792,4.659289561152009
2019-08-06,1.8573501272618238,3.989422849837558,1.741098629086985,0.45379634720094336
2019-08-07,1.2706510876619292,3.0586399987688777,1.6143820036553669,0.28818494975267095
2019-08-08,0.699548219713615,1.9635495432036176,0.9091893814497315,0.128924842259874
2019-08-09,1.4285666810068651,2.4782339419840667,1.3130981906782464,0.571640180119172
2019-08-12,0.42564523082881506,1.0446813535053372,0.51867542795037,0.08749516508752947
2019-08-13,0.08347027049422913,0.41664838217728845,0.19924195623217109,2.2677715661498717e-05
2019-08-14,0.40508669417532234,0.09591908122828222,0.25226085349629196,0.7266261685211233
2019-08-15,5.598792081386951e-05,0.1992466580754169,0.11183693987933506,0.06693108316838176
2019-08-16,0.9433943066692286,2.1392743574509745,2.206489996225031,0.4945943368310575
2019-08-19,0.2287630946949672,0.7875394117305057,0.7793961299009957,0.06957428770569057
2019-08-20,0.07136188321944521,0.3005432664333227,0.26861462315201545,0.005731635602091544
2019-08-21,0.23902148422869218,0.6513340576114873,0.8005758011416995,0.09720630197923377
2019-08-22,0.15936544760597635,0.3352847646753811,0.39837108590640186,0.05407145371368603
2019-08-23,0.2530362429506802,0.5622731329137233,0.8209331661220274,0.11065254172436942
2019-08-27,0.5162961868542948,0.9371621523560024,1.4320147313204183,0.35229641075511875
2019-08-28,0.20710182421815784,0.4813027237860408,0.8258730043818876,0.14513957509743527
2019-08-29,0.03731956713678414,0.16848143716868186,0.34603699992219034,0.025241412523076292
2019-08-30,0.3580965694763892,0.5077861427662398,0.7244574472984748,0.31680445041494465
2019-09-02,0.0007272266744928022,0.006425695810729894,0.037248611193220676,0.0008072259348530437
2019-09-03,0.29219398124541107,0.2954327071561595,0.3920557981339287,0.27775570590509596
2019-09-04,0.18813026346652445,0.2025267398029342,0.3073955397447854,0.20159340097422673
2019-09-05,0.0666379026751364,0.06342515120811192,0.110897517307915,0.0829744447254001
2019-09-06,0.30812191109891957,0.33388118787116156,0.506718729353581,0.34668579543552425
2019-09-09,0.13573653704059452,0.1147252499719325,0.051259587591200514,0.09807160173812995
2019-09-10,0.06160509293626226,0.09545212247163465,0.22216492598225202,0.08673064161369691
2019-09-11,0.019704870172897928,0.035062729032316754,0.10358605318367045,0.03909553077609946
2019-09-12,0.09379406810329467,0.07145134664638193,0.1386706203123504,0.11658877881168857
2019-09-13,0.08190652446200103,0.06804691912630705,0.12101240800351315,0.11503950348844068
2019-09-16,0.08188866480539729,0.07018882026197419,0.11138660444761112,0.12284494186611002
2019-09-17,0.07848545890437353,0.08598504064391398,0.15919552930113304,0.10885493402559702
2019-09-18,0.08601866233429058,0.0983776544716647,0.16427969899797287,0.1254762615629707
2019-09-19,0.0009945145404214476,2.5565474257194365e-05,0.007230925624471556,0.0013279661845811976
2019-09-20,0.049826234992206814,0.050110512136055024,0.0859071328981705,0.08152995038208684
2019-09-23,0.00020642458999527727,2.79230969115391e-05,0.005166767968146709,0.0026057569283630105
2019-09-24,0.004157940540362551,0.006900035542599179,0.031178592298223687,0.016422461485691483
2019-09-25,0.003552097280052401,0.0005312446928229081,0.00941175376619051,7.62347981706023e-05
2019-09-26,0.22125364813888077,0.1853563290585786,0.1066436677368298,0.17325207246067653
2019-09-27,0.021888359104367778,0.03022491487064803,0.0087580258176441,0.01427679345312341
2019-09-30,0.13351992456101153,0.06104855193203599,0.09296457160606292,0.12808597587804452
2019-10-01,4.6126563388993e-08,0.008972582730393764,0.0005563497015616394,2.62935437909347e-07
2019-10-02,12.537561271024648,12.906276070184832,12.260984285897958,12.660361853808137
2019-10-03,0.23703407795999498,1.3513629839509185,0.13069405718902824,0.005474710088376324
2019-10-04,1.0383424503165728,2.781498460736856,1.1279004349277626,0.300620059611633
2019-10-07,1.1153358286476116,2.3600108589852775,0.9415067921511793,0.405199543850079
2019-10-08,0.7405230719096277,1.6310236637972477,0.5706128832672689,0.27497819392777356
2019-10-09,1.0415276573091083,2.093689831565604,1.1681054507755917,0.5352857716087797
2019-10-10,0.41589981162945616,1.0720706466228334,0.48355274835310097,0.18369223890476533
2019-10-11,0.055856801834124004,0.35528995247374445,0.07899624423416432,0.006652594606569056
2019-10-14,0.5561074082253215,1.0278636472452525,0.5118493660830257,0.38049472618778585
2019-10-15,0.3640036428918544,0.7568971379562116,0.44796829465870974,0.2589455172299241
2019-10-16,0.24101688974015872,0.5524323366562606,0.3187832811472431,0.1924100667588224
2019-10-17,0.14215553991905625,0.4057051211287701,0.3010967689207575,0.11332082978048064
2019-10-18,0.271262214564243,0.5823780479411237,0.45630983155671423,0.26234493060955233
2019-10-21,0.17952302066590078,0.4391688118766704,0.41478392661034974,0.1829523958936125
2019-10-22,0.012848391213935469,0.11297309742691174,0.09685209257835083,0.019627836321630815
2019-10-23,0.0542796956003931,0.15875129341205216,0.13199669311358364,0.06823424042760443
2019-10-24,0.011146951411338476,0.0490910449019825,0.03162445898170698,0.018331609035006045
2019-10-25,0.1850598026710415,0.21117686251139642,0.16469521179205227,0.19635325885450672
2019-10-28,0.12053546467191545,0.14684683583193658,0.11492426376297017,0.14336583273137604
2019-10-29,0.02625952274345467,0.041323451279741005,0.024550293510140164,0.043598483082998005
2019-10-30,0.06990188994329909,0.09982268620768739,0.09405714813338982,0.09833821679945884
2019-10-31,0.011366294994564324,0.0037612438434595336,0.006216521691468819,0.002545050824337204
2019-11-01,0.10200516447119848,0.20058741471382507,0.17851574052261437,0.09642972668998637
2019-11-04,0.00016956358338350854,0.007152945926148093,0.002410817175563863,2.218340889262959e-06
2019-11-05,0.2675962957218449,0.2583827098812308,0.21384374948149362,0.24119742032209318
2019-11-06,0.21025094632902339,0.2077731869032777,0.1649440665777768,0.20417304256117758
2019-11-07,0.16659319544194906,0.17174919847669462,0.1311532952290318,0.17479993461329638
2019-11-08,0.0529652417891203,0.05932423474448621,0.03555780820271977,0.06397596723058091
2019-11-11,0.050569085564760946,0.032679374344308,0.0406654450155263,0.047502628380307645
2019-11-12,0.03682081664051629,0.062173655689042866,0.070765033618046,0.03901900366864652
2019-11-13,0.025522179519774854,0.03859102099110675,0.04023260554474655,0.028152774004883883
2019-11-14,0.029530583702765463,0.04582374885940852,0.05597653324254606,0.03441742200061481
2019-11-15,0.017857891020467177,0.002466394527875594,4.548334463720747e-06,0.02267019749450608
2019-11-18,0.08451479066290238,0.13913785011395538,0.16624078878682608,0.08149109357339726
2019-11-19,0.06148656330284453,0.027755456293935037,0.02046342186372624,0.05962697880449993
2019-11-20,0.15758255762289156,0.1025339878791209,0.09493506248324109,0.15001830717191114
2019-11-21,0.01332031589883977,0.054768126449177855,0.07037282759107846,0.007726065184528681
2019-11-22,0.12581346805135957,0.05539159370390627,0.02982808995846283,0.1446694874158443
2019-11-25,0.017899940966709972,0.010062322961355357,0.019708418525414134,0.003236538706018779
2019-11-26,0.21598104664597947,0.1266341183308626,0.14255675057856262,0.13830323063764946
2019-11-27,0.13376922256683096,0.07713487593650707,0.08366064507730357,0.08731651681964955
2019-11-28,0.11475424129827304,0.06655805764493086,0.06664881600170462,0.08026664720455061
2019-11-29,0.003983462071071772,1.7356165395609992e-07,0.00021493101869373405,0.0003806272633331062
2019-12-02,0.26490832231412587,0.25711159405075057,0.2438639981236496,0.3566419941179984
2019-12-03,1.0840174435543954,0.9672833606864728,0.8811539356411571,1.3110513661823044
2019-12-04,0.444391337669919,0.8628440361316839,0.7241095371102051,0.17653700785184123
2019-12-05,0.23885211928815078,0.5190780842079431,0.4101320364383372,0.08217603207056869
2019-12-06,6.540806089691493e-05,0.06612154612836829,0.06913954979838162,0.03320566421085467
2019-12-09,0.6231631929785287,0.671752224748254,0.6444981574221633,0.307003337502207
2019-12-10,0.02181826205799163,0.03548723909955575,0.03435448553093494,0.0014108680317123723
2019-12-11,0.2707965925744657,0.32825852667010036,0.3748400231302863,0.13790687110181882
2019-12-12,0.008072559791185971,0.022032874026244844,0.03143587696352114,0.0005283732931800986
2019-12-13,4.765349998609987,4.753354266977278,4.699494930541381,5.240451290445718
2019-12-16,3.49570615607473,3.9026875506584284,3.921640491663212,3.9775313334737463
2019-12-17,1.1221370867862042,0.21070626488212252,0.18457416873600224,0.5596199534381414
2019-12-18,0.8631249135645126,0.16866216115250812,0.14195840993309003,0.4768076172484839
2019-12-19,0.605903713322134,0.1076638754581552,0.08359188364119298,0.3594551870433243
2019-12-20,0.6091118548219462,0.14089415368517924,0.10881924705273306,0.41739663275149086
2019-12-23,0.2278602751521547,0.01628207537472035,0.006154237097886154,0.14867799823596156
2019-12-24,0.4545257025450748,0.12021982962010173,0.08467952838378605,0.3696501296902531
2019-12-27,0.29157542039560713,0.0664729557820437,0.039541482664080786,0.25443826083102095
2019-12-30,0.14886553800680033,0.020223061528099617,0.006347291276609852,0.14052086448752205
2019-12-31,0.1739251301021025,0.05991887386586386,0.03683403396040606,0.1531155706991719
2020-01-02,0.0285013393665983,0.0020773664924278977,0.0006174089344296007,0.020277925317534768
2020-01-03,0.06183474665421108,0.0069966589252913524,0.002660592012542959,0.047587508507314205
2020-01-06,3.5121391393494835e-05,0.02182321320116996,0.03449932633255477,0.0002488886396426078
2020-01-07,0.19092237094248904,0.11732312481442067,0.11086042108691685,0.17667423696348036
2020-01-08,0.09815807299898356,0.05659136554878232,0.05119607442101129,0.09846285943055312
2020-01-09,0.07994231508736996,0.05016682823749909,0.04249937897983613,0.08811840697152686
2020-01-10,0.08364583783739721,0.056377597767277354,0.044730336780863626,0.09722235249741112
2020-01-13,0.04729869297280272,0.03224397400368456,0.02716077445625529,0.06053130485192038
2020-01-14,0.019109556932682882,0.009757581115778116,0.005566957406501937,0.028476698507635078
2020-01-15,0.0771273251610311,0.06242369931028717,0.04805538717298056,0.0982350432083201
2020-01-16,0.013357370531732074,0.008510934358280483,0.0029313262010852857,0.023425477893580966
2020-01-17,0.004337442200128313,0.00485359421973885,0.0077869052352255086,0.0016117780324493003
2020-01-20,0.06785608459151656,0.03733801337956666,0.0263244318653498,0.06791017121984169
2020-01-21,0.07650699142323092,0.10557950038342098,0.1140469735255014,0.0769096568047174
2020-01-22,0.0007166468176273963,5.0592332525355266e-05,0.0001790835876576442,0.00016509355563606345
2020-01-23,0.005086244760579228,0.0057639669061532,0.011296207557274568,0.0022009750841255884
2020-01-24,0.5020775333169651,0.42549741657091067,0.37354045880485875,0.5898099452951638
2020-01-27,3.601501443161177,3.790206326011727,3.7080565775408996,3.9489105756636684
2020-01-28,0.4100300847594362,0.9310894849191239,0.3669488989078798,0.08113590751868205
2020-01-29,0.7426472481152541,1.1709314785574807,0.5561643473316559,0.2938553810967184
2020-01-30,0.012254549759538136,0.010160387980580764,0.041867532238665184,0.13222426779921467
2020-01-31,0.0010218652965302045,0.1270369079749798,0.009247983594527446,0.0733967982129092
2020-02-03,0.5835915952732288,1.392726178365062,1.020162556797906,0.1843938518500743
2020-02-04,0.025630210033776017,0.2695622050394189,0.1238881145329123,0.012403813046059956
2020-02-05,0.23385603350997922,0.3309692661825872,0.15987146331262717,0.029367106128091496
2020-02-06,0.846663103072678,0.9777565140274178,0.6705962378690732,0.4505858923792149
2020-02-07,0.49698438703714537,0.6012884310510969,0.3774462722248186,0.26920037611056397
2020-02-10,0.660780075754947,0.8202144746399399,0.6876322561964795,0.4400788022796555
2020-02-11,0.15122466500388348,0.23908458188942588,0.2158348451746496,0.07894718915767067
2020-02-12,0.4109455865884311,0.48405395024866943,0.4363389266552281,0.3081677741549803
2020-02-13,0.10096760297896282,0.07619926608065526,0.1010205999566497,0.1396602381771218
2020-02-14,0.24052977948790338,0.37986525733829374,0.37847308994088524,0.15734943802391807
2020-02-17,0.4285665236660063,0.6389494133955179,0.7605020044776206,0.3329311209543438
2020-02-18,0.07620461978819881,0.1668619666959628,0.21525797303171545,0.053021650735354246
2020-02-19,0.07243124556641148,0.18296987858349897,0.304276722235537,0.04934948095009306
2020-02-20,0.35906663313910575,0.42221524485817397,0.5520536334294542,0.2906089318920512
2020-02-21,0.1418926118912595,0.19098401453196096,0.31754532265421853,0.11641433971722583
2020-02-24,26.092761132599684,25.326059764327734,23.613429894611148,26.329832674169072
2020-02-25,0.679833289556166,0.0006895266140435735,0.44276660893883024,2.0015909500045312
2020-02-26,0.01993812203297137,0.80276633834761,0.1148512953705844,0.6589609488530903
2020-02-27,31.056293435967376,21.442139488271714,26.594103582776896,37.146530311876845
2020-02-28,38.53343015681139,20.149584990551723,30.871388329749674,52.91612361210304
2020-03-02,6.080460854206876,0.03835814588445082,1.6738698971900061,14.969366471349659
2020-03-03,0.47160485371821953,6.93130154604988,2.3741159986530285,0.20890503665476873
2020-03-04,1.8020637976609257,9.213458718419755,3.8904165276016047,0.1909168909842285
2020-03-05,0.5825683064611633,4.420500442158918,1.141225202550707,1.3034340976512675e-05
2020-03-06,10.466681812804161,3.3330048731159554,6.241068332197501,15.40798784441463
2020-03-09,708.8678708361201,596.3255066970931,645.36742325729,774.7978339371591
2020-03-10,4.382154789359317,71.6963499177857,7.659915559580642,5.242801073326041
2020-03-11,19.871912063999225,105.76700354874171,24.6956679804071,1.0909602183172766
2020-03-12,1524.5288487339956,1128.6394971823777,1434.163244094557,1744.6444782042104
2020-03-13,5.938507177626779,134.93829408748505,8.185981762588824,140.11318304058094
2020-03-16,83.70549508818027,9.130218992218191,116.88207539677938,281.82130647246186
2020-03-17,28.19865480574123,307.95010218246324,36.97171148166093,2.2665214917588403
2020-03-18,51.6786632800945,307.3168183387681,41.26107942138008,2.8292469344576605
2020-03-19,104.4953174555774,433.98377926967464,136.80328788187205,27.515645943776736
2020-03-20,48.15868779925235,270.4189507333483,56.82836712611311,11.06469119329785
2020-03-23,14.681175691126251,155.5937854934059,15.569955167524007,2.045176088443629
2020-03-24,164.6720427362947,15.494136769435363,119.00844203550061,226.24647760126211
2020-03-25,56.26836831577412,51.518370902552334,0.001947501726993349,5.369663245933499
2020-03-26,91.56381603020415,55.84997667886091,0.27874112233193116,25.294466687857177
2020-03-27,0.3311586159484107,7.1613362335694895,86.04522131333434,14.359542928017303
2020-03-30,197.36747978872054,206.97142900537685,61.70398863246609,111.5144666054036
2020-03-31,211.34321899413732,225.98542517214707,76.79269273232615,155.18827943701945
2020-04-01,61.542181209795444,66.16836448163373,4.611591271703366,46.1743365800699
2020-04-02,156.36304731005038,196.06932162380545,80.11910063373949,135.30069432447624
2020-04-03,159.3994854088051,200.65025357099108,86.58499126161362,163.05728056183744
2020-04-06,71.44672705418806,102.24569893836104,37.973900268782316,87.51451096786153
2020-04-07,52.890878463645514,62.55429828318049,16.253581002308646,70.67222397856138
2020-04-08,85.36533254919705,89.57685375930873,32.96235801296458,116.7037977426501
2020-04-09,41.93888781286735,46.825854387005435,13.184399401988744,74.12285697125557
2020-04-14,60.46358998932089,53.79827026243879,18.156825073669737,99.00734637245004
2020-04-15,8.866780318246896,7.628596934161029,0.08573097988824513,30.872958346365333
2020-04-16,60.738688048862976,72.08250328314227,39.8933104858629,101.08691899674142
2020-04-17,6.850891846839155,11.118473590926842,1.5314238308095747,27.798712317430137
2020-04-20,35.73452010622938,34.4884627446972,14.527079129164285,72.96917924121024
2020-04-21,10.846211176967499,10.809825194017852,1.8389232256499979,38.09793817660377
2020-04-22,22.657617380283295,29.676718823039753,14.500078348243633,53.9283446774443
2020-04-23,28.08793731891941,29.65611468130307,14.5620767553595,62.274218425958296
2020-04-24,22.973366462029905,24.218508678776892,11.323489043039695,57.77520414195783
2020-04-27,17.449343865340612,20.086854775153935,11.615068958825502,50.162470459305865
2020-04-28,8.279918482280955,8.637346068185135,3.522328822866132,33.776110428824424
2020-04-29,2.518237761096626,1.7535559769745934,0.0806120222532343,20.014382392790093
2020-04-30,2.15966214873542,5.629923214545754,11.544119632511729,1.401736966667348
2020-05-01,10.693093903583781,11.535687954213765,4.123309589705895,28.40856882698604
2020-05-04,23.83539051810809,29.66889920371124,20.16840748084488,46.915336503093876
2020-05-05,13.360478746184935,18.043402921159444,11.49351682309072,34.32272979454955
2020-05-06,19.474225823373583,22.330483307204716,14.783774302366288,44.40770158197042
2020-05-07,11.379741458975587,13.880575266358797,8.308259460257027,33.46399836137802
2020-05-11,8.114750093955038,9.113452045185051,4.801479309436066,27.864887116211367
2020-05-12,5.577365225030641,6.624519119107339,3.2480879278142156,23.895959789482937
2020-05-13,4.131716816462191,4.782442305234558,2.11905493202774,20.986678274715032
2020-05-14,11.399656927388987,9.26150279824035,12.27065600629223,0.8810647160341545
2020-05-15,6.5995897872787825,11.685211329408338,8.555251557255481,20.92525941294942
2020-05-18,13.085158932568485,8.479973522989036,11.737472573892152,2.4417544929396553
2020-05-19,7.319955693836087,2.009508031125951,0.6858641223304073,15.264274158269197
2020-05-20,9.381154710894357,4.0848901922398,2.834300216690158,19.760476206333976
2020-05-21,9.878126504798628,4.648866155880489,3.2556147959655126,21.623014404365463
2020-05-22,3.689130460314281,1.3072303495393054,1.0352992826467626,12.423986757512841
2020-05-26,1.7199180116431407,0.4574915886650424,0.4380052556338602,9.1242254800493
2020-05-27,3.874631255157697,1.6586770114828426,1.5149178025573973,13.618474741779432
2020-05-28,3.9868751015922013,1.6093951503149986,1.390478872840981,13.800783814467946
2020-05-29,0.030623457733245065,0.34214586206962755,0.48631546826556693,3.550307752526865
2020-06-01,3.608929878079857,2.6219595305452654,2.033188413622306,11.167940165547733
2020-06-02,5.276770617346807,3.4665653789358095,2.6946358144423126,13.840396048900015
2020-06-03,0.0476547652080941,0.4098332612671679,0.7528567353603851,1.563420398108475
2020-06-04,5.2374218244264075,1.5069438065346936,0.9407960840238102,12.116581134236213
2020-06-05,0.5554905076182878,0.01726487834514579,0.05759867322899715,4.0450619084848265
2020-06-08,4.975840840943225,0.9115897938781443,0.660602034292307,11.082746223213155
2020-06-09,0.35109881355711126,0.25099545849482363,0.34605516365318917,3.2050580405339297
2020-06-10,4.093905272102435,1.9230733553314912,1.4998939726968836,9.18741047585887
2020-06-11,12.19724368869192,16.123045156524928,17.145991475278763,5.6868945873118255
2020-06-12,0.30428428986753303,1.4383940891372633,0.0008455147745910475,0.6620230079269074
2020-06-15,1.741217999763022,3.7595422106882923,0.7099668729620858,3.2439071471814986
2020-06-16,3.685386217298231,1.6526077875768492,4.377972487381482,1.6503168494991636
2020-06-17,10.637271040127919,8.783765837854462,4.6303277955303646,13.175389687017237
2020-06-18,5.856960329289321,4.893265095151369,2.125713314772784,8.931063566206468
2020-06-19,4.599322727835972,4.093701511375033,2.1433725689850593,8.159493771906387
2020-06-22,4.491500863349528,3.7388205819548794,1.947741633874548,8.445365873844787
2020-06-23,2.698614918711255,2.41916642831767,1.500496385597569,6.256259793478044
2020-06-24,1.4989640396837038,1.997644870658797,3.0445029918038773,0.11635082441898933
2020-06-25,2.3392486896842133,4.150274843212321,1.6946452465483466,3.7495614972519795
2020-06-26,2.6957324845637602,4.547263334528548,2.062944864529055,4.867674583671563
2020-06-29,0.960087865596229,2.132803028823742,0.6554005294414603,2.799611024082352
2020-06-30,2.5650960067410775,3.810626291538539,1.7709175887116169,5.5005582965569255
2020-07-01,0.7722760310763742,1.635222377527768,0.7893251004180925,2.7503992836968822
2020-07-02,1.0068455464733082,1.954613622151552,1.1944320472069745,3.4387021920567933
2020-07-03,0.1886020220975041,0.40010834343648854,0.10367260506649194,1.5852209946037943
2020-07-06,0.008772998518206055,0.0503989213234726,0.007427732692015888,0.45943423837875386
2020-07-07,1.2428303725340522,0.9409197855897261,0.6312684913791268,3.017256605006558
2020-07-08,3.251267137432703,3.4417966145283097,3.3124449243874494,5.605554382681161
2020-07-09,0.03072545565402003,0.07476971372543012,0.13465515903009806,0.648364002111721
2020-07-10,1.051763042418198,1.782834124494289,2.3932346572971857,2.3982154085927023
2020-07-13,1.2496838809456325,1.881174343510428,2.313883008175729,2.8950706766610117
2020-07-14,1.3712585550340064,1.5543393738969475,1.7863330753106006,3.0427173834706527
2020-07-15,0.05473501953722113,0.018424356978218162,0.00519915413409828,0.16538491130157076
2020-07-16,1.9422520747478094,1.3433345631726672,1.376707534175608,3.7194077678306505
2020-07-17,1.7240831845672944,1.3421043197816902,1.6684014385738168,3.550012922502208
2020-07-20,1.0243761846632662,0.7436317069632924,0.9233510772115398,2.6328464917498677
2020-07-21,1.0873847883112646,0.8930203452094531,1.2614519343443775,2.8257941452750805
2020-07-22,0.5418014594433761,0.4497963424392559,0.6718050568112736,1.9815287552031493
2020-07-23,0.5801093454661758,0.6155964280671417,1.0585263372747962,1.9365713127665556
2020-07-24,0.012207768135601897,0.00480052603907328,0.01932156555528096,0.2951301039593847
2020-07-27,1.1060330220206436,1.51624071096004,2.236456433729956,2.55273599690269
2020-07-28,0.45257971837309297,0.7365372104072655,1.3499249021432675,1.5325043060792705
2020-07-29,0.7222497426509327,1.0405557478816683,1.6250695087348483,2.042229706842317
2020-07-30,15.65698115180261,14.343262733497674,12.740779708810845,11.326639623173415
2020-07-31,0.6439763766444048,0.0848683497795104,0.07250431432269495,0.26586380331229775
2020-08-03,3.288125991048751,1.3998493665285576,1.060454661661333,2.5925530011648976
2020-08-04,2.104745212983268,2.2104106516985382,2.437943472907864,2.176644348598607
2020-08-05,1.3385627906962847,1.4870959070503273,1.6143803766862468,1.6484132988240843
2020-08-06,0.016542621673962934,0.006197690028836366,0.008675053767415569,0.07911417815698231
2020-08-07,2.026595024829775,2.2710941257294053,2.706945626262494,2.421367672957062
2020-08-10,0.9698095285437707,1.177716935488598,1.4260938533358818,1.4304093785077647
2020-08-11,0.992123055351496,0.7932617124616868,0.6549405318068491,0.5254080805637426
2020-08-12,0.23811011378369493,0.4605112400436706,0.4102302685353896,0.09091837234917403
2020-08-13,0.8668397341578262,0.1206923499900693,0.11905640449827329,0.9769191698368456
2020-08-14,0.10605681173564702,0.4568956850111054,0.4060425236123728,0.09767104270518398
2020-08-17,1.7210487267059713,1.3898245834579532,1.6755210352688188,1.6409061065376969
2020-08-18,0.5848179225750819,0.4097372859507247,0.5182007607932843,0.6782161189706716
2020-08-19,1.3162263712827469,1.2200571950518952,1.7212921844631779,1.5613965135518522
2020-08-20,0.19762917827174628,0.1600499145049468,0.31792346976639824,0.37463176182844465
2020-08-21,0.7214072529302813,0.9970345575812237,1.4963432383822404,0.8643875313389954
2020-08-24,0.0067174711527744025,0.05871609590777241,0.23666557157346743,0.05633023402617454
2020-08-25,0.11728248727107171,0.23176945065561003,0.09279958348924855,0.06616833009298591
2020-08-26,1.49777008164224,1.4418402125846381,2.2321642268410447,1.7198777127762057
2020-08-27,1.0106576355969046,1.0176531718086244,1.577550241955595,1.363626936847249
2020-08-28,0.6596425546956858,0.7592135135053725,1.4906144298594006,0.9956305220511182
2020-09-01,1.1494388156872226,0.9543694205592834,0.2988721027400174,0.7359520672555263
2020-09-02,0.014761828023643342,0.16840229671251292,0.7679416988584669,0.04583813386075169
2020-09-03,1.2565481393528366,1.0540262054015266,0.42518584793441877,1.0872449647291413
2020-09-04,0.010447286191920698,0.022693979143650924,0.38150115917080596,0.007964937756372328
2020-09-07,0.657472140375391,0.2631274673552079,0.00594028448641346,0.5885131044717871
2020-09-08,0.286468504395339,0.05221912627018575,0.4767229731068097,0.14912315333893642
2020-09-09,0.2871599634704615,0.08562178770137178,0.5314606292553846,0.24617886621842452
2020-09-10,1.2223185748835157,0.5117669897972786,1.141137383052627,1.1469266664809052
2020-09-11,1.2434040815750211,0.6308341736705876,1.308212483742941,1.3663661646073761
2020-09-14,0.8558108025568515,0.4114007377400495,0.8774080531307829,1.093514102773325
2020-09-15,0.09325019154198491,0.005440166099418358,0.1266188340447424,0.23605722235086188
2020-09-16,0.8279962761287184,0.29789312287688713,0.5959257681651224,1.1302300502614109
2020-09-17,0.2876615695844664,0.05846882409913266,0.2687218045526237,0.5304236335235077
2020-09-18,0.6936105364965326,0.3606710075836089,0.8567903618401375,1.108596793096759
2020-09-21,19.15286910779212,20.58322234710769,17.22362587597951,17.24266040574863
2020-09-22,2.6416005248374215,5.107176527436815,3.4370195803160613,1.5642256279369373
2020-09-23,0.03147514385296686,0.16380810153895423,0.00019559113115024884,0.17171753731836492
2020-09-24,1.0029653833121897,1.9766912693782572,1.0338336107884964,0.676763547344926
2020-09-25,1.8452168370692017,3.438296045563937,2.76031903821934,1.4227050913869272
2020-09-28,0.17467782045238614,0.7740408799383954,0.46761028998922977,0.12868995132282296
2020-09-29,1.6957784956850843,2.320835931855884,1.7084578902561043,1.538495041384967
2020-09-30,0.9355699790855879,1.4550459972005965,1.2518779820853825,0.959894127216168
2020-10-01,0.7104608655787811,1.2030987462615614,1.2703515504811376,0.8362119838509272
2020-10-02,0.15234794092222284,0.4048448045669224,0.41960513336723965,0.27838444448224453
2020-10-05,0.39987156966521814,0.7397180538831305,0.7296957941633162,0.6708412340175772
2020-10-06,0.37440540636427216,0.6212738256644319,0.5836667928729582,0.6785296451838205
2020-10-07,0.5435715882907735,0.8323126810247781,0.7769479144592619,0.973522615460794
2020-10-08,0.09250066997864359,0.22754007050303682,0.20980579077267578,0.3378804588092337
2020-10-09,0.17457791761207805,0.31449701211190895,0.28135630684211554,0.4984601597336912
2020-10-12,0.3489853720648747,0.4791071751316381,0.42390132339213116,0.7737011151744495
2020-10-13,0.12907845088313577,0.2172532377300741,0.21923061145283926,0.43105750074393445
2020-10-14,0.0013482182403161105,0.007465457024038117,0.023128339796205516,0.0626905573279143
2020-10-15,2.836817784649976,2.382620920667541,2.003433094319725,1.9945503619093554
2020-10-16,0.0175392619405531,0.03751071932076325,0.06650884050411232,0.0006644653403792104
2020-10-19,0.07693458903880436,0.126129293400255,0.14672715075281012,0.102493920430663
2020-10-20,0.4919654740670475,0.652809499014506,0.8521379727505765,0.5884276953895884
2020-10-21,0.9970078566543595,0.7868745318035215,0.6287095318247824,0.7961786839888902
2020-10-22,0.2890789256121986,0.7872875108459463,0.8185855697476356,0.2214019954534508
2020-10-23,0.0011639123824936193,0.08770300530874488,0.08928439003730712,0.001515261705664226
2020-10-26,0.1374906276955218,0.26454185374414746,0.23822867829828057,0.11910991780105883
2020-10-27,0.28748187680850784,0.5880508247011904,0.7091597854421424,0.23623825420475528
2020-10-28,12.305856964114474,10.305053832337828,9.106599852591446,12.738070476178262
2020-10-29,1.1345414760842765,3.1576583217032943,3.109659467945544,0.49367346083350355
2020-10-30,1.5049577869767063,3.5723737880563244,3.475118230324771,0.9648883576536538
2020-11-02,0.0030167013216571685,0.45194745244424317,0.4342474038379207,0.00865637896373292
2020-11-03,0.19370949450796393,0.0041512967383184485,0.013933689615710017,0.35087127896359727
2020-11-04,1.8648590329018455,2.4722002539021566,2.8005359393562306,2.8358901330021182
2020-11-05,2.9129595996228153,1.5949530009463215,1.2885092172248778,1.9076514122056638
2020-11-06,0.8065855190802086,0.2696538658664541,0.1525544742314672,0.4788882538082973
2020-11-09,105.1732847484601,111.65188977843049,114.27162332382237,107.28815968136648
2020-11-10,4.825454801581635,0.1088785718960295,0.26102244313922435,1.3282034447585982
2020-11-11,6.827896071014484,0.006046944799080611,0.01185940465486525,2.8651506713590593
2020-11-12,7.219008398072096,0.08321627015940114,0.010665425930839504,3.777304251391713
2020-11-13,7.354328494251222,0.418005247348051,0.2977026955252572,4.717190490836653
2020-11-16,0.6088566725915433,1.0274194300968105,1.10952191392233,0.18496269629209536
2020-11-17,2.2000633264837774,0.13245868105932496,0.17691907827358477,1.3849847495332774
2020-11-18,4.1264247257382,0.21689932614217092,0.2269183418600522,3.390322849241214
2020-11-19,3.017929574552303,0.1345056235119502,0.13298942672777056,2.8499327552610114
2020-11-20,2.801158870327465,0.26955279584621417,0.34308918448975406,2.902016971342766
2020-11-23,1.9539873681020448,0.1530763313340051,0.19384306238931595,2.3412347635692554
2020-11-24,0.5555949929572919,0.015041229514646162,0.001364431293514995,0.9136926881380415
2020-11-25,0.8414023302870924,0.006673578205646379,0.000750777202440399,1.185567108796759
2020-11-26,1.419642624640688,0.12125272498403057,0.21008459573478877,1.9923650731879599
2020-11-27,0.8337015013166541,0.03781849947680619,0.12290945715242968,1.4009012486946044
2020-11-30,0.21131718183814494,1.1633542765814457,0.8952756043166342,0.018342881059941377
2020-12-01,0.06990491349255021,0.41037861513657464,0.3221497355250131,0.002228217282088748
2020-12-02,0.543450150327396,0.002812666805218594,0.007845751368288289,0.721161638151373
2020-12-03,1.6476169057483494,0.2949537292366291,0.3077047479707602,1.9768347148409389
2020-12-04,1.076778024552483,0.1486753960317113,0.14741102468797865,1.508252591224068
2020-12-07,0.6712410202147865,0.030455765783313264,0.024756926524172787,1.0707054410038765
2020-12-08,1.0408069028812195,0.2170660758464707,0.19554677749232346,1.663540698420374
2020-12-09,0.5627292538029599,0.07568323045148925,0.06061984781916506,1.127928797497062
2020-12-10,0.20401062456613703,0.0020929853436979637,0.0001454490059110155,0.6334963175753503
2020-12-11,0.07239136851160612,0.010804429017879398,0.021316674452640787,0.39247908070644816
2020-12-14,0.3552539491752789,0.09978081859713431,0.09556726600237794,0.8646594340665692
2020-12-15,0.11382954169281892,0.011087501563418908,0.01613752310584389,0.4692197174325346
2020-12-16,0.01591648783570502,0.0039096684371455115,9.696865892652399e-05,0.23032596402260974
2020-12-17,0.2779800482527869,0.0860909365481085,0.10588453605926708,0.7331598952965126
2020-12-18,0.0031725423697707648,0.018113173987102427,0.00546083088412264,0.15034426659207556
2020-12-21,11.383533338968782,12.43401449323101,11.810104897006173,9.27397842370534
2020-12-22,0.18811357476633112,0.24414946576682467,0.2007402772304174,0.3494494493531152
2020-12-23,0.23351958907266265,0.27218336867635795,0.21831975451447622,0.43456141008630267
2020-12-24,0.3552678887696083,0.3639869774597769,0.29238292056387727,0.6100865102738322
2020-12-29,3.2268148459365738,3.153171121288945,3.381535992176472,2.5248523554332007
2020-12-30,0.24531864090321512,0.07855388883037176,0.040497126661787744,0.37534439641224826
2020-12-31,0.07815265381679799,0.18253019017870473,0.2004417750019142,0.02652664421713757
2021-01-04,5.6974499252679145,5.627179274058486,5.827076865826364,5.578444329757128
2021-01-05,0.5260011450288498,0.20174958469994353,0.1475898474120646,0.43878059895823196
2021-01-06,13.824431445994007,15.845212032854455,16.422448243885714,13.928082666185404
2021-01-07,1.9056611272444115,0.009654919873637823,0.039724504656202794,0.7285854041439406
2021-01-08,3.360894801670106,0.2987913759514724,0.1982526248864987,2.140337436678439
2021-01-11,0.9080023623318817,0.028393090583663547,0.0727664910179248,0.5067811824664832
2021-01-12,1.5855993529146737,0.12843345407312404,0.08172619897420291,1.1118514496033678
2021-01-13,2.240799029589285,0.5534902324224872,0.5530735967806468,1.8656020267414304
2021-01-14,1.1983730476803114,0.1997859205855884,0.21643257777104946,1.1021838094183445
2021-01-15,0.008529186594976415,0.2846106470728364,0.2833189445398824,0.008521525184276367
2021-01-18,1.5134533691835421,0.5631433377698399,0.6404934233246921,1.5312056395185598
2021-01-19,0.57029283072106,0.12183900390149208,0.18383876794485496,0.6724650584584184
2021-01-20,0.6739485038056061,0.2275924957202162,0.3196428086164246,0.8739699704320998
2021-01-21,0.4358583468312612,0.12639991362214736,0.17948231519647334,0.656155373313675
2021-01-22,0.3007698956885447,0.08961826313825295,0.16627131149001437,0.519511712961022
2021-01-25,0.006708994774798531,0.08117435746397549,0.021457791733768983,0.012083766094730554
2021-01-26,0.20600367255209137,0.10778915650639327,0.2612827838925662,0.3876356143173525
2021-01-27,1.643413724720305,1.9142256728966889,1.5101759174506852,1.1901403160961264
2021-01-28,0.2828059361856019,0.2544676869058577,0.12198952650188623,0.17960668703126495
2021-01-29,0.3775279074023329,0.30544842081540713,0.10857457893034889,0.2528974536403495
2021-02-01,0.20768211806272185,0.5488218766142561,0.80702864350804,0.1665995523234084
2021-02-02,0.663804987073133,1.0063167982733396,1.2532966622519368,0.6199731994116385
2021-02-03,0.1998504941503025,0.32885220017617206,0.43227459498453347,0.20005094346410093
2021-02-04,0.20496006113025303,0.3394265693593629,0.4676569195122341,0.24662678566474533
2021-02-05,0.26911321099354274,0.42240060808540764,0.5622218014368082,0.35854840767855617
2021-02-08,0.05833447116192136,0.14057585260505098,0.2541757241032269,0.11993973990660513
2021-02-09,0.33252393910704564,0.46683151289073505,0.6171820557471186,0.48352604867735394
2021-02-10,0.018561786908609382,0.0008396319957156651,0.0029839059412076407,5.457812500481555e-06
2021-02-11,0.20618345001164248,0.31575087340082914,0.42624635681035883,0.3665955719969096
2021-02-12,0.1561607992030881,0.08274229635750087,0.04563607262596788,0.05433732717869451
2021-02-15,4.892493595419516,4.812832856074264,4.592982478204087,4.326100740489465
2021-02-16,0.7514232611930748,0.05499577319318229,0.06213946659959309,0.5193007641599848
2021-02-17,0.6117971528067585,0.05549742084460068,0.06766593267949646,0.4865032827968452
2021-02-18,0.15806504654153214,0.7252936851686911,0.6184840275881107,0.2038979405727931
2021-02-19,0.8899397832505985,0.45689550365978226,0.49066771724482966,0.6795275692409969
2021-02-22,0.23164078659022735,0.06744203030096803,0.07532022201801583,0.17619502193236578
2021-02-23,0.07655779313602025,0.20951657800196466,0.17438045328074142,0.0869831243842854
2021-02-24,0.0008076134326676273,0.014831433206013768,0.008892829040975644,0.002290454947432459
2021-02-25,0.23056185896002407,0.11322970341996447,0.12215732278367657,0.27280335257064336
2021-02-26,4.975111557314974,5.504927944611204,5.3938895707548005,4.68305575464494
2021-03-01,0.0022616535945627,0.0792608102920639,0.01883025410231204,0.09393204571987314
2021-03-02,0.43458353901023516,0.5010351305538255,0.09020483638650409,0.1335492961332237
2021-03-03,0.42759224890541864,0.5002943219692003,0.10959056903895681,0.1986244127948083
2021-03-04,0.3006059216257101,0.28208908888637174,0.030787741348401718,0.1449182054708363
2021-03-05,0.46547254216130035,0.44995015426236074,0.8709539176851533,0.6254413926142118
2021-03-08,1.761705453432747e-05,0.0013828469077126323,0.022261560589845485,0.002858848175483603
2021-03-09,0.1428444388085572,0.05989697465079783,0.002982535354455406,0.08698137810433489
2021-03-10,0.4655144201978816,0.33538127003778334,0.1606981554571414,0.42750970138261934
2021-03-11,0.43100841703546383,0.3365280020863462,0.1838981609374561,0.45102785966750836
2021-03-12,0.30817879225637757,0.24970047460231304,0.1269868331221372,0.36744731788861845
2021-03-15,0.05178821605580828,0.032495176674534464,0.0017460212163865646,0.09243479735589707
2021-03-16,0.1341766691894495,0.11394639543299578,0.054725495098865366,0.21427059170997745
2021-03-17,0.21678413150135803,0.15186044842862367,0.07962609593884211,0.3093582834820944
2021-03-18,0.20292111304505292,0.1719415917096685,0.1279855276319377,0.28728799469274047
2021-03-19,0.20894227622885847,0.23284180317495026,0.29419617004176746,0.1260031631715856
2021-03-22,0.019059834468260258,0.03713222275640191,0.022575435544567278,0.03580846863893064
2021-03-23,0.09886235639786628,0.1367747273462915,0.10426728060966083,0.14817631537692294
2021-03-24,0.022030656267955463,0.04716956326546576,0.04820781505745561,0.04988062859223387
2021-03-25,0.22316877121828574,0.16264323027954325,0.1676789576609702,0.1476153918005606
2021-03-26,0.02597218461176171,0.06286263032605993,0.08640941930192046,0.05670938419619023
2021-03-29,0.12081144678203147,0.11626319485639891,0.13152085910604644,0.1567192297699267
2021-03-30,0.045525633331261604,0.047257429206450055,0.05888896749348955,0.07589390223864638
2021-03-31,0.03916611027582493,0.034150648936088046,0.03821712752500351,0.06850979712404774
2021-04-01,0.10737577328406125,0.13667706271116908,0.16611229746484718,0.12705050166604942
2021-04-06,0.1400943169491083,0.11383221912834995,0.09827799930408435,0.11169016061004085
2021-04-07,0.04126960449534587,0.006504741670270102,0.006778983888445283,0.034885856930638594
2021-04-08,0.16368983428628772,0.050992066730112875,0.04477646082056217,0.1432856994316065
2021-04-09,0.2683186854522911,0.09177182914758628,0.07580844098109518,0.2400327326380817
2021-04-12,0.10259632421670938,0.02142130180349769,0.02265399864109649,0.0934815103370627
2021-04-13,0.2333647071558275,0.11941641296857285,0.14497256170936,0.2288913109918492
2021-04-14,0.0574392330603338,0.016010205489612,0.02278317434252488,0.06404241943725276
2021-04-15,0.0892431175015578,0.02509523314924564,0.027663818869257294,0.09470630265787737
2021-04-16,0.09238789188166148,0.022549478678119694,0.020716395422655326,0.09826903904043284
2021-04-19,0.05025875590856479,0.005126185868988442,0.0028647118631583116,0.0571940624968465
2021-04-20,1.20098806428075,1.488914727271863,1.485191068792981,1.1558722240199748
2021-04-21,0.43178970126801935,0.6567318995058695,0.2832678693877585,0.22167854531577372
2021-04-22,0.38695507051921596,0.5616074947907164,0.23858379049576148,0.22530873026854237
2021-04-23,0.3770740847794449,0.4976895090467313,0.21035372536566918,0.24434279698662817
2021-04-26,0.20314364169735408,0.29736685213048314,0.10131272240856051,0.13493261777875695
2021-04-27,0.24377068828953885,0.33633748125010576,0.13415037542587582,0.1910335680234734
2021-04-28,0.21302721191299856,0.30566545263870454,0.15112082760425768,0.17972539956078804
2021-04-29,0.05149437374464506,0.09839592640617306,0.02464872219373039,0.04359300912520732
2021-04-30,0.04044149890883585,0.08322075905419217,0.021609649854891177,0.039695548050578275
2021-05-04,0.41803690425166745,0.3131858618521058,0.48295477475727694,0.4033681412432831
2021-05-05,0.4532438400958958,0.3152540135348281,0.4287775434216119,0.4621016090257989
2021-05-06,0.292883986820939,0.13461648459113115,0.06752329224676298,0.1837344117398101
2021-05-07,0.12348057034165437,0.033297588036921295,0.005492957534632558,0.06893470427733726
2021-05-10,0.16998982462202983,0.04750368413298342,0.011308705919788298,0.10969890652875165
2021-05-11,7.101656791037375,7.997131213317888,8.553906055490911,7.398570666302951
2021-05-12,0.545655085444862,0.9793017614171634,0.18689573257237854,0.14791417447070665
2021-05-13,1.6740183430727003,1.238838094455989,2.654956035522905,2.5434265165718415
2021-05-14,0.3161709700885924,0.5813288915214895,0.13559487462201228,0.09586521659864991
2021-05-17,0.45710281224813226,0.5508282527087786,0.13528401999523518,0.18734242088515723
2021-05-18,0.3953814519729047,0.49950632652491284,0.15466476996231301,0.19903928726102324
2021-05-19,0.24409659500832165,0.16628487579861273,0.4844140293527504,0.3893705704036883
2021-05-20,0.11492344534156132,0.26755670631693146,0.07999855991730069,0.030059424575913228
2021-05-21,0.5723051991700864,0.6967245026036898,0.3657502727245634,0.3629669560096033
2021-05-24,0.5727707253628467,0.7102818310912773,0.4047755238599707,0.4247361193738664
2021-05-25,0.5031911713986422,0.6097845485057659,0.34014986611021497,0.4073556151373452
2021-05-26,0.29594119950619624,0.3922626129696844,0.23854276572981803,0.25020371269922503
2021-05-27,0.3411826488892748,0.44952824586141854,0.3018380460955217,0.32380972149241893
2021-05-28,0.27484755040432746,0.37648447341175445,0.2674106990893657,0.28230769869652894
2021-06-01,0.009605036803106473,4.676813862269851e-05,0.010053301372287497,0.005157439326352234
2021-06-02,0.1654931708334488,0.1878312569975647,0.11172458298069089,0.17853172141852627
2021-06-03,0.010981500735475175,0.006970500089359961,0.03355985940737746,0.005893968464443726
2021-06-04,0.2122005254240613,0.2603132948228994,0.20799403974437222,0.22853645587658758
2021-06-07,0.0682539615471263,0.09949661648790652,0.06735189667483751,0.0856860291159944
2021-06-08,0.08826190136188204,0.1254833052315451,0.08762124965182695,0.11508193675624194
2021-06-09,0.05614231228078372,0.08526165816649828,0.05296696880268798,0.08161638126546468
2021-06-10,0.08205357819515208,0.11924232971891294,0.09400864560520944,0.11336389848485613
2021-06-11,0.0262238722952223,0.049350234865901524,0.03201530507945868,0.046798338250962225
2021-06-14,0.02163945623870346,0.028488765344676686,0.013579249641989075,0.03548775961197153
2021-06-15,0.0364647654145329,0.04659512150447321,0.025356792002317267,0.055494436963705304
2021-06-16,0.02847905396874949,0.03502885462075716,0.015593257738318857,0.044874879887063526
2021-06-17,0.014250975327418605,0.019832914688661614,0.005566840411544054,0.026734533093124242
2021-06-18,1.4800670051935787,1.3945755526443517,1.4997698888953106,1.4085210842642564
2021-06-21,0.08248367767105219,0.0006738248283448215,0.09932299901761203,0.20501899615202065
2021-06-22,0.3348801479916909,0.6192300950261058,0.2645397227182274,0.18855204581578033
2021-06-23,0.16865845652400843,0.3551867420617284,0.11633658698296094,0.0866111281776506
2021-06-24,0.16841821416524932,0.3475969563080609,0.14954153545007856,0.10030228427260218
2021-06-25,0.23926415456644617,0.40580869582598084,0.19631828103777557,0.1685037820045903
2021-06-28,0.04767215996529855,0.12222225921168696,0.02721823330054837,0.024555223246324302
2021-06-29,0.15242943599774625,0.31670141131082874,0.17480774103563088,0.09015236984227647
2021-06-30,0.0054027774770171386,0.007793825916984438,0.0025209106336452148,0.020275663910544275
2021-07-01,0.019851273439350288,0.0017437327828828421,0.0016450117019373679,0.04951180033720018
2021-07-02,0.2006701439034764,0.21873351263739776,0.13965069909403469,0.10466949163953734
2021-07-05,0.12552549219859127,0.14677237669716928,0.08888309650784394,0.0663680150190562
2021-07-06,0.006515308136252935,0.0057502062076270595,0.027193667877670438,0.027349811465469553
2021-07-07,0.16535872256074846,0.21822443854310292,0.16799944046754792,0.08802633937976659
2021-07-08,2.1795574725391162,2.1264265357791943,2.3220238358198593,2.491281330187708
2021-07-09,0.06885350531748215,0.2128840801404242,0.08581702690121891,0.0010183587201296584
2021-07-12,0.3756726233792777,0.40774060494911957,0.2154990575044155,0.13062052693282727
2021-07-13,0.5801426524657877,0.6415915304717112,0.4067274603514092,0.31911640598042795
2021-07-14,0.3396438932133173,0.4000717685413534,0.2337391980477748,0.18571606607147023
2021-07-15,0.010456162180487512,0.0010800377464856184,0.013343977197914221,0.05368049502207785
2021-07-16,0.12101807385542886,0.24628700684524213,0.20871568077428096,0.03298822480565742
2021-07-19,4.630378246948183,4.021130403738467,4.135585127627419,5.1933684170981405
2021-07-20,0.22580821790461578,0.9215684729967331,0.44739410061532675,0.008688986579804879
2021-07-21,0.0010152804860583569,0.1576063751055007,0.013805949422105985,0.1166534668757029
2021-07-22,1.1026156907534144,1.349892287627714,0.765755677275282,0.47246638822340714
2021-07-23,0.8311053117870426,1.0887731176878321,0.7382167985686955,0.3845467835734138
2021-07-26,0.8421570477335164,0.9725984958896611,0.6406203412555079,0.45068679564639785
2021-07-27,0.10317623104297229,0.16136472413789782,0.056360872860642244,0.0197025065457344
2021-07-28,0.6181329090421473,0.7824764472765506,0.6402788919880449,0.41991634899392827
2021-07-29,0.11813272507048543,0.1946864805357165,0.12602922035589578,0.06307955878701214
2021-07-30,0.1409516132048765,0.16230547598262796,0.09448288688178284,0.08614216730786921
2021-08-02,0.13805952753347245,0.18849735225762662,0.1724764982387045,0.09092353158781648
2021-08-03,0.4192696137517308,0.4505915482766324,0.40801902768974196,0.3550324381142349
2021-08-04,0.3946598760262342,0.4271829175647514,0.3772734421911516,0.367768978879601
2021-08-05,0.3481946243188587,0.3849350691147232,0.3319444121999494,0.35306301071213464
2021-08-06,0.27885549453412184,0.32101143311721686,0.28214473853173816,0.30605120533481023
2021-08-09,0.1391944562115464,0.17500499884714432,0.14455710687278686,0.17265775521833057
2021-08-10,0.09908924733226218,0.13284552460456367,0.10407600897432188,0.1373343837073593
2021-08-11,0.03869466844716631,0.055985135510036185,0.03542637078253675,0.06648409174577104
2021-08-12,0.15678547254634034,0.14055877304652972,0.09995571979633128,0.19270820813546563
2021-08-13,0.1625657968653325,0.16007228648773678,0.14140160033773921,0.19889562684311243
2021-08-16,0.07410008071113505,0.07657892722054511,0.09539321352852342,0.0499903601652979
2021-08-17,0.02508978470989897,0.04370357906625299,0.03661829058532588,0.02751057544025144
2021-08-18,0.06662691935710406,0.0903872750674841,0.07517221903311759,0.07534468112133459
2021-08-19,3.2273699744781497,3.058262109376448,3.08331492394472,3.14290067505526
2021-08-20,0.15031002200050206,0.33880710333964875,0.23650152471966301,0.08386998406564898
2021-08-23,0.1379026453032643,0.29455701409384005,0.19884216548101472,0.08844781654380154
2021-08-24,0.1375842334635158,0.2794086713560605,0.18685816224788476,0.10212819809701137
2021-08-25,0.21435266423918567,0.37285442614599057,0.2655907511432328,0.1857022237568987
2021-08-26,0.07827348822900142,0.16995209383371035,0.10021395353398191,0.06824550794266925
2021-08-27,0.08791748237693639,0.18519636924327332,0.1439872967663675,0.07954742291182611
2021-08-31,0.010773774860179632,0.050259527654800476,0.02835873112782365,0.009748747661030425
2021-09-01,0.01007561488180963,0.050373615089638314,0.04414121509850343,0.008729123440052198
2021-09-02,0.08796097594403546,0.16035905813394463,0.14164362559177263,0.08607407732883679
2021-09-03,0.01847017952473334,0.05493336872990946,0.041481653561381004,0.01957803385611352
2021-09-06,0.018153727721347265,0.05594515147645934,0.05691283569648806,0.01812620498452183
2021-09-07,0.07475841665091025,0.10752765948045545,0.0997994375650304,0.06860667776541082
2021-09-08,0.028581890231231474,0.009630946798395055,0.0058386372928306085,0.03694637242991252
2021-09-09,0.06493286324074711,0.023048982990934278,0.009796900813149793,0.09282034078533782
2021-09-10,0.15265153329496164,0.3022468414675595,0.3912026740397954,0.08675189102780993
2021-09-13,0.03739585888852477,0.11927788643251797,0.16511918773838805,0.013603165944909823
2021-09-14,0.08258531420695439,0.16319900345659952,0.1988701201674968,0.04666782043898324
2021-09-15,0.14490462595599599,0.25616645664308085,0.35014785399782083,0.09493826124052317
2021-09-16,0.08375447563956932,0.17060822671290563,0.27249072893952053,0.0509244670518402
2021-09-17,1.6387504161215658,1.351472867909323,1.1513777809214734,1.7737314162983868
2021-09-20,0.8654050051342366,0.5927124022712732,0.4233062157883236,1.0411208259051845
2021-09-21,0.06397049043553789,0.003425124118098295,0.011550659614810945,0.1370581830232546
2021-09-22,0.0817326115081901,0.05070481083130845,0.009367471317511814,0.1870815287748694
2021-09-23,0.23807587882253184,0.11345391438982333,0.1831356613386425,0.07747579350991525
2021-09-24,0.32530033150167675,0.2009073674281207,0.2894964323045202,0.16015568304337088
2021-09-27,0.03507943756163163,0.009387833750654582,0.049015952303511856,0.0016156354573096394
2021-09-28,0.12363903206768617,0.0784447929430322,0.1472170142104826,0.05469240162225636
2021-09-29,0.001170759066653431,0.005619340598459239,0.0043651568474634755,0.020811202270950513
2021-09-30,0.009507971881202198,0.0032527603794034778,0.0025317326104514998,0.0017008112293567122
2021-10-01,0.008361234837985837,0.04604571680776963,0.006952457194494587,0.043532521172884545
2021-10-04,0.070865343116289,0.042510153983847804,0.1350520331298192,0.01763923436937697
2021-10-05,0.032274898563709055,0.01926411932318152,0.09953732077547653,0.004792906459801817
2021-10-06,0.4399885296715869,0.6022768363892875,0.4029627969564791,0.6147838657255861
2021-10-07,4.238642618402172e-05,0.0003764804162438865,0.015985369568397308,0.030561670199495423
2021-10-08,0.44541933558279057,0.2830157203425278,0.4116089474409512,0.2292224948263755
2021-10-11,0.1932754563931493,0.10697100518390049,0.17341401621648797,0.08425963722424536
2021-10-12,0.03583516614142752,0.002612871944080785,0.013621859576315945,0.003020965513969816
2021-10-13,0.10907557235303394,0.04858759677213945,0.09490666742753862,0.049566424500892284
2021-10-14,0.03497723056583532,0.009599993683389605,0.028411747334842717,0.011237438075430178
2021-10-15,0.2580229505742842,0.12668723973491158,0.16226720430937552,0.1736634523742946
2021-10-18,0.13017174042081425,0.05014500847549717,0.06523011990185992,0.08440288689770983
2021-10-19,0.20729741890396378,0.12339260697655327,0.17039366851111,0.15458453573715325
2021-10-20,0.18314911544350557,0.11686269655227567,0.15071123710646964,0.14742617145838105
2021-10-21,0.09345887655232075,0.056281640260329745,0.07337294903778853,0.07655305605276352
2021-10-22,0.0894340200031758,0.06582825932487772,0.1008181398975824,0.07148946025601902
2021-10-25,0.07773807288919833,0.060647391178839063,0.08515307487858022,0.06654412493862744
2021-10-26,0.02104321023495912,0.014128652437423759,0.022438439866218365,0.01739678836298386
2021-10-27,0.10901981260343396,0.06719656054635519,0.0741332803331769,0.09167843227087663
2021-10-28,0.08336397057312302,0.05662592944926201,0.07362971762976564,0.06849470881936404
2021-10-29,0.017534792083151018,0.008849842075316383,0.015391099897089857,0.012695836232381033
2021-11-01,0.0018526167248589854,0.00026933873331670374,0.0029600587299427306,0.000694470002803023
2021-11-02,0.04017647006225982,0.018601061480013326,0.024391134071312135,0.02910889441935616
2021-11-03,0.04773788438073223,0.02862818285137346,0.03938244222475305,0.036756938229850114
2021-11-04,0.03741006956058895,0.026245987961048944,0.043490496265905794,0.026378217720880785
2021-11-05,0.005249092819101919,0.0012249253837851718,0.004202229338883047,0.0017238718753928095
2021-11-08,0.07696114951765776,0.05828152763784028,0.06596312501644722,0.061927537416528754
2021-11-09,0.02364798724088779,0.01627148595854662,0.01936604214963475,0.016501861916318056
2021-11-10,0.0016008567650976494,0.00262228783508464,0.0005828908465618894,0.005275615983718247
2021-11-11,0.0058165822642971396,6.672662385482014e-05,1.3445623484725697e-09,0.00021325592777168324
2021-11-12,0.011154182775565192,1.4152067301084962e-05,7.3178363783979565e-06,0.0016175482996867527
2021-11-15,0.06911807228767167,0.036612940241858925,0.03970513458326503,0.0360788595379617
2021-11-16,0.04361616609763082,0.023027530498028633,0.02238651435980061,0.02124205673894869
2021-11-17,0.05696225479510951,0.03982625119866928,0.0458003908848884,0.03034531712429326
2021-11-18,0.029804346589041526,0.024550584989921548,0.03601888705160127,0.009805644419198116
2021-11-19,0.04877167746392778,0.04676281298395748,0.025929563957650056,0.09134270920266573
2021-11-22,0.003228459419884176,0.006080202441130257,0.024767419979886417,0.0008705919602471366
2021-11-23,0.040744277037448116,0.03732176557475233,0.01781844719208237,0.08098106000527357
2021-11-24,0.002982491891228022,0.0045898749620744035,0.012612974392222823,0.0003756741571428351
2021-11-25,0.06527150511771614,0.0718856004740252,0.08867052781456898,0.035000572163730495
2021-11-26,22.594316973871372,22.512698485024355,22.365557264987956,23.218639427239466
2021-11-29,0.637238991328286,2.7868675584989613,0.2977976385129978,0.0019106721012843633
2021-11-30,0.39710859633145484,1.8274167541108282,0.10252271350971882,0.0005229579019609072
2021-12-01,0.23878100482427642,1.4150652473015102,0.14045510568724268,0.005325964245267706
2021-12-02,1.2396193567370932,2.329365992656934,0.5809966861837621,0.3120451626917288
2021-12-03,0.8307063315161425,1.7526126687794605,0.53241288740101,0.20243534836625163
2021-12-06,0.06760376794277308,0.42699646998867985,0.01891899673328133,0.01088628493176648
2021-12-07,0.3310957626763331,0.506332847207131,0.0475637313173231,0.03806076792733999
2021-12-08,1.8657686048063147,1.663949000234407,0.6719354743667711,0.9678903411331445
2021-12-09,1.1557380441667617,1.0633656610186073,0.3737087236673991,0.6185329838337228
2021-12-10,1.1229721412898435,1.089823550759937,0.49264060489631006,0.7143660913304052
2021-12-13,0.4062770731515162,0.4238042374747551,0.1602886049250412,0.22794141460475167
2021-12-14,0.5988187182355091,0.71139521947319,0.47880391764492347,0.3973365266016904
2021-12-15,0.5360536094717507,0.6610192095529726,0.5011841972080572,0.4086752551529286
2021-12-16,0.038733078659728234,0.09596171825660792,0.08658620848216798,0.01485804197517676
2021-12-17,0.6611580705118909,0.6007903533223634,0.5419196889074785,0.5146416701574514
2021-12-20,1.222048348662529,1.264156082633806,1.3612070407520973,1.3339844257536728
2021-12-21,0.055694731826158826,0.08473779443973531,0.09903029127013857,0.028419452200519415
2021-12-22,0.4878449919426852,0.32967708082376523,0.3232927438962442,0.35389083129885607
2021-12-23,0.5589624135821255,0.38277001660187027,0.3590469414054377,0.4624900156275199
2021-12-24,0.6164579312060475,0.4471904891340108,0.40936367586893324,0.5691670920599164
2021-12-29,0.09408656177369121,0.04669503965496538,0.036060752513976536,0.09663762622865055
2021-12-30,0.46956385203846285,0.3323911671204655,0.2905111072717747,0.49437320212061675
2021-12-31,0.29526420268082937,0.21202765262993753,0.2082729580404124,0.33845942272142976
2022-01-04,0.33468107996054836,0.4080962412101229,0.3742999005880968,0.27528759625587457
2022-01-05,0.49574853661335627,0.15633545109462282,0.15391472521589594,0.4421133807246126
2022-01-06,0.022543204066104595,0.01322085328846032,0.01573838351651239,0.021008989447650353
2022-01-07,0.3511012332719166,0.1706730685146934,0.1828337801989357,0.32431959107268027
2022-01-10,0.1403595804090122,0.04294839392222011,0.04349133186713352,0.14054478244811042
2022-01-11,0.2662471380482643,0.15466885590092447,0.19304005760959028,0.27323881094304153
2022-01-12,0.1042509855676403,0.035780682677938165,0.04704715142106183,0.11551285698542492
2022-01-13,0.33272758406913455,0.16539745070084325,0.1728284839712843,0.3495868319508569
2022-01-14,0.2224587568881225,0.10792975409614891,0.10786533884428541,0.25680957761136747
2022-01-17,0.04940846100490937,0.011553012295428293,0.017788244697398002,0.07135627886083096
2022-01-18,0.03013445255756115,4.328264720843954e-06,6.888669110585256e-05,0.040548244543867226
2022-01-19,0.005824179070487855,0.002087369615361776,8.479164811637862e-05,0.00909254546791491
2022-01-20,0.0581106594962265,0.017405849773132503,0.023787493150674997,0.07474858290369876
2022-01-21,0.4356713919663184,0.5606456391373551,0.5258443527688538,0.3793128281032368
2022-01-24,5.354708023726252,5.286178058607111,5.310984335495044,5.474597655355341
2022-01-25,0.7323923868106371,1.742212863189353,0.723662686338562,0.24503503321345946
2022-01-26,0.057736577173307546,0.009082065224350273,0.12265519754085447,0.3113661911894455
2022-01-27,2.054810207807945,1.6588770823011607,2.945598030232412,3.0455416467885055
2022-01-28,0.029189236692027845,0.03878183937804228,0.04441250544674734,0.012330540710398808
2022-01-31,1.0066116468611128,1.2757741316492732,0.6816765110892613,0.5215789369013607
2022-02-01,0.530527762074127,0.7431488480568681,0.34923259434939397,0.2759322257509409
2022-02-02,0.7430690437004898,0.8326499535933596,0.4200689272780544,0.4757177713615954
2022-02-03,0.5036000711679716,0.5434126106951462,0.23495713357452547,0.34283033901130205
2022-02-04,0.13682378366013606,0.19441660320290333,0.08295205324576332,0.07190356667962032
2022-02-07,0.2466905264157846,0.3336311747810399,0.2200273738661335,0.1943509866161908
2022-02-08,0.21495288708798496,0.2469309412250615,0.14639059268641405,0.1832684605586641
2022-02-09,0.08762094730116733,0.11577668646037179,0.06273559160932403,0.0876955883341346
2022-02-10,0.32757792065909713,0.2777613673737563,0.1822809354044638,0.3183880239416085
2022-02-11,0.1601427822239573,0.13031244050296256,0.0679242210474066,0.17654762571963012
2022-02-14,1.6711096580188962,1.7287783156921137,1.9197272519659763,1.5607490975412615
2022-02-15,0.14001461349169111,0.2927443084043513,0.14202212876980969,0.0824619984858505
2022-02-16,0.42831353026260727,0.5150196379154827,0.30123548511986503,0.3261099084743006
2022-02-17,0.018704014891262305,0.043485953874574164,0.0044847636568627015,0.009126922669793655
2022-02-18,0.39271582205495276,0.5617065553644393,0.4722924568523249,0.332941379291944
2022-02-21,0.038650657261930024,0.004580185648243233,0.00529210204248436,0.04747313143379659
2022-02-22,1.1171805820790721,0.8473913777725461,0.7499755798625457,1.1209310983433365
2022-02-23,0.19896218344343822,0.3362746717124325,0.38634070872822224,0.22123508722218702
2022-02-24,26.42847565606424,25.093873035480925,24.7790538032272,25.968062106635053
2022-02-25,11.425207732716716,5.175453841081306,11.918032707724107,16.60523797589174
2022-02-28,6.254643034337793,3.9269280955601573,0.6596272409123471,1.6388403936404425
2022-03-01,1.5723901205918327,0.727474001748391,0.010229318143849864,0.08374121676096705
2022-03-02,3.408434390742589,2.9446583538711417,0.9233520178582492,0.8960410121294375
2022-03-03,0.5883377114949351,1.038014646184858,3.050708886670273,2.3121624951247886
2022-03-04,1.791568704361686,1.2138054656596722,3.470717588744252,5.0155171074913065
2022-03-07,0.0009094260906658346,1.0412654779230517,0.0026280479273276024,1.7927641043248825
2022-03-08,8.175423373576278,14.991299354311474,9.097278076744729,3.4686901462873965
2022-03-09,0.04633925475804736,0.560073463675149,0.0056386531508828665,0.881592006782125
2022-03-10,9.170985803056967,8.244567795190486,3.97742678885331,4.275381926077728
2022-03-11,4.2423203940187655,4.3254370874976,2.3708085509762364,1.669082657590405
2022-03-14,9.401998582070087,9.494148900740761,6.42609327742427,6.4031958061051295
2022-03-15,4.618705934328835,4.791666434166446,2.7349998265013826,3.3224676949000207
2022-03-16,2.2712155503285136,2.5337822543198545,1.3743481126603991,1.8471037214142632
2022-03-17,2.8594032421996336,2.393719689406243,1.230716172570922,2.5220952343401897
2022-03-18,4.3695657514170385,3.3831270649252496,1.9595978522657806,4.28171552330406
2022-03-21,4.2352373908830145,3.4826398556747358,2.1128930731348334,4.711787064657248
2022-03-22,3.721484855602101,3.1279273096644764,1.898377879702502,4.60145794677744
2022-03-23,2.634128536301431,2.2255603859440236,1.2642035712052329,3.7058116919575013
2022-03-24,2.4724079302829085,2.2055609019751055,1.4461528069454135,3.7855520060778396
2022-03-25,1.543115153315781,1.4159119826353013,0.8649357413465779,2.8116299498851602
2022-03-28,1.0646389961777165,1.0113161726863138,0.5849823254760839,2.2908122776788495
2022-03-29,0.16067791769707862,0.15971022294306045,0.044995914596532495,0.8399326431939649
2022-03-30,0.8834431910109134,0.7859820758921926,0.48981320739221884,2.105602120602355
2022-03-31,0.4058265835171763,0.3365168437717102,0.16065412192206233,1.3470389286048994
2022-04-01,0.8001111545722842,0.8120309176603048,0.6542627821383313,1.9300900141115742
2022-04-04,0.6443683634479004,0.6709304334567635,0.5304321352860716,1.7232758889648196
2022-04-05,0.20012303214816043,0.22273310449040845,0.14670849848876022,0.933926117914706
2022-04-06,0.16900082564982555,0.15740822233808005,0.0913322132101019,0.8339053952953387
2022-04-07,0.21978167078569755,0.2259140814560375,0.1901646985594063,0.9302557513922749
2022-04-08,0.03185851319945733,0.021910964216299053,0.01636599059449731,0.08993549219369418
2022-04-11,0.44442260767572056,0.20922334077744187,0.19846970788172,1.0625685576199146
2022-04-12,0.23600643534862503,0.11478343145769757,0.14731071383408012,0.6968918923018389
2022-04-13,0.4312716488561318,0.3087059464938075,0.4318786165934226,0.9967026035984639
2022-04-14,0.16042113930317503,0.10437164716577355,0.16716120035708876,0.5674524544311152
2022-04-19,0.20092597218723254,0.13787016999433382,0.1906378128353223,0.639698487152891
2022-04-20,0.22082591154179862,0.17121962051722295,0.24998687207838127,0.6728515937893382
2022-04-21,0.1147916456607658,0.0828151312403018,0.1259110214669295,0.4695069433329514
2022-04-22,0.039316679793599645,0.05487434427882923,0.030744481509121367,0.021041048646194077
2022-04-25,2.1572204634965493,1.879227482246616,1.8591557632280566,1.5538601141333417
2022-04-26,0.35564540342757817,0.8470748593799357,0.6599651118611716,0.4026181052784176
2022-04-27,0.008238505486061816,0.1573302466995124,0.08628483975275619,0.029787131735511556
2022-04-28,0.08706730816845876,0.3107833999318396,0.20343623804970828,0.16139103108663044
2022-04-29,0.4541442045199943,0.6342192539738954,0.4590076424554569,0.5737393603328327
2022-05-03,0.13523432537563398,0.22291026700921654,0.1250039907090507,0.22732286687671466
2022-05-04,0.12750704204862953,0.21227752832404456,0.11998654548255992,0.24196648432185497
2022-05-05,0.04919395679076078,0.0046588587188171665,0.012527923590895973,0.013326629205667663
2022-05-06,0.5638587138458466,0.3617861059425661,0.41923829526202033,0.38597518042941215
2022-05-09,1.3390485280935396,0.7452099029097353,0.8577122330062484,1.3059796449568997
2022-05-10,0.683970040665097,2.113034818188114,1.437593782437935,0.34125839556065446
2022-05-11,0.21973538063469542,1.079601296609736,0.6316262167048765,0.09462971269558185
2022-05-12,1.1706063511562925,0.5814287661089736,1.0395355514797517,1.5909561451207042
2022-05-13,0.7781682636744873,0.17836322692480022,0.3363147325534938,1.2606511555306263
2022-05-16,1.7648019481835282,1.1800385436994043,0.7718257031179045,0.7705061069840276
2022-05-17,2.2039155196440277,1.5960297866694362,1.117702727532613,1.3326421470863365
2022-05-18,1.3937770961550613,0.9260826022864617,0.5740063085785934,0.8947910655392733
2022-05-19,1.7162091332354432,1.9851515464659801,2.209807787228245,2.291540328588856
2022-05-20,0.11151083705061084,0.23241149918964377,0.18821068893866236,0.0013996751512264248
2022-05-23,0.625818103484136,0.6529330733797778,0.527838623333814,0.2993911681874018
2022-05-24,1.6528737008593153,1.0867862447062098,0.8559393916568491,1.050099194862987
2022-05-25,2.060156472439732,1.575772064635797,1.5175133658257967,1.6272799465196524
2022-05-26,1.6069800324559906,1.2300049540625906,1.1470072208835176,1.4257100352345646
2022-05-27,1.4238997981547712,1.0947581673268587,0.9916747899417995,1.4125676395509208
2022-05-30,1.1821767577939566,0.9448723917200745,0.8410620517962905,1.3183367601398917
2022-05-31,0.8283571233374254,0.6797156057455028,0.5893454048231602,1.0511886977850788
2022-06-01,0.05428450062677299,0.030278679979938158,0.013843512155674777,0.1536683016602741
2022-06-06,0.037550220750726955,0.04658638340051568,0.0549029188814461,0.10745784897703879
2022-06-07,0.747163644579515,0.642004736363877,0.6332792882190592,0.9879204193408223
2022-06-08,0.39853363178554785,0.34980610243967764,0.3713793562743285,0.6318511812811572
2022-06-09,0.013515556777726718,0.018766255146373912,0.01146455216215947,0.005534827243573466
2022-06-10,1.3949209953422226,1.0760324211222996,1.0654941681833316,1.2232844608275213
2022-06-13,0.00024837864564693793,0.2047552315804036,0.111484720879399,0.01415358970829704
2022-06-14,0.06298389490466412,0.6593930316564711,0.6759469839522048,0.003731698218651279
2022-06-15,0.07805301639410542,0.6506779350973549,0.7772869020534522,0.02959369143128324
2022-06-16,6.100113389205364,4.497841113472445,4.381669642814326,6.571402478714069
2022-06-17,1.2514744225235217,4.44984643404137,2.777176633796087,0.30964067398559597
2022-06-20,1.459543040456426,4.5645101508307375,3.444028109344471,0.6349436352337828
2022-06-21,3.010018352768124,5.595318971613294,4.20576912035976,1.8558734965259713
2022-06-22,0.694899879760803,1.9960146150234837,1.2209569802797346,0.34852614249003033
2022-06-23,1.0795911677795123,2.664206590578666,2.3374257976529025,0.741483966934627
2022-06-24,1.026065021924527,0.15858865677957057,0.09435247994781916,1.3130786602363744
2022-06-27,3.4682222696736695,2.8707615983350134,2.85268147070697,2.241140046284022
2022-06-28,1.7356976004861038,1.3378329645236935,1.2617585092836832,1.1595896467029172
2022-06-29,2.08563352464299,1.568039784337401,1.421399558097121,1.6719706775441818
2022-06-30,1.2713376186455312,1.6128207878587377,1.656077618824948,1.3804290684139064
2022-07-01,1.0952023632941659,1.4200658039441854,1.3786375159552742,0.7643308523667983
2022-07-04,1.3817624633692043,1.7806826091869425,1.7253123006674362,1.2405120551494813
2022-07-05,6.633914106801532,6.178279304116469,6.424958754493755,6.644010829241802
2022-07-06,0.0653998745177207,0.8122338838225724,0.2735112303657293,0.012601572482439826
2022-07-07,2.2041747596290646,3.8386294069184883,2.4617323644370765,1.4618512446307315
2022-07-08,2.810288197718273,4.013287492021548,2.5896710635313864,2.1977343604660904
2022-07-11,1.2069987426731412,2.0235174533185334,1.1169866148118281,1.056836099549413
2022-07-12,1.7209998486755025,2.656823578461733,1.6781756434784936,1.801656093607492
2022-07-13,0.5170514747342645,1.0548858735835542,0.5133261664368245,0.6919035625545654
2022-07-14,0.04732412769131305,0.012888615692250272,0.0016814551966935474,0.005284968422011874
2022-07-15,0.13498596158525236,0.7276403005174926,0.6337529878954704,0.17810602214917315
2022-07-18,0.730848783589172,1.042357281257498,0.8414891925066582,0.7382467621772393
2022-07-19,0.11520132695454265,0.1888495816934523,0.09785140601722536,0.15703157344439245
2022-07-20,0.8397773643779337,0.8540002420787394,0.6183698782766126,1.0134518053866095
2022-07-21,0.9843633096870652,1.0653861808187695,0.9910280288995067,1.2922171941542442
2022-07-22,0.9451237040878118,1.0578461459077761,0.9784667970644519,1.3778191866173373
2022-07-25,0.6289017181676487,0.7430894229956894,0.674253201773407,1.0813084923730514
2022-07-26,0.5185057702979978,0.6147613339045657,0.5414550628688444,0.9937599945533762
2022-07-27,0.43614577219916567,0.5374062059926471,0.47405515272306403,0.9300379355060974
2022-07-28,0.10580918636145885,0.13979003349207356,0.10271856645356828,0.4062773833482476
2022-07-29,0.020120529132858972,0.03937792975852346,0.024599212827707117,0.22019858330034997
2022-08-01,0.2824562692865352,0.23164618197709452,0.17916420338288191,0.6725427952697934
2022-08-02,0.3277880776615314,0.2918776760793199,0.2588002121409619,0.7621542468690181
2022-08-03,0.08611790039958724,0.07598105406329206,0.06499782146168527,0.36277610244199965
2022-08-04,0.0619918360182505,0.04906078826457808,0.03658630798919841,0.307261416177215
2022-08-05,0.14719556985714186,0.13612110961465093,0.1129879989041811,0.4785087972693614
2022-08-08,0.021558098669324618,0.02044789694112553,0.01578950771578799,0.20438939514291102
2022-08-09,0.18672610481049917,0.16524470173944947,0.14275197808245324,0.5202687187106666
2022-08-10,0.0734986196098442,0.06577053959411754,0.049720221890337556,0.31028675865362376
2022-08-11,0.04774116473112699,0.04348356302038558,0.02834088247454824,0.24736960566126434
2022-08-12,0.057995705257505324,0.06602443793269377,0.06094434023534602,0.2395390372045765
2022-08-15,0.00146230470791112,0.0016199730484467185,0.0003539107150913633,0.07490831678942364
2022-08-16,0.03411946991033212,0.037447560760284646,0.02725369777452553,0.1719473003235514
2022-08-17,0.032551621201276276,0.03398210592006365,0.02159460011260344,0.15946056113122362
2022-08-18,0.03698767601191652,0.04245123367683114,0.035946047790065674,0.15711391711731984
2022-08-19,0.0029000001916247554,0.0038999425086778394,0.0012696075459138498,0.060809160442620525
2022-08-22,0.006595080870385428,0.009001317253385552,0.0036359543532363064,0.07078724852098796
2022-08-23,0.00011699697191957443,0.0009736640574587288,0.0001344955122219274,0.03290957367103408
2022-08-24,0.004911836843649297,0.0005820888353752851,0.0007308286680546709,0.004149809576083426
2022-08-25,0.0006117676162531914,0.005517677955387038,0.007786528710655938,0.022202056274583663
2022-08-26,0.22509796937288531,0.18010915724590046,0.17793363222077624,0.12623424839478345
2022-08-30,0.7495243818243617,0.6169707872100669,0.5878673527419053,0.6198657519715671
2022-08-31,0.22817456547528323,0.12285817372580442,0.1012264737455983,0.2042076169317279
2022-09-01,1.21157928913334,0.8260815657639674,0.7426170044162711,1.2965413229574874
2022-09-02,0.22039992333957037,0.0030891059235034807,0.021914691939126166,0.4914710575157714
2022-09-05,0.2707280426251248,0.28337995574452823,0.17045848854949713,0.02941328184655048
2022-09-06,0.5326262010406022,0.5780043458074435,0.42195699475168214,0.21436463514589701
2022-09-07,0.0015387391164944431,0.006675305464729357,0.0005263933284785358,0.025847823032107316
2022-09-08,0.07378132307084023,0.13781831567581881,0.12419333697057336,0.005975641861835451
2022-09-09,0.042362788178848816,0.012470101046846073,0.018922403157226698,0.12181244946412076
2022-09-12,0.05420919270834797,0.08570388017303412,0.11435778406734151,0.16007758654638604
2022-09-13,0.0016181985482097898,0.08512311566440817,0.12942266506879602,0.043254810055321585
2022-09-14,0.005723628778436449,0.01284744678599539,0.022309253608306396,0.036269318472177195
2022-09-15,0.9233985149388684,0.9113332783729059,0.8654149447518049,0.40022960485397324
2022-09-16,0.8041821076172635,0.832699961527302,0.7838906686812543,0.4310743789587363
2022-09-20,0.3376383070816269,0.2751687172306072,0.20626691810718006,0.6034485520691216
2022-09-21,0.21829649600654358,0.31078830174459476,0.5146896363664412,0.09568366526018604
2022-09-22,0.10062860699552903,0.1412418246485013,0.25258410092934525,0.04057237642707539
2022-09-23,2.412862513333876,1.9895849526851956,1.459037484168123,2.8692329636009015
2022-09-26,0.0013132656471692714,0.19478935597853056,0.3253866041579853,0.08160636788416588
2022-09-27,0.3777970353584407,0.992115050283208,1.2136953733651152,0.14709869882076176
2022-09-28,1.4591556117482385,0.6953378765959656,0.3955205368353228,1.9166029566734966
2022-09-29,1.8196179384697866,1.0116958892068484,0.7001478800279993,2.1398668301214014
2022-09-30,0.0703028519346986,0.6331324902337545,0.9598974708829958,0.000196910063644384
2022-10-03,0.00976957952291907,0.1527608237370172,0.2926070190384486,0.07294216924194719
2022-10-04,1.8686560505597243,0.8405986874673015,0.6332940936862592,2.1699808961045832
2022-10-05,0.5676311096253157,0.2100344280265482,0.26082121596213587,0.14002994351838002
2022-10-06,0.18394479550138032,0.04242042490104757,0.1194986561977981,0.020523956982330258
2022-10-07,1.1844692865742272,0.9061260984437206,1.4273329525304868,0.7324492356100778
2022-10-10,0.6188373980856139,0.47242763686298334,0.8538446458378207,0.40735414616973575
2022-10-11,0.13822306533619536,0.09911444255901576,0.37759148732251463,0.07720901306504145
2022-10-12,0.0008709067144343661,0.00012282298486942492,0.15446784869340482,0.018419132539608855
2022-10-13,1.0712033622539068,0.8727353094872391,0.2123473720858787,1.2712488281322225
2022-10-14,0.04174489873443172,0.011630420584121741,0.08923259549322778,0.058165472325808494
2022-10-17,0.0002347718454433078,0.007388666746747309,0.19270954506595558,1.0648313573978826e-05
2022-10-18,0.030995531424445236,0.039511947683237146,0.24181377244240373,0.03702382953627567
2022-10-19,0.11430199685603115,0.13577650947132247,0.3846491608630571,0.15330772987109378
2022-10-20,0.20249434484487655,0.2413352964774765,0.5605279832939085,0.28134691454146965
2022-10-21,0.08851688937880768,0.0647998646518183,0.0012036031377089965,0.03794286026885061
2022-10-24,0.4976325651263354,0.44646053628048654,0.2332536675898947,0.3462571856668812
2022-10-25,0.023834651297395003,0.025000834468234995,0.09568912077719625,0.07253470412339083
2022-10-26,0.028524663829469284,0.024179523550336663,0.000557375729468457,0.0016690826696713575
2022-10-27,0.06970242290143924,0.0620698620823761,0.1249890415337262,0.14918976996110905
2022-10-28,0.002478850712345294,0.0016796140330715876,0.015498896546863546,0.032199142545345366
2022-10-31,0.09553847166331275,0.09062513676596115,0.03563991303869563,0.03443720885142783
2022-11-01,0.45564336281189083,0.49487047832597575,0.38081892691783203,0.31985844365739496
2022-11-02,0.0419626886893017,0.000145762337587873,0.0048790859725790035,0.05789852678106691
2022-11-03,0.09377381780043853,0.19938287653538816,0.12892010628782638,0.07662302013541168
2022-11-04,3.3335526038409413,3.9134316863953833,3.662033440666698,3.216009303482307
2022-11-07,0.5303000962803953,0.02553873816825108,0.03635621035597723,0.3312182684788981
2022-11-08,0.32162959997485024,0.008282349311138078,0.02268889629463995,0.2038187331862353
2022-11-09,0.4379203074631376,0.06426545762690335,0.08906307621258634,0.3521757810280704
2022-11-10,0.6855579351898,1.385658803604349,1.2669565556552977,0.7412954864377117
2022-11-11,0.042882967301282736,0.04506260895359968,0.03403972690402484,0.023129132987685836
2022-11-14,0.023121422906577014,0.02908762128924176,0.016959433855279055,0.008332675982225495
2022-11-15,0.21985751628394481,0.011873258859498843,0.016513479152235038,0.16570157749570377
2022-11-16,0.269834287327927,0.04608099161192204,0.06340960397025308,0.23906881498076624
2022-11-17,0.16643148167797667,0.02306574182083594,0.04313056822740542,0.16077225012091412
2022-11-18,0.02557397782627792,0.0032170492552310013,1.440096342977606e-05,0.030961560379473497
2022-11-21,0.10339287572509943,0.012651115944773507,0.021496022256549955,0.1198186891022354
2022-11-22,0.0009087283213749181,0.021215658516104078,0.01156740415021374,0.004774290210512817
2022-11-23,0.1922269254707158,0.03317927162826866,0.0392829722080072,0.1960030785111102
2022-11-24,0.15349002567813946,0.029688818796625147,0.0309686492930229,0.1719743774618131
2022-11-25,0.15438372329109548,0.04285559843296599,0.04021294224901492,0.18493068292985065
2022-11-28,0.003139924584328902,0.011309989841310663,0.015455078581335092,0.010422057551713083
2022-11-29,0.010310714664219974,0.0011411253012027721,0.001872450537672641,0.023015356723246894
2022-11-30,0.0068198364011752746,0.048207792686070346,0.058735496863772337,0.0013202191854052455
2022-12-01,0.08615170657277646,0.012685349239912047,0.005702009728657021,0.10026775496970047
2022-12-02,0.02469798396060357,3.255547039285996e-05,0.0004967788387822498,0.034126776847921106
2022-12-05,0.0455469068111599,0.0073997168446183976,0.0029525648103909323,0.06098432261359363
2022-12-06,0.04434851508312726,0.010649387817554923,0.003916016817506863,0.061696987387724764
2022-12-07,0.0002839617070062414,0.006975016855754466,0.014731942183175094,1.7383060451438803e-05
2022-12-08,0.07324155627541165,0.0522563605103125,0.04422479602271306,0.07494671659837748
2022-12-09,0.0037729022752198945,0.0011097193070510145,0.0009423022159750047,0.004200708467277619
2022-12-12,0.05331151292150001,0.0452647119322871,0.04033952877627098,0.057046410261781345
2022-12-13,0.4490781556843677,0.4499118129368067,0.4392928729377906,0.4534795896136864
2022-12-14,0.05935513388061415,0.03635071240455458,0.03306799570297619,0.047852976623904774
2022-12-15,0.01695551665882244,0.02902121957906046,0.03088786995022103,0.022442297639401858
2022-12-16,0.3508953845827644,0.3219896466991298,0.3475263556388634,0.4418905900295704
2022-12-19,0.15913207928939185,0.2842097082629482,0.2170932123993848,0.05651552482315184
2022-12-20,0.0015789196755803966,0.02402033188472431,0.007283079445519938,0.009255171522444951
2022-12-21,0.3632280782852411,0.24134105467733263,0.31376720236235456,0.5078183939355629
2022-12-22,0.1543361366926298,0.034252382020198126,0.009548959753870141,0.02565684340653003
2022-12-23,0.40815649520199243,0.2260430348958849,0.18643305588114695,0.19492999215450107
2022-12-28,0.08407955332511104,0.02477546893115514,0.012438139681949746,0.01779341070648059
2022-12-29,0.024068551727397452,0.0015788923624450067,0.00013334149373752006,0.0008395894860724647
2022-12-30,0.08611781799058749,0.03932285842550028,0.020457019206548528,0.03781239167434346
2023-01-03,2.057398692009599,2.1561656026359555,2.260896700542707,2.418960731600236
2023-01-04,0.2109456850168189,0.057527459249360695,0.03487810695476074,0.07626903480639105
2023-01-05,0.012028003564107574,0.007774417587136519,0.021619128022497717,0.0015115029066162615
2023-01-06,0.12840496953478725,0.0237837688985716,0.007692854312385786,0.05193373206116922
2023-01-09,0.3226203115731254,0.10343342783078077,0.06058313303906666,0.19077797581859335
2023-01-10,0.24736189902527356,0.0786728149834104,0.040471602359029905,0.1564671242905673
2023-01-11,0.03825394182095,0.0004748985823456472,0.0008761389673636412,0.011645821956218513
2023-01-12,0.009519608503498998,0.003723263401935896,0.014238026366653915,0.0008302839356619994
2023-01-13,0.06696696128601078,0.002113816696197489,0.0005128155662255748,0.03093057028880112
2023-01-16,0.26036619039860776,0.08445735687856726,0.04605845510107258,0.18878758544587235
2023-01-17,0.14500012902317064,0.03699816800445975,0.012599589775377494,0.1066716288111395
2023-01-18,0.12397504893681786,0.03750330997094881,0.015209860055285043,0.09816403083878383
2023-01-19,0.049228267513791286,0.123393532949135,0.16381733646106222,0.06414821745602042
2023-01-20,0.17935171429305177,0.15176478509223448,0.08606824996301089,0.10903830081802049
2023-01-23,0.1500265997798201,0.12899574424552182,0.06901765082952163,0.09872957842298728
2023-01-24,0.06031728857066334,0.051658884792631594,0.017243474375263697,0.03633125665626639
2023-01-25,0.03853005018409365,0.03795319427887234,0.017274726461123498,0.021125430444187628
2023-01-26,0.0861300605735058,0.0906027876884304,0.0658493254905606,0.06361690228473774
2023-01-27,0.08935070624055275,0.09620927646763293,0.06775114736986695,0.07158905508151543
2023-01-30,0.0009387420670335714,0.0022979586915752464,3.305785033549747e-05,5.515260038886875e-05
2023-01-31,0.0007611589424624989,0.00010604592264976004,0.004843912169342011,0.002142231445754646
2023-02-01,0.01943601991181989,0.026352544515511132,0.013889738094804172,0.014727939727886434
2023-02-02,0.006709129636761162,0.0029955860050138727,0.007820253840512494,0.009904443931262922
2023-02-03,0.06197887094301888,0.07691515906123875,0.10471851007460709,0.0836535450218318
2023-02-06,0.0077192281095841515,0.048040959212611145,0.07794701537281512,0.02930905495448125
2023-02-07,0.08745037008732212,0.05228976092968862,0.025442519511490954,0.032556603436969575
2023-02-08,0.02711700676901606,0.010575705395229217,0.0008510547921729763,0.004297168245459449
2023-02-09,0.007218968758620669,0.0010947105509266826,0.0019480793069728344,1.6995058968968505e-06
2023-02-10,0.02635676120068096,0.013199012085270443,0.0011259215676394678,0.00802668776549823
2023-02-13,0.01654060189962577,0.01015079324905162,0.001844982879009465,0.0031469898078327853
2023-02-14,0.07976905288475607,0.03844514022931429,0.016393191558078203,0.03678288149863164
2023-02-15,6.803701713840484e-06,0.0051281850915962735,0.020473379593014686,0.00617200930161928
2023-02-16,0.014296867925719072,0.001336119059676569,0.001760837025160842,0.0019207386021360417
2023-02-17,0.034493217777261116,0.0137059314889912,0.0012013221487687936,0.014671018634839725
2023-02-20,0.08861485357197817,0.059315551626597345,0.028556247290522595,0.05765269115622536
2023-02-21,0.008499657155990735,0.0024907593272909916,0.0008291209010107624,0.0017460970277237524
2023-02-22,0.058868169726720876,0.06888942063481614,0.10738797573108057,0.09272080693126727
2023-02-23,0.04711964282757103,0.05121613897280722,0.030246337180914754,0.018426462612814158
2023-02-24,0.0033076029822077533,0.005854359780223027,0.002144250074895445,0.0005061827998183826
2023-02-27,0.001168911792028867,0.004193246022091046,0.0034352212775134506,0.002395947207959429
2023-02-28,0.00030636954051108274,0.001208121813308364,0.003086821311017096,0.012869858620129808
2023-03-01,0.004134742194329305,0.007949994934869725,0.0063976190307555225,0.003477953791889276
2023-03-02,0.0104732889870332,0.01202077223581647,0.007891871523722675,0.00019405863602686533
2023-03-03,0.0416090200257705,0.04252075923410755,0.030962148589780466,0.009643433769966467
2023-03-06,0.037345642086276644,0.0410070080040888,0.027787282680953655,0.010011623603314585
2023-03-07,0.03371356770872232,0.040245190444429875,0.03335217322209114,0.009076197857566831
2023-03-08,0.017481233887110488,0.023798096802193584,0.021196908735559968,0.0024937462930834098
2023-03-09,0.0003243481607826088,0.001859607503928033,0.0006434678569671474,0.0032654136259992026
2023-03-10,2.0395407473248572,1.895083633193868,1.9015358345272213,2.330539462950976
2023-03-13,3.9369338677540573,3.0614413498545128,3.680275551223191,5.04340472184454
2023-03-14,0.038419220091006255,0.7537592729089083,0.07052534118184182,0.18998508804015538
2023-03-15,20.836114828503288,16.72999514154895,21.64840651867437,26.49914651733351
2023-03-16,4.037101602346776,12.099940401444663,3.4877719425027767,0.36577482657816546
2023-03-17,0.01321169364254757,1.921039108865924,0.008047722269669072,1.0860645092587877
2023-03-20,0.46258399417727486,0.3117162750062373,0.2948103977500763,2.7622675022298155
2023-03-21,0.6714106640462265,3.4974000214926777,0.7195653341856644,0.0002564986701819599
2023-03-22,4.01307641770427,6.903384904567486,2.7653918231295904,1.5082789475866214
2023-03-23,2.583605075329615,4.788691951536251,1.7172976399843236,1.0442016337065314
2023-03-24,0.0472439833552871,0.6712520816565432,0.03821545039481318,0.06746978768564446
2023-03-27,2.129407507114381,4.533950752184482,3.029097620834235,1.0482583672669776
2023-03-28,2.445695329334708,4.448256259007262,2.9882729837637667,1.520235702538789
2023-03-29,1.322938979582525,2.7690249777158953,1.7212048291539206,0.8901051241310485
2023-03-30,1.3863522073905874,2.374027305119833,1.4340867536803388,1.0392778420895865
2023-03-31,1.7158455985828673,2.570493702843477,1.632167866488823,1.4965611932032679
2023-04-03,0.9389130557061867,1.569933237481126,0.9147990771761382,0.9313816935336422
2023-04-04,0.36735552134058286,0.7255075638533982,0.330618221019973,0.43277067032549127
2023-04-05,0.8395816357034597,1.3659840263911989,1.0144864700852223,1.0080882528180348
2023-04-06,0.21781027783182594,0.48586169468642865,0.29618968989388433,0.35763785348480004
2023-04-11,0.48158863704809124,0.6459924593128035,0.4192189019543493,0.6612920569106693
2023-04-12,0.2811660530700697,0.37517271774553784,0.2134226289597483,0.4571064564972569
2023-04-13,0.5198927815885376,0.6166213425228575,0.4110837448036903,0.793092259846464
2023-04-14,0.2588968790803822,0.33133380920387906,0.1948487972093035,0.4964074736509586
2023-04-17,0.2948581221647807,0.36405527348300504,0.2264458757575217,0.5698077486303849
2023-04-18,0.27913352614708403,0.3519876974994651,0.22578859233319482,0.5708544566244763
2023-04-19,0.2144165405123835,0.26875700665653446,0.16347293231988197,0.48317372410152176
2023-04-20,0.2085166321340749,0.26619034138447883,0.18555443745880418,0.4790250716449804
2023-04-21,0.09554756997655411,0.13757212729731796,0.08378593930534922,0.2997511957080014
2023-04-24,0.07281694128556147,0.11023922520552386,0.06352495436160203,0.25771845545009237
2023-04-25,0.05733753359296147,0.09128808200211502,0.05264930293360775,0.22406269520008923
2023-04-26,0.0075518984894814,0.0234163178569342,0.012039520708072175,0.0943539233919015
2023-04-27,0.05047383667114749,0.09238884052056476,0.08643388678837641,0.17416439267283607
2023-04-28,0.00036064618017688974,0.003827926532667338,0.006142922225642502,0.02604806664974436
2023-05-02,0.3383210590579109,0.2782767267036969,0.2758159251839258,0.1735840645132185
2023-05-03,0.1546272496830561,0.3019378633339223,0.25030367635627393,0.19790505702227384
2023-05-04,0.008310443275372911,0.002967561399782022,1.2263213871343769e-05,0.0006505198782344422
2023-05-05,0.04754825530474471,0.18944416897872013,0.15923439884238785,0.04354340950094468
2023-05-09,0.19597297377455078,0.29346289778847523,0.2423482966213832,0.1675635777441752
2023-05-10,0.17586389833092836,0.2708055696909894,0.2553615534512737,0.1679916251350999
2023-05-11,0.015200992976436437,0.0003418749363946619,8.271495316611504e-05,0.014154440612731365
2023-05-12,0.1413550800861749,0.22993202542982252,0.275830226585264,0.15667458239162801
2023-05-15,0.1281301333102102,0.20318388595210518,0.23266581108797177,0.15147319880544519
2023-05-16,0.03278966408839752,0.069989958843957,0.08031495589329195,0.04874512813308863
2023-05-17,0.07930657917960468,0.13692340135577558,0.17891610905045183,0.10138378960414691
2023-05-18,0.04829195183175393,0.09800589937382265,0.15901150904664435,0.06331229265840307
2023-05-19,0.04922723191183181,0.0945453925560274,0.1403386957682553,0.06695212865543469
2023-05-22,0.07498629066736995,0.125774064798359,0.16440279915307976,0.09890685564051363
2023-05-23,0.020495442345614522,0.048206803804627905,0.06525307835278382,0.03448332168886852
2023-05-24,2.3444266510368,2.1222079866246895,2.007723890894082,2.220435648909378
2023-05-25,0.19909455208827181,0.5254299136252074,0.3230678480839246,0.07860302407543535
2023-05-26,0.042426923007504024,0.2488260887934809,0.18520913583508844,0.0014175400682895293
2023-05-30,0.014171082610872911,0.008961186806752192,0.0003983141810613838,0.07502642412029642
2023-05-31,0.2216973221292526,0.6372882810893276,0.5367710858980158,0.04952177986177266
2023-06-01,0.4938104590508792,1.1528807778749215,1.2283188076258784,0.19109736924045054
2023-06-02,0.02615179920538702,0.021564133050560874,0.02689324578843039,0.1459346063782606
2023-06-05,0.6087350342960071,0.6344937514146037,0.6129538539081969,0.23399181691582602
2023-06-06,0.24785683888235466,0.2824342096894914,0.29208373237650315,0.07348942199743257
2023-06-07,0.5199931995515166,0.570166518069472,0.5691808783049999,0.30083860913671967
2023-06-08,0.3195841255841496,0.37249391951700106,0.3832677161343427,0.19416792186887652
2023-06-09,0.09644829973539452,0.13639912722300968,0.1819788036868138,0.04649386001011977
2023-06-12,0.26538018390936474,0.35243703934620474,0.5011805932741896,0.18825636406528495
2023-06-13,0.14651453200425954,0.2150342534250929,0.31317408077265224,0.11019414914143631
2023-06-14,0.08702902955502574,0.1358778406502508,0.1980717991512701,0.0703382492237988
2023-06-15,0.10986946859512532,0.16510445675857865,0.2188961718547347,0.10324209473687156
2023-06-16,0.0492900095870665,0.08261308831827355,0.11055070814326874,0.04983161265570179
2023-06-19,0.030672006099457513,0.057284979927598095,0.07345452341786321,0.03529658779400051
2023-06-20,0.1121244153697832,0.18553056003300364,0.2460567284024324,0.10088967038746206
2023-06-21,0.04414378475011308,0.09402331526270435,0.15781315720910127,0.03957873042510938
2023-06-22,0.07146061920836505,0.030005331030113994,0.005660649922055354,0.07325966982297116
2023-06-23,0.032032845721926544,0.0933766014007141,0.19058560361730764,0.019704464666935956
2023-06-26,0.0040659268714310385,0.040479433170929426,0.14059615579924695,0.00023654448265325638
2023-06-27,0.010246986083021398,0.053623533530280536,0.16258781974556982,0.004203814386712781
2023-06-28,0.025385975507289382,0.07970272302149592,0.1827824759966239,0.017980134006244014
2023-06-29,0.05514195063076202,0.10482353476454365,0.19430057599129025,0.042566805822914944
2023-06-30,0.0023569663976502836,0.0020842973861936584,0.03638476451416411,0.006741815691768029
2023-07-03,0.06647553092563095,0.07862999278734813,0.1558055180396144,0.04076858853627015
2023-07-04,0.09940365063545933,0.11770198254730602,0.20106636309841763,0.07322445461131404
2023-07-05,0.015279421331927636,0.008371562629750272,0.0001310594637134207,0.025882707549756592
2023-07-06,2.4738373587028737,2.1566853752654933,1.8895520171643578,2.8190634525274345
2023-07-07,0.7113428877148132,1.6091030213473179,1.1228103950020936,0.19538959545368786
2023-07-10,0.37290613732039396,1.020551059544507,0.8003013861075894,0.07779000747147882
2023-07-11,0.4581093621054027,1.08671908516877,0.8719848685860127,0.16916712765035508
2023-07-12,0.38737589191798555,0.08110019701556141,0.14884506973040704,0.6925782698064743
2023-07-13,0.7844093476727388,0.6740319245302485,0.49387770406472953,0.2928556197183644
2023-07-14,0.4903839655540147,0.4265946980092037,0.29233782619362175,0.1839293122481208
2023-07-17,0.5054780896738499,0.4710880262168209,0.35952299438831875,0.2516770739305165
2023-07-18,0.26796976355520846,0.26935147912712687,0.24332257674287505,0.12085792047187117
2023-07-19,1.308074207271247,1.3700223299692722,1.453268650246917,1.6557881317711662
2023-07-20,0.4239547008353647,0.07694743199771938,0.048680250099094664,0.14159106255806486
2023-07-21,0.7802839402658868,0.26016306844041015,0.19864300525701065,0.424083262879488
2023-07-24,0.47704016904744895,0.13982105293389605,0.09502797572025469,0.2710328291047297
2023-07-25,0.524299745299919,0.20856185386345788,0.15192323926107762,0.3662614958754752
2023-07-26,0.1309652294406835,0.018826224670211746,0.004746847634688322,0.08109192203239961
2023-07-27,0.23630395102131277,0.09072880491014497,0.06622511877016113,0.19204536126321645
2023-07-28,0.23268211115782036,0.10696218200738448,0.07743568570845802,0.21287725683040512
2023-07-31,0.10545270935685057,0.03908567950610137,0.021240623199948606,0.10591176772834719
2023-08-01,0.04171425081301466,0.010285636808139079,0.0020818428195119145,0.049203202262356624
2023-08-02,0.7227385668887721,0.8492511666716189,0.9052026515110819,0.6994479971512495
2023-08-03,0.11482044385665505,0.07155248623918681,0.15164956025195794,0.19455677920277348
2023-08-04,0.03292031324783104,0.07118170231983935,0.0424306596318285,0.009263557305428686
2023-08-07,0.1192133816509533,0.1685691801826597,0.11992597137982879,0.0787057602646648
2023-08-08,0.055075530994825574,0.09196878418032647,0.06947246759276579,0.03688094404517631
2023-08-09,0.02316681308151687,0.05272711571702811,0.05456282933107627,0.013854525029244882
2023-08-10,0.12678807760159946,0.13475735614102258,0.12674472641051207,0.09579122116334353
2023-08-11,0.08486009539328848,0.08294890018963048,0.09521984344306147,0.10524155276040506
2023-08-14,0.20445436041902593,0.321115376418267,0.2614605054914329,0.10927297850422867
2023-08-15,0.4556113609420038,0.31361253405769246,0.33011449895924194,0.5919303197542459
2023-08-16,0.3627976407953959,0.7786052575526493,0.6411444842274838,0.13809781741243274
2023-08-17,0.354215300261861,0.7546273782547465,0.7607051888110724,0.16177933736871414
2023-08-18,0.01961797320049423,0.17698211894443394,0.26481431702053393,0.001319191106914997
2023-08-21,0.19423957917012358,0.5312926414649342,0.8255541462683722,0.07633840112624386
2023-08-22,0.2155292840636152,0.5355682908416348,0.8203802678540136,0.11599546017000238
2023-08-23,0.032486258632492555,0.1819432207864856,0.3299019142545057,0.008137424106637953
2023-08-24,0.08694463962584,0.22597100369745116,0.35141900509654933,0.04478393760019724
2023-08-25,0.0721065913901992,0.1907919180018764,0.2857107826431166,0.04464325972950998
2023-08-29,0.45703870558394927,0.2676067853026083,0.19003331351309222,0.5071828355417358
2023-08-30,0.40456597327425814,0.20950209035808648,0.25464651481772976,0.2139720286094149
2023-08-31,0.19547789126785997,0.08844491396385433,0.11060950561835219,0.098331276274575
2023-09-01,0.21218435773500413,0.12765766961633293,0.18895154032853564,0.1230583902807957
2023-09-04,0.052406460624391,0.019194668711817204,0.0391369684234105,0.021846856855089133
2023-09-05,6.391521710560057e-05,0.0058815410312439325,1.843331711655504e-05,0.004320392261335808
2023-09-06,0.008665556823776958,0.0019003051769162366,0.01742422528823399,0.0027342547744412557
2023-09-07,0.005625869811145912,0.0016801313682050017,0.019111023255368485,0.002340793614772932
2023-09-08,0.0003333924857939548,4.486067809854149e-05,0.00498708289713317,2.354253995813812e-05
2023-09-11,0.0004330474335518875,0.003418822186171289,3.93485741356651e-06,0.0010835743959721393
2023-09-12,0.037929153973206044,0.026929217119760082,0.041579077114223546,0.03650277532464193
2023-09-13,0.030334440557585777,0.019238388805383737,0.02621531531751015,0.029559843178600165
2023-09-14,1.632555834851457,1.6960383837761066,1.6556713942019585,1.6235034655227105
2023-09-15,0.17382759328470357,0.00038683364461759807,0.0009356291669901354,0.05078973784231808
2023-09-18,0.09645757750899192,0.007536689874628528,0.012243572866654956,0.023527773228586853
2023-09-19,0.35309118666268713,0.08504785598609953,0.0708811145302855,0.18750325981202434
2023-09-20,0.0442703270803768,0.002060245141809575,0.005974259346553402,0.0077464039377886235
2023-09-21,0.11614007746807889,0.0011265039267919846,0.00014325014967149372,0.04368898210623268
2023-09-22,0.01162456849270217,0.015067751411794506,0.02380803086699005,0.0006177344836661205
2023-09-25,0.006864881557476976,0.07588059166091463,0.09740249101717809,0.03294759509261998
2023-09-26,0.1305320319908508,0.0577388922866319,0.04762748619517221,0.06062612103272926
2023-09-27,0.06755793010572633,0.026742401122224625,0.018792313202171965,0.030480487332040916
2023-09-28,0.011415231695179912,0.001753252356128737,0.0025507035649126658,0.0009130870663966775
2023-09-29,0.023885737669158715,0.011219547533399857,0.011155151351271481,0.009907393214805486
2023-10-02,0.6163892337558983,0.6716211098031326,0.6856162915495075,0.6774558235441761
2023-10-03,0.04275604964687794,0.08666015978427836,0.0502136006113641,0.005322468876540936
2023-10-04,0.020866982464271693,0.0014957383049853412,0.0023269944959535154,0.07293780029415298
2023-10-05,0.042262851286733925,0.12101715658405929,0.15670154028053565,0.004396600211270878
2023-10-06,0.05418853941352034,0.11709907011210781,0.13986018582259918,0.012955752840743927
2023-10-09,0.07061513556997305,0.11527551387421298,0.1268111532670578,0.025877038325163536
2023-10-10,0.6789734450928688,0.5610050589466322,0.5346977948831659,0.8177200616927344
2023-10-11,0.496376145421147,0.17604032896824642,0.16723599373123538,0.22765217993250939
2023-10-12,0.204769319146694,0.04609752279795376,0.047353829142205685,0.07536267002132038
2023-10-13,0.13780692059788488,0.026957049544249607,0.0246197108886992,0.05403323603398836
2023-10-16,0.13978958841273406,0.05008180032819622,0.06376897462255957,0.059503331602817705
2023-10-17,0.11201800359218692,0.03905773017151265,0.04517640898324674,0.053956865692622376
2023-10-18,0.0048280860453129406,0.04588719121533924,0.04575022103509875,0.02479679765176486
2023-10-19,0.007001190783442596,0.0026899446242174656,0.0007836744126116638,0.004184233551640492
2023-10-20,0.007634795501077047,0.026383631316754586,0.022348772290392248,0.013116814314507168
2023-10-23,0.42656258573256506,0.7185960801281498,0.7382098256340804,0.15011500848407297
2023-10-24,0.17033842916444464,0.36897364424961515,0.47382872886445837,0.03845920258236192
2023-10-25,0.2706267185975515,0.4947019258305307,0.5918863940124813,0.12598017410896253
2023-10-26,0.11933457651959854,0.26051525755775784,0.3148340625182709,0.048178615250819304
2023-10-27,0.0006620933704272261,0.05080730824485566,0.12197846476447881,0.012116562935728714
2023-10-30,0.15688670749341588,0.40078335925876063,0.6933366312226865,0.06065638449125745
2023-10-31,0.15871076051871608,0.3561210168104378,0.5817880160700444,0.07784068565240185
2023-11-01,0.03153927617085633,0.13302380703533034,0.27970462893863485,0.008301376880973948
2023-11-02,0.2589579882925906,0.11501431878708754,0.040376864178463555,0.32451466920468214
2023-11-03,0.057798034106369425,0.03372720708554385,0.08018092872588022,0.010739500210183942
2023-11-06,0.291083675845323,0.26015809522995104,0.42613889781226394,0.18375718023860155
2023-11-07,0.2811359016190553,0.26574635417901177,0.4097109673520619,0.20464709766109465
2023-11-08,0.10978313287216353,0.1081478410923727,0.20801230998634476,0.07739704349726198
2023-11-09,0.016973547210006858,0.015050752463435766,4.748106362411017e-05,0.02694536115126441
2023-11-10,0.4989337345570668,0.5551087336578739,0.4145011912323192,0.5569563244067723
2023-11-13,0.14910501602087675,0.22110676074834473,0.2891361814715511,0.06665903791630538
2023-11-14,0.1330428197885381,0.13610187066849538,0.1706760172880565,0.05546769818902611
2023-11-15,0.0034659108869217236,0.005120015716245685,0.010863512566229824,0.0012678589568135144
2023-11-16,0.021333506873817402,0.016683871686160454,0.021269180372743942,0.004138100438696349
2023-11-17,0.0013188918762580561,0.009855354476321087,0.019242536299991935,0.007704945033984403
2023-11-20,0.4948167746057726,0.3614152159535167,0.3789266488311055,0.2886679280532334
2023-11-21,0.285338862044009,0.2087722069222264,0.2362782576202558,0.16803996863338608
2023-11-22,0.20753957689544555,0.16040160330926034,0.20626202624398376,0.13164245167010868
2023-11-23,0.20293685143999676,0.1710272002554315,0.23514322877676194,0.14718431235222518
2023-11-24,0.1569719551870182,0.13769336008204502,0.18233598696929162,0.1245267996272011
2023-11-27,0.15421487275123863,0.14417068025311347,0.17880329386792548,0.13578528172887958
2023-11-28,0.056032785914920405,0.05820170522139372,0.09950600865782559,0.046453987225601755
2023-11-29,0.06901413359076045,0.07555198764175479,0.1210389552300221,0.06408992108623651
2023-11-30,0.1501698332719968,0.12859155202043399,0.06537805442319689,0.16173017674427248
2023-12-01,0.00505489393473422,0.0028404349858991,0.0007461730710470775,0.006718071206158304
2023-12-04,0.06890897351147289,0.03136015011185972,0.05364209009930572,0.0447953281086502
2023-12-05,0.0663479750749716,0.037013777281417956,0.06834932784141688,0.04720572766171235
2023-12-06,0.04665443840265284,0.029298714257831156,0.0676207195335199,0.03230462505655558
2023-12-07,0.07424934805954156,0.05294472520672443,0.08896540462297992,0.05945219233803642
2023-12-08,0.001399336428487063,4.7412019776972756e-05,0.004129998366790172,0.00029847964397083443
2023-12-11,0.010858415427779669,0.003046048758812748,0.008625622751110208,0.006245492219674658
2023-12-12,0.005362466665290202,0.001367819928089511,0.0060839587043786305,0.0027605521572469463
2023-12-13,0.041502273463124406,0.03164640016322802,0.04413198619021571,0.035185130367463464
2023-12-14,2.6562844880049234,2.7111368256600428,2.6515316715470583,2.697663446344548
2023-12-15,0.020486976994672328,0.11734064482929678,0.11984234221869325,0.05812239467398412
2023-12-18,0.042731800766744425,0.00955213840641008,0.0042890366711244325,0.004330016371449884
2023-12-19,0.1880765940213282,0.10401626352820632,0.0791474604746755,0.09588892537824618
2023-12-20,0.2224430511732733,0.32365928488894546,0.380291971089929,0.330248386264282
2023-12-21,0.1679576579331367,0.04995160679208192,0.02662867449698271,0.07745619314301162
2023-12-22,0.17253794846273676,0.06957777813983568,0.050810318713438433,0.09155890641160855
2023-12-27,0.051900223547784605,0.010528224322436944,0.003469798113506356,0.018789849157975293
2023-12-28,0.12186835899742164,0.05532129314483686,0.03370179773192509,0.07400793692735967
2023-12-29,0.12303218585575208,0.06628910145482407,0.04242160936371632,0.08284004002352463
2024-01-02,0.0005623465296921516,0.002763444897985317,0.012121788546884555,0.0007655510791267058
2024-01-03,0.03895098238291352,0.06623539254589858,0.09293931233668945,0.05910054667329431
2024-01-04,0.04267903980221001,0.03081500152323565,0.020268272489897675,0.02177028607586962
2024-01-05,0.0013383478398278532,0.007171431833136211,0.016489263085309347,0.00961708050763245
2024-01-08,0.022378895066966855,0.015548342866694672,0.010090643479651181,0.006621402288576452
2024-01-09,0.04885084516825873,0.042317056221820346,0.030351917363350068,0.02625177796564539
2024-01-10,0.05236969614509025,0.04933010543716276,0.03971058149693671,0.030288993813621566
2024-01-11,0.2869894869135977,0.27613570503235363,0.279891743275069,0.3597980060333857
2024-01-12,0.0011661130169293515,0.012744620740897654,0.00780635555624565,0.007969544333616914
2024-01-15,0.04180791368011443,0.05816238821320523,0.04246320203348213,0.006534193824219848
2024-01-16,0.046048275167314814,0.06948129792120322,0.06937008370136062,0.009050053885822343
2024-01-17,1.2579949619754138,1.1168554596869735,1.0422880746607364,1.5457394331644345
2024-01-18,0.2703015312928584,0.5402684658416993,0.46629564429625314,0.07468455388578167
2024-01-19,0.07399793267124538,0.22212872930622263,0.17612772107770386,0.004324270351700012
2024-01-22,0.14956273747882187,0.3284625419692082,0.27372066163296643,0.04578511179274022
2024-01-23,0.06940075362615052,0.18241983092154604,0.1399462379165912,0.013099286233935243
2024-01-24,0.07308525842507733,0.17959493953170103,0.1429867980599338,0.020740362506292534
2024-01-25,0.12559228588765997,0.2186499133698271,0.17231709222542185,0.055051816427606794
2024-01-26,0.2773229500285064,0.17492405518173615,0.22226915912201434,0.3949653813608587
2024-01-29,0.26268077597847767,0.16515239763741082,0.11442548496922518,0.10937817400544085
2024-01-30,0.13417219153210866,0.07965762800599074,0.04850909286167066,0.04632974217050309
2024-01-31,0.08098722100503335,0.04050752423133373,0.01795411683598087,0.023263307634573096
2024-02-01,0.04726833016383984,0.02727921697984094,0.016849954094709924,0.008239594610900678
2024-02-02,0.04436556987598377,0.029928753626031458,0.02239006385645844,0.010613234779686216
2024-02-05,0.013022415818545281,0.007856178206333988,0.005296412048425835,0.000490121722453064
2024-02-06,0.0005550398505855031,0.0015191975000414023,0.0030723812634238195,0.010469716224725681
2024-02-07,0.020062334721182372,0.002738994079048229,0.0004442686234957918,0.0014668328685440615
2024-02-08,0.05508036677036162,0.037060530558874705,0.030995208578915922,0.013143699225965809
2024-02-09,0.07797087043542816,0.06816373544062758,0.07600024418938141,0.026500552566819637
2024-02-12,0.11807816726579709,0.1157440914307385,0.14476556756753584,0.055988663118942114
2024-02-13,0.023755176763974057,0.022388215576279957,0.014649934793564242,0.06039568152801741
2024-02-14,0.003384200511164201,0.012473692616011728,0.024107300568685378,0.004349846842427008
2024-02-15,0.09188491026703502,0.09111738753286736,0.10644686988344453,0.030006650480786518
2024-02-16,0.2482242369613372,0.2545675352869779,0.24361200700039856,0.37597881918328024
2024-02-19,0.29082359037010247,0.09000045992697865,0.0825336227292022,0.11056835735000374
2024-02-20,0.22261186188729842,0.07144969376801201,0.06048370807247598,0.0906467225746641
2024-02-21,0.03001411509188126,4.677171981488045e-06,8.686069054667692e-05,0.0009340716095336571
2024-02-22,0.15322938344259948,0.08041476380710857,0.08199980341372003,0.055866835211506
2024-02-23,0.17543649156757496,0.1061500395075838,0.10129939964713175,0.08352067019257046
2024-02-26,0.158967203245166,0.10133162497782401,0.09071876588848633,0.08387058265089485
2024-02-27,0.15307949229454718,0.11044218438379003,0.114702131496302,0.08606999157642692
2024-02-28,0.006209992181805642,0.0011614987315424696,0.0012707259700332901,1.0879401559794116e-05
2024-02-29,0.06820955162479123,0.07050414193502096,0.07872725373900755,0.023341706456924082
2024-03-01,0.020901021151936774,0.02438503632480195,0.026294080007410976,0.0028621092561229512
2024-03-04,0.04264168632527451,0.031251258411841176,0.028134670585372456,0.012031103019104478
2024-03-05,0.05432246680524836,0.054190595588541265,0.0637087007334776,0.016644840669834005
2024-03-06,0.024498062945629274,0.026802619005347233,0.03006562572624387,0.004683401079171167
2024-03-07,0.011861511719175039,0.011043890573191889,0.010353463734720061,0.0007311203479516334
2024-03-08,0.04593455114141387,0.04665622336768559,0.04130028797138516,0.02059856411465516
2024-03-11,0.024200234398748133,0.030337104866895507,0.03473030852807985,0.006253789318926641
2024-03-12,0.04960526908185473,0.04014159899282779,0.03950294774061732,0.0840663975337496
2024-03-13,0.08043585905417684,0.040167881421795074,0.03376684634108225,0.030892323516785707
2024-03-14,0.032213275150185974,0.010968433683006842,0.006068938344131613,0.007092258872920735
2024-03-15,0.09731668454245772,0.06789833427241662,0.06457042967747488,0.04743951491291984
2024-03-18,0.08009330107150428,0.06056482026633717,0.0641846363533559,0.03852440769468686
2024-03-19,0.05560134589745393,0.04387158568706479,0.04663774552904453,0.024984903970203004
2024-03-20,0.05116953315256388,0.04251367562024706,0.040358941148403174,0.02428829265810768
2024-03-21,1.6946898385626885,1.7259763818491813,1.7572680459282575,1.8668937359031463
2024-03-22,0.08539991804353132,0.007902313667301576,0.01569824502657264,0.0037457476026001397
2024-03-25,0.24488962984846327,0.017227881906639254,0.00689024208804482,0.08284501730619516
2024-03-26,0.21851229909626563,0.024489587670109104,0.01368939424065145,0.08544283249537896
2024-03-27,0.16168173326217591,0.01793671957071688,0.007431723633735412,0.06567484154140812
2024-03-28,0.13135895824672997,0.017678536816449594,0.0062042021547158155,0.057878595087608745
2024-04-02,6.469131815715102e-05,0.037235954388735754,0.0650668217117941,0.009140822299600814
2024-04-03,0.05615090181177757,0.004655143471197535,0.00024571409248687787,0.0208350695676681
2024-04-04,0.047168766281060426,0.00551952066063992,0.00023737403932367428,0.019077013919269015
2024-04-05,0.01178842196468403,0.0627903970023543,0.10162225308436074,0.0342568027595517
2024-04-08,0.03294719734355803,0.011293711269585033,0.00015543701918258317,0.005047474926510949
2024-04-09,0.08390893663207721,0.04628168652124303,0.013970489778203025,0.03602130394513687
2024-04-10,0.00031300384471721253,0.005893085142168291,0.026178296372373615,0.011171290111209752
2024-04-11,0.0015005956135194975,0.008836043572087436,0.03348427974343098,0.014031014434277385
2024-04-12,0.21969682021347717,0.24790129420987073,0.3243760134194936,0.30890306174864457
2024-04-15,0.054350396732452115,0.017022804719555255,0.0023914152681352354,0.014650804551068755
2024-04-16,1.7022683273099635,1.9054115526406368,2.0769398613175247,1.9964893455121702
2024-04-17,0.061389850596974625,0.17964935039467353,0.011690555598191975,0.0021301784027516167
2024-04-18,0.29706795549106246,0.4918117424047537,0.17053073233806545,0.08894838373372364
2024-04-19,0.028128694732324877,0.09267929851962099,0.0015555810832811549,0.0016225504619365742
2024-04-22,0.4024475535486941,0.25786892668925104,0.5643684295997842,0.6512465533086153
2024-04-23,0.41826606201506233,0.24169134105247006,0.06370736337812513,0.14549032781343102
2024-04-24,0.2839946638577142,0.16202977657774756,0.03244196464445805,0.10068353877414601
2024-04-25,0.12040149968484147,0.05875208381615592,0.0021109622106892456,0.02988931843800068
2024-04-26,0.1349039441168625,0.06939722744161334,0.0058091696452597045,0.04860687527603202
2024-04-29,0.22001141941512425,0.10899916944019712,0.022055081973704517,0.10886218020901571
2024-04-30,0.12415011130836205,0.05688763471300164,0.004450989096813041,0.05916261157123525
2024-05-01,0.06792194168098756,0.028289342521052398,0.00012223459493910374,0.030605706164683215
2024-05-02,0.08283350541908567,0.0476291163927778,0.008317691665522379,0.045934872498266006
2024-05-03,0.025822621388375582,0.00470571829775966,0.0035306394397316204,0.00791462700653157
2024-05-07,0.10845475695538528,0.18240547892147058,0.30840822763294606,0.15479672582083542
2024-05-08,0.1892847584160619,0.04096697056252768,0.0047626378396417885,0.10224120885686615
2024-05-09,0.1856958275375261,0.044862512146641026,0.006138955047778724,0.11103738457511489
2024-05-10,0.04860765630205525,0.0006641422836092514,0.011516516531926453,0.020302034659239066
2024-05-13,0.18091462250338372,0.04983490379028986,0.00794602000440968,0.1234735619709423
2024-05-14,0.13887386992992487,0.041510677230399064,0.00734105500271491,0.09697094500844619
2024-05-15,0.09883314035328987,0.029118242905294,0.0026778168262611866,0.07181264988183982
2024-05-16,0.07326472353184629,0.021652035001129496,0.0007278194827151786,0.05539344622488603
2024-05-17,0.07923529107475265,0.03186309568091266,0.004323398480293616,0.06430426842666535
2024-05-20,0.08289825688901241,0.042101268892644615,0.011043731543491989,0.0684512323121203
2024-05-21,0.04696161744817983,0.02232588154898094,0.0022315593766814453,0.03838761048784878
2024-05-22,0.0007175527470123093,0.0007321225007764338,0.015107228658618275,6.269091446278982e-05
2024-05-23,0.03176282466163781,0.02411051454885266,0.003982151820440501,0.019361405664665078
2024-05-24,0.0005386367307272456,0.00028318468259319114,0.003203584361609096,0.0005126647287228421
2024-05-28,0.024377154192044753,0.023246907844054934,0.043062187868219276,0.04139063515449346
2024-05-29,0.003662731255548116,0.011683452090999854,0.002950219865557152,0.0004760712601474144
2024-05-30,0.0002800769933959893,0.0133488614643087,0.005031685962575101,0.010910165260301075
2024-05-31,0.06283674194106663,0.09745730317567337,0.06747393102020775,0.01777201095265535
2024-06-03,0.058545919812603264,0.04319852129413131,0.07131562124833198,0.12488282451433155
2024-06-04,0.032441673927521876,0.047584777154099325,0.031881901654935325,0.00659050427057333
2024-06-05,0.07624575791226598,0.10542029031843948,0.10042534369691146,0.03189606526877954
2024-06-06,0.07277042897192626,0.10060180505421124,0.09070698458018947,0.033851853759126575
2024-06-07,0.002491734946798172,0.0004625712067518423,0.002322511673224803,0.017771905510813667
2024-06-10,0.022697195693484728,0.038572206218301666,0.03902482714072005,0.0034614841685121113
2024-06-11,0.6793637062739463,0.6013830077043344,0.5719343203409276,0.8291334459021978
2024-06-12,0.0030819152050106393,0.0034858656996225694,0.005258140014446723,0.03807329493120066
2024-06-13,0.04737921861200323,0.06604713153889785,0.06425559669256697,0.004513675799599447
2024-06-14,0.06133723207007812,0.09980896093482133,0.1246912488682286,0.008146710782308796
2024-06-17,0.04240318511499799,0.07624711618314214,0.11314110641066825,0.004370788632613218
2024-06-18,0.0523372122136426,0.08889480626413533,0.1283195735992034,0.01138285346517327
2024-06-19,0.08244065657102359,0.10268893981142667,0.13027356047933614,0.027773328140102194
2024-06-20,0.01658191241898053,0.026736214735403968,0.03665439547462227,0.0005534227087651373
2024-06-21,0.003120723287401071,0.007414387232029604,0.005949363673809763,0.031150233116330917
2024-06-24,0.0004835653480187317,0.0009671767517758465,3.904182431427136e-05,0.019759365681559053
2024-06-25,0.07894638154197432,0.06401873452425207,0.07479948820953385,0.028055867718119847
2024-06-26,0.010391628150135454,0.012081420488891662,0.003938975218386384,0.04583693319331336
2024-06-27,0.050698184153442516,0.052331596885411655,0.08771789065547808,0.014385604257863643
2024-06-28,0.008025234991918043,0.01410636649894032,0.045647477735956725,0.00065241353284186
2024-07-01,0.027325359133173382,0.03976185891344747,0.09364156852510755,0.0035615939879899442
2024-07-02,0.02019169288864174,0.03193810279088964,0.07143609735553302,0.0022955258655436655
2024-07-03,0.03256280073195581,0.05699433494007323,0.1253328071855489,0.005328232245034417
2024-07-04,0.001438111167148517,0.00027276139626536313,0.005308178645643316,0.02212838116408752
2024-07-05,0.0077018463985774116,0.01866985964450483,0.005392135874267548,0.04732144401589235
2024-07-08,0.053773084059159156,0.04330913033676359,0.08818828761747521,0.010517461432072103
2024-07-09,4.125198776089638e-05,0.0004086944672301033,0.005205561786128765,0.014975114464859485
2024-07-10,0.05408223473395969,0.06490252122677954,0.13723904672857207,0.010030753367388286
2024-07-11,0.10700450082578845,0.09684518376912929,0.16036636558298237,0.037480468020694005
2024-07-12,0.06066883209013285,0.05184385978651373,0.0880692333968477,0.01576399976807906
2024-07-15,0.0023041518837222225,0.0007282185415267355,0.006044953366220987,0.0038525699020164235
2024-07-16,0.06862250749749563,0.08865781481612575,0.1260951809180532,0.013820120283364587
2024-07-17,0.016084808500257033,0.02825909657641977,0.060287614077276175,1.6531159428443586e-05
2024-07-18,0.0015656011502420885,0.0059174533687260614,0.01875550444050727,0.005954590714908716
2024-07-19,0.05110909343885962,0.06893838374907575,0.09450213146661578,0.014880162783306089
2024-07-22,4.902970222514581e-05,0.002982374654231567,0.016264604769632884,0.01571979901687082
2024-07-23,0.0036503623552174296,0.00907424670787459,0.021922459395954566,0.003003098946852957
2024-07-24,0.03262677038938086,0.0513646778195898,0.09443038136938307,0.004410230053045533
2024-07-25,0.3597218151870427,0.3041285243030133,0.2123895503592768,0.49728664326708144
2024-07-26,0.08836999547662325,0.06896735465442876,0.037182948993666226,0.157919005430773
2024-07-29,0.01186531907305115,3.502250408318726e-05,0.0012939706991895563,0.002219448578287317
2024-07-30,0.04865057560296564,0.015910969346943662,0.024086344172843135,0.007339072658237035
2024-07-31,0.17530266078877665,0.24326456904349317,0.2031580892149062,0.29309505622889936
2024-08-01,0.22699812310060202,0.44440661792168007,0.4205300577341956,0.4098860118387928
2024-08-02,0.06628220923724415,0.12191573068939937,0.12777534135386942,0.2136032266085784
2024-08-05,8.968375215331642,8.69239178910273,9.02718370686183,10.716545249835123
2024-08-06,0.2560446043204994,0.7306287283879711,0.346930668844764,0.0005836620462918816
2024-08-07,0.04007469821478303,0.0146474030891225,0.014207074041061609,0.352329579971054
2024-08-08,0.46053684439830506,0.4284732299388538,0.1679479656871743,0.045080475746807125
2024-08-09,0.8765495164964636,0.8783476824532783,0.5957339242717115,0.31051966884977444
2024-08-12,0.7100620500398629,0.7283614632509376,0.49068919776976294,0.2927470795675234
2024-08-13,0.5690664621623461,0.5677184026138062,0.36923787408568837,0.2595731451869128
2024-08-14,0.43091658828857443,0.4378116276568809,0.2757665380611283,0.21746342494699172
2024-08-15,0.12742642828955086,0.11860257569846902,0.04498957988565405,0.04127185517932604
2024-08-16,0.34282598432628003,0.2723894365385843,0.15202272707889336,0.19991360948714607
2024-08-19,0.09836983355353174,0.07841936895805648,0.04294859419143493,0.040220007527693405
2024-08-20,0.07940739880907922,0.05493887660030668,0.025063316856158493,0.03714430773224295
2024-08-21,0.45089584423040097,0.5005374349287791,0.4331394088217093,0.30177279262601214
2024-08-22,0.3201539884141834,0.36979627454548764,0.31283429802566737,0.2305505211612707
2024-08-23,0.24227405746364367,0.29149296134666425,0.24215329467170804,0.1901688952304136
2024-08-27,0.08234978978806669,0.10063844279089983,0.06976446561130938,0.06079364379652996
2024-08-28,0.18142851562703452,0.2103219094048223,0.16304410016895685,0.16429218247491476
2024-08-29,0.09302969299889441,0.11711176473169405,0.08569722918373553,0.09001569996977321
2024-08-30,0.09653349697109267,0.11217980840080227,0.0783327259018469,0.09741149053799036
2024-09-02,0.13605644182679136,0.1582002916393854,0.12166578490914551,0.14440788029515475
2024-09-03,0.007181304860425741,0.0026173038019255456,0.006704013500194704,0.0047794560002964335
2024-09-04,0.009180888660082674,0.0296058515334439,0.02530755914091452,0.005656828327568811
2024-09-05,0.09499801886856261,0.15215839597452754,0.17033068760988668,0.0829449239243477
2024-09-06,0.0037997435502301366,0.0006000825479348626,0.0063510978592048765,0.006742805478601174
2024-09-09,0.0009776794127671156,0.007521610219080678,0.03084565640014195,0.006345279696419071
2024-09-10,0.045088461013915615,0.04040078542612513,0.06832766128915216,0.015248664073526357
2024-09-11,0.11536522491769417,0.1433338957957511,0.2242356592327149,0.05318694874168473
2024-09-12,0.011681972484118326,0.004089947992722194,0.001913305915391205,0.03836557314254129
2024-09-13,0.10215821676430292,0.11234428480650989,0.17559439430141505,0.057211388167558205
2024-09-16,0.13623909994241418,0.14250736202451642,0.19566405457414254,0.09148138901795207
2024-09-17,0.02047353859030181,0.025033712913017675,0.04401954995951955,0.008492900275481741
2024-09-18,0.03395967553477083,0.03690333539550635,0.0517828862684574,0.019916323046612852
2024-09-19,0.08001119220445421,0.05729863077386592,0.03135631024234091,0.12063840440368333
2024-09-20,0.010193336742759565,0.019356720554462248,0.010030506664566225,0.03511466306501329
2024-09-23,0.21548407107588466,0.2853878579787318,0.2969547127596867,0.09475057243830781
2024-09-24,0.1853786960652473,0.2409631224129476,0.2421441188809225,0.09084738200299407
2024-09-25,0.04442697257324787,0.07127912611581676,0.06778434205496109,0.01123392057653612
2024-09-26,0.04551050306992257,0.0743765542761111,0.08368966311760043,0.016026816031183704
2024-09-27,0.09115749422184971,0.12950898230914748,0.13481303751361923,0.0540258408699113
2024-09-30,0.00015772801260954388,0.0008488230548585207,0.0006152703529409639,0.005472086819031583
2024-10-01,0.08337448639235616,0.16078247042564198,0.15900468824842934,0.030694743230105837
2024-10-02,0.10840782416023378,0.17258750637771575,0.16238787156203516,0.052607832328084005
2024-10-03,0.03438921094936435,0.07184885820407015,0.06251402848892644,0.01092985337838446
2024-10-04,0.03205255937419665,0.06756230441644544,0.06524149822572205,0.012474510178015161
2024-10-07,0.028823708608879166,0.0617142546084523,0.0594697979857834,0.013034492224382518
2024-10-08,0.16144276176007696,0.10990706164589713,0.11914660810934498,0.20217061587579108
2024-10-09,0.15299256417422674,0.3441260351888374,0.249357840628838,0.05657395320415741
2024-10-10,0.15346886189321512,0.28396227322786244,0.19623674581143277,0.06208835565186692
2024-10-11,0.11894793445724883,0.2291420569224522,0.16709269308488178,0.0513906574799315
2024-10-14,0.08876539777729792,0.17822502636951276,0.12450755316084114,0.040084507686699446
2024-10-15,0.04962672826351398,0.1023647902314351,0.061121227091758004,0.018094411050886265
2024-10-16,0.0031355807820020068,0.002973665110912726,0.0007189587957839403,0.022151274335686883
2024-10-17,0.048476441868352045,0.0531232398204749,0.03568342888325549,0.01060786583716664
2024-10-18,0.06349964492043671,0.050682378414673684,0.030394973857437863,0.019102157840699803
2024-10-21,0.03643317420500801,0.03270762478197737,0.026627225854939637,0.007921885649244162
2024-10-22,0.05477375740789284,0.06097797686447327,0.0705684225202744,0.01772835466016966
2024-10-23,0.026623531665485804,0.033441110946279405,0.04633644289129688,0.005924589092719408
2024-10-24,0.008522520329986554,0.019011851369790903,0.041869804120605654,9.299056029641752e-06
2024-10-25,0.12020493849847076,0.15491375123805323,0.19897963354015044,0.07113435389076574
2024-10-28,1.6768525922110264e-06,0.00252900489296127,0.015411235356249862,0.005635744162290966
2024-10-29,0.07393819037232276,0.05651675855615627,0.033554957758862504,0.11683624357695226
2024-10-30,0.03534119500366003,0.07087722602228785,0.11546582549204504,0.007401798222033732
2024-10-31,0.0009912315699578459,0.020321625002428685,0.06382359216054921,0.008283858991718093
2024-11-01,0.0024561558704914556,0.006373198958270752,0.055420669844072436,0.03211298648550968
2024-11-04,0.07491385182844766,0.1072701673812945,0.20304066997495163,0.01824542935918147
2024-11-05,0.042189522689222964,0.0681420910493675,0.13343439953237907,0.007871165476800019
2024-11-06,0.8209478534853764,0.7199936169528725,0.5413229327595855,1.0157485129259574
2024-11-07,0.050196792284623266,0.0795598703169783,0.1526931468416535,0.018386091282210092
2024-11-08,0.017137339734024735,0.0045117496604784695,0.00424034466806122,0.04678300212722295
2024-11-11,0.013377690999526085,0.05059832610208758,0.14432640269553265,2.037771528560982e-05
2024-11-12,0.036662207645709065,0.01664617378862278,1.6491987282791933e-05,0.09712290592766036
2024-11-13,0.11154776190129644,0.24842143090131247,0.3691459041933909,0.01949696398502942
2024-11-14,0.06450411289064015,0.16723573149459364,0.25260525412079077,0.00826238393438149
2024-11-15,0.08618243026074632,0.17235073548325908,0.2380463069649371,0.021593418559888927
2024-11-18,0.08735484601175285,0.16946878429363857,0.24134224513627572,0.02900880704697285
2024-11-19,0.0008637855634131434,0.0025657040421866876,0.012052890691877828,0.021729317734681855
2024-11-20,0.06715054613639523,0.11433046141971864,0.16622168819537295,0.024560073416324536
2024-11-21,0.0008947139037746199,0.002348013848989666,0.017456810314056916,0.014649785903547392
2024-11-22,0.17442020285683785,0.16328445838495875,0.11852422183370603,0.272565413310091
2024-11-25,0.2311227073085985,0.09087037511862331,0.11114061825723139,0.09344540241479599
2024-11-26,0.18882599561130953,0.0749296289083893,0.08498731613519571,0.08187997256604508
2024-11-27,0.1794210115804904,0.08931342591275415,0.11799131577295284,0.08319517955069765
2024-11-28,0.17769576165489237,0.10016628501429253,0.12059944436238533,0.09544344656685487
2024-11-29,0.12394001261640067,0.07092554468365996,0.08150247337915228,0.06674196245177143
2024-12-02,0.05182881479614056,0.025135395644745342,0.027837858883741247,0.02222930773311326
2024-12-03,0.005413664885839465,0.0001214595316276654,4.80392052852244e-05,2.0980209441741164e-05
2024-12-04,0.08699042921585395,0.046788327308616956,0.03944557533256856,0.05045848380984451
2024-12-05,0.10073505581878038,0.06667514599439063,0.06594065861254411,0.06246565553423126
2024-12-06,0.03403719386610631,0.01864691183972446,0.015506882271873404,0.015809430633221787
2024-12-09,0.018510019565055713,0.013027227206087826,0.014129828157128207,0.004422286311034552
2024-12-10,0.0010455798782817072,4.514036936661502e-05,0.00025667467945083666,0.001510353172319134
2024-12-11,0.0232491503066123,0.0298544870712279,0.024435536619485655,0.0017830546709100197
2024-12-12,0.11301226704144997,0.1267071228442615,0.11000616904346311,0.05730753759076714
2024-12-13,0.05254826999021808,0.063805191253808,0.04935129303379948,0.020932221577409524
2024-12-16,0.039086029848948226,0.050718031559118706,0.04300779661281617,0.01443395562320757
2024-12-17,0.004201025898945974,0.011660277769546633,0.013483962944659826,0.00042814626917358345
2024-12-18,0.09728292712860846,0.15944840599079285,0.17690556708677466,0.03716261427556251
2024-12-19,0.17471393931251314,0.11140425316120281,0.10318297316760622,0.2732777800651735
2024-12-20,0.009324883444777832,0.005403210825031601,0.004493754701771563,0.07255348665559186
2024-12-23,0.07277560609041075,0.18642281805153402,0.2135236345660346,0.013252499086356789
2024-12-24,0.0882121061393995,0.1975481277681401,0.21556247773926768,0.026332708821469267
2024-12-27,0.10771708239124175,0.20248126597545504,0.20934230249993216,0.04203810158554259
2024-12-30,0.04640735462167053,0.10817109763185376,0.10771581602386487,0.011538622525073565
2024-12-31,0.00015657703070080692,0.010368927913790356,0.018301622898719273,0.013947807563598851
2025-01-02,0.07027291588472676,0.03873009837026059,0.03242382491728414,0.14030171782477827
2025-01-03,0.11516643261291762,0.08482969632139614,0.08321894807248671,0.037695802691092246
2025-01-06,0.09550631549898979,0.08141259584832873,0.09859374202680554,0.028874326095732015
2025-01-07,0.050237197215598675,0.040972100991240955,0.047507186880500034,0.010332411317727318
2025-01-08,0.004662653669752744,0.003114500402135619,0.0051140195003219705,0.0015252080364769071
2025-01-09,0.0009124606538494733,0.0006565740645713451,0.0009789481067160367,0.004093504179737598
2025-01-10,0.0062435372292666295,0.00015633346217874675,2.846768232529336e-06,0.0010656948614898233
2025-01-13,0.06762834012440506,0.06549376934091669,0.059741832613808596,0.013540193652269491
2025-01-14,0.0894000604886016,0.09454116441387347,0.1054121844002032,0.028118856806302963
2025-01-15,0.04209564517639988,0.03478501730377797,0.020801625129158504,0.10617251152335262
2025-01-16,0.010812912637970773,0.0005312683854624977,2.3546628042837786e-05,0.004253199524128329
2025-01-17,0.16351029574653286,0.39728603774955706,0.39999024972518954,0.3586655765539218
2025-01-20,0.39545785505689623,0.06226858812544356,0.05155048535043153,0.14862857415692332
2025-01-21,0.3576439312045315,0.07334663262824868,0.05777784942826315,0.158937391574054
2025-01-22,0.20328387737069237,0.02617154735127716,0.0150278560480155,0.08143557711025734
2025-01-23,0.22400813676149625,0.05095975344711721,0.034911073336932594,0.1140967327666559
2025-01-24,0.005005445375515651,0.02092086310050753,0.03655541562155631,0.0016425228008561106
2025-01-27,0.15625032051966634,0.06111068481733763,0.040687268833693335,0.07280679305002663
2025-01-28,0.06014601262773641,0.01485539913658589,0.005299532237029491,0.020335846796255715
2025-01-29,0.057340395246146744,0.016075496975002674,0.005034960620221384,0.023110401475062388
2025-01-30,0.019478401641144047,0.056918406473199915,0.0901080233269525,0.04533997117189244
2025-01-31,0.1571335929942986,0.04265573999153965,0.017757148515719575,0.08451600789184409
2025-02-03,0.4786817360402983,0.740834000441982,0.88188426828433,0.6087089562658882
2025-02-04,0.14794332313915692,0.09947360799973153,0.03649239708465222,0.06080308667544481
2025-02-05,0.061504996138013926,0.03831124858193443,0.009209068047627951,0.017547873833939274
2025-02-06,0.2413577837339379,0.3195655888069648,0.445892282111885,0.35920773928350846
2025-02-07,0.267317171533512,0.09716608040919374,0.04080083548204745,0.134620784345085
2025-02-10,0.028527949040714876,1.1000824360961493e-06,0.006514127376785394,0.0016052266882505056
2025-02-11,0.24834440616829048,0.08974597603430746,0.044820378211069635,0.138051547255663
2025-02-12,0.15678849127939848,0.051853935670132044,0.01921910857149181,0.0869423262690416
2025-02-13,0.008512889739267794,0.003464757570674037,0.022810446907102606,7.870488501352978e-05
2025-02-14,0.12505105159273391,0.058352163136498526,0.028998925703841397,0.07322725891274154
2025-02-17,0.13024948984375093,0.07658383672623989,0.05318582081564126,0.08056953587358749
2025-02-18,0.14957216765306713,0.09287263341982026,0.06312530204825388,0.10227225560348026
2025-02-19,0.01782797383625329,0.004548292293570883,0.00018261660839804093,0.006240375154261056
2025-02-20,0.05272316138905436,0.040768921243597704,0.02686249246656257,0.025386695468524054
2025-02-21,0.10196400953998434,0.10360899796909163,0.09646521358066319,0.05711677358476319
2025-02-24,0.015309121142272912,0.01759235352075137,0.015067584217897608,0.0031232564803953472
2025-02-25,0.0004127358354562797,0.0011950217446636546,0.00041331655565908607,0.0014006390394395907
2025-02-26,0.010718568798577398,0.014858688826087449,0.010015720342357226,0.0029083937775686553
2025-02-27,3.3615000391829196e-08,0.0008385083999156036,0.004023667213879332,0.0041012295611444795
2025-02-28,0.006754544565789812,0.011628512508080589,0.02254466461580197,0.01936838732811624
2025-03-03,0.009409696557870018,0.02224688010908205,0.04061078943544219,0.025778914146952246
2025-03-04,0.14551453693474053,0.21970018790656234,0.2819641337490753,0.20738965974818485
2025-03-05,0.04744652601995225,0.06506639808549826,0.01014876713198506,0.003460828958686369
2025-03-06,0.11581139542276943,0.0894407040301985,0.19044586921601278,0.2248725096948955
2025-03-07,0.07448617955333954,0.1316745580848294,0.06439350535518343,0.01352043050491677
2025-03-10,0.007502189947684382,1.77705728451109e-06,0.008913230166875202,0.04781133506636733
2025-03-11,0.038261346505064825,0.002924580704412535,0.014664555198094056,0.12889439535115005
2025-03-12,0.19117719831245958,0.4498171253747871,0.37599041524498955,0.0453337117477791
2025-03-13,0.1678677229749231,0.36105452778592145,0.2906829200322922,0.04593498307720162
2025-03-14,0.0016795490464688683,0.048515734643115996,0.025971622001033052,0.014486423777687952
2025-03-17,0.19515439322511713,0.24911836166001972,0.18460596417812644,0.06890674400095478
2025-03-18,0.2502182820265327,0.28302248944765845,0.21056405557456248,0.11779867035702964
2025-03-19,0.1632713213576643,0.18934351737018706,0.13058294426104258,0.07554728917481074
2025-03-20,0.04773182361438899,0.06489550462865251,0.03344311271346808,0.012932093304535973
2025-03-21,0.01120974488355419,0.02131786640323103,0.0072817495448340135,0.0004030937510559032
2025-03-24,0.029603846184661307,0.05788597572458095,0.047903313796587,0.0057243072716901934
2025-03-25,0.018857943943347683,0.0424620660066511,0.03915911110431178,0.003206843471042018
2025-03-26,0.060064354117196135,0.09376395807248249,0.08384146018086747,0.031158246515247356
2025-03-27,0.0077256881661469335,0.02016105944995572,0.013778922054182277,0.0008412918045454795
2025-03-28,0.04311110052379988,0.07081289746269555,0.07153828635611624,0.02302285390488321
2025-03-31,0.21011305278174996,0.15999429598005702,0.15443014184514622,0.25748104038184505
2025-04-01,0.00036009430069159693,0.01614051932371743,0.020426970317345673,0.005182950242778918
2025-04-02,0.0023562713854786243,0.013609741894545545,0.014044141645960233,0.001796599286813745
2025-04-03,0.6409332961150372,0.5300716819276393,0.4848314801322782,0.784896658895097
2025-04-04,102.93308532900728,98.20915811492017,99.66496138043424,107.28336477706358
2025-04-07,141.8944251442084,97.49875294237899,150.0373062856407,181.79536840209724
2025-04-08,0.6434613040181405,16.501903558580892,0.730009517142845,2.6263803819350415
2025-04-09,0.04428620807608711,3.8387703670091646,1.0768602855593898,6.285536531478919
2025-04-10,59.24247211453684,25.93602800096499,58.231661632194765,100.2924362129058
2025-04-11,26.164576867718257,42.26360296033576,16.538843554589256,8.121088336388295
2025-04-14,11.095289233579845,21.248704721965897,5.5791382487211445,2.5579559827507965
2025-04-15,19.80341491998408,26.743615990734405,9.405054403237221,8.716502749581078
2025-04-16,18.048350776601964,22.600660799920284,7.899305665712193,9.544728023171348
2025-04-17,13.755788365471249,17.803808979984343,6.041046332660198,8.577043499592314
2025-04-22,11.649775559727138,15.426500197586194,5.512742842816672,8.700068530527329
2025-04-23,5.280901362824949,7.662114062442356,1.7872867710208844,4.326569029383398
2025-04-24,7.990693442198013,10.301717188255287,3.64849885258628,7.800044509192932
2025-04-25,6.267068927159195,8.333015303341151,2.9827720009845833,7.057111889970403
2025-04-28,4.9315469608291576,6.756060695635678,2.4519559174280428,6.381582748529009
2025-04-29,3.205537981186074,4.66920986350008,1.5454885507647838,4.922154395361976
2025-04-30,2.5285885041753944,3.6881056176743,1.2032216504621223,4.426554625683974
2025-05-01,2.3272616308522585,3.3649212934931367,1.2083844683264873,4.4677901231883554
2025-05-02,0.3952702037340299,0.861332108284464,0.07760371439589228,1.6343940633287002
2025-05-06,1.2760607314107986,1.6140923735820711,0.45681836031064893,3.0731864919748118
2025-05-07,1.009057105044349,1.3238923799500624,0.39222445541349354,2.797287764384248
2025-05-08,0.45382151150638067,0.6949257073121489,0.19171476553070008,1.837623827610989
2025-05-09,0.7567653390320354,1.0706369780052079,0.5518011535008475,2.44626187625846
2025-05-12,0.15647284610605108,0.30436263975120936,0.08486219969464817,1.2140736082725956
2025-05-13,0.5502523613787234,0.7395257855846707,0.3865614579082881,2.0664651290262275
2025-05-14,0.3172728404060769,0.46363812876963123,0.22835469560629126,1.5882156871963846
2025-05-15,0.016950823710620982,0.06150045769451638,0.010525031678867463,0.6672751919333451
2025-05-16,0.1814863755427156,0.2586359078191891,0.137799531677925,1.1817474301126103
2025-05-19,0.05614695165016637,0.08137429710744891,0.023731057029876833,0.7563119711541348
2025-05-20,0.019259480312190956,0.03573129375792996,0.004704882891068677,0.576113001683337
2025-05-21,0.26719850794389544,0.22716214253892794,0.12475141367726585,1.1521187903592693
2025-05-22,0.005725312808581526,0.002359759047986783,0.0043284509578418225,0.3873727864678591
2025-05-23,0.8884737624675716,0.8823069892661356,1.0261601125905269,0.18860660117883585
2025-05-27,0.002773633696394925,0.001473343346928028,0.006150988276466313,0.19065159290778477
2025-05-28,0.05092719466508509,0.03902975849767901,0.02212573004670496,0.4598484113999856
2025-05-29,0.07509821890281049,0.07875067748565477,0.07056405254011533,0.47069735439085514
2025-05-30,0.032791917711981484,0.03821273473821083,0.03775301047306584,0.33852394876289305
2025-06-02,0.07373689253582605,0.06248510563644591,0.05573529607188718,0.41213431638589837
2025-06-03,0.0500069082677378,0.04511686890608311,0.03720157558587086,0.3415423975162841
2025-06-04,0.08902986568437699,0.08682337758948953,0.0719312503344525,0.4189792034284855
2025-06-05,0.039631926731514874,0.04042621981771871,0.028078785378915363,0.2854076642879713
2025-06-06,0.05096723674740391,0.054553699111572714,0.03745489465673789,0.29839482854503474
2025-06-09,0.0570709989838718,0.05945632480127444,0.03838529749606308,0.29233818995193267
2025-06-10,0.02438622594868199,0.027669686770368292,0.014777754331525395,0.19440466191308192
2025-06-11,0.04364320452110104,0.048085887150386156,0.027804593599088424,0.22677305906954442
2025-06-12,0.016840492475280733,0.02065958936335023,0.007124966061105017,0.14515082847681557
2025-06-13,0.00032780930836925307,2.1114197026356278e-05,0.0050408469741194,0.04647733237762734
2025-06-16,0.018931515255282284,0.026778012163527643,0.01225371795408075,0.11619062005606276
2025-06-17,0.0031616264551896393,0.0060834739844520605,0.00030579806261153507,0.059441598686728644
2025-06-18,0.04188442802211274,0.058847238168242784,0.03815604292203424,0.1293869417717395
2025-06-19,0.013170823627945649,0.023529006836896023,0.009935108209532632,0.06771977132697386
2025-06-20,0.0009497694154959029,0.008538636631315082,0.002452723883998879,0.01883065019971621
2025-06-23,0.03333734992306258,0.05974151011438318,0.04756293391829873,0.07779704898080253
2025-06-24,0.0002468840160471563,0.006008924101557545,0.004321344021771757,0.010381768254713436
2025-06-25,0.0003422415390875996,0.0017240839400218643,0.000446739338038397,0.0038303052816899066
2025-06-26,0.02471104502409111,0.05222349415377755,0.051855470225196425,0.045080606463543164
2025-06-27,0.00508585938728187,0.018801059144531854,0.015749628289024875,0.01495273716914987
2025-06-30,0.02205558923074512,0.02406683131261422,0.01695965678949543,0.028611365404902632
2025-07-01,0.013972558830626373,0.020079902104741087,0.018489301776391374,0.01508068709206892
2025-07-02,0.005809619318270944,0.003118986295787413,0.005262506458229077,0.005110364501431176
2025-07-03,0.008959586567995672,0.014172396131813408,0.011871075770489466,0.009633630253245332
2025-07-04,0.03384727369517493,0.03227898564820546,0.02458189734479476,0.030207773285014672
2025-07-07,0.04333414968098847,0.04424952506372423,0.03272444766546421,0.03991834245452891
2025-07-08,0.02128784281520001,0.024071929017683426,0.018387462231119686,0.017856997714076304
2025-07-09,0.05277192548375317,0.04549622451011459,0.032953810433709964,0.041769316586238475
2025-07-10,0.09440841820028223,0.10046470351823937,0.1280498359350662,0.1092838114389744
2025-07-11,0.05133930308479896,0.0030021237186301855,1.6854805881921822e-07,0.015025691992093875
2025-07-14,0.03944520645297957,0.004217309609729634,0.00045231154014108415,0.009632517183430134
2025-07-15,0.0190982021893731,0.00019409732348151835,0.0046537885871022235,0.001221206301266151
2025-07-16,0.12105802842040565,0.06351181000826937,0.038308211373070535,0.0510832710576783
2025-07-17,0.06987253135816922,0.035740417066214974,0.02095133610125671,0.025544188769865705
2025-07-18,0.08966014923399147,0.045917459896418156,0.026056031405456374,0.03993753799423118
2025-07-21,0.0935351552120193,0.0552996394656352,0.03100760820263388,0.0487409601892535
2025-07-22,0.07427721355258597,0.045543793440714964,0.021987174235582115,0.03942969956605155
2025-07-23,0.03147823366305443,0.017325382367189297,0.0037590768793719833,0.012824640661650066
2025-07-24,0.009829263131452689,0.022435571064355314,0.05141929409422084,0.02650661729329176
2025-07-25,0.06830348806155447,0.021113236968325174,0.003572599948147922,0.028388279519037312
2025-07-28,0.0332598760480726,0.0757815205829904,0.12255092198015224,0.07145460756250382
2025-07-29,0.0005278640846616562,0.0016294100546979267,0.010810031019457886,0.004587128262335149
2025-07-30,0.05232037843674308,0.020219576933406563,0.004980231480158655,0.017588546399421257
2025-07-31,0.008435504383507523,0.0005173721048248914,0.0027506059788135148,6.134493963544154e-05
2025-08-01,0.02937566347789781,0.050954598539122244,0.08966940364552084,0.06093542470142618
2025-08-04,0.038285961788446565,0.03524889784903944,0.01097886100119325,0.00777494493258311
2025-08-05,0.06877657724080831,0.04702390915568428,0.016608102938088763,0.02171140320460082
2025-08-06,0.07474965004770363,0.05726401559222587,0.02228763516473659,0.02991364495989639
2025-08-07,0.002470735566385751,0.0004922616259883011,0.004974546522018384,0.0016337412822657281
2025-08-08,0.07419039906198312,0.08246259564013964,0.037599193973141896,0.023526339624501666
2025-08-11,0.06518920212166024,0.07578474365653604,0.036572424205962795,0.022364979481766415
2025-08-12,0.05728831601755941,0.06278870595814028,0.02675771926861102,0.019599511244617892
2025-08-13,0.05682666580253332,0.0635233906429563,0.02655748709675803,0.022059585420827227
2025-08-14,0.043395980730273745,0.050228166756813096,0.017626063476118413,0.015862410826702367
2025-08-15,0.009072286715578063,0.005797283665551648,0.028779447971643668,0.029369232581760808
2025-08-18,0.04723133675047007,0.06279840397320711,0.030082884341931442,0.016843631755297007
2025-08-19,0.03654830847785579,0.049861572641869675,0.02031218991071359,0.011858157322061767
2025-08-20,0.2509662177547118,0.22828266064385885,0.31698041880867833,0.3394439239738613
2025-08-21,0.07046798854541864,0.026675433110199234,0.004868090129553732,0.01625352216402052
2025-08-22,0.01856217502314576,0.0024929998299149272,0.0022079931826499873,0.00018209300956046056
2025-08-26,0.006627726136917804,0.0001350693037638768,0.007776143795468701,0.0007836517599536136
2025-08-27,0.019216508100929897,0.011517700220828321,4.779189156504359e-05,0.00010870907462553087
2025-08-28,0.026404398819178353,0.02021539604836154,0.0028721403108309925,0.00208738388582825
2025-08-29,0.06174769769436157,0.061530459151416916,0.03179891397700974,0.016138147790114226
2025-09-01,0.052659533498597054,0.05838956243772691,0.037409552064361584,0.011987743244943509
2025-09-02,0.0012745401627583517,0.00035275405996030716,0.00521894677558096,0.02089571213077718
2025-09-03,0.024663106661058767,0.05269539235911458,0.026278716639157495,2.4016415305193146e-08
2025-09-04,0.023380143502532338,0.031171528423136346,0.010834875351614107,5.4120491050467965e-05
2025-09-05,0.06272437630798725,0.06842422557548623,0.03454118256358905,0.010502898331766625
2025-09-08,0.0732341189432495,0.0828898055333267,0.050452355582871596,0.019029691916815725
2025-09-09,0.07963610692610117,0.09196797932939423,0.05604034595171655,0.02674919429924024
2025-09-10,0.012665907488502264,0.01785606933845642,0.003986640100655205,1.6702077447478064e-05
2025-09-11,0.005541805324976598,0.010164401545359634,0.0021414842253599407,0.0008556457299032023
2025-09-12,0.04136319100629729,0.02796710045521431,0.010712084205824174,0.0060780210312852976
2025-09-15,0.04327468690797252,0.03381827669576401,0.01742298919313891,0.008425031877082838
2025-09-16,0.00028277765164863003,0.0010044954115067375,0.006394823952707611,0.015335667783271334
2025-09-17,0.07664116632902675,0.10408734384054438,0.06337912051868759,0.014527334606584183
2025-09-18,0.08705820011970068,0.11676490666661501,0.07270735233882895,0.024474852485781996
2025-09-19,0.062371122127560776,0.08662395312181016,0.04842511369171242,0.015534498339556613
2025-09-22,0.05741982519247071,0.08172514018470692,0.05101640738860176,0.015304060063441084
2025-09-23,0.04313663245903995,0.0646694431798985,0.03636167369499843,0.010327361718618686
2025-09-24,0.004622384304528479,0.00044498269899493714,0.006690158740897374,0.027959494478712897
2025-09-25,0.026921681180504906,0.0415005653582641,0.01889425071772135,0.0046670266863370665
2025-09-26,0.0005967311636483794,0.0006483971318676704,0.0004911129863411355,0.016718394507155857
2025-09-29,0.013270646058892938,0.010389861668605551,0.0019892450985014246,0.00013888047188642297
2025-09-30,0.009382288518116092,0.010738278948510491,0.027654481773609043,0.04531664110570233
2025-10-01,0.035771861984500546,0.047880836917129875,0.08347715998630201,0.09538500716303723
2025-10-02,0.07210045761850185,0.017846722751757593,0.0028853652671496826,0.011067889341084524
2025-10-03,0.032451441357799975,0.005049445860691317,1.0270825279837202e-05,0.0010002230246025823
2025-10-06,0.08245128053263888,0.02286644858198031,0.005652344431089672,0.018116430070175424
2025-10-07,0.10089571781292589,0.04247862380795992,0.018949468187636574,0.03263503678433596
2025-10-08,0.0001423545471331355,0.010603312797872614,0.031154895338763935,0.01787384311313045
2025-10-09,0.03827563833982989,0.005328510628476465,7.625752356873036e-05,0.004136774004197539
2025-10-10,0.007983055106828084,0.03224803248125143,0.0637322235502455,0.049091062883027003
2025-10-13,0.10766038918724709,0.0940764636636502,0.042883079725534984,0.023944206159243777
2025-10-14,0.03782691302681853,0.033174420130663344,0.006985171848966724,0.0018724116014020812
2025-10-15,0.011616751827560926,0.010834483817400604,3.965024575376553e-05,0.0006276638723857446
2025-10-16,0.0676166613714176,0.07226525193712556,0.0381834496777663,0.0176908134308313
2025-10-17,0.5217536914499954,0.5017095490618169,0.6147201909459132,0.6988098727921379
2025-10-20,0.05882738789556254,0.09752934740965194,0.05075140542347149,0.0070612113092331985
2025-10-21,0.11283710823451357,0.14254037879176024,0.08347435316718216,0.03426236883072495
2025-10-22,0.03724777818719985,0.02363121363721672,0.05877410859770064,0.10697567765161078
2025-10-23,0.013847058473947425,0.004291899681504681,0.0007975028036407703,0.0019428835789784495
2025-10-24,0.024717262117905696,0.0053596098314035515,0.0005634350580981321,8.675277488839648e-06
2025-10-27,0.15302600303680197,0.07541047334458019,0.03039818641026426,0.05336276619132548
2025-10-28,0.02426548539947325,0.0037910716729584485,0.0015225517807416643,0.0003577103083820063
2025-10-29,0.006890954737313574,0.00012005389147868105,0.01300806122139342,0.0018096315327299744
2025-10-30,0.03859441818776105,0.006917774825031029,0.0005379756020996109,0.005113801880214819
2025-10-31,0.04332375760134897,0.013486528242199284,7.851730507400534e-05,0.010080118169940217
2025-11-03,0.07458838082884706,0.04465660220537597,0.013798251861987028,0.026268608955829314
2025-11-04,0.18071756552152318,0.22210029256851727,0.30372201326214643,0.27681563442832513
2025-11-05,0.012408054271532059,0.021393523786049737,0.052646646357833456,0.04038547338578049
2025-11-06,0.036787995826939195,0.015797876111866064,0.0013406862143813757,0.008682398019649146
2025-11-07,0.00041380668750092627,0.0036901601310485766,0.018454243112241083,0.015364125902522268
2025-11-10,0.02909202971596589,0.032406044673357295,0.058363662655866864,0.08260856816850957
2025-11-11,0.01701943664443311,0.066911550573922,0.10843467923311247,0.0855515600456067
2025-11-12,0.21372196241088762,0.04565976745163583,0.01830361784247058,0.06593272017231086
2025-11-13,0.004914649074749779,0.01930292749371487,0.04879796034003667,0.010216195202139604
2025-11-14,0.7817652331655779,0.9651905173799351,1.2421118128515942,1.2249147099554978
2025-11-17,0.4179597963914562,0.43314599165394485,0.25764756212499207,0.139012481129627
2025-11-18,0.1691091957918411,0.1489039160920775,0.23887576610570568,0.4117369461482715
2025-11-19,0.4096056926001806,0.6221845460568621,0.452314272069159,0.11342090950069227
2025-11-20,0.19234021278686825,0.35609549536179363,0.31252220546185167,0.03022157533018289
2025-11-21,0.011308609395414367,0.06477700702323158,0.04603008851834964,0.011729839771735761
2025-11-24,0.16695574096206217,0.30204521824160596,0.25822982948427503,0.05567135434978367
2025-11-25,0.03374104849197693,0.10114078008309453,0.08312025494588843,0.0019531450932550654
2025-11-26,0.004737349172727587,0.017426034596551003,0.008977037226849584,0.00510606738817549
2025-11-27,0.2567908339477204,0.24440175967218455,0.20225270469748902,0.1299995015331663
2025-11-28,0.18761472289749956,0.18716497999029477,0.14902846988371451,0.10109512552983782
2025-12-01,0.14602462723241474,0.14819114369502154,0.11199702747706168,0.08413547103587633
2025-12-02,0.08181609330920193,0.0893637687680018,0.07400364191840368,0.04408387330822824
2025-12-03,0.12540562196799665,0.13962939090909282,0.11911531968859053,0.08667404576997267
2025-12-04,0.06758614083856584,0.08129918498090397,0.07112092719813472,0.044616642247378234
2025-12-05,0.02119520380928604,0.029761861063765948,0.021385002181396048,0.011335540534133954
2025-12-08,0.03631687963433039,0.05474467185704866,0.05472764389958255,0.019915179283921627
2025-12-09,0.06678435296834116,0.09380918375033435,0.10567332594652423,0.0447598401403025
2025-12-10,0.017392576650416287,0.03263500590263143,0.03812647278244789,0.008361047225551954
2025-12-11,0.0014539772077278932,0.0074943554634807315,0.008008091501963223,7.799480367576284e-06
2025-12-12,0.07917463541854797,0.06595232338264059,0.07097312320221268,0.10458721156990959
2025-12-15,0.05491388471496607,0.03473635987102478,0.031918783749364445,0.08886898599608932
2025-12-16,0.001394582299744184,0.012482490748314068,0.014260345197744283,0.022763206912380683
2025-12-17,0.3895646708716972,0.4232170291103301,0.41437088783785553,0.5719663280778848
2025-12-18,0.021659314255114304,0.001607669820433559,0.0010730413328411937,3.545478801869487e-05
2025-12-19,0.05582716728658851,0.011627112906922534,0.007927814482880146,0.008232970402080982
2025-12-22,0.09779476259785938,0.029441026357187653,0.020292719031061293,0.031319108279775125
2025-12-23,0.1189852769868235,0.055638428185747435,0.0522879970760529,0.050030087757754874
2025-12-24,0.1478775666479759,0.08592380727519595,0.07614586223010983,0.08039480844054415
2025-12-29,0.12054339403215866,0.07645589721108773,0.07424313005921813,0.06705490095539676
2025-12-30,0.0009676632202224606,0.00055713813343931,0.000888875271374487,0.0019139921023432957
2025-12-31,0.12274033114283245,0.0624407226907984,0.0530075979379587,0.06773464400047276
2026-01-02,0.014695212360622753,0.040747998067364184,0.04759201309906474,0.03950737513133135
2026-01-05,0.02408880582706047,0.00787275082435356,0.003880723787624239,0.00784923985590038
2026-01-06,0.25870908540028537,0.3470648440278071,0.39256090595380716,0.33444767510533674
2026-01-07,0.027874009149045663,0.0024756511162621606,0.010025561401322814,0.0012404991973728212
2026-01-08,0.1262104083978567,0.04411068356491973,0.022256846757339906,0.04174735542128997
2026-01-09,0.006179322901790717,0.0015887389038994836,0.009576000883033137,0.0021830792735792553
2026-01-12,0.12530731589256316,0.03670863509487161,0.01590389505213909,0.0484552382300957
2026-01-13,0.10823430796086049,0.03756066749206953,0.015314952158504407,0.04788764151353903
2026-01-14,0.09937113597322408,0.04181659216166133,0.018488170757631373,0.04989846446555654
2026-01-15,0.032947463597227715,0.0050692738630694215,1.1390046680248633e-05,0.009334599989830016
2026-01-16,0.09843265423024385,0.03839186591402053,0.0133161897948623,0.053336703535656484
2026-01-19,0.03528988580902955,0.008380381392783241,0.00014808766891392147,0.013847347666052064
2026-01-20,0.15313237501147572,0.21126789211951327,0.2772186144069624,0.21639190012293424
2026-01-21,0.04987852859254084,0.04019241371578377,0.018053065417564764,0.015400899713916108
2026-01-22,0.006732923577555924,0.004767816932406421,4.080162468352797e-08,6.289754160156534e-06
2026-01-23,0.053598592985969855,0.051363510601060626,0.023746777319198265,0.025095372202299102
2026-01-26,0.032600849084671174,0.03346386336982773,0.013572953391458914,0.0131810669813902
2026-01-27,0.0033158853330945695,0.004383621510219612,1.7889257773380936e-05,2.046773972048643e-06
2026-01-28,0.005367100295729943,0.00280032704516989,0.0005637084263722343,2.01326488022468e-05
2026-01-29,0.0431064894082748,0.04067824314849103,0.07131322200040638,0.08585778640047767
2026-01-30,3.2673947328794123e-06,0.00014162924954262842,0.0033232927429361825,0.005607734732045757
2026-02-02,1.1484554081188287,1.1704632227836964,1.3388158630982878,1.3269497225246583
2026-02-03,0.060506886876069026,0.15574276827868444,0.22836008704667932,0.14966957960181626
2026-02-04,0.3609128129225578,0.517607052935447,0.6197497088313852,0.5307130136698783
2026-02-05,1.627501617381644e-05,0.028629545872610733,0.05975603168960592,0.019730634195594874
2026-02-06,0.0011316414290811151,0.015134747865841066,0.05173428645173428,0.04666895413197142
2026-02-09,0.018581889232191163,0.0010585852404549321,0.005167202167581984,0.0009769308054759054
2026-02-10,0.0807654494728754,0.04041608753733922,0.009501732051850259,0.020767924180146512
2026-02-11,0.04881140651171464,0.07824649493996934,0.12762106201980472,0.12143063709741311
2026-02-12,0.02124156244557348,0.11001300059308852,0.17187355331086554,0.10220986074227739
2026-02-13,0.13327229162148846,0.0579835180734667,0.029562019240990434,0.034788758750752026
2026-02-16,0.19854366810465499,0.1086605777091346,0.06627119823186262,0.08531937941240823
2026-02-17,0.05683793116055075,0.019766877653834492,0.0042764158081716585,0.012219537765009404
2026-02-18,0.11964127866067845,0.23838212112314602,0.32240903194789067,0.23060014210685073
2026-02-19,0.12517085758920127,0.005095114566230867,0.00015359641661105757,0.027713658211841664
2026-02-20,0.02078281845536197,0.005344410376347764,0.0192901494809967,0.0010000123068972422
2026-02-23,0.13637621877659767,0.024775509541153363,0.007595236460325222,0.046320271936623456
2026-02-24,0.11946297660944487,0.02875514339194784,0.010062972602903284,0.049440697939987496
2026-02-25,0.0010343549227630846,0.03155800178751621,0.0596932725852988,0.017169247307611605
2026-02-26,0.11813067482556495,0.005366011461672726,5.580550169751383e-07,0.0380638888199718
2026-02-27,0.08097419448592005,0.001998836429826931,0.0010794635076593869,0.026592030132806258
2026-03-02,0.22671255559244277,0.5069611776987467,0.630718843596452,0.3428330257424358
2026-03-03,14.821732224148226,15.58682392707953,16.933386201532343,16.29184596840578
2026-03-04,0.7536683861447362,1.8235744728192895,0.29226516973554106,0.045722363661532976
2026-03-05,0.1258273090478919,0.0006410781986342898,0.4834296592216958,0.8106914934102376
2026-03-06,0.2582433073163288,1.455515736177369e-07,0.3603374053520618,1.1722207331161218
2026-03-09,0.01392829360710223,0.4855261675437803,0.07799325197681439,0.18989218857693232
2026-03-10,0.019447140541892702,0.16030165743899288,0.012006638270186477,0.32773256192342864
2026-03-11,1.0451183727541051,1.5282856209232765,0.9366670486243726,0.31854700972193645
2026-03-12,1.0760425342907283,1.6138012925855905,1.2928378367550069,0.4554839890151293
2026-03-13,0.0732491926502472,0.26196244159029936,0.2364127336808461,3.7254274647628234e-05
2026-03-16,0.3688223478600905,0.724246264739777,0.8344833577585604,0.16291211514839407
2026-03-17,0.28683200739500514,0.5445835526072661,0.6083407953746546,0.1561333330850044
2026-03-18,8.325259606388519e-05,0.016976745042850495,0.024478094628291404,0.009969278403222277
2026-03-19,5.529861257323047,4.697035146218521,4.206553836288399,6.087776797639619
2026-03-20,0.00168154584795343,0.2882027418880188,0.1765086155239883,0.21922609790576875
2026-03-23,11.097641033706543,7.0277881969929314,6.789446147847839,14.289966231863847
2026-03-24,0.6423937404770976,2.0410577763941578,2.3266952692385576,0.22922768148090097
2026-03-25,0.2457243702132637,1.033181618798184,1.1594743658758258,0.06716965827312066
2026-03-26,0.3409146859357846,0.7033960219048374,0.7615013053883589,0.11301808770530587
2026-03-27,0.5455740762306185,1.231933353369632,1.5976927533778833,0.21740105909108856
2026-03-30,0.02705068418931484,0.26487523697953147,0.4226933057372766,3.0698155915940464e-06
2026-03-31,0.7391420271364831,0.8062407086411599,1.0005789619778251,0.4122166660835901
2026-04-01,0.24117769018499838,0.2082937466622207,0.145061046944498,0.3806306077188723
2026-04-02,0.20490444024979287,0.014121832487409227,0.030047021167355345,0.0508033551563742
2026-04-07,0.30539747525166244,0.055026934728646205,0.07384215145536552,0.16946757556799316
2026-04-08,6.320162421928842,7.415759420037307,6.7407887382041265,6.843182280691155
2026-04-09,2.5573544626814497,0.5190090496461672,0.6754750775479603,1.518895924713354
2026-04-10,2.010746126879701,0.4571231571884937,0.5952511108605366,1.4253665144976966
2026-04-13,1.5092374122690133,0.363056292326379,0.47307567187494315,1.2555676746085074
2026-04-14,1.3096824768986142,0.38235632173131473,0.520735525712268,1.270086715304823
2026-04-15,0.8257418808000341,0.21342309914185467,0.2962410691064972,0.9337398977178536
2026-04-16,0.5697354616453875,0.15568789777494835,0.27578000270076286,0.7296764513055511
2026-04-17,0.20667696667906285,0.0219614774586162,0.06478288769215347,0.36348605290468017
2026-04-20,0.28918717367986846,0.052005857243415506,0.0977544373831476,0.4914066179437292
2026-04-21,0.011432195204341128,0.017034458771624846,1.2813311405724897e-05,0.07854142336731527
2026-04-22,0.5841145372800298,0.41732806101247005,0.6274535646950276,0.7881052190403587
2026-04-23,0.10893594921858678,0.059240426091700014,0.1655677924538386,0.23626285391611837
2026-04-24,0.14902085819709665,0.1059454273653413,0.25007165235114576,0.3211713029819706
2026-04-27,0.16936725038081796,0.16670421969457988,0.39840294795344466,0.3256908588618259
2026-04-28,0.14112049414950567,0.16472705762157086,0.45748262504438014,0.2830643297350458
2026-04-29,0.028028894778868108,0.016608355776807086,0.009889955737035648,0.00010574643459599793
2026-04-30,0.17274753376528856,0.0768649027936588,0.0009615335391126983,0.10269505744093686
2026-05-01,0.4830648785865457,0.2858519868203563,0.549275404645854,0.46005436096987357
2026-05-05,0.30398844444656453,0.4565840860870777,0.2193954545105017,0.27048522578112055
2026-05-06,2.0928764088968994,1.9661498445354992,1.4564344679828791,2.2830525842300102
2026-05-07,0.2552205055032807,0.0014830217855770283,0.03936684754433999,0.060982352038658275
2026-05-08,1.5525944777573333,1.0639125201902473,1.3952540813457104,0.8492848705763595
2026-05-11,1.5899598026768578,1.2297028807148849,1.7649914353087057,1.076941459648277
2026-05-12,0.5439600717870868,0.3780200047994401,0.6324350239509676,0.37062256540301564
2026-05-13,0.3508961171564775,0.2542754893097361,0.445170292490373,0.29508525239360495
2026-05-14,0.7188457393359441,0.5677392353605665,0.7860555771125828,0.7202206039499528
2026-05-15,0.41062970907903124,0.5294134444313398,0.3843243811427877,0.3521986709921551
2026-05-18,0.000138895742339846,0.019371060949541392,0.028762679532680777,0.014542892848237376
2026-05-19,0.849931205690589,0.8073639842703465,0.8338695168869482,0.6505316269394841
2026-05-20,7.857693540328258e-05,9.877935130193588e-05,4.960413564187589e-05,0.0021011571417672574
2026-05-21,0.34254338575119997,0.2469902277570044,0.24000183715179463,0.3172313515249202
2026-05-22,0.6442863265542568,0.550536282912081,0.5285088297747254,0.7071725300117881
2026-05-26,0.27530216080609676,0.23374802696828711,0.21313628037616486,0.37155226343102415
2026-05-27,0.3849721441018253,0.3529079755373044,0.3206260140562622,0.5493674247480881
2026-05-28,0.022480650013063482,0.01934109571022088,0.011197227809854545,0.08951731312969023
2026-05-29,0.3320334563528529,0.38065613737639487,0.40472681210157074,0.49320892357455276
2026-06-01,0.012433734029728988,0.025760806806982083,0.04044233019105505,0.06584693689541968
2026-06-02,0.2257481708899343,0.31345735068033237,0.42825570583328554,0.3608403652871062
2026-06-03,0.18495337030229317,0.25586954890753427,0.3364582533619303,0.32515380300184804
2026-06-04,0.0003857530183619806,0.011328967981362768,0.049196538832373425,0.02511138120134217
2026-06-05,0.058104644699057593,0.10328359818420493,0.17118901581236118,0.15140431448688338
2026-06-08,0.02606466581392934,0.058335873782851606,0.09822866890704597,0.10041770893602205
2026-06-09,0.10530429489445842,0.06008724368929845,0.03673493590920819,0.02738986354589331
2026-06-10,0.00045014389807796417,0.03871765922785282,0.03321899840253668,5.165978108872104e-06
2026-06-11,0.008674199623487417,0.08396166982058784,0.0719369036727676,0.01840503513801109
2026-06-12,0.17933497814183347,0.06906599991904466,0.08445884386313385,0.137135991214242
2026-06-15,0.0009945656432064978,0.013051061132215816,0.021673215491940685,0.0015785683034177862
2026-06-16,0.17618830268468205,0.0991123640018902,0.10831022608158808,0.14206727016562748
2026-06-17,0.38987219237332,0.2569019951230169,0.2604540331565424,0.36206041813114875
2026-06-18,0.0002889993905467118,0.005666063795924864,0.006646139012855628,0.0006896244438342638
2026-06-19,0.2959819578734934,0.3017998378323066,0.3023146652452045,0.2503258678120151
2026-06-22,0.10451387349819943,0.12073132031625139,0.154992180682863,0.09112410557909924
2026-06-23,0.0037962926657932722,0.0016048220579767095,0.005157091966416748,0.002051862089421321
2026-06-24,0.18804596819275907,0.1813818334713073,0.2148797197052834,0.19619677566407054
2026-06-25,0.10294270562486547,0.10619820066556084,0.09120426396644277,0.0859281344868907
2026-06-26,6.817598492792344e-05,0.00219969182805889,0.0012583767289685432,0.0003016204395058161
2026-06-29,0.15293513058370845,0.13602968780027064,0.15997667620315315,0.18292405824574398
2026-06-30,0.011271957254456885,0.013006850479267727,0.004092108934712982,0.003958640898127875
2026-07-01,0.03692286911199962,0.03729492077019308,0.05155866688456042,0.06015230759649449
2026-07-02,3.1738820689493146,3.137121964991391,2.9780097666953123,2.9804276573787307
2026-07-03,0.12477560192666003,0.003601399860921266,0.008028717635105858,0.07037420983586463
2026-07-06,0.029199236923589496,0.006382871240884764,0.004199980449094494,0.013350838805031408
2026-07-07,0.06361705485186654,0.0021143024306762128,0.005906170203171457,0.04697932049527964
2026-07-08,0.6252388712374203,0.9274753994310155,0.8970405936460053,0.6464000821851423
2026-07-09,0.01832693400190705,0.03712962592293328,0.00039091916343971157,0.002284760303217739
2026-07-10,0.3980262162114398,0.4836808542224564,0.32059063918328895,0.24479353771978435
2026-07-13,0.24750530378287003,0.31588879471568504,0.1934340929911707,0.16126901345240655
2026-07-14,0.0007869825583940212,0.009178973853239946,0.00036578387869288533,0.0012093748151795116
2026-07-15,0.0339746770668229,0.06091123752532243,0.0185566848824784,0.021187327435402623
2026-07-16,0.0006140471329308064,0.0016301811185832284,0.0020266876085343237,0.0020344572598277144
2026-07-17,0.028617187724797762,0.04293236244609416,0.014852263733617414,0.023730213009058605
2026-07-20,0.03320410063720586,0.047888249398448685,0.017728703636709944,0.03262787941286115
2026-07-21,0.01412069779174597,0.037497724050083704,0.01897470827655834,0.008098169437761244
2026-07-22,0.5583786740442805,0.49908083697957706,0.586289398534917,0.5995920440549112
2026-07-23,0.039507572285261125,0.005780079712829348,0.0001749814056251211,0.0120626855807261
2026-07-24,0.0005052156862504904,0.007109978070200829,0.014094237907176899,0.015210281057640477
2026-07-27,0.16140441987620135,0.07270174077335825,0.05259288165482244,0.08499828494255722
2026-07-28,0.031902540952509925,0.0032141920011250517,0.00011912127565969287,0.008995510854329333
2026-07-29,0.1324447984675143,0.038111413727545784,0.020780780074966147,0.07633234707837515
2026-07-30,0.022607482867372467,5.120277692623097e-06,0.002906452149397874,0.007777859953937052
2026-07-31,0.0801433998035858,0.16258597315405224,0.20163450760668736,0.10473654681450348
2026-08-03,0.05801217097210333,0.022038234925976008,0.015557833907847096,0.04468498266469639
2026-08-04,0.057692883949267346,0.028149629083057355,0.022537932555546744,0.05030826493749925
2026-08-05,0.0002644213410511132,0.005545705245103527,0.0103342605911887,0.00043031724018937245
2026-08-06,0.02726548710437411,0.014785901609137113,0.007333935163384129,0.02876685365622772
2026-08-07,1.2653248561280303e-05,0.0006608909169334344,0.002426755085904757,8.845675415072364e-05
2026-08-10,0.013073565909055177,0.007706397436562538,0.002976811492381301,0.01489668551061759
2026-08-11,0.030782051779771953,0.02773151147074795,0.022684855439910008,0.030329351144540977
2026-08-12,0.0437905111896732,0.04388458913562753,0.041233102148284226,0.042991914256703484
2026-08-13,0.006584046036577169,0.0077710846386348864,0.00710210782142874,0.00629328417601486
2026-08-14,0.030021307912999298,0.04250742524306324,0.04681849844552333,0.021476290947717573
2026-08-17,0.01337530067816262,0.023570304891105807,0.031280623906133245,0.007735821849908947
2026-08-18,0.009550250565624535,0.020140770335191953,0.03299859717259136,0.0042759761120155625
2026-08-19,0.01918173195547628,0.033796581035716686,0.04315087088947974,0.012018729393841408
2026-08-20,0.0017565464082828623,0.007567608073432317,0.009300006411719344,0.000220404344881674
2026-08-21,0.002402732396632627,1.01665767543715e-05,4.779458325384623e-05,0.005682444446701355
2026-08-24,0.018978453735903445,0.020219703329820975,0.01600366535542137,0.008618461042446181
2026-08-25,0.022787127936516233,0.022574129739971034,0.015269527942105541,0.01102910200069486
2026-08-26,0.01668440422064296,0.016251436954932086,0.008233239016560963,0.006968605808855693
2026-08-27,0.010132504084023464,0.009233163727060248,0.017570507376982694,0.021285641050386467
2026-08-28,0.0535915108147258,0.0802392692098002,0.05416184447804981,0.019458900500398498
