Date,GARCH-t,GJR-GARCH-t,EGARCH-t,EWMA
2018-01-02,-0.24397681563503892,-0.31560819899659154,-0.2921292674620197,-0.31027910265453906
2018-01-03,-0.6833743744748031,-0.9112953818376349,-0.9759295739278057,-0.9067318236681561
2018-01-04,-0.6971704026177845,-0.8958188805875237,-0.9758706230615587,-0.8873333492522759
2018-01-05,-0.6535145070008921,-0.811446469628409,-0.8897470076088432,-0.8007515648929331
2018-01-08,-0.6986893695498313,-0.8547515480625733,-0.9502168439899202,-0.837616375855462
2018-01-09,-0.49987651962084934,-0.5664643791996568,-0.5950208295541257,-0.579046145136483
2018-01-10,-0.9662982091042077,-1.149390467100356,-1.2911945445484727,-1.1661012934150414
2018-01-11,-1.0752219975806363,-1.2498349301919083,-1.436489855057796,-1.2737523139631475
2018-01-12,-1.1115746021047845,-1.2574897866404604,-1.4677105380832085,-1.291324230391954
2018-01-15,-1.2599829576843142,-1.400246403630031,-1.6809231299882335,-1.451012380335172
2018-01-16,-1.25789979678989,-1.3578488499066157,-1.5895039843149659,-1.4368321270571442
2018-01-17,-0.7764337510349416,-0.8019085064567062,-0.8524810103738513,-0.8375463103526338
2018-01-18,-0.9887354436964554,-0.9928007501918685,-1.0736006925833887,-1.125229976645079
2018-01-19,-0.7936305073033929,-0.7785801087716124,-0.8077293968606652,-0.8779854480957842
2018-01-22,-1.2439081123629936,-1.2395251674225447,-1.3398805401091822,-1.4699317044778182
2018-01-23,-1.2516893254575099,-1.2235363353029896,-1.2829110600949754,-1.477512503430637
2018-01-24,4.380418742041311,4.174266464492266,4.752541324170845,6.048681618453743
2018-01-25,-0.6431723301320986,-0.4764762626460325,-0.6299326791528109,-0.8853617147612691
2018-01-26,0.15519598320397687,0.14358825823710974,0.14089538854433614,0.36378991265815874
2018-01-29,-0.979011504355405,-0.8297707353070577,-0.9899264174387485,-1.3887256129851777
2018-01-30,2.442123002586287,2.072476347222426,2.4746110127121863,3.756824757476402
2018-01-31,0.3502917120740472,0.35085251567307374,0.34177828686914313,0.5552366828602742
2018-02-01,-0.04565989111889124,0.07380552353709774,0.04556735681933216,-0.10187905352321613
2018-02-02,0.09079554513064625,0.18133619512566723,0.19266177305667676,0.11386578523416824
2018-02-05,3.713129205848163,2.795221518321384,2.580985874070889,5.803591147962656
2018-02-06,9.983633129649252,7.070134178888978,6.7798732071096515,16.207784418782197
2018-02-07,2.904078948515206,2.441047281953386,2.563098101828957,4.255815237798631
2018-02-08,1.8657133111035225,1.8234159237303138,1.867616213234062,2.2718182307767822
2018-02-09,1.2509711583309313,1.3455702744650728,1.3044548794826643,1.19432806782367
2018-02-12,1.360824143821377,1.4362800411637109,1.4350706583946728,1.3825273713219544
2018-02-13,0.5207290093553302,0.7110778897422386,0.683800302305109,0.10793436131471883
2018-02-14,0.6702461058164388,0.8247824010695479,0.8154307524809884,0.42851675542958584
2018-02-15,0.368351761450287,0.5476948874227607,0.5208575684495578,0.07870184676851345
2018-02-16,0.7555368151775286,0.8533452765345739,0.8327895431397488,0.6615879830490642
2018-02-19,0.50608980023956,0.6064736615030777,0.5676120043942271,0.3737553870609294
2018-02-20,0.08132066595716798,0.2590391380339401,0.2867883129624645,-0.11120089624154636
2018-02-21,0.20621224962517953,0.3561883915684163,0.37736942855939104,0.09967761945218906
2018-02-22,0.0649839171493572,0.21556771785605014,0.22611576786098783,-0.0170862173644864
2018-02-23,-0.18333940224416234,0.012290299299187728,0.09007563962331093,-0.2510765085764191
2018-02-26,0.22122866831909288,0.33266396687798844,0.3916306106724105,0.20912988768848034
2018-02-27,-0.33920398876800917,-0.17187686037150057,-0.09266299063115478,-0.34246376020627356
2018-02-28,0.3115200627891328,0.36636384508016445,0.40532097968081654,0.32067325522827467
2018-03-01,0.5077358753719159,0.5370609097173017,0.5856522141273425,0.5087882981627375
2018-03-02,2.9625818248893614,2.457018485864829,2.1489358426987053,2.9708028980708923
2018-03-05,0.33073548772638295,0.5170566860461574,0.6315985185373159,0.2695784632354041
2018-03-06,0.008859698935845955,0.23466991956941094,0.36267028086455233,-0.0687382052380831
2018-03-07,-0.27556856100234867,-0.011672998299022044,0.12302869520883429,-0.3387045216865895
2018-03-08,0.19228909241485148,0.32559218234658943,0.39861358196620084,0.18349975190590695
2018-03-09,-0.3132819985702763,-0.11191573481482917,-0.015316465138036264,-0.31848028374592413
2018-03-12,-0.5082078738769837,-0.2853626664641169,-0.1937510796312178,-0.4791300871832637
2018-03-13,1.4778517705468734,1.2675700514941424,1.199792129456445,1.412137140504273
2018-03-14,-0.4709595301811234,-0.17996926586048914,-0.03966704757988601,-0.4997280277684854
2018-03-15,-0.5623722534944722,-0.26365818894904314,-0.11079009877580503,-0.5554623905518188
2018-03-16,-0.4499890005194448,-0.19845452488800153,-0.07772080476059265,-0.4161924686038334
2018-03-19,5.419625436365282,4.117421466922264,3.704890782611618,5.075312875749412
2018-03-20,-0.1758036984907233,0.17414714309738566,0.17035714156746543,-0.3260316354359642
2018-03-21,-0.21828007252458317,0.11562411156782612,0.10322591511660935,-0.32332156287079894
2018-03-22,1.9321637925559214,1.557452248438585,1.5319962177432482,2.0734694877065536
2018-03-23,-0.01719372225971122,0.3038085096155113,0.37249763228573096,-0.13956373952840168
2018-03-26,-0.01735478003951174,0.2861607172604909,0.4022234029054852,-0.11131208583734026
2018-03-27,3.441694148082234,2.5439205784483265,2.2787296736176166,3.828466875882622
2018-03-28,0.32691310347985036,0.3603100158167518,0.4637765751309559,0.22560698867927398
2018-03-29,-0.15930827640970446,-0.13247948308050803,0.015079949911542852,-0.32761876879290547
2018-04-03,-0.11291609622816792,-0.0788708998454628,0.03830295489026908,-0.21738774280575182
2018-04-04,-0.37094685672131184,-0.30510273839127033,-0.10692568964585346,-0.47258762036184476
2018-04-05,8.235225183026051,7.635786625520014,6.453748421584238,8.726006242611765
2018-04-06,0.16938404012672442,-0.39814488614418214,-0.2785375121950274,-0.07952710623496403
2018-04-09,0.045374158568607735,-0.5008090885347783,-0.33526957249211314,-0.16435138507008373
2018-04-10,0.9946209955430519,1.225564572809429,1.1143409717412716,1.024180258842701
2018-04-11,-0.06094538562975266,-0.6631485645677118,-0.5484495957217966,-0.21464783916865016
2018-04-12,-0.1837656560204243,-0.7657433469544292,-0.6206111551191983,-0.2973305827470041
2018-04-13,-0.27966781678011965,-0.8217877727186084,-0.6949105741964589,-0.34876535575165585
2018-04-16,0.856010246601405,1.1839521583615693,1.0766215940599573,0.8634256174303623
2018-04-17,-0.13107355911048132,-0.3482549648223581,-0.27185132574883314,-0.17972290244398217
2018-04-18,1.9794931209154951,2.4808266431291717,2.312371576032092,2.019150157451036
2018-04-19,-0.2512817886735822,-0.7246239023091147,-0.6906905122782739,-0.3307270586763099
2018-04-20,0.034770463094659254,-0.18115366753154982,-0.17546767353047177,0.011638994253610813
2018-04-23,-0.17526999754893519,-0.4858843308876123,-0.4940989678059751,-0.1867306403524055
2018-04-24,-0.3042774064788495,-0.6427936889607113,-0.6718239415500278,-0.2934648771641727
2018-04-25,0.1075057892151472,0.05812601569430775,0.06926565955311581,0.1210145624117348
2018-04-26,-0.010676242155615467,-0.10576382860632605,-0.10683745842813441,0.0007985156843444141
2018-04-27,1.5810928763448886,2.1333418790146466,2.219694007826692,1.53587277636629
2018-04-30,-0.4977943832381863,-1.0109974805025703,-1.1004385503500453,-0.5182096754754782
2018-05-01,-0.5701479456843973,-1.0311615635184699,-1.1383072000730556,-0.5548336971147918
2018-05-02,-0.5182643413575072,-0.8632599266212302,-0.9610102200922347,-0.47752642917947413
2018-05-03,-0.14779789205494642,-0.23801479377985968,-0.22726730952258278,-0.11819560698211795
2018-05-04,0.8170362217584858,1.0742256192243316,1.190344821181105,0.7856174166147311
2018-05-08,-0.7156836525964055,-1.1382193265283205,-1.2805183695493445,-0.6985162971342004
2018-05-09,2.8098541076315326,4.12771918369015,4.860192926872261,2.69127654181375
2018-05-10,-0.11933411401485122,-0.372126477692743,-0.37799428830877657,-0.1550146399106983
2018-05-11,-0.43953801280459565,-0.9491635987066707,-1.1127562842439338,-0.4756394446077009
2018-05-14,-0.630417870615175,-1.216603040111475,-1.4823426614555082,-0.643564419137745
2018-05-15,-0.7214329072398428,-1.2591813501184175,-1.4866392334501557,-0.7124395253324792
2018-05-16,-0.8112965914492557,-1.31011517987432,-1.5737814781029233,-0.7751126961644971
2018-05-17,0.29145094012070927,0.5824333560356107,1.0439327612763474,0.27878520849808974
2018-05-18,-0.8737225233054026,-1.4070458573787838,-1.7712446337207675,-0.8387549825184712
2018-05-21,1.8488636610768818,3.1956561494036433,4.862813733845663,1.753113565725854
2018-05-22,-0.6796962046229805,-1.2673038235169702,-1.568072318167792,-0.7108640405899498
2018-05-23,2.240047717435752,4.511680079649451,7.7958067929160055,2.259960182887423
2018-05-24,0.9760074625858449,1.1072352474993896,1.7541349789274947,1.0759080486571142
2018-05-25,-0.48046967597142715,-0.49833983890484457,-0.8067267454604048,-0.6552167921429883
2018-05-29,2.4022451169116206,2.4130603685833325,3.3023006263440333,2.7406581944236743
2018-05-30,0.42682381187332774,0.46499594495824953,0.41165870513445835,0.4096411792986101
2018-05-31,-0.3779726108352321,-0.29396038362308813,-0.5760315551792944,-0.5917993833055244
2018-06-01,-0.34934806950178254,-0.26352621707040025,-0.47201367506229297,-0.5042580733198859
2018-06-04,-0.11786326810271414,-0.0623218873369753,-0.1953111103104629,-0.19260869142083392
2018-06-05,0.30666285885228184,0.3125708906441651,0.3171977393283464,0.3080340959918161
2018-06-06,-0.40974761635511414,-0.3064643304072319,-0.43774078799210286,-0.5275485825407286
2018-06-07,-0.6691855837236754,-0.5487714374972438,-0.7223651896134996,-0.7877128474612327
2018-06-08,-0.5784571209934612,-0.4677753346796908,-0.5884773218949679,-0.6528296092477036
2018-06-11,0.39482007176375344,0.37287097009983006,0.3801527501950549,0.4183612599571118
2018-06-12,-0.3805070923518008,-0.35323521657618184,-0.41230309525405323,-0.4342312219483114
2018-06-13,-0.8335961696911184,-0.7502788601112352,-0.7693575936561355,-0.9327159136133589
2018-06-14,0.6981260117157988,0.6446285191990245,0.6593520694411775,0.7481627189830071
2018-06-15,5.999790755630489,6.261333827560927,6.668111369784465,6.644521194180852
2018-06-18,-0.31642092680453276,-0.08569744967295656,-0.3190766685963815,-0.6154240520686911
2018-06-19,-0.22317864377920282,-0.024064032720332973,-0.20956803447523165,-0.42411155326340283
2018-06-20,-0.3356110110285726,-0.1162075876102676,-0.24130306604444696,-0.5284239871874297
2018-06-21,0.9796422932991277,0.8854770132631797,0.9330919700980962,1.1229479682931747
2018-06-22,3.9573983371157855,3.1227624416374384,3.2857603637645467,4.8987261680954655
2018-06-25,5.9759624169489864,6.55409005885255,7.172297782736265,7.835054798567226
2018-06-26,0.3979917179789591,0.5738738380299024,0.3531809140423577,0.04273645128915962
2018-06-27,1.200817692362305,1.2169241998398448,1.203086317696224,1.2768022285809322
2018-06-28,0.19079727103539568,0.29174460250876677,0.022910406041579283,-0.13191146780002633
2018-06-29,0.1468277597466847,0.2540810578728024,0.020631359890154077,-0.10534312000323928
2018-07-02,1.3858316977289076,1.345140424790006,1.4561630105929966,1.5194353700498182
2018-07-03,0.37983061880499686,0.5101510820267968,0.4048047137627938,0.23311337969692222
2018-07-04,0.031790457050446516,0.1878406960414764,0.03346093134319146,-0.15426578957573583
2018-07-05,0.0424131351864096,0.19389710193566606,0.10068630207212513,-0.0884022850769558
2018-07-06,-0.1815952781099989,-0.01223532569379801,-0.1290206289529138,-0.29793056224372916
2018-07-09,0.8434653935432846,0.8306030032311607,0.8355977082932216,0.8609977055524789
2018-07-10,-0.3062718987271408,-0.22835589035837317,-0.377536468802573,-0.3879925916609719
2018-07-11,2.1743226161348423,2.0375769121150302,2.2786709403640186,2.241648637822057
2018-07-12,0.5326079156097903,0.5964778426882298,0.557609636805432,0.5081136190564428
2018-07-13,-0.22813705319911967,-0.09352272666417982,-0.22040934235931148,-0.3372821948101387
2018-07-16,0.5682659927410956,0.589601107587034,0.5693242349888321,0.5652150408602304
2018-07-17,-0.1793279782671052,-0.013301620021977933,-0.048873062066904505,-0.2498357263428474
2018-07-18,0.22722974483067737,0.3048074846849519,0.28120909007647416,0.2112829144643305
2018-07-19,-0.4453329361904275,-0.30931229197823173,-0.3791719622914715,-0.47873810531681693
2018-07-20,-0.5515908068421097,-0.4017199585861517,-0.4807434806871867,-0.5480638778907354
2018-07-23,-0.4806200883225051,-0.3431321651144633,-0.39775170758464024,-0.45057587020644363
2018-07-24,0.26889603632039605,0.28584823718325403,0.2860225213364901,0.2707546651675835
2018-07-25,0.17867092508323534,0.19259734414206287,0.18848321422209058,0.18388555096525205
2018-07-26,-0.6836056794942444,-0.5394770342815182,-0.4870535450900545,-0.6729211730369244
2018-07-27,-0.24546850896913908,-0.1658293541836301,-0.14398285276319628,-0.22562659191070944
2018-07-30,-0.8218357930403944,-0.701897713402257,-0.6846975190945338,-0.7717315759565184
2018-07-31,0.045213507754343074,0.05944618728351703,0.06072174123934215,0.051345139709518595
2018-08-01,2.918325766776702,2.7689303233117544,2.82447518381346,2.7538588510003166
2018-08-02,1.2561312628895798,1.1163645221874223,1.155748792208462,1.355001222589232
2018-08-03,1.4410142569093256,1.2600061320973905,1.2645673951225973,1.6158771941388943
2018-08-06,-0.37334202981709197,-0.28907488356430483,-0.32345058298270934,-0.5558016264339494
2018-08-07,0.3374297313628996,0.35955695989944386,0.34910832200422814,0.3200657714182473
2018-08-08,0.4307009780160726,0.4334856773182197,0.42882165873471934,0.42939549838567226
2018-08-09,-0.1663243707454075,-0.19627078358852412,-0.2513163924469106,-0.2463072715054952
2018-08-10,1.0844554543305507,1.0876108710456303,1.0895126594614484,1.1653157529093874
2018-08-13,-0.2932900741707102,-0.2083293181198627,-0.1753263032769899,-0.42427251471423055
2018-08-14,-0.2507518212217614,-0.1620907831478942,-0.087078935858699,-0.34470444426199537
2018-08-15,3.4866242702111836,3.0852290338820487,2.7195534114764053,3.8795984595740762
2018-08-16,0.5216290909179104,0.604136813739954,0.6342254640646056,0.49587923781855614
2018-08-17,-0.2889565174842952,-0.0914823745698157,-0.03814167490901163,-0.5084838625195653
2018-08-20,-0.11710045843529387,0.04041791079114357,0.07595201311377697,-0.24160958481529815
2018-08-21,-0.28509772739782047,-0.1223403037691625,-0.09614409981393549,-0.4021366247062144
2018-08-22,-0.5170410995783055,-0.3108301497900294,-0.22050757953977992,-0.6368064632782771
2018-08-23,-0.5944002478859609,-0.3813805311271028,-0.30381093669923726,-0.67808654412912
2018-08-24,-0.6469956333766924,-0.4307330385848066,-0.3284535917675846,-0.7027669321824161
2018-08-28,-0.19478728346365926,-0.08678450363173168,-0.036902753625179974,-0.2065907124823383
2018-08-29,0.33167310539816475,0.3196575241710836,0.3242806571973451,0.33612097743138825
2018-08-30,0.07511400809416358,0.12990302079526594,0.1763035011915765,0.06709235003257052
2018-08-31,1.9143293536289325,1.5634313384558216,1.3973052490074631,2.083622387678516
2018-09-03,1.0740907092747105,0.9483981137277688,0.932342633299164,1.2220999547435598
2018-09-04,0.14640274267315057,0.21270606405698267,0.2865443314139333,0.08753374487685972
2018-09-05,1.1693409316316163,1.0684019002337766,1.0168446682797496,1.3359671748501827
2018-09-06,0.7423096392914059,0.7382459102140573,0.7852192255805198,0.8111494179349252
2018-09-07,0.0955391479931888,0.26551037348813755,0.4573240890083393,-0.022145314233893654
2018-09-10,-0.4054513143593156,-0.10515678516148523,0.22417204722304998,-0.6375365758980095
2018-09-11,-0.4958864377518535,-0.18844060816606914,0.12570084862460137,-0.6874709416601159
2018-09-12,-0.055189424520669106,0.11445040817106339,0.32685024344280644,-0.12053081881352679
2018-09-13,-0.28102160873171056,-0.09395039093390989,0.13487161578007423,-0.36758284800165203
2018-09-14,-0.498363768844534,-0.2580303260248681,0.04924702220239181,-0.6048637212597652
2018-09-17,-0.7598272978433953,-0.4802749730942929,-0.15238434547037777,-0.8655133589650287
2018-09-18,-0.8484791099297586,-0.5602729766682217,-0.24115607806133346,-0.9271824184175065
2018-09-19,-0.4810146436860267,-0.3010308681425301,-0.0814673956417454,-0.5102118381294365
2018-09-20,-0.33235924904561975,-0.21870613491173346,-0.05757921009241107,-0.34792059078921667
2018-09-21,6.420080250959408,5.225352403114621,4.126354921141736,6.717837220968633
2018-09-24,-0.1841562797321954,-0.428458023223049,-0.29896819793614154,-0.33649060694028227
2018-09-25,0.20372632966162796,0.16136519537488758,0.19218021694821008,0.1660319340241726
2018-09-26,-0.5507021432105351,-0.8998597328638421,-0.6750138056693545,-0.7403790376987274
2018-09-27,-0.26237955635311677,-0.4357370195223046,-0.3319612618157556,-0.3528899135032824
2018-09-28,-0.26370064255797226,-0.4185990660960627,-0.3457186208691819,-0.33394991844262567
2018-10-01,-0.6600465674660514,-0.8784084607085556,-0.6826947725344847,-0.7816517683537321
2018-10-02,-0.6353595175751736,-0.7986113174268477,-0.6026618870454294,-0.726260832241838
2018-10-03,-0.3304258666827665,-0.3958102503422678,-0.27118700674849006,-0.3735878417649885
2018-10-04,2.860462347717713,3.4388803819170453,2.702792405204814,3.1306292869930274
2018-10-05,2.759050762017779,2.580726526293386,2.420732699925747,3.371384528396991
2018-10-08,1.5946774701803845,1.4334802451599826,1.4164110616743546,1.9808984469896087
2018-10-09,-0.22326854160841184,0.050059060266192605,0.1214530302663814,-0.5529040963401191
2018-10-10,1.9442643730589306,1.665014178376376,1.6233513483657378,2.4167675798208803
2018-10-11,4.4245501949392,3.4565594402755555,3.2611463160215317,5.871782869583399
2018-10-12,0.19363579714481777,0.5754693180047867,0.6016554902902695,-0.19468989421167993
2018-10-15,0.27565864704233545,0.6039648774705042,0.6439585352748206,0.014493665750557383
2018-10-16,0.16370951745172516,0.4894048747651753,0.5184452392903827,-0.07318021124367124
2018-10-17,-0.10919502807801504,0.2661133527845042,0.28677665418304016,-0.36741987692422634
2018-10-18,-0.027808029773975257,0.29644479559778014,0.3214022783115383,-0.1980421914653187
2018-10-19,-0.15474651364813974,0.19234591543636542,0.2712983399970974,-0.3124264665320704
2018-10-22,-0.37068370352048663,0.013043272972372509,0.08628883231951762,-0.5166754277548459
2018-10-23,2.054775262411882,1.621695499994913,1.5657443861716072,2.2439180253152977
2018-10-24,-0.2850104270231399,0.12285341165233889,0.23385410488950112,-0.469180153889066
2018-10-25,0.11519583470194827,0.35784357076440054,0.42615115863509034,0.050241981734812646
2018-10-26,0.8925373524809758,0.8475973402221915,0.8573393907711894,0.9458133532601136
2018-10-29,1.886196919346116,1.5408511653079062,1.4779656735081086,2.1115946039888387
2018-10-30,-0.23932191131764755,-0.06978691519955091,0.049259412914731945,-0.41986376387361035
2018-10-31,2.076569436291446,1.8495613442869006,1.7486854028536913,2.310968711044906
2018-11-01,-0.180210337675072,-0.2216039496705029,-0.14216709261199617,-0.35233722988713423
2018-11-02,-0.20458651000500466,-0.22568891515938702,-0.12157712060070575,-0.3302243186649735
2018-11-05,-0.37621233287338274,-0.37674822562176724,-0.2149270338054416,-0.48599468840278615
2018-11-06,0.8130845619147249,0.8086616696048978,0.778048227742057,0.8406083729635275
2018-11-07,1.379882087414349,1.3064914307074105,1.2135660975196103,1.4819662753089922
2018-11-08,-0.2042306626735407,-0.26100067354787554,-0.1279846504480306,-0.3159566570869934
2018-11-09,-0.05951941161284258,-0.0974088742247608,-0.01169086115382062,-0.11782341383757616
2018-11-12,0.39735690895537507,0.3955105931241657,0.4318466307909209,0.3911562150188308
2018-11-13,-0.4781368362971827,-0.42569395638698876,-0.1806249265921197,-0.5796857071857513
2018-11-14,-0.43223392449002596,-0.3737970849788973,-0.17175049402025439,-0.4885659438200969
2018-11-15,-0.6419571660433302,-0.5542502187040763,-0.2842343125447982,-0.6867398136062225
2018-11-16,-0.4945559578125215,-0.4155975621600182,-0.2129301141647255,-0.5048848518207987
2018-11-19,-0.7198168329748506,-0.602842948384367,-0.32238769893009145,-0.7246139761376174
2018-11-20,0.5089475833794719,0.4684283865461871,0.4603157982556744,0.5040776044479587
2018-11-21,3.925373464327488,3.27261202071976,2.5131519814946652,4.0961440038749055
2018-11-22,2.1477909178582664,2.54534681426135,2.0181240056870973,2.4518183457591776
2018-11-23,-0.25888589663072825,-0.24592674681837112,-0.0555495918702606,-0.48870404812620327
2018-11-26,1.6769628128235519,1.6470128432317108,1.4821322567037887,1.9233299715326533
2018-11-27,-0.17183570162563716,-0.31413266357028324,-0.15409829188416485,-0.3627557655683452
2018-11-28,-0.31158762360943154,-0.43558912195601324,-0.22376922390704151,-0.48322235614362286
2018-11-29,-0.07069714802741667,-0.13501029577581486,0.020975817924374363,-0.15743220618236203
2018-11-30,0.6618031784260919,0.692369702896565,0.6502309168111251,0.6910656555730257
2018-12-03,1.7177160113214587,1.734949567099762,1.499778855603458,1.913222724875851
2018-12-04,0.09993279526036408,-0.006280440093523687,0.10060739129146434,0.010424106904984742
2018-12-05,2.7082807829245867,3.0459255225305806,2.4752628788533206,3.090833369106752
2018-12-06,11.847126754950706,11.053614912378519,9.652342644847925,14.895020811836593
2018-12-07,1.2762769236950384,1.4347432420876018,1.3243140243147682,1.1869423765815676
2018-12-10,0.982661818302107,1.170395868744891,1.010066996797224,0.7815075339279581
2018-12-11,1.4681507529467586,1.5251143206979285,1.4884208754333716,1.5090552336829115
2018-12-12,1.200492862379546,1.2811878069990623,1.2159570016623436,1.139694784425008
2018-12-13,0.4751151335617801,0.6240634211392153,0.4433200372703009,0.20365998740691965
2018-12-14,0.5142285000087621,0.6528347923328843,0.5004738939375019,0.33314493121297106
2018-12-17,1.1232361172231435,1.1620573951633566,1.1358110989718173,1.1118467808437016
2018-12-18,1.1309768777629046,1.1790134167699091,1.1740889809995656,1.1221325445018113
2018-12-19,0.9618801454278196,1.0578829248821893,1.0870489657109252,0.9240182990178435
2018-12-20,0.7350955128438913,0.8364745429291743,0.8620491484934136,0.6742770026063801
2018-12-21,0.19036907783212567,0.40609526152331865,0.5225751609821563,0.07694518030870129
2018-12-24,0.32309895259584953,0.49978929952176343,0.5854950168400839,0.27438227229717355
2018-12-27,2.3432257083022194,2.075581265673611,1.9597040880782752,2.394890933042054
2018-12-28,4.501213874412557,3.654720300823687,3.3268580709405082,4.88242783000344
2018-12-31,0.44713735075265637,0.357380306845775,0.49403830616986355,0.2503184086888295
2019-01-02,0.33520677011243605,0.2613077652536438,0.4049337720423199,0.1896501262856441
2019-01-03,0.5246096791596354,0.4843199142908302,0.577137225841478,0.4598223699005397
2019-01-04,4.096971144849768,4.159905023874573,3.631955615102233,4.300802709281283
2019-01-07,0.5129769196906384,0.1787160888623095,0.3219893212113794,0.3740675461215965
2019-01-08,0.715959196849679,0.5362432790742123,0.642820736447668,0.6520012336934091
2019-01-09,0.5791466193093509,0.36026082888458744,0.4715134804383567,0.5301277589320759
2019-01-10,0.4004678036864374,0.1271131670405378,0.25061118357313805,0.37152581426303866
2019-01-11,0.19867424385067095,-0.12942473079662956,0.006657224384460619,0.20052517194504116
2019-01-14,0.8406798239018507,0.845846135432484,0.8288715391224636,0.847208949977096
2019-01-15,0.33017666226310943,0.19861394024359963,0.3506062246926107,0.35066327550060317
2019-01-16,0.15495492315879816,-0.011623869205734272,0.15199471303240636,0.20291963848827463
2019-01-17,0.034735821456982896,-0.10872318611898013,0.11464540943750874,0.10656326617051866
2019-01-18,4.495039863157974,5.082631285675686,3.880608059804572,4.095336154443191
2019-01-21,0.09372656283741992,-0.45852051855067444,-0.1712212680020573,0.05663665605396953
2019-01-22,0.9954672566340369,1.169497027686177,1.0339510513868349,0.9954045867426511
2019-01-23,0.724497338746842,0.6779909110987208,0.70704087992807,0.7229877580069848
2019-01-24,0.10704018409421062,-0.08066700599711105,0.17356647810231984,0.10270403454346805
2019-01-25,-0.0832259802900875,-0.26422482276320386,0.06528615978495408,-0.05408498009412861
2019-01-28,0.8254506154989042,0.8455998412625423,0.8366531914304302,0.8256511788999941
2019-01-29,1.7817048688155948,1.838736995571148,1.5689039799402709,1.7387416016314747
2019-01-30,2.5875040440784636,3.065813465866464,2.438740980484116,2.581652938323994
2019-01-31,0.21125172516342203,-0.1791085098853997,0.05861423312304698,0.16056182650768938
2019-02-01,0.5255736979052882,0.3875936962435296,0.45131144999206074,0.5179125150304502
2019-02-04,-0.03442189283337467,-0.504148709307844,-0.26886020544584044,-0.029083783706475533
2019-02-05,4.686012716982443,7.148436799976079,5.771158488974813,4.502952988172885
2019-02-06,0.16041183513616047,-0.7145454562684205,-0.5339729139381466,0.07027418103843378
2019-02-07,1.2317061926862223,1.9506767048431861,1.6752143151248657,1.2408438851197445
2019-02-08,0.17382859394267813,-0.2825183765206878,-0.17272303852869184,0.11741012234664656
2019-02-11,0.6608228713672131,0.5953180544780498,0.5969376043838114,0.6532761991832231
2019-02-12,-0.04617789441067973,-0.5616080021025472,-0.4082110985022616,-0.051814953043664895
2019-02-13,0.602826984882762,0.591924191674692,0.5705888266268745,0.6126818373164278
2019-02-14,-0.17258663142497893,-0.702985922316002,-0.5958542415568228,-0.12468070807877718
2019-02-15,0.11759643250784341,-0.12321005347187874,-0.0907184440689992,0.17308837146967124
2019-02-18,-0.2662223944007578,-0.7250114553100487,-0.6717983675530266,-0.16168685704928476
2019-02-19,0.04974269049481517,-0.12884939835256015,-0.09986044246032721,0.12846750960881098
2019-02-20,0.282727748375385,0.24788864285311274,0.2496526745470996,0.32548218087711067
2019-02-21,0.6901203416944188,0.8704562006781843,0.7867837006359846,0.6757948842362095
2019-02-22,-0.4073509003947847,-0.6159076415891218,-0.48599618658340893,-0.3112978699458888
2019-02-25,-0.5321214137865878,-0.7264304190497983,-0.6107723571871444,-0.3978624356855293
2019-02-26,-0.24535543854419345,-0.3438550304766836,-0.28926894107778234,-0.13686647949733788
2019-02-27,0.06942967343681217,0.045659605867529485,0.08216811601903184,0.122250458207675
2019-02-28,-0.26138264079828966,-0.2814675216939355,-0.15372231647130719,-0.17330049483441262
2019-03-01,-0.2954669028270773,-0.2896212496028599,-0.12281230946171195,-0.2096309816193495
2019-03-04,-0.4367307506978287,-0.4444073770917184,-0.2785544862396163,-0.3306203351019627
2019-03-05,0.2436723765047224,0.24531295077682058,0.24913809741125048,0.2471062006568514
2019-03-06,-0.7330199159572577,-0.8314243579380041,-0.6705772086144736,-0.5997109723592124
2019-03-07,-0.19115988178976717,-0.21511989632678064,-0.17167394604820807,-0.13067731501538016
2019-03-08,0.4667345025066142,0.47253267262010723,0.4251948480126796,0.4313673552576106
2019-03-11,-0.4983988036649076,-0.44416775058138364,-0.28627578814493326,-0.4480427453915061
2019-03-12,-0.6653847139094794,-0.61305719295928,-0.45809936798375545,-0.5950554963374448
2019-03-13,-0.8991484711908081,-0.8366546526794864,-0.6802426020504738,-0.7976883086370987
2019-03-14,-0.6450497471950791,-0.5931711917982758,-0.49970167696671564,-0.5625653419643738
2019-03-15,-0.03726724287696159,-0.03658507793299448,-0.02689725189318859,-0.03167949527072633
2019-03-18,1.6513153946271675,1.6794460650878484,1.5650574714317012,1.4904253094036048
2019-03-19,-0.5902809827732935,-0.7602732279698519,-0.7447773268484258,-0.5822745099339511
2019-03-20,-0.41020625769912555,-0.5103887017404478,-0.5143006942996332,-0.39679396958339547
2019-03-21,1.0317355087150815,1.2092998862033852,1.1444216179141278,1.021367960812135
2019-03-22,8.612678998652754,11.81906249070278,11.74831395488511,8.968413419046598
2019-03-25,0.05139302325802031,0.19969009875039784,-0.06544567994956127,-0.17450224202491055
2019-03-26,-0.14320040919076882,0.040728686107505095,-0.18129179379027566,-0.3803987650705041
2019-03-27,-0.323794913931053,-0.1198084435848554,-0.3675592455255492,-0.5443867389639578
2019-03-28,0.047307951339081666,0.17125113725612728,0.03390067633105842,-0.04036261077310421
2019-03-29,0.1398183600423895,0.21847962806892812,0.11321088484745989,0.08772320896069596
2019-04-01,-0.055189431571531444,0.020136640271864348,-0.12542969343031707,-0.12560189082759865
2019-04-02,1.201180251084136,1.1325149253521243,1.3728457002260641,1.3020788374590024
2019-04-03,-0.265107603189961,-0.30996966586918595,-0.5346058689436601,-0.3710075004710587
2019-04-04,-0.4749748733364678,-0.5280675590973161,-0.8163135278459597,-0.572835547796064
2019-04-05,0.05629030166462867,0.04649648946409157,0.0009445717776594975,0.033716220792471496
2019-04-08,-0.6563888434941249,-0.7379727822768662,-1.0145465278898784,-0.7293992260052177
2019-04-09,-0.49016478681715425,-0.5342725160665573,-0.7308522121381829,-0.5218850265514516
2019-04-10,-0.8015323707226454,-0.8244662911928201,-1.023899007009728,-0.8385968434701246
2019-04-11,-0.8851234295035875,-0.8884553822487793,-1.0800396193410884,-0.8990483694970938
2019-04-12,-0.7983334380461796,-0.7850704221879994,-0.9354434218959139,-0.7933488368981854
2019-04-15,-1.0400375884272295,-1.0183401975827104,-1.2280701991003333,-1.0181342557124542
2019-04-16,-0.5183440876203882,-0.5013151678734424,-0.581289336726159,-0.5027692646596724
2019-04-17,-1.135949753942507,-1.1304782342267117,-1.3881215386883625,-1.10465916512446
2019-04-18,-1.1329471610990676,-1.1080244010600158,-1.3651108714696578,-1.0925860350127146
2019-04-23,1.2605436129087215,1.1879893232645011,1.5976498035926836,1.1972618922286766
2019-04-24,0.3063323468701371,0.39252180926408475,0.6561692048117196,0.32518770987480483
2019-04-25,-0.30636840097977847,-0.3148010348051635,-0.35585853175351245,-0.3347191862440495
2019-04-26,-0.9778539860501486,-0.9462847071254592,-1.0576696437102795,-1.1088576195669855
2019-04-29,-0.9880848842424793,-0.9414262479248879,-1.0328588781636177,-1.096141693440414
2019-04-30,-0.8546739541688703,-0.8084149559586616,-0.8976432206700586,-0.9264293101547371
2019-05-01,-0.5347738532423201,-0.49879415499263324,-0.5216358456712322,-0.5713088839828
2019-05-02,-0.48126145559425904,-0.43358334281078126,-0.4278472182363515,-0.5195680972000227
2019-05-03,-0.6479009007985292,-0.5577678216566321,-0.5110983081812416,-0.7264283934900966
2019-05-07,7.527133488363651,6.567816065161756,6.26568365648098,8.956370599526819
2019-05-08,-0.4897256997446686,-0.18433054117503894,-0.3540881875492292,-0.8471908857929226
2019-05-09,0.8147817085943895,0.7418247370016972,0.7673760802516082,1.0529198759334037
2019-05-10,-0.538279946545205,-0.19485053042989114,-0.2802803376655425,-0.8903012271574001
2019-05-13,-0.06288264798016252,0.11878811318721766,0.07513721408402435,-0.16626141243276704
2019-05-14,1.5987109187075133,1.2757707585151632,1.2701794035394234,2.120145950187528
2019-05-15,0.4567854163948385,0.4696276914049767,0.4673589876033812,0.5102867718938329
2019-05-16,0.4806833584493526,0.48239913468819545,0.4809076548445088,0.5351482093691319
2019-05-17,-0.5124718146926232,-0.5318113991739827,-0.5919326823006997,-0.8004306967059132
2019-05-20,-0.12517960266577788,-0.12563320737307682,-0.14984569061620578,-0.23914931479960766
2019-05-21,-0.5279159233063506,-0.48889966184139005,-0.46040161816860353,-0.7461218955918189
2019-05-22,-0.7151450452139013,-0.6639792724243108,-0.6499574882429902,-0.9329735879974719
2019-05-23,3.723127545058628,3.4911565441716097,3.496532566554791,4.492195897507233
2019-05-24,0.19695663139171143,0.2920721442008274,0.2552712245926883,0.12521898030451184
2019-05-28,-0.4671312050861499,-0.2953117027585413,-0.3909127822149571,-0.743802366077578
2019-05-29,1.8189860042433508,1.5956093404970393,1.6702574557476824,2.255944277665324
2019-05-30,-0.0979660323898996,0.08987346034326688,0.06753814248954498,-0.2892758397203955
2019-05-31,0.5179529315286666,0.5447497390084188,0.5361254187302532,0.5577607640622987
2019-06-03,-0.2932201205958411,-0.0605956305990704,-0.027388337994256315,-0.5172882227703273
2019-06-04,-0.25171815379539386,-0.05190612221968258,-0.03294216294971286,-0.4145959724325003
2019-06-05,-0.5953964255924934,-0.34742420839285376,-0.3388138318353109,-0.8049033702188547
2019-06-06,-0.09464875756101321,0.027213470338302237,0.025916494898929054,-0.15538007848108315
2019-06-07,1.2925709786408444,1.1176256732866028,1.1321102394955607,1.4920480108576406
2019-06-10,0.031833021807473605,0.041821193612534,0.02437611509259696,-0.021338834999853673
2019-06-11,-0.46670975251568037,-0.481639134571883,-0.5406101089172208,-0.6075284877500928
2019-06-12,-0.3654859593875893,-0.3752784195371717,-0.43195846169029384,-0.4563082168014952
2019-06-13,-0.7677565284100786,-0.7442249427949087,-0.7567633275046552,-0.9124770824173482
2019-06-14,-0.6298825513752395,-0.5976172852777282,-0.6195510047654846,-0.7202170036604083
2019-06-17,-0.8472538868637883,-0.7832027323158267,-0.7502047947586782,-0.9526419911865461
2019-06-18,2.6119473597582306,2.4127291795359964,2.3821720463579323,2.8637673395527754
2019-06-19,-0.14654177914767863,-0.22242757120870982,-0.2299573227374455,-0.20820905637123333
2019-06-20,-0.5834836267647949,-0.7004528018671581,-0.6686305892836668,-0.7311854503568541
2019-06-21,-0.7076073777683591,-0.8230087845762463,-0.8112984145209623,-0.8436218713870706
2019-06-24,-0.8555539098987279,-0.9509562778333949,-0.8931246365366221,-0.9919866508976865
2019-06-25,-0.9590074007153329,-1.0348719205078705,-1.0010337400846308,-1.0768533255750352
2019-06-26,-1.035784178598785,-1.088426318468748,-1.080715648936129,-1.1344726556197697
2019-06-27,-1.0150721854729448,-1.0421237944977857,-1.0289390808674745,-1.09363605922203
2019-06-28,-0.8600000512428647,-0.8621821895197281,-0.8271952348602959,-0.9182271596251924
2019-07-01,1.937881205244751,1.9567519383305336,1.9279732847371218,2.130321469289047
2019-07-02,0.8320651740120992,1.132603055513789,1.1934907134295896,0.9976719364734024
2019-07-03,0.17417605330482644,0.3124856129914766,0.38078484031948423,0.21249600365603882
2019-07-04,-0.8759747545923982,-1.3353467713093536,-1.4797291612041257,-1.0695586728769335
2019-07-05,0.20133883941562336,0.3933234253483737,0.5257339956017004,0.25121381586486424
2019-07-08,-0.9019437892010703,-1.132020052036615,-1.2313613843580609,-1.1156079945571697
2019-07-09,-0.9114948482499152,-1.0948138689189328,-1.1859442755461858,-1.0906143209808195
2019-07-10,-1.038033887928928,-1.1990153987484904,-1.2610288243764707,-1.2201642686958176
2019-07-11,-0.8890127835717143,-0.9888875237761916,-1.0302341350190403,-1.0174606606513603
2019-07-12,-1.1577669607402714,-1.2455550275695042,-1.2477260122395633,-1.3353186236935926
2019-07-15,-0.8333974310316419,-0.8698818081311672,-0.8754276211433186,-0.9295707550969732
2019-07-16,0.021442136651979915,0.04529136121674515,0.06737819002079282,0.09019627414070275
2019-07-17,-0.1885807345410786,-0.16990470951787628,-0.14165865538802724,-0.16330743481999166
2019-07-18,-0.1444039334830418,-0.14221314874297697,-0.1376699119627629,-0.11100966050491046
2019-07-19,-0.9739887170130257,-0.9487016500983444,-0.9403856209832415,-1.2045928286777392
2019-07-22,-1.1481195528127173,-1.1098025110810426,-1.1294528840377138,-1.3984370637469754
2019-07-23,-0.16648719239225973,-0.16907892008865577,-0.16716563086102165,-0.11292048336789962
2019-07-24,0.6053140679051716,0.6240237490742393,0.7091225182829242,0.8775441067668055
2019-07-25,-0.9914345751122474,-0.908351798229755,-0.9583310386944671,-1.277653175528134
2019-07-26,0.8451385972994057,0.7510936995237174,0.7646008698058018,1.2511805526123914
2019-07-29,8.025262397052531,8.539551895236395,9.054868592434572,11.16449535676611
2019-07-30,-0.0020497817003659047,-0.2959536649251976,-0.30974540558370567,-0.20821665064587902
2019-07-31,0.5231213481239121,0.7123645680534525,0.7511370271858302,0.5990650411076615
2019-08-01,-0.4295597298227969,-0.8059186431122265,-0.8170124567600029,-0.8161973773561164
2019-08-02,9.019340611267328,12.621262349145786,12.830281255165175,12.677608579899797
2019-08-05,5.550873331065077,4.853152261581128,6.419813253295726,8.300889004205544
2019-08-06,0.8599899118717561,1.0894245476619737,0.8425423702716167,0.554625383308686
2019-08-07,0.5688680372472628,0.8696747827921444,0.6466258511195692,0.16523983468141135
2019-08-08,1.371379947729404,1.4204087365012636,1.3744490901918351,1.4615412856410184
2019-08-09,0.5008296051914392,0.7061471811701452,0.4707987287871187,0.19662424064096082
2019-08-12,0.3788472889150406,0.6034968003417811,0.42394401822559125,0.10171660492809884
2019-08-13,0.26809670942241615,0.5084823972869112,0.38136113945555933,0.024783251518022784
2019-08-14,1.9768814945187947,1.7981482641446092,1.8830449345850875,2.231730821322324
2019-08-15,1.2622784403531995,1.2840547391763777,1.271377063854212,1.3206583212174148
2019-08-16,0.6094116267929186,0.8299452452459835,0.8393316995007676,0.47697345134043134
2019-08-19,1.0320077897257947,1.1006042514834355,1.0996057177039797,1.0325543314442858
2019-08-20,0.8434953944905925,0.9211642303209358,0.9122933063927092,0.8062178572120988
2019-08-21,1.2005478589430518,1.2068405746038866,1.216942841473537,1.2368367249675032
2019-08-22,1.1123626554217703,1.1217806797476864,1.1276662310418724,1.128099395044887
2019-08-23,0.30976216442681487,0.47351538741591104,0.5652390434406245,0.17988796173831526
2019-08-27,0.03819004052491085,0.2534471647695485,0.41677038651478737,-0.08999145672873532
2019-08-28,0.05995989552709864,0.26129072241688756,0.4137701780524048,-0.011583992833361173
2019-08-29,0.9531807003963575,0.9525058219438648,0.9793088775938678,0.9592241199661672
2019-08-30,-0.039180548779569974,0.07231445931852168,0.19296856294356185,-0.07655475748396233
2019-09-02,1.1160970500387357,1.0794319588682362,1.063422579564319,1.1167853343340406
2019-09-03,-0.17138532481266813,-0.16784907862472384,-0.07470867764625251,-0.18755175262569282
2019-09-04,0.16559211309827454,0.1772060982889102,0.25061722258125385,0.17646676358364716
2019-09-05,0.0701514774080339,0.06502431960174404,0.1301729438540592,0.09434318154223947
2019-09-06,-0.373777283240303,-0.3412887908538762,-0.16864919017394092,-0.32597528194488723
2019-09-09,0.17435536454734601,0.19048262597867427,0.2560830899444839,0.2048858886867025
2019-09-10,-0.18611312978997968,-0.11968095586677285,0.04168362942328105,-0.13517078874422145
2019-09-11,1.0622660034265357,1.0155519273785831,0.9403876635258291,1.0069064596817596
2019-09-12,-0.49849333959772224,-0.5647628923225043,-0.39516892540496273,-0.44217874113804995
2019-09-13,-0.43264879810091744,-0.4717305849350785,-0.3432005410403375,-0.3553531032820458
2019-09-16,0.09583069416438317,0.08725960372174424,0.11846723060840036,0.12729183234618957
2019-09-17,-0.6798266464260876,-0.6543413251228076,-0.46913137278236744,-0.5861169167660762
2019-09-18,-0.7561594400155397,-0.7137046757379695,-0.5421800739395728,-0.6341315993638812
2019-09-19,-0.07370821801258776,-0.059229198293659135,5.848777825090412e-05,-0.03337410896066684
2019-09-20,-0.8089644816467285,-0.807540126013425,-0.6634042947048324,-0.678179677338495
2019-09-23,-0.7741721942663229,-0.7549641906229503,-0.6047326276512347,-0.6431861544082672
2019-09-24,-0.38720977053358085,-0.36739095141495093,-0.2643330108531898,-0.3179843502921176
2019-09-25,-0.9976958132020715,-0.9031800718979679,-0.6437063826851864,-0.8684622709892342
2019-09-26,0.9702360832393735,0.8660858938573569,0.7138560448965532,0.8365021314778048
2019-09-27,1.734292029946325,1.8592685963214803,1.5327635656855327,1.6199778977665116
2019-09-30,-0.6541758772578021,-0.9087838914772287,-0.7765224563430557,-0.6685975151436808
2019-10-01,0.13448517576910823,0.1649459767135053,0.1353333664969324,0.13446262827742173
2019-10-02,23.530729030404483,26.622022496688256,21.633376992547888,24.480041980213592
2019-10-03,0.7237943259263523,1.0009621776576083,0.6636685632506619,0.4281051789653379
2019-10-04,1.1994928822422475,1.3168275789442665,1.2053287530497943,1.193567192557038
2019-10-07,0.6077926345327516,0.8347224182812407,0.5617844049414065,0.36344091558983815
2019-10-08,0.7166739576136628,0.8853786832955761,0.6717995718021037,0.5734232319064411
2019-10-09,0.3040445123077258,0.5769076802408288,0.3473736914288946,0.06566369985376164
2019-10-10,0.18284819744429864,0.46400354620943074,0.22393517794108275,-0.015127626574205744
2019-10-11,0.710358001896948,0.8310496964396183,0.7239819572895388,0.6707973508042238
2019-10-14,0.19624891969776503,0.391399650013014,0.17179314080382632,0.08821475620288838
2019-10-15,-0.10142944136811274,0.1571884156358075,-0.03095200517630457,-0.2118516549368947
2019-10-16,0.24477675300193516,0.4079907944495604,0.29394973959839027,0.2093866190599447
2019-10-17,-0.20143933846510076,0.07437021393580237,-0.011009160904201752,-0.25204820640975933
2019-10-18,-0.07384067996918553,0.15092913535790284,0.07480869121956521,-0.08273397402709193
2019-10-21,-0.3646164850631669,-0.06909907542806015,-0.08928330570648162,-0.3588407817217286
2019-10-22,0.26051901074507855,0.36741960759075887,0.35424083705309917,0.2712157804715168
2019-10-23,0.2237500704203249,0.306098102442605,0.28714165947033315,0.23610792005300174
2019-10-24,0.938759390413314,0.8726619333646741,0.8909966366050017,0.9159623240609748
2019-10-25,-0.49195798642966065,-0.4450662228513796,-0.532612742747643,-0.4710284571255514
2019-10-28,-0.5767002203427536,-0.5145514932847309,-0.5913623489224793,-0.5222237591168606
2019-10-29,-0.4548644784338031,-0.3936689583930402,-0.46308068908774147,-0.3857312140089877
2019-10-30,-0.5088711469378038,-0.42890074871698136,-0.4428375370138634,-0.4324327301319787
2019-10-31,2.0697855233996267,1.8997026538412927,1.960506216653823,1.8647177205670782
2019-11-01,0.4038345396561157,0.4254248994998366,0.41868096358854373,0.4038501533176131
2019-11-04,0.9250647226739558,0.8742137885307931,0.8960770849973059,0.9360262353528831
2019-11-05,-0.42199179074040716,-0.43570226786513266,-0.5087672063303839,-0.4624732020392906
2019-11-06,-0.5901207709748434,-0.595020317716299,-0.6893929872286564,-0.6022351739036954
2019-11-07,-0.6729473279262221,-0.6607442147300272,-0.7673819551070785,-0.6536782345724844
2019-11-08,0.10225650371709849,0.10560021483749615,0.09684429951765039,0.10830884870071955
2019-11-11,-0.38832104909112664,-0.3305655824716752,-0.35763558816805685,-0.37910622729693255
2019-11-12,-0.24160575409754015,-0.18496846354517738,-0.16845184969321259,-0.2360967991726175
2019-11-13,-0.753380289848109,-0.6785956022426813,-0.6705053856091273,-0.7365292509909859
2019-11-14,0.6711109867146939,0.6206071979370045,0.6009687327220068,0.6525138649377527
2019-11-15,-0.764684120449578,-0.5989565023633102,-0.5160298417080812,-0.8017020633723853
2019-11-18,-0.8819478545316507,-0.7006361201731661,-0.6330257214692008,-0.8947048153944805
2019-11-19,-0.8479632091858914,-0.6752029323001367,-0.6302321236009791,-0.8392575767438568
2019-11-20,0.9662788906967166,0.8026377137175279,0.7850817217424577,0.9395189808811089
2019-11-21,-0.6288428514589826,-0.43384448520318286,-0.38779802304618227,-0.6793470663530983
2019-11-22,2.8156170168897545,2.2031326786721444,2.0042399512500038,3.011731902115891
2019-11-25,1.077479066958444,1.1331378952971802,1.067882607491077,1.226435464310419
2019-11-26,-0.5798851793308782,-0.7960706221850654,-0.7490739110887814,-0.7611483039722624
2019-11-27,-0.4312034070572708,-0.5691087186241921,-0.5501504878031549,-0.5399723851390867
2019-11-28,-0.6878369719197936,-0.8624071443094481,-0.8619922516261368,-0.8043437246742484
2019-11-29,1.2309960434130942,1.423568046988918,1.3720692636599732,1.355703901814005
2019-12-02,0.676472182156929,0.6711705646869432,0.6628540172285985,0.7645553086558866
2019-12-03,5.112665651936734,4.662138923867688,4.3737997273405025,6.260823491144923
2019-12-04,0.03252216948657785,0.2551531985072183,0.19378495512047794,-0.22930179099955073
2019-12-05,0.3880783871889576,0.5014009879118257,0.46136621622985724,0.31352349984767647
2019-12-06,2.370751818374732,1.9993673857830483,1.9936871734633066,2.9708710105967775
2019-12-09,-0.11117561024111208,-0.07798435961122527,-0.09631177937142754,-0.41633096096926714
2019-12-10,-0.12695112724776234,-0.08201959040230496,-0.08530006727439585,-0.3613665820302117
2019-12-11,-0.31166257130041447,-0.2423444676855756,-0.19347668062758344,-0.5392152236306765
2019-12-12,0.5289594437035922,0.5370014989756005,0.542884933907339,0.5362406917260699
2019-12-13,1.3954681811067196,1.392089393717931,1.3774183629616334,1.5686743059676718
2019-12-16,6.610009890715596,7.656715164212963,7.7134542276148,7.885672501309702
2019-12-17,0.15769386156587634,-0.5611601802791031,-0.6140727216792053,-0.15130816894591548
2019-12-18,0.0804249064335839,-0.568670443345262,-0.63018624856254,-0.16785174905660236
2019-12-19,0.13695848697239613,-0.3304594919647368,-0.37991003179908056,-0.02707717157345274
2019-12-20,-0.13908301665682285,-0.7653941326946646,-0.8682354610515777,-0.30682265004444925
2019-12-23,0.11949762058724589,-0.17032934977367742,-0.20286731146129033,0.044009291603168965
2019-12-24,-0.30695975329841624,-0.8957128672484805,-1.0423617652319932,-0.40123158922285396
2019-12-27,-0.3829956093342936,-0.9159811555236075,-1.0748300718863784,-0.4365038485528591
2019-12-30,0.44875586391011324,0.5959170240663882,0.7571750300572664,0.44837277469119785
2019-12-31,0.07666821218062775,-0.0294164519052853,-0.04809956678001637,0.058796228439177534
2020-01-02,0.6036524880772444,0.665114545541446,0.6853306066341879,0.6104416585490244
2020-01-03,-0.40950774019614633,-0.6930973089052914,-0.7587052201166115,-0.4563273311804595
2020-01-06,0.10234707263948128,0.045648245189267356,0.043819334629142004,0.09697385469031805
2020-01-07,-0.5967951180240267,-0.7849306285748853,-0.8061282157011074,-0.6274473880897499
2020-01-08,-0.6905436261542074,-0.8535718611580747,-0.8812443751513057,-0.6895745571593123
2020-01-09,-0.5777003826965744,-0.6850608269838792,-0.7198252645755931,-0.5534432218126653
2020-01-10,-0.8103713177028798,-0.9340191514497767,-1.002228885023192,-0.7608646374096054
2020-01-13,-0.5433714927956177,-0.6032909567196715,-0.6270869364197016,-0.49960678817218795
2020-01-14,-0.9669207141118967,-1.0764660582360084,-1.1500177231113218,-0.8897373046304479
2020-01-15,-0.8527913562660095,-0.9185550694959794,-0.9957157085911896,-0.7740385480111749
2020-01-16,-0.5459003056848413,-0.5758899308009747,-0.6214265086971513,-0.4962856190232964
2020-01-17,1.078668840903715,1.0927870137617892,1.1688339317208343,0.9945242494315687
2020-01-20,-0.7360539536467207,-0.880259580068496,-0.9530059312569574,-0.7358449049544132
2020-01-21,-0.2320832420389004,-0.25340530709824327,-0.25612830382759333,-0.23250243970689843
2020-01-22,-0.2899769724611987,-0.3047958733532359,-0.3002231197454315,-0.30061809695484143
2020-01-23,0.9583996620620813,0.9469401958290291,0.8812079955910324,1.026991853191854
2020-01-24,1.6583896388386314,1.4919709682050704,1.400698725998808,1.9105722109003032
2020-01-27,10.01175498004898,11.066897401292088,10.582787850965698,12.131375357980763
2020-01-28,0.8601973081791509,0.9402251786167148,0.8539029597528144,0.8525833455038241
2020-01-29,0.03974965744649891,0.23180679344528488,-0.07845374903464158,-0.3273031366079124
2020-01-30,1.9374381471890343,1.7696771147821329,2.0569746518722303,2.3717589427193477
2020-01-31,1.6802275261647197,1.5645744363496616,1.6456307192903756,2.0006694874905313
2020-02-03,0.39809582306766333,0.6379045860209269,0.5461534080839898,0.16162590329219767
2020-02-04,2.303070355363021,2.0215728883717277,2.1217955551098244,2.792884106604967
2020-02-05,0.4450105823910951,0.49975374550441787,0.39268477916992106,0.23787838851397808
2020-02-06,0.16507222906868585,0.22148228725053828,0.07568884497999401,-0.0707098725615198
2020-02-07,0.24372900685940302,0.2954452449756037,0.17362165540395336,0.09502216341713923
2020-02-10,-0.016033627723334096,0.07381005220287917,0.0003956237008300445,-0.18012944365001715
2020-02-11,0.40718336629184293,0.45701151192624095,0.4447366201802954,0.356885922350167
2020-02-12,0.040711251642676194,0.08979556746602496,0.058462188314795355,-0.040801531149107895
2020-02-13,1.3392935292787442,1.3057881378760625,1.3393675119693524,1.3962762751784463
2020-02-14,0.19541391451029244,0.2848092746169669,0.2840286535188301,0.1261175545783046
2020-02-17,-0.13005853749891777,0.02122625739438397,0.08954858173191194,-0.2214949011524076
2020-02-18,0.32724585510456644,0.39135788432445706,0.4198515239999729,0.3076637660273142
2020-02-19,1.111134420693937,1.0404117875108259,1.0229426173589689,1.1492214788063164
2020-02-20,-0.21909941603370955,-0.15837491322106895,-0.05515669218251354,-0.2964128926737325
2020-02-21,-0.11679765665954034,-0.054202897257040306,0.06687472024657146,-0.1552071936961374
2020-02-24,17.94344531968369,16.072724532699436,13.041077956770234,18.613147030215707
2020-02-25,2.6926398430137684,2.4160942988255476,2.6104612495955886,3.283278542363172
2020-02-26,0.7927481819599067,1.1772383114827591,0.9891178185664978,0.43223126847812404
2020-02-27,7.431233145706601,5.5488353195282185,6.387050986945286,9.764055091405147
2020-02-28,4.504410850390519,3.737735578509227,4.10652474415331,5.868969828842971
2020-03-02,1.6879035261662865,2.026759254271761,1.8754444105412178,1.4241285588135826
2020-03-03,1.5270753876111633,1.872640278615505,1.6926202214131936,1.260016398335394
2020-03-04,1.8167457424529363,2.0177491514582995,1.8904637032748122,1.7360402628431582
2020-03-05,1.9882436802591161,2.0884177642097654,2.005177040302326,1.9861065010434809
2020-03-06,5.583143093918203,4.548530362707517,4.928376783002997,6.637142956134794
2020-03-09,16.540203788496243,11.793271144772364,13.418067074136655,22.2399577302476
2020-03-10,2.404856307654299,2.859388200694014,2.4639497351211004,1.9011764591226232
2020-03-11,2.478138331337888,2.8712414488434512,2.5192196282315527,2.156342303972411
2020-03-12,17.312433185540385,11.984986941563868,15.645997092495357,23.78275085351051
2020-03-13,3.391869779616103,3.7715386993864968,3.3780674757561684,3.0434252464360725
2020-03-16,3.8387571224568298,4.002631687547611,3.825315471975101,3.847907825348483
2020-03-17,3.380448550252557,3.712637969829711,3.4040923107724828,3.1599369103842707
2020-03-18,3.8405332507143717,3.9540156426153037,3.838045870996033,3.8774772594319566
2020-03-19,3.0091844651831923,3.428852297012567,3.079003072248761,2.7301773107419596
2020-03-20,2.820234038832445,3.2688731859532667,2.8552751626677564,2.577979654252239
2020-03-23,3.7061268469587847,3.784244531438711,3.705773777316219,3.734018319448981
2020-03-24,7.925430753980633,6.38607923315436,7.425737294500354,8.723045399997659
2020-03-25,3.946182656323667,3.944754486250617,4.003447948312308,3.957936160753266
2020-03-26,3.262232727130791,3.181845996840254,2.870433385477729,3.0804557016651946
2020-03-27,4.488611796695044,4.568501325846719,5.238681137989891,4.626658704600512
2020-03-30,3.0261196317660124,3.0423505578051695,2.669588282142387,2.8410225417489507
2020-03-31,3.0674107895905776,3.08961492259909,2.7694533282275686,2.9688408010727434
2020-04-01,3.7264243342879437,3.7269925659461602,3.8342705400878376,3.7273159265333433
2020-04-02,2.7539317328238146,2.8450298366119964,2.4974221112277157,2.696767510263754
2020-04-03,2.7139989544002114,2.810685693240765,2.4676628080258625,2.7234453387243316
2020-04-06,3.254737261101697,3.2914359472300356,3.22261338367419,3.2738308485741094
2020-04-07,2.8569087873037713,2.8892918009338615,2.685773314491306,2.914163482329066
2020-04-08,2.393709099648971,2.414052170216867,2.00916996650411,2.527117291377082
2020-04-09,3.114219580557556,3.1198150896935557,3.1308004169124786,3.1576794943752495
2020-04-14,2.3033874341863028,2.2584968069153692,1.8741667482951399,2.4994470511923375
2020-04-15,3.5163108616098144,3.528028836656863,3.812989440349323,3.4504386348210456
2020-04-16,2.1776757866027485,2.2536051384515168,1.994633887280278,2.4056236335518366
2020-04-17,3.0445363334326174,3.045973020776066,3.073439304461278,3.0783523761824036
2020-04-20,2.0338368158766116,2.019989637842261,1.7007518409717808,2.3230772807399425
2020-04-21,3.254196009872807,3.254514783065904,3.48221978189922,3.1983059650438577
2020-04-22,2.676039218933104,2.702747718748295,2.648581419152058,2.789292347299944
2020-04-23,2.021587254215945,2.040524681543891,1.806359244560283,2.3146570846970493
2020-04-24,2.0474254029375287,2.063063838718688,1.8585358337124533,2.348217940250575
2020-04-27,2.171822821032988,2.2004123978125185,2.1001902851908953,2.430878061321922
2020-04-28,2.323392194253495,2.3268684487964824,2.2805731214420124,2.519732480479955
2020-04-29,2.978764260033272,3.0050762745179886,3.1954671813207955,2.9164336049089683
2020-04-30,4.172229124429565,4.548140434929958,5.3324166374856965,3.7009432513124914
2020-05-01,2.7248474514693544,2.7258810190021987,2.7456026920754946,2.7762558846522585
2020-05-04,1.759667761831035,1.8524260739541003,1.689964017310917,2.0512759053956193
2020-05-05,2.160286529045757,2.2147784153847248,2.1361260616953857,2.358833449508573
2020-05-06,1.56203158319262,1.6255182811266566,1.435204934810533,1.948684468618521
2020-05-07,1.8957423795782042,1.9404944023755557,1.8327054048885234,2.1809741867303205
2020-05-11,1.357941039332187,1.4007860423179481,1.1727197583756317,1.8434436751740697
2020-05-12,1.476535928578522,1.5222594327413057,1.3463950536737688,1.9246339059753552
2020-05-13,1.8797257517859132,1.8926176565180142,1.846125810641547,2.141013980564731
2020-05-14,3.701096146359531,3.5458997842094613,3.772863440570453,3.128013985227867
2020-05-15,1.5582541135884882,1.7167696473894805,1.6273911370256267,1.901280858383731
2020-05-18,6.612142158865671,5.838773963408836,6.366925786092387,4.9960568634621785
2020-05-19,1.6994809687596486,1.4345251480799948,1.2863050700864285,1.8968308376665404
2020-05-20,1.7338981281569923,1.5436349004338152,1.4756994276460842,1.9460613793538926
2020-05-21,1.5573393080104223,1.3313652935473088,1.2382047141240657,1.8296830347489088
2020-05-22,1.3061715135514822,1.0699976624090655,1.0259292728385532,1.6668127286514862
2020-05-26,1.631674914804645,1.5288745601916705,1.5266025773492031,1.8947524431962801
2020-05-27,1.6116741470325358,1.5093005927376608,1.5017380454195821,1.8755533935005162
2020-05-28,1.540542449233096,1.4230476141239095,1.4110079462285516,1.8227290436775045
2020-05-29,3.020817883333953,3.536435015429317,3.6658390539723222,2.703458170176486
2020-06-01,1.8079367753895734,1.785411472912859,1.7739328771295266,1.9654700770578457
2020-06-02,1.2980273177347148,1.1784907150818236,1.1133459449006655,1.6185297899138251
2020-06-03,3.5406182797166945,3.8771035673474725,4.138535796138431,3.0426328078777614
2020-06-04,1.231115227287292,0.867993814721785,0.7573688811624205,1.5278871438568093
2020-06-05,2.838631947412268,3.3430079046869627,3.45729785585543,2.6311439018967526
2020-06-08,1.0790519509923524,0.5105133687433129,0.4214565173463661,1.3963078921467493
2020-06-09,2.7217285196881322,3.483057773998333,3.6162812716793242,2.53933252166619
2020-06-10,1.036816296339006,0.7809928416742098,0.7038861977771024,1.3423300412787418
2020-06-11,7.584208295045983,9.130204525360499,9.642862855704534,5.8927868383793065
2020-06-12,1.465554332813117,1.6047933975636077,1.3371791194391216,1.5242303863002133
2020-06-15,1.412881310204669,1.5524315960580257,1.290681720652018,1.5229864031983853
2020-06-16,3.7502177104033345,3.5099601130774167,3.839303220621456,3.509697193420994
2020-06-17,1.341952093404255,1.260950447047391,0.999486448727935,1.4338469983261422
2020-06-18,1.2742971666352665,1.214509134894505,0.9620653347529011,1.4215354725799152
2020-06-19,1.4948213366906384,1.4703320947310146,1.3545802600486059,1.6314369263998194
2020-06-22,1.2275455945914981,1.1732068139038214,0.9989218860839468,1.4312503824248766
2020-06-23,1.4957436581634744,1.4810646125936733,1.4285807262689054,1.6432767580006042
2020-06-24,5.067765141846113,5.349130295859437,6.003192715781767,4.242952873350984
2020-06-25,1.223147111648018,1.3623023249419102,1.1538712054650615,1.3361608646871233
2020-06-26,1.0717722038837003,1.2270272273924756,0.9987913897297062,1.2484446706895655
2020-06-29,1.3878335167841231,1.4888013271320915,1.3510805890996282,1.5317084533983263
2020-06-30,1.2091543001428875,1.302499156550287,1.132436772289793,1.3994334258872807
2020-07-01,0.8040864791525029,0.9687215048751175,0.8083937521828628,1.1033399379091815
2020-07-02,1.573920092940952,1.6057471585686915,1.5790416946947512,1.660821448730379
2020-07-03,1.5881849041277079,1.5986379524584975,1.586228013586624,1.663787709321999
2020-07-06,2.883273722951715,2.718237252799406,2.780946616796821,2.579504440295489
2020-07-07,1.8668390141778246,1.8764102424718874,1.8976916165684137,1.8743541296041408
2020-07-08,0.9196624359494223,0.9400105865765496,0.9263039261707676,1.12115895995713
2020-07-09,2.2250744587597344,2.200501364033336,2.181154361139311,2.128616194888692
2020-07-10,1.0162657487612117,1.1187085582456544,1.1836929981940763,1.1841721591668795
2020-07-13,1.5558314687552353,1.5747512686670047,1.5900245910950916,1.611090560730542
2020-07-14,0.6380189942844292,0.6772472039798328,0.7218598172966718,0.9026209724385172
2020-07-15,2.4729420676733023,2.421487574381729,2.3926835741686014,2.255238672642021
2020-07-16,0.852647096644507,0.7517823560981107,0.758193035907539,1.053094804639935
2020-07-17,0.7590410326807278,0.6867773863289901,0.7493196189943386,0.9908860766025981
2020-07-20,0.5659399324177142,0.47812578476777345,0.5367543136255112,0.8616854081726788
2020-07-21,0.34271438220123085,0.27078598589192043,0.39818995281021763,0.716358392470246
2020-07-22,1.0267821473085752,1.0178907005632922,1.0406532126959638,1.17405975599715
2020-07-23,0.20679425331009574,0.2252850945214931,0.403413567407631,0.6204069564915475
2020-07-24,1.936899056050374,1.9066000588297323,1.7983328853260303,1.7129567286683365
2020-07-27,0.27280878227525224,0.4006644185040208,0.5632625608314566,0.6197574522829618
2020-07-28,0.2362137319174667,0.37162557106964444,0.5605827033505271,0.6028848313383596
2020-07-29,-0.00762670618729184,0.15068102265430797,0.34877581946646874,0.4521039079451353
2020-07-30,6.038645127598695,5.222850771343381,4.52550479480938,4.0822879899371465
2020-07-31,2.041395600608799,1.9031409811116404,1.9004945147379877,1.942538508305951
2020-08-03,3.7431548837553303,3.130350384621991,3.0440190838640286,3.483975891212541
2020-08-04,0.6609613263824883,0.6793647088153919,0.7165074969908496,0.6735691095704167
2020-08-05,1.2861578641021962,1.29568565748124,1.3038897312825384,1.306081576748631
2020-08-06,1.4978324360363702,1.4981211890816128,1.4979388586398112,1.5021143465073514
2020-08-07,0.5146850627812187,0.5633461565859349,0.6391153566094558,0.590892581300895
2020-08-10,0.4542354132871491,0.515940766623434,0.5788559307656983,0.5798659011455524
2020-08-11,2.4623280399608616,2.3779845797515637,2.324469412234582,2.277618586473743
2020-08-12,3.1517929816916803,3.420143459098605,3.358759572505119,2.9627422692255623
2020-08-13,1.8714377601853993,2.1164717363497734,2.118393079104244,1.862289941021724
2020-08-14,1.9294764499822006,2.0300158331601272,2.014160686025309,1.927200534529397
2020-08-17,0.8442335565711312,0.7868030549824558,0.8368633158114503,0.8311574963062905
2020-08-18,0.9494380846572352,0.905788998296541,0.9338318472717722,0.9696862705571709
2020-08-19,0.6919975881642243,0.6709463880332694,0.7695151981521776,0.7407981701601651
2020-08-20,2.186066622909302,2.211374578429453,2.1292781421017777,2.110231678135203
2020-08-21,0.5057680555129239,0.5918803480317129,0.7090583717866984,0.5530842137674256
2020-08-24,2.362812868705445,2.2690338463007804,2.173793796538172,2.2715052571756607
2020-08-25,1.2464285408711007,1.2297285329962613,1.2517973576519086,1.2589176440135201
2020-08-26,0.46110035449371056,0.4464485642620604,0.6184275485322365,0.5148681737945994
2020-08-27,0.7428214346821163,0.7442883114098546,0.8455523219525236,0.8101459309504142
2020-08-28,0.5529765335401883,0.5849174198051487,0.7572645285334266,0.6503904947040398
2020-09-01,2.6208968191861826,2.5199598772103147,2.247568879440392,2.419455539512184
2020-09-02,1.6081494300929102,1.5816337992497496,1.5994145988271842,1.5946987947718545
2020-09-03,1.9790444238476739,1.9443678263145845,1.8679610567316156,1.9497000102154467
2020-09-04,0.9550186801875047,1.0344735420132123,1.1740662078558408,0.959117438207473
2020-09-07,4.122308715951439,3.6850277862732526,3.200822993540309,4.0452896804319085
2020-09-08,0.6630557115596593,0.491037847279734,0.7399989500073515,0.5831398712220657
2020-09-09,1.6526356761603966,1.684145159174554,1.6464478829903624,1.6556557725616383
2020-09-10,0.5570756233594852,0.3041025052092273,0.5354516420756035,0.5370344940374011
2020-09-11,0.5762283065320604,0.3808752502176411,0.5920321128365502,0.6056864978995279
2020-09-14,0.33170710368647516,0.10405146017706451,0.33999788377592366,0.41472477835658006
2020-09-15,1.591646140223309,1.7028076713774987,1.5774735701395144,1.5519456547881465
2020-09-16,0.39976394495868384,0.12585567302249367,0.30418963828415974,0.4964472973482651
2020-09-17,0.3444945319465043,0.1178422241879056,0.3319597580447521,0.46991638478224756
2020-09-18,0.5387136983419939,0.4246035646680163,0.5842898152089607,0.6453918456332688
2020-09-21,11.594377178717513,13.586939812215295,9.691475329408378,9.707104829476082
2020-09-22,0.894583581889811,1.1246419456164234,0.9836411909285852,0.7291745587265078
2020-09-23,1.4031932381811778,1.499302706198945,1.432896580096369,1.3718929225240624
2020-09-24,1.5403716960628986,1.577805815191641,1.541331029749139,1.5331890029598882
2020-09-25,0.7109170140434021,0.9286065423526603,0.8494621967973862,0.6262543820085464
2020-09-28,1.761934326120235,1.7405956096019226,1.7416735263558154,1.77061134793164
2020-09-29,0.7061372492426086,0.8086460379743897,0.7085022148378115,0.6755484026693698
2020-09-30,0.63855532580292,0.7556393851025365,0.714343759137461,0.6450116319817132
2020-10-01,0.4033712138783994,0.5600094578043773,0.5771272515922118,0.4500400105375542
2020-10-02,0.36895080391742685,0.5251609595662412,0.531904105468872,0.45910185078897614
2020-10-05,0.5596220189956331,0.6715821295483635,0.6688111048428884,0.652021492113614
2020-10-06,0.09559648382488015,0.24421990249691827,0.22506024447962025,0.2716615212544512
2020-10-07,-0.02488655903530447,0.1401602542000763,0.11296529630617269,0.20279272344400567
2020-10-08,0.18642474315953209,0.3137277665762325,0.30040298805050064,0.38433847610058103
2020-10-09,0.30214374657857024,0.3875895621296064,0.3695776199783408,0.471693778053741
2020-10-12,-0.18129503334437158,-0.06691238011300739,-0.11170819414338479,0.11533939866883895
2020-10-13,0.04288384089054975,0.13192481642910786,0.13363627184552654,0.2775684730405778
2020-10-14,0.10082121431163393,0.19129565654965333,0.23834378939033793,0.3064304540345525
2020-10-15,4.281143889726678,3.63230235591914,3.2397016773842506,3.2317155958787893
2020-10-16,2.2800022882798157,1.9731726570085109,1.9385972371462503,2.148135420433134
2020-10-19,0.39446328069242903,0.4424867036877026,0.4592760026894819,0.4211002728814097
2020-10-20,0.007181300799498543,0.10775000222682327,0.20613145296153784,0.07035966897967175
2020-10-21,4.0529691152588345,3.7102373270967663,3.483444967326077,3.724330510141152
2020-10-22,0.2310210001534276,0.47589826540629865,0.4866898806237616,0.1762816723862685
2020-10-23,1.5858702179921336,1.5050643653667128,1.5047981633702687,1.5880137752462282
2020-10-26,1.3336720262813166,1.3195089247895668,1.3208886459100837,1.3381911050616897
2020-10-27,1.1790706589040876,1.1937253957017093,1.203122681043505,1.1800069303981444
2020-10-28,5.71376098207111,4.842811894313412,4.461265634543952,5.955586269694069
2020-10-29,0.6117721433398802,0.9382585952528114,0.9329393230660258,0.39282977526357366
2020-10-30,0.49653076094619186,0.8356500827631206,0.8243541247124597,0.3354243656810276
2020-11-02,1.6901878370784151,1.6524230516783023,1.6519460456460768,1.7316200936539672
2020-11-03,3.948575341001226,3.4614405852809638,3.51589918143839,4.2424989597981035
2020-11-04,2.081100012168754,2.1414785219158925,2.1823889608692877,2.187176834436923
2020-11-05,0.7582324012200056,0.526172222023732,0.44812557719733803,0.5934032546013182
2020-11-06,0.572255864354548,0.3317775561614606,0.2348694440871227,0.44863801738241044
2020-11-09,13.739429391004249,16.79992901337042,18.49332984968563,14.600202685177837
2020-11-10,2.1560894539518314,2.8693403652727567,3.2074730408182357,2.1607087746837887
2020-11-11,1.780440134407348,1.7700344966584618,1.94706248865683,1.6577984635261465
2020-11-12,1.3480399176253768,0.43808375032075636,0.33867538071763514,1.1367448132985318
2020-11-13,1.1480711242882888,0.08874243350582954,-0.007057745319774766,0.960392986338896
2020-11-16,1.9980811188888206,2.9137270449604973,3.0083253143605604,2.0094375613973448
2020-11-17,1.2695157923547176,0.7374571203276445,0.7350454735865977,1.1848776061752808
2020-11-18,0.9390578507181001,-0.00451462917091186,0.00604484060370869,0.8619019804869821
2020-11-19,1.0742429539332368,0.5786909731441475,0.5781380227535742,1.0582543539611728
2020-11-20,0.7381252683277265,-0.06256721035756231,0.005656236434498585,0.7522905985432189
2020-11-23,0.6295095760436505,-0.13657379151893032,-0.08215461413412857,0.6975521844396216
2020-11-24,1.9530591573253728,2.9112895103963394,2.68734450694535,1.9049674491844009
2020-11-25,0.7634802911217817,0.2193429762634217,0.25149930367962686,0.8380447301266211
2020-11-26,0.5617648112362579,-0.07522901581409014,0.03272587043317951,0.6791086186859943
2020-11-27,0.340800467637841,-0.37472092176012145,-0.17008667682275302,0.5167650197483895
2020-11-30,2.2872183416110574,3.637820818673998,3.1147496945218105,2.091881807591725
2020-12-01,2.828226935987568,3.4182902365855985,3.264076977966175,2.6407342223574752
2020-12-02,1.4094589651696454,1.5297521072684241,1.5093509255736683,1.4167824057718656
2020-12-03,0.5818302520356785,0.055980777911360524,0.06666104236387799,0.6476331918629361
2020-12-04,0.9524053082284187,0.8323131487524063,0.832446819216806,1.008198016729591
2020-12-07,0.32173445033603637,-0.3082194823382068,-0.3318677295940456,0.4668564369834374
2020-12-08,0.2044328180647449,-0.39670031747553725,-0.432570744600511,0.40307041266012483
2020-12-09,0.09478366001768329,-0.4709776954136255,-0.518356219452165,0.3445134233359314
2020-12-10,0.27388212443413384,-0.051562033662858386,-0.08042781414186073,0.49825805656744987
2020-12-11,0.6173678516302353,0.592518048574636,0.6160187754794689,0.7465580407190868
2020-12-14,-0.05921065464354726,-0.41081274382631666,-0.42098998840635465,0.243656955896831
2020-12-15,-0.11769494022361966,-0.4175681833695502,-0.3854331571951857,0.2113074576004011
2020-12-16,0.7469005749043852,0.8152521370495768,0.7822138497715168,0.7967626471575622
2020-12-17,-0.17812960316836596,-0.5010814158379993,-0.45049300090838285,0.15185692230191833
2020-12-18,-0.2221939420158715,-0.4877808804794518,-0.3959714535665527,0.12119457438163236
2020-12-21,4.38116138254835,5.655190151510784,4.81324546453936,3.13672238068114
2020-12-22,0.27616756689455685,0.3176917881785239,0.28612614552848326,0.38178536477228087
2020-12-23,0.35372806349765695,0.3758961232628658,0.34451382370073325,0.4542182715472929
2020-12-24,-0.19286209761060744,-0.18408510983563067,-0.2622995293182224,0.009576405494058715
2020-12-29,2.90419718413473,2.844032073180933,3.0424443826793186,2.444705274541871
2020-12-30,0.46332021816020824,0.366689861353986,0.3399558498424184,0.5208197237100405
2020-12-31,2.312165049836498,2.6218638203855216,2.6781107091948337,2.150437343388479
2021-01-04,2.852082582377441,2.826750743318246,2.900856616191302,2.8096207100649266
2021-01-05,0.5169135739590472,0.3516619785010049,0.3100004009061091,0.48103649145016514
2021-01-06,10.342245988889417,13.130981698456422,14.226697816807452,10.45599757621407
2021-01-07,0.8478714831421303,-0.15440011773877801,-0.27958523176098904,0.5921907413626262
2021-01-08,0.7340542628381889,-0.22531259205219595,-0.36059030613657017,0.5384823061791224
2021-01-11,1.2531787756956319,1.3754790633595948,1.5225257540438533,1.212224710140779
2021-01-12,0.8019530129456997,0.33805156685340165,0.296051241257365,0.7097732606911121
2021-01-13,0.48190274968929386,-0.14356413757752773,-0.1438874275437169,0.3975003047608578
2021-01-14,0.8439495999068332,0.6437249190902142,0.6464950024942722,0.827835757383435
2021-01-15,1.0093145380019137,1.0052510860437667,1.0046832539039783,1.0093057130335132
2021-01-18,0.3100991858999962,-0.12293180137304703,-0.06815415020777954,0.3153573872891783
2021-01-19,0.17582391824061536,-0.24061522761250756,-0.14405135015519474,0.22879680676001635
2021-01-20,0.21169644398233148,-0.10639400964627846,-0.015213718442124435,0.2988370106832492
2021-01-21,0.10295975562888281,-0.2119809767476198,-0.13291674824364028,0.22858342747173827
2021-01-22,-0.024561506073153355,-0.3164528917242708,-0.17905617686004194,0.13736727994635073
2021-01-25,0.6653855282078046,0.6737853337808344,0.6590234868679121,0.7088315033569416
2021-01-26,-0.14912002249291437,-0.3062266992617083,-0.0848674699736269,0.0294591155958621
2021-01-27,2.0355167193889727,2.2654157528389662,1.946495474667033,1.780702393533225
2021-01-28,0.31035257535576966,0.3274605492074308,0.42216122114900956,0.377252253096404
2021-01-29,3.898626758771781,3.6852957701504145,3.1433368599040494,3.5372241331979177
2021-02-01,0.862794886345576,0.9383964488319823,0.9846599823560975,0.8523860481565046
2021-02-02,0.6384602131204027,0.7167278109447413,0.7646332782981402,0.6272125535692213
2021-02-03,0.05527476287664432,0.1682416056808946,0.23683485665201037,0.05548678949155181
2021-02-04,-0.06493921688110968,0.06485238522915256,0.15550865703737693,-0.01916832164938376
2021-02-05,-0.1174035123085112,0.01998565426141158,0.11329085086676868,-0.03136268775905528
2021-02-08,0.09052141547351661,0.1978520416605285,0.2937637967479057,0.1755580597737984
2021-02-09,-0.31755842608339446,-0.18091774237387276,-0.06523595620418982,-0.16651331752752635
2021-02-10,-0.42184984639336554,-0.27039092105386847,-0.16644108255645565,-0.23018107668426532
2021-02-11,-0.5295127679294842,-0.3613542073014171,-0.23865207398247376,-0.30071924726865557
2021-02-12,1.0023498104477597,0.9109189229411927,0.8791666761968018,0.8857341806768955
2021-02-15,10.32470258163304,10.021548287271717,9.267595752753229,8.488004772737874
2021-02-16,0.17458941809526762,-0.5825252606628346,-0.5564347072171367,0.04357999430481869
2021-02-17,0.35672505537826155,-0.04828038802224732,-0.029980508367529413,0.2994758263838564
2021-02-18,1.9903919555401484,3.0823838740827254,2.792914736614208,2.050105182401914
2021-02-19,0.11771389868910288,-0.153719678686573,-0.1255101391032105,0.0058793419866750496
2021-02-22,0.02960097908241984,-0.21245478831223266,-0.1943937367471033,-0.03196278487863609
2021-02-23,-0.05757154919541561,-0.27012866757561144,-0.21896216570670493,-0.07705613271234818
2021-02-24,0.09768548875058489,-0.037435288661734456,-0.011710002396255803,0.1141925281261304
2021-02-25,-0.26708833372848156,-0.4748917682742765,-0.45418673037994634,-0.2135171105942451
2021-02-26,9.268387429741134,11.051953912285747,10.625473554279772,8.505562566137192
2021-03-01,2.2096118278366177,2.055472828937133,2.2757876080168655,2.446172357620267
2021-03-02,0.4930484998136,0.5221585359818388,0.2475789382575116,0.29672928012581434
2021-03-03,0.9347615469924542,0.9491416658591687,0.8639493038389775,0.8845570500213757
2021-03-04,0.352163112210911,0.34010269622356926,0.0512545565808321,0.2277173673275193
2021-03-05,0.23043644512997463,0.23947510845066172,0.009238745353263758,0.1406098920901793
2021-03-08,1.7253121014872324,1.705292529102303,1.8534368883576737,1.7660125170570893
2021-03-09,0.14142189664457647,0.018574712649331804,-0.18787717741397497,0.06664570288677608
2021-03-10,0.013268960394453928,-0.09409786651536046,-0.31204642990699405,-0.01520113808351689
2021-03-11,-0.06658851984617634,-0.15172932428380684,-0.3452302795171137,-0.05061323129518272
2021-03-12,-0.04092351518333509,-0.0994557246446745,-0.2678894171035321,0.010192081908497519
2021-03-15,-0.25044721954659827,-0.31308221474396475,-0.5227625289417557,-0.15682468693413767
2021-03-16,0.5446347437930139,0.5425308622233516,0.553177527107763,0.5616855229163864
2021-03-17,0.1469189056026055,0.09581407257033359,0.030503004853280724,0.20913032062870446
2021-03-18,-0.32303070091802766,-0.3734896639106122,-0.45923659073258327,-0.2118236424096031
2021-03-19,1.3358403558486915,1.3742190853891358,1.4883081292928764,1.2245589156230194
2021-03-22,-0.29273278861347546,-0.2223992228473301,-0.27660719873460676,-0.22671825614235513
2021-03-23,-0.22290413014867905,-0.15834006468484052,-0.2127791896682945,-0.14136632605818278
2021-03-24,-0.4715618113195696,-0.36727516000130495,-0.36385614505187414,-0.3584478449505488
2021-03-25,-0.02315260231222349,0.028930076060214915,0.02418435159278931,0.04359530028932618
2021-03-26,1.1899475882920327,1.0797724462555371,1.0446623433039657,1.0918810958592797
2021-03-29,-0.5468112459112975,-0.5582891317721473,-0.5210936136779111,-0.4666657647123972
2021-03-30,-0.10747739312239446,-0.10393984226081598,-0.08161920662324706,-0.052588094559843146
2021-03-31,0.8086269376261219,0.8221871266305318,0.811018076985056,0.7598498110427983
2021-04-01,-0.37225452294262756,-0.31465247885195646,-0.26524958340719457,-0.33249869094495976
2021-04-06,2.4977846463507754,2.354167488540085,2.273383063174433,2.342872785152375
2021-04-07,0.8232675197772348,0.9161642131464768,0.9142244299435403,0.8311264533952591
2021-04-08,0.6110868867746615,0.6820426529599072,0.6957135213661145,0.6134610979634231
2021-04-09,-0.1976467511829228,-0.48621350658870327,-0.5287679791454292,-0.23139515561184257
2021-04-12,-0.24206251318154084,-0.4783970508055329,-0.4721950119370066,-0.2601087578375102
2021-04-13,-0.5463656836398929,-0.8174891009757941,-0.7408160302435014,-0.554432835501549
2021-04-14,0.3160590051266351,0.3364256478354313,0.3257308446894609,0.3174110432392653
2021-04-15,0.11470089182072973,0.07815405375346984,0.07786485238828078,0.11899074179911762
2021-04-16,-0.1459478599117664,-0.2829714712539829,-0.28762796536955226,-0.13694161100750923
2021-04-19,-0.5429962858240879,-0.8407975419196655,-0.8822810915363677,-0.5178790321393181
2021-04-20,8.016685731848764,10.899007139659325,10.850235575000514,7.685635134833756
2021-04-21,0.18085285261119682,0.29605060592788196,0.07822737935070256,0.024773732783967217
2021-04-22,0.2735676501462796,0.3547724085551266,0.1870055433836174,0.17818857137075272
2021-04-23,-0.24936550647876227,-0.13845477744150136,-0.47180548591731636,-0.4162097362608803
2021-04-26,-0.1752935899101779,-0.07004154564157236,-0.3429151547121614,-0.2777278080295137
2021-04-27,-0.33090017943531,-0.21809893852175266,-0.5246660970078109,-0.41251105205214367
2021-04-28,-0.3955172807697143,-0.269154285039511,-0.5088438463067061,-0.45248746979252674
2021-04-29,-0.6000354844121313,-0.4532651907768389,-0.7363309349657607,-0.6336377876622833
2021-04-30,-0.6651368372291343,-0.5082423170855621,-0.7762470339309273,-0.6687655865216027
2021-05-04,0.2016796487671373,0.21857027536007734,0.2062442050418466,0.20237967583823602
2021-05-05,5.085058926170272,4.184749202644047,4.905159027021114,5.152765645388808
2021-05-06,0.04961210633338675,-0.10638469087614622,-0.20240107357604786,-0.050098023798667624
2021-05-07,0.4473406493802162,0.4400683700355107,0.5049141630235203,0.43368581152673014
2021-05-10,-0.3962566577574872,-0.7370889246354781,-1.0026371104968297,-0.5246722318029658
2021-05-11,9.804502316289826,13.291482826103035,16.99882947003837,10.742293199785786
2021-05-12,0.7479464399158734,0.8428640171289141,0.6380335916734867,0.6234126825339303
2021-05-13,0.460786108451686,0.5640649148679378,0.24377592918412838,0.2676419999993696
2021-05-14,1.2907911014576077,1.2736706945019796,1.3532856087266274,1.387055087510101
2021-05-17,0.13130162219365782,0.18762612209386625,-0.1837782352761913,-0.10856985108560353
2021-05-18,0.0056413299012047806,0.08030842769265639,-0.2611854783083508,-0.1947968548414744
2021-05-19,1.4960808247794477,1.4479918206651599,1.703115950452848,1.6092392810388207
2021-05-20,0.9929314968570293,1.0040124162942186,0.9955634419234383,1.0140654364257604
2021-05-21,-0.021320732521745135,0.05552611533991604,-0.18974585119715337,-0.19253698280675907
2021-05-24,0.12981869272977478,0.2000946412255247,0.023348791200361263,0.03757979974754766
2021-05-25,-0.08900661623304233,-0.01422687395706998,-0.2359313414487613,-0.1692325791272221
2021-05-26,-0.2894035110975392,-0.18510890173789657,-0.3665610660323911,-0.3496864987719633
2021-05-27,-0.3757546529834754,-0.25731877241322454,-0.4276114161305296,-0.39793292714902356
2021-05-28,-0.4833416989044124,-0.34807912034060023,-0.49498882707783076,-0.4719473774912372
2021-06-01,0.6246071930691931,0.6064637231848886,0.6254557698886514,0.6163797570125114
2021-06-02,-0.2927062826346363,-0.25903610397030885,-0.38991089745206126,-0.2726751676771951
2021-06-03,0.08256367624422989,0.09453489779915092,0.04546751766478985,0.09842437418916827
2021-06-04,-0.6170079553290284,-0.5291393670240729,-0.6255485328223095,-0.5852646282817444
2021-06-07,-0.6892405249856686,-0.5867808872543943,-0.6926959480977636,-0.628459448997391
2021-06-08,-0.6619353577528848,-0.5578563852083149,-0.6640079660091431,-0.5841659760437563
2021-06-09,-0.7838235953354337,-0.6704577480839126,-0.7987478725153968,-0.6828242652815835
2021-06-10,-0.9196899573265663,-0.7820022427627049,-0.8703760042625651,-0.8010170580041763
2021-06-11,0.13638213659583864,0.12444539355872886,0.13007622240368477,0.12447891461127891
2021-06-14,-0.9059182179894512,-0.8538389045680026,-0.9842456509218456,-0.808981269991871
2021-06-15,-0.6870198400738186,-0.6426892964200706,-0.7453285054843908,-0.6085483298110275
2021-06-16,-1.0130304588610626,-0.9637964041188748,-1.1411274191506406,-0.901334697545003
2021-06-17,-0.5448586271338296,-0.5185250363655991,-0.5949760372422694,-0.48989001385015263
2021-06-18,10.542555040344352,9.458412070930681,10.824741007372559,9.621239248897092
2021-06-21,0.2278316176264497,0.38772342537784843,0.2110408710914859,0.1357708137865179
2021-06-22,-0.15983516219336463,0.05438015064721119,-0.2356659014687938,-0.3377868403065828
2021-06-23,-0.3829429175246136,-0.14310230494428405,-0.4901761546943205,-0.5692405374021553
2021-06-24,-0.1039775053841262,0.06106471610355263,-0.12686643397356195,-0.19504978151362362
2021-06-25,-0.3535178319699036,-0.1671432127187631,-0.4186667124791387,-0.46708721199795056
2021-06-28,0.8703378866630122,0.7848035168278774,0.9390709306392577,0.952383237541558
2021-06-29,-0.5011101775723401,-0.25128238951067805,-0.4565642783960845,-0.6616199435510419
2021-06-30,0.3135228028584546,0.35301698403653026,0.315451390573357,0.32092339006339055
2021-07-01,2.256157612059429,1.812177191986681,1.9699565697653005,2.6141889259451108
2021-07-02,-0.44714949307220764,-0.41676526883025494,-0.5706024830429791,-0.6635634486840624
2021-07-05,0.040000897387883705,0.06081818281878337,0.0008254238080249721,-0.025419733790642995
2021-07-06,0.858212352910475,0.8544487602159825,0.9500142041260301,0.9507055208039803
2021-07-07,0.31438173001591774,0.3353819993257695,0.31536649802215966,0.29539810294332414
2021-07-08,4.30779448959633,4.19561218926038,4.642002598292977,5.115530261253301
2021-07-09,1.7719660942764626,1.621546465889718,1.7415116174038634,2.1550270568715115
2021-07-12,-0.04816855724945064,-0.02163498422433207,-0.21781889182102326,-0.35458073430023446
2021-07-13,-0.15768974129563906,-0.11267848758701494,-0.3144427567963907,-0.41954222361431914
2021-07-14,0.026801909661114787,0.07189056712699762,-0.06860481339040064,-0.1220216727595117
2021-07-15,1.419933001169657,1.3589282489427807,1.4339878558054049,1.602704843670839
2021-07-16,-0.2188076826671556,-0.049324829204083515,-0.09161859315057558,-0.4506279379600382
2021-07-19,7.3994804910640095,6.28276427554742,6.465904290478141,8.852165957525441
2021-07-20,0.46886353809971304,0.7289695194513831,0.5805437797384552,0.20912087637805082
2021-07-21,2.596351836384729,2.253836290695996,2.440087516210062,3.168215690010998
2021-07-22,0.43128520594997044,0.5007515161938679,0.3121483114228073,0.16703089307626423
2021-07-23,0.7883147717167213,0.8335350177995864,0.7707924720995366,0.6998214994836638
2021-07-26,0.1532390797171717,0.21035535267547406,0.047169931287326036,-0.08420294240862987
2021-07-27,0.21041866763303763,0.27271140434306845,0.14134520962648972,0.05525978147218588
2021-07-28,0.04846672984261296,0.13771437077067988,0.061624037431224576,-0.09196137909525581
2021-07-29,0.7446496851040049,0.7618275823458033,0.7462249306810743,0.7373611272424496
2021-07-30,0.3451211140411856,0.3611778741976701,0.305345535759927,0.2972820753035175
2021-08-02,0.402207016893001,0.43346793450136195,0.42397280006074256,0.36856579990363
2021-08-03,-0.08878721012154822,-0.0634446589112411,-0.09827956099532942,-0.1461659624613272
2021-08-04,-0.23201033481021743,-0.20064294413655148,-0.24973643269526768,-0.2597358259886034
2021-08-05,-0.4113548714553852,-0.36657712868030423,-0.4326033696813674,-0.405171338417923
2021-08-06,-0.5093190061433754,-0.4472006882860957,-0.5041646423653062,-0.4683157071486396
2021-08-09,-0.5759379978357888,-0.4985599025838868,-0.5633605137704556,-0.5032030351547493
2021-08-10,-0.3742636472788166,-0.30847986812842315,-0.3636767441900301,-0.30063282550049697
2021-08-11,0.6837637660772166,0.6523158777511249,0.6920925544709331,0.639955499167926
2021-08-12,-0.42125777201436043,-0.452199849878094,-0.5429155576201663,-0.3604446135415443
2021-08-13,-0.48604901876660667,-0.49089338177030417,-0.5291372878635012,-0.42130028991615365
2021-08-16,1.016657865535537,1.025291496249305,1.0956520428943133,0.9395067266496521
2021-08-17,-0.4032967997094087,-0.33332609067940216,-0.3572901971340499,-0.39271729086249413
2021-08-18,-0.6938251349191157,-0.6122724967482728,-0.6622528284701223,-0.6616444496869234
2021-08-19,4.684685183971718,4.245633683282188,4.305190201235186,4.4541464906338
2021-08-20,-0.14347988524751162,0.05381404677756357,-0.03890990799473565,-0.2581161252020639
2021-08-23,-0.326184191633191,-0.1147422065129429,-0.2287681971735432,-0.4328726516077174
2021-08-24,-0.45443069212269865,-0.2333654819194192,-0.3625763686487886,-0.5382949310002098
2021-08-25,-0.41788402196856456,-0.21950752565155635,-0.3432032453606528,-0.4662634085759366
2021-08-26,-0.45717502743094196,-0.2721764701079766,-0.4025831165830239,-0.48571769355972366
2021-08-27,-0.5383344873846504,-0.33600235783045584,-0.40846429508016086,-0.5626779247524861
2021-08-31,-0.4676293505385134,-0.3020879075448447,-0.37613789204377895,-0.4750584227648358
2021-09-01,-0.44036674664923275,-0.278519544633183,-0.2963367008521982,-0.44990482940358445
2021-09-02,-0.8092301008443822,-0.6002691183838016,-0.6450261910170716,-0.8164041976215555
2021-09-03,-0.6408707680203366,-0.4783310399143765,-0.5267288618186141,-0.6338149293187292
2021-09-06,0.26424754396623285,0.23251834093896318,0.23254734929967447,0.26432428650073914
2021-09-07,-0.23449672777057762,-0.1920396431157554,-0.20190750510172029,-0.2424575389728486
2021-09-08,0.5292875358924378,0.4690429336423697,0.4588877066815342,0.5614337841880304
2021-09-09,1.5372845468725458,1.2893691568853585,1.2099968039394025,1.7286706271899348
2021-09-10,-0.6594860390885205,-0.3913042047685084,-0.28519896494549063,-0.8652337056577404
2021-09-13,-0.09848408949516452,0.02074184760861264,0.06988927837612174,-0.1479634311128034
2021-09-14,-0.2646227600728437,-0.14264250118355754,-0.10016795944034507,-0.33861536741317333
2021-09-15,-0.6593085881200115,-0.4437332506507253,-0.3191509546442288,-0.8083365826983043
2021-09-16,-0.8041974567184548,-0.5605000630468221,-0.3859741504190233,-0.9575294153107733
2021-09-17,1.197572548398682,0.965590083771611,0.8816467470308627,1.3820981066626523
2021-09-20,0.8374382440793094,0.7181149065311142,0.7007220432060035,1.0143975102644136
2021-09-21,1.7510526293468642,1.4028507575856177,1.2792511131179345,2.2177999590426234
2021-09-22,3.076254524561233,2.836794218422445,2.477024833914821,3.988532191880849
2021-09-23,-0.27908749376309694,-0.5019040306848345,-0.36170402229705473,-0.6034990266285095
2021-09-24,-0.17266722319400232,-0.32398256752898225,-0.21071055927782195,-0.38954662585125294
2021-09-27,-0.4095230672744067,-0.5556978273829415,-0.359487688797684,-0.6595858142941232
2021-09-28,-0.11391939799868983,-0.1847081585907363,-0.08275276586697022,-0.23062840597306744
2021-09-29,1.7188572565456157,1.8244874395731316,1.5332539443146835,2.0651169623630268
2021-09-30,-0.30337635494520887,-0.5339321240973417,-0.36853149196958623,-0.5079068701232174
2021-10-01,0.6689587395021508,0.749900696990098,0.6664246997419924,0.7435889449927453
2021-10-04,-0.3916948883001994,-0.4842844254924875,-0.25248269911192583,-0.6103366628508606
2021-10-05,0.9809122592689414,1.0252444188630312,0.8985144068828369,1.1347742598746868
2021-10-06,1.6938733112214508,1.9882543231023733,1.6414292699905704,2.0162624606538886
2021-10-07,1.5803721410118272,1.5978317238363615,1.4471761173727298,1.9120805053648708
2021-10-08,-0.17481463884340187,-0.34990100059544216,-0.2059521709148318,-0.4279778455768936
2021-10-11,0.3864019788120796,0.35236547296205256,0.37799638740671204,0.3462850875416067
2021-10-12,-0.2951697613447229,-0.49955338806486754,-0.3973656359785397,-0.4932667061244771
2021-10-13,-0.4188317458248172,-0.6013062327660025,-0.4531245245029483,-0.5972888957325526
2021-10-14,0.9143345936187843,1.0153451521155548,0.9304423846510047,1.0034689282881193
2021-10-15,-0.28243408707682305,-0.4980680394641271,-0.42709294269392656,-0.4068537168863131
2021-10-18,-0.26511084129487833,-0.4439824088675976,-0.40093486834318914,-0.35420113856751617
2021-10-19,-0.5586362457524758,-0.7587062380944858,-0.6356571471206658,-0.6732859996069085
2021-10-20,-0.7004113229561642,-0.8909114294056498,-0.7838586777672351,-0.793217996707905
2021-10-21,-0.33944713394086073,-0.42189478686324244,-0.38140292802038245,-0.37439413125690096
2021-10-22,-0.7336945409818789,-0.8258797816266251,-0.6961129596723298,-0.801626248984308
2021-10-25,-0.744748974934215,-0.8146586930196144,-0.7181033775294343,-0.7889962297562295
2021-10-26,0.5372348672916385,0.577556908866167,0.5310523315254569,0.5561350662998654
2021-10-27,-0.6267139201260257,-0.7605539774731089,-0.7348397536368827,-0.6766766660408418
2021-10-28,-0.9366898386184235,-1.0754086330875003,-0.9820480136399471,-1.008103193293245
2021-10-29,-0.9458272665354828,-1.049423093123784,-0.967517499456364,-0.997835304991229
2021-11-01,0.37342186743955597,0.41588083346916815,0.3591229792219335,0.39841278907157185
2021-11-02,-0.9171933220409214,-1.090653601289232,-1.0338313169158364,-0.9942972515678538
2021-11-03,-0.7027435641725112,-0.7958323785949588,-0.7400158041401956,-0.7527164614901076
2021-11-04,-0.5513021214000898,-0.5934712383093593,-0.5306306479229084,-0.592934659184044
2021-11-05,-0.7842970415649864,-0.8627586810826166,-0.799924474932115,-0.8487919743366104
2021-11-08,-1.1532375228520244,-1.2743541813144421,-1.2206845943290099,-1.2481059161135797
2021-11-09,-0.7796539436273667,-0.8293762682414323,-0.8073092072951784,-0.8276627708934465
2021-11-10,1.579236324596615,1.6521526589436777,1.4873651123979046,1.8140647643128929
2021-11-11,-0.029480737196933005,0.013099722956960713,0.004089183736950774,-0.00864860288224012
2021-11-12,-0.344864414030422,-0.4128616840496857,-0.4142716877791133,-0.3963129828132157
2021-11-15,-0.995081835407125,-1.2101987228558413,-1.1839936327717893,-1.2149077888658757
2021-11-16,-0.7414316047462197,-0.8570383925001717,-0.8615061345159158,-0.8696711089607174
2021-11-17,-0.3807650227379067,-0.4094131121043916,-0.399855288116192,-0.4221306237903659
2021-11-18,-0.3912076098091892,-0.40527186738577947,-0.375143672966641,-0.44422382318584486
2021-11-19,-0.4842117847430232,-0.4786123780285808,-0.4101149207227034,-0.5739151569166873
2021-11-22,-0.5004981269120743,-0.47348821536167696,-0.37173096137286593,-0.6008813956116047
2021-11-23,-1.0137232707633737,-0.9901869912350894,-0.841450319714102,-1.2714240028674175
2021-11-24,-0.9234215497566586,-0.8918263966652126,-0.7910545596058183,-1.1201908299976564
2021-11-25,-0.8408220025232012,-0.8142579476733462,-0.7538270624278687,-0.9922678755052685
2021-11-26,46.38784483230334,45.043360118689996,42.80237021076614,59.99412824322285
2021-11-29,1.068696258503637,1.3060992885121419,0.9964081750837595,0.8751261679428831
2021-11-30,0.8214116279768169,1.087861263514906,0.685893825434148,0.5215737202077407
2021-12-01,1.9558053166576579,1.8579822987768195,1.9991760842583168,2.361371266595574
2021-12-02,0.6771827349247532,0.8648792035469319,0.48624498161755936,0.3582104227778424
2021-12-03,0.407070537901894,0.6496317382520995,0.27812369067924925,0.040105472067648675
2021-12-06,2.048745078701905,1.906339168912147,2.130334269707603,2.3909211431757864
2021-12-07,1.8816554215696888,1.8403859407020335,2.1002742254495606,2.1229455363754877
2021-12-08,0.40803799247062966,0.356186894723177,-0.043273069073272954,0.11488749035351448
2021-12-09,0.33012046772224984,0.29810955760087166,-0.07486094590561942,0.09784880572783192
2021-12-10,0.3236325938952188,0.3122827941729528,0.02906284176397525,0.15722990681592341
2021-12-13,0.7253705972464445,0.7299875067837928,0.6550884607969019,0.6750677437979175
2021-12-14,0.0985364527278384,0.15967945431317204,0.021483797275653412,-0.04067642037243633
2021-12-15,0.4230748952345075,0.4681622810477634,0.40944049113091024,0.3705979082254061
2021-12-16,1.597685823493477,1.5302491428959053,1.5378839187717588,1.6611848969281076
2021-12-17,0.002702134239540629,-0.0359363365163166,-0.07714768915556713,-0.09762426938583948
2021-12-20,0.9937757931766484,0.9964672764293877,1.00477649955011,1.0021385782290264
2021-12-21,1.967560170500188,1.9091655318435818,1.8871179766385224,2.0547025230246314
2021-12-22,0.37427997221095427,0.29394382708987543,0.2902446589802746,0.3075966028812445
2021-12-23,0.13781605978033548,0.02185550783335624,0.0032082788396715356,0.078612563607253
2021-12-24,-0.14394218957731242,-0.2883322944080183,-0.32766440522400997,-0.18005880637947033
2021-12-29,0.3054957296476031,0.2547209110318502,0.24070940355125164,0.3078620584726839
2021-12-30,-0.21680724352714503,-0.3613072225028729,-0.4164370936985739,-0.19491942650319882
2021-12-31,-0.28973366316271565,-0.4065124640455184,-0.4126444325256864,-0.23991946932766564
2022-01-04,3.7207977004902157,4.064586236764021,3.9006461076648486,3.4724886232701087
2022-01-05,-0.1480677711389436,-0.5908044615551519,-0.5963621386666379,-0.19454127797408896
2022-01-06,0.7646906395747863,0.8954219718263429,0.9087902132914786,0.7650093464539629
2022-01-07,0.029154713536211407,-0.14893799272700642,-0.13366301679991577,0.007643384904403749
2022-01-10,0.07187955394319001,-0.0718815593593416,-0.07074580365674266,0.07208568931154702
2022-01-11,0.18074395127287923,0.10441525742348912,0.13203132562792408,0.18511607688921528
2022-01-12,0.5583266270871214,0.5792626813235122,0.569505855248295,0.5593110268950299
2022-01-13,-0.3750217440992097,-0.6590868057057964,-0.641796160546985,-0.35425457733856136
2022-01-14,-0.38166051703031656,-0.6138181590362127,-0.6139964890919176,-0.33192250603731244
2022-01-17,0.8686962793310099,1.0146794145143956,0.9704928684438364,0.8379348481762261
2022-01-18,0.137924996468754,0.06900590700816966,0.06990239704315238,0.15387004107538393
2022-01-19,-0.33638514503083017,-0.5173790300842838,-0.460076813821204,-0.3106790666961113
2022-01-20,-0.6082593470990575,-0.8320170294496059,-0.7820428355689775,-0.550542240750197
2022-01-21,2.2354183304571587,2.680364596880528,2.5399334263148665,2.0799198930523946
2022-01-24,10.96760535265715,10.72317004321626,10.810432413975944,11.421939455250756
2022-01-25,1.0592521765514809,1.1598929660398505,1.0583560796485745,1.026854584757816
2022-01-26,1.611274764787462,1.5647482811072584,1.6471551625374319,1.7657561391909398
2022-01-27,1.237106260391433,1.2479106284121515,1.2518231064538519,1.2575997391488485
2022-01-28,1.3222650567040812,1.321707988152765,1.4023189855661433,1.3635638841367614
2022-01-31,0.298329836914082,0.3878492136110237,0.15695492398192318,0.06439170572822862
2022-02-01,0.9386179222626396,0.9687240627910025,0.9143365559330623,0.906486114351938
2022-02-02,0.4894294196890582,0.5179059142311642,0.36202012789806726,0.38761750659510213
2022-02-03,0.5553701950341129,0.5686867737273529,0.4470952205228945,0.4951402827777678
2022-02-04,0.06061170520485515,0.12530398885632585,-0.01955549463468338,-0.040012632960995484
2022-02-07,0.5452222032735555,0.5794321959894,0.5338902789614248,0.5225609418330441
2022-02-08,-0.10182644232760553,-0.06563073175263114,-0.19580899320885323,-0.14195993890086853
2022-02-09,1.0321642467181005,1.0209084598049518,1.0484213319049527,1.0321262644178502
2022-02-10,-0.0143449062429446,-0.060544547071111066,-0.17036634494696035,-0.022440602145293143
2022-02-11,-0.24476400271604723,-0.2960949635294088,-0.4409771412961304,-0.2195523181129545
2022-02-14,3.8274877745023677,3.933620836211455,4.333975377646446,3.6404929057716577
2022-02-15,1.0460445621338403,1.0442081763994708,1.0457818198562767,1.0603720585051597
2022-02-16,-0.03714783291245962,0.026374172044912297,-0.15323561156542106,-0.1276761580115966
2022-02-17,0.7442536061188854,0.7558005977303791,0.7382161791095637,0.7399465539867983
2022-02-18,-0.024525943943926543,0.09331549655696389,0.035303432106063654,-0.07635240286307271
2022-02-21,-0.03413543801107988,0.08899325340372544,0.08441534473754897,-0.0559243419796224
2022-02-22,-0.27586873259789657,-0.11058630753094123,-0.051476389137479456,-0.2782066450518666
2022-02-23,-0.39350685121679446,-0.2125426074567663,-0.16228744182715726,-0.35811733737115825
2022-02-24,25.244229303877823,20.87261985719701,20.05041226633414,23.546755312429568
2022-02-25,7.377685434396845,5.6151827098371285,7.5624446209646115,9.93950205858592
2022-02-28,1.3216511563712863,1.1728153533395311,0.7250592049774429,0.9286746925362827
2022-03-01,2.1008051491140014,2.1020120890162244,2.2447322834402117,2.149552959723608
2022-03-02,1.7255209643371603,1.7081033113214956,1.6199578422769827,1.6186851580798316
2022-03-03,3.355360740303012,3.4749928492660977,4.058036118339018,3.825467193845821
2022-03-04,4.90099809559133,4.729692390864873,5.401431483670774,5.912740506135519
2022-03-07,1.5217932544879045,1.728192588238021,1.5171773392040333,1.1856605902407558
2022-03-08,1.3701770453437567,1.5991122262065676,1.40926527534524,1.0781444353628473
2022-03-09,4.1917672956915695,3.7980029775991886,4.117320543723066,4.731013238438909
2022-03-10,1.8219796612812935,1.7990181054033654,1.6669681233162943,1.6781094652060966
2022-03-11,1.5183403319328412,1.522665917878437,1.3995899580843985,1.3379041910252518
2022-03-14,1.3328579144204267,1.336790142119506,1.1825486553902298,1.1811687562343076
2022-03-15,1.1608740605805663,1.1732821524345876,0.9923266863245221,1.053070827873807
2022-03-16,1.947721502110936,1.9504519888956726,1.9456843313955083,1.9448906992877477
2022-03-17,1.6014853493918015,1.580467211859776,1.5229310499247322,1.5863841279045814
2022-03-18,0.9805970113274365,0.8817506972530543,0.6810192634910709,0.9726465183095674
2022-03-21,0.9497025480057316,0.8732000660286519,0.6861779072185826,0.9921094270672784
2022-03-22,0.8335002116354254,0.761649161573517,0.5620511344200578,0.9227760322015965
2022-03-23,0.6496079473533493,0.5786706677716195,0.34809932322062875,0.7960452671118471
2022-03-24,0.5172727393935297,0.4638419131797722,0.2682118733752662,0.7181826876388234
2022-03-25,0.42676760211433556,0.3920569312791323,0.1990854126226148,0.6763587669049957
2022-03-28,0.2965769522797311,0.2769326685712488,0.07539367037056287,0.602641959133023
2022-03-29,0.7871996855521609,0.7868096050787327,0.7307017478725036,0.9612331531448377
2022-03-30,0.3898400939478225,0.3547157466514373,0.22311801297158287,0.6797312747981958
2022-03-31,0.7108307343872515,0.6934884264158448,0.6509557888353013,0.8934571926205224
2022-04-01,0.10094339913183951,0.10690331518816529,0.020737681376990016,0.46982903653740365
2022-04-04,-0.004469570434059905,0.011787590338491985,-0.08182830268656353,0.40834300428951925
2022-04-05,0.4400735294514959,0.4511388789806873,0.41238505055061225,0.6838723502715353
2022-04-06,-0.08488227509234839,-0.10043221587000903,-0.20915836886608108,0.34859768329731133
2022-04-07,-0.008237288770315876,-0.0020881007991354616,-0.03968723056978024,0.38585751633084286
2022-04-08,3.1169587620119206,3.011768778651926,2.9481237420731197,2.2101448699105717
2022-04-11,0.38053788925449067,0.2691086736243756,0.2633930019851514,0.5772790502711909
2022-04-12,0.18384259176970927,0.0672620551147674,0.1037839118588691,0.4263145681178503
2022-04-13,-0.22499919820945483,-0.36037031877021847,-0.22442084279593072,0.1311619550279971
2022-04-14,-0.027125362907217343,-0.10440890632832434,-0.01908898126988845,0.2721792743401259
2022-04-19,-0.3464531843509616,-0.4613828114419026,-0.3629996863705163,0.056702345260469966
2022-04-20,-0.27539313106405316,-0.3497078179214045,-0.23757825183344625,0.09851534413587898
2022-04-21,-0.5730657755318237,-0.6679447478965191,-0.5450296513893872,-0.0941009125807472
2022-04-22,3.1769067207052255,3.3946777397885644,3.05578322849155,2.146172075964759
2022-04-25,4.773834809303999,4.275240345440996,4.243366629556092,3.8133083992028207
2022-04-26,0.04894878949720404,0.31784925546403714,0.236009139688221,0.08464237970734483
2022-04-27,0.23620404016688884,0.4444999555316992,0.3785907604963683,0.29570325634666217
2022-04-28,1.3029284620342227,1.2314615454110789,1.2479455456714807,1.260590172845175
2022-04-29,0.14618799840913793,0.24384394230764064,0.1491843336364202,0.21374301620622968
2022-05-03,-0.12147587887950168,-0.01021293229380496,-0.1375911013794413,-0.0055325768536089795
2022-05-04,0.793435625709705,0.7924922285871272,0.7945916368244483,0.7950791532993832
2022-05-05,-0.22722866338545894,-0.05103160423842399,-0.09807154720717301,-0.10195312345924608
2022-05-06,3.061171992143002,2.6562816559380864,2.7612229170538507,2.6996190620220353
2022-05-09,5.934507920425685,4.746750776227835,4.9436823828596275,5.856758321501465
2022-05-10,0.461919053444156,0.7937606106734936,0.6717786238189012,0.29686767383
2022-05-11,1.8409334755331468,1.723190980898356,1.7481020393807913,1.932054570381717
2022-05-12,2.110710339181969,1.9812382583364756,2.077169115249318,2.2403761009904093
2022-05-13,4.631511547103225,3.9123890685097513,4.110287000502528,5.257868642242167
2022-05-16,0.8996548718361317,0.7986377695316681,0.7037920954808532,0.7034339479833329
2022-05-17,0.8858430669073784,0.79560682325429,0.7053889963222383,0.7486713992582807
2022-05-18,1.2050259043057228,1.1683595949571415,1.1459797476209015,1.1660295038306996
2022-05-19,2.5584361266774103,2.6294568804448306,2.694986007434496,2.720363042615931
2022-05-20,1.3773541388700539,1.3976175461332436,1.39071115539351,1.3490201638373416
2022-05-23,2.117250016969166,2.1121951205445266,2.1382808463227923,2.2144795469990033
2022-05-24,0.7056997609375446,0.5783308096827713,0.5106110380932826,0.568373584499942
2022-05-25,0.6750812884812709,0.5804823811402738,0.5675183333613437,0.5916170770182687
2022-05-26,0.6231910900556378,0.5368234859191675,0.5150323572252693,0.5839495902212504
2022-05-27,0.3772317260641712,0.27118738970590456,0.23201673195317934,0.37396854290438286
2022-05-30,0.24367358156892951,0.14906768689430785,0.10059841007765505,0.2902864324947831
2022-05-31,0.11195806916715882,0.03225144498593181,-0.024272478509346246,0.2099329730593309
2022-06-01,0.973500484707128,0.9742684606098567,0.9790724925902637,0.9865449115726206
2022-06-06,0.9867975474786871,0.9874447657780606,0.9883141962297781,0.9965681424471757
2022-06-07,0.016304562982777222,-0.04781356119942341,-0.05356038873475531,0.13626091713269176
2022-06-08,-0.09825187005971438,-0.1432119318301538,-0.12269330771433996,0.06767072780214406
2022-06-09,2.7565356820041926,2.8085698214066586,2.734537570023196,2.4024688295130963
2022-06-10,4.56934459909832,4.134148866388128,4.121009178328786,4.325555769132586
2022-06-13,2.012137035854625,1.8916864424300481,1.9120124644894143,2.085205281561327
2022-06-14,0.47990064641653113,0.7777690185342097,0.7824099289042473,0.3550342887697188
2022-06-15,1.3447380653706702,1.387028083236715,1.3976825043296153,1.3493722977893265
2022-06-16,7.681789995408183,6.42475149731818,6.3485267715768074,8.145712859860355
2022-06-17,0.9393260276122453,1.266173264118107,1.1329866486024947,0.692102199035289
2022-06-20,1.8017411665293568,1.846649548360852,1.8238893174631925,1.8366426700822194
2022-06-21,0.8393913948436839,1.0796412907681998,0.9668975293567518,0.6647730232282548
2022-06-22,1.0534799809531172,1.2235125315143023,1.1356100788626782,0.9768119328174076
2022-06-23,1.1106672357783864,1.2650807305996359,1.2387600042314375,1.0644793022358394
2022-06-24,4.650752684641433,3.8654404171979118,3.7895023036861,4.918772626967051
2022-06-27,1.022235645094568,0.9616178038504063,0.9596327218114754,0.8858472759805954
2022-06-28,1.1064184304210647,1.0578226088884155,1.0475889122758957,1.0332716899617473
2022-06-29,0.6532928704584344,0.5480730588831038,0.5127833449591764,0.5714008135593391
2022-06-30,2.8316008662529892,2.955668725923306,2.9724913207099917,2.8696447793540094
2022-07-01,0.6687656995527096,0.7404947172525184,0.7321089586663316,0.5763704706536825
2022-07-04,1.0061494822223165,1.0555937591525126,1.0491476061684832,0.9867276808786044
2022-07-05,5.692972604679344,5.473021645853822,5.5897571274109765,5.698065195122545
2022-07-06,1.4401678252286203,1.5585766797494092,1.4891121164681755,1.3761169399266389
2022-07-07,1.3885987297790585,1.4799007497047125,1.4046569672703626,1.337980711531603
2022-07-08,0.7659527573592634,0.9074386971311309,0.7342399932414441,0.6714787913777341
2022-07-11,0.6427714378676764,0.8000324466411095,0.6205684651007116,0.6049357436488803
2022-07-12,0.5453933075751958,0.7145854505212936,0.535829749042639,0.5628503593223739
2022-07-13,0.7783346464193199,0.9018287386509614,0.7772461993246473,0.8248563370711268
2022-07-14,2.2566575496785264,2.104053023863269,2.161919008933314,2.176371625826744
2022-07-15,2.246755556946392,2.0920509810726964,2.1030302170110224,2.220582781441633
2022-07-18,0.9969838953338945,1.0485051592632733,1.016454000313122,0.9983328865642908
2022-07-19,1.1003817775060132,1.12245956834782,1.0943738187507035,1.1134765234088282
2022-07-20,0.5425610969416303,0.5470033713703939,0.4647678758401038,0.5933066433339875
2022-07-21,0.32400770931601575,0.3525438436147851,0.3264298200546664,0.42347697807800805
2022-07-22,0.21040021522017208,0.25503971144204735,0.22408049681343567,0.3617222547633358
2022-07-25,0.2458869996913772,0.2978097653691126,0.2673478268867885,0.4206707500486062
2022-07-26,-0.0035013354439130647,0.05873909341005258,0.012193003205128415,0.2416170243480023
2022-07-27,0.252975122153199,0.3036529872412723,0.27278873982739565,0.45295105826178417
2022-07-28,-0.1813320702017783,-0.1247018631387268,-0.1870859420353902,0.13651632915722853
2022-07-29,1.2046683512659584,1.172540332771858,1.1951634086882792,1.1128654598261942
2022-08-01,-0.21265412270865597,-0.2767021602978349,-0.35627331910514587,0.09257914719453733
2022-08-02,-0.3313803451563786,-0.37737094899856327,-0.424450484072923,0.018248837655435852
2022-08-03,-0.06155569926075777,-0.0788627211940911,-0.09920404737063165,0.20771028088915294
2022-08-04,-0.4986298332955559,-0.5449385386280756,-0.5984621960514853,-0.09135675947711226
2022-08-05,-0.5765812526683529,-0.6031143171106154,-0.6649365741736286,-0.13944072893374224
2022-08-08,-0.03733176439076891,-0.03997044790683757,-0.05166549594559644,0.19095876426873415
2022-08-09,-0.704223078427549,-0.7574094265619256,-0.8205160473365277,-0.24378362012056026
2022-08-10,-0.6661087592470244,-0.6946985422239643,-0.763171838776879,-0.22600091758705687
2022-08-11,-0.1513758258995499,-0.15765458798561482,-0.17936626401510258,0.06889310737653748
2022-08-12,-0.34741180011097383,-0.32899066986409653,-0.34051082064583316,-0.0760432287342423
2022-08-15,-0.8723419173713903,-0.8675495793611554,-0.9199136786918618,-0.42563248351559674
2022-08-16,-0.6427865692723772,-0.6273774172719986,-0.6777871979340845,-0.2934186233108663
2022-08-17,-0.8287788975472691,-0.8200473552072369,-0.9063284285953466,-0.42721962382437295
2022-08-18,-0.7242361864888893,-0.6984157401631665,-0.7294278703294945,-0.3869783092283553
2022-08-19,-1.0806851102472324,-1.055684065260022,-1.1358226266157694,-0.6310874852698021
2022-08-22,-1.03156333961225,-0.994441474309277,-1.0910704963948266,-0.6167314868742633
2022-08-23,0.037031374673005546,0.02170400191770616,0.03631751898207769,0.02926942334986593
2022-08-24,-0.9793815384235947,-0.8651597456265434,-0.8720211349850271,-0.6756263106249998
2022-08-25,-1.1382577279801027,-0.9945482413765255,-0.9575217410059697,-0.8106313939385374
2022-08-26,0.47136042641387843,0.37750898974777214,0.3740502959431695,0.3153649380691289
2022-08-30,1.2672082770965758,1.0244924328513925,0.9862305013919994,1.0285455891655038
2022-08-31,1.8365087863689031,1.4598856199614523,1.399977757419479,1.7358000490382195
2022-09-01,6.215890046629533,4.662498023338818,4.4133976112700655,6.687775711784423
2022-09-02,3.6811013370523527,2.8585709044157763,2.982751434300444,4.713134767872539
2022-09-05,0.16470780327646767,0.1748499098840225,0.06915442799330893,-0.18603351356238076
2022-09-06,0.07055132859461874,0.09852239449819432,-0.007114517709425262,-0.2151088744089239
2022-09-07,0.7247825200356955,0.7345980495406186,0.712748513026461,0.7012481162664387
2022-09-08,0.04306006934198783,0.13356449918271698,0.11706377348116116,-0.16055865651997633
2022-09-09,1.5953748834285721,1.522540923680004,1.5399592505287416,1.7740822926222553
2022-09-12,2.882766132058041,3.025039753404243,3.1505202867741877,3.3520602719469883
2022-09-13,1.3433439828963352,1.518950439789916,1.5978032242412405,1.4484805527868687
2022-09-14,2.0434604190433885,2.236190836497428,2.28608916298274,2.3498576562265847
2022-09-15,0.26263081434409535,0.25777536706185106,0.23877063316035008,-0.028348244575562516
2022-09-16,0.4799192356602223,0.488933377709877,0.47337028183085195,0.335424507582809
2022-09-20,0.41801694596501077,0.4519719568087779,0.4930858770216306,0.294013935920889
2022-09-21,0.39108524942675055,0.4453085735714839,0.5365060423508904,0.29202782122734927
2022-09-22,1.1913365799494233,1.178009324978647,1.1642484483636004,1.2366985056511768
2022-09-23,4.003050888295765,3.6285549932712864,3.2585226241789425,4.51973402273905
2022-09-26,0.30134059292888726,0.5634825763914602,0.6343824483812827,0.02932819356203927
2022-09-27,0.4062244227754822,0.6281452262292808,0.6821575125753444,0.2458080606831241
2022-09-28,0.1770282427689142,0.44904045213120813,0.5717914193645709,0.017764734989040062
2022-09-29,3.203782349057873,2.673470373034468,2.5241149851800317,3.4999268403639183
2022-09-30,0.2593353339924645,0.6024021337436336,0.6983946849388539,0.04406688152356864
2022-10-03,0.16021521503518465,0.5087092597871943,0.5950759271113822,0.002706314881002113
2022-10-04,6.417139447142781,4.804974435931933,4.54489185779732,7.061594874317618
2022-10-05,0.6201377570609306,0.4498992468100003,0.48224320357146006,0.3958258535514181
2022-10-06,0.8022025836699633,0.7129860255590144,0.7691675073568718,0.6877191270755076
2022-10-07,0.32198067123120855,0.2178768247718191,0.39624515086091083,0.13746533762122168
2022-10-10,0.36921956497308317,0.2993970846094792,0.45867896271719444,0.26310057959902844
2022-10-11,1.1365983656871284,1.1395604458025843,1.1496389665058866,1.1432605223298842
2022-10-12,0.7787273270569437,0.7913226878358639,0.9181288473222359,0.7478962946438462
2022-10-13,0.21034117806308045,0.2883736732832181,0.5909633363276972,0.1330307322001317
2022-10-14,0.009281666375106652,0.10055594251707906,0.41364389643611527,-0.027916053169182723
2022-10-17,0.7757231077928498,0.7921896438601567,0.8862424959594841,0.7772325915665763
2022-10-18,-0.0657892269704098,-0.04186358333931943,0.22435494867943911,-0.04850403310718018
2022-10-19,-0.19916275455774157,-0.1627661377291768,0.09657633005925997,-0.1359998867541909
2022-10-20,-0.2321947734527466,-0.18172422084654882,0.08642922383401581,-0.1360464900715967
2022-10-21,-0.22043337813824787,-0.16949391641238573,0.05850473298110881,-0.10244796808474199
2022-10-24,0.15706184508336984,0.17812320074407123,0.2913115880963123,0.22589072059225557
2022-10-25,-0.5427352269075114,-0.5363344713166682,-0.3063780080823913,-0.3622699856702291
2022-10-26,0.05485099432233875,0.06268925266813274,0.1478814427892895,0.13625837921488554
2022-10-27,-0.5434391336040415,-0.5691710391015697,-0.40096117903039075,-0.35351693752150853
2022-10-28,-0.462167802736534,-0.47552271207401225,-0.3546094903022726,-0.281568971746634
2022-10-31,0.17498345259924641,0.17564292696063377,0.20690896958849647,0.20822903308547336
2022-11-01,2.826735517271756,3.002217848412092,2.5399703105769635,2.3437838424510744
2022-11-02,0.061415189576903395,-0.05223469687664073,-0.02572016816864886,0.08689979959629257
2022-11-03,0.12282773642641975,0.05664494198669201,0.09363060590269656,0.14032527339956974
2022-11-04,6.571576611648687,8.877475427594407,7.709410257834015,6.241117568622224
2022-11-07,0.1950344009571735,-0.35961015819048325,-0.32593457539158166,0.066389250191275
2022-11-08,-0.1104820466120983,-0.8691262991598566,-0.7361984612546429,-0.24878777373622313
2022-11-09,-0.20662354440848402,-0.903134913513283,-0.7981073776481694,-0.294325702473125
2022-11-10,1.284607410538457,2.1512032200527473,1.895263677992041,1.3154871177504353
2022-11-11,0.5280618271729745,0.691565474757659,0.639355751875308,0.5148673936083827
2022-11-14,0.8240982549381035,1.0686156347962004,0.9991993920950764,0.8352519531667915
2022-11-15,-0.19437726565464605,-0.7664432544712803,-0.7255024868984212,-0.27227547148275444
2022-11-16,-0.2632539689480669,-0.7636839812213463,-0.6878488127179476,-0.3035879773380304
2022-11-17,-0.4331193016188153,-0.9354590632429445,-0.8024981722430121,-0.44396594122366867
2022-11-18,-0.05842183610409901,-0.23874238048154828,-0.2003421010784472,-0.04415620336480114
2022-11-21,-0.5631996157618477,-1.020496144091937,-0.9300609276164741,-0.5209131187377116
2022-11-22,1.3868428188702273,2.0567706615776946,1.8396959374535733,1.3135339897475493
2022-11-23,-0.510212148024893,-1.0652254301511774,-1.0198868148837388,-0.5031079661573328
2022-11-24,-0.6522993788632866,-1.1994056940599098,-1.187286321829051,-0.6092350325813114
2022-11-25,-0.5945852342656986,-0.9943335806305142,-1.0113329344775597,-0.5302327777769159
2022-11-28,-0.7587348868027234,-1.182651872142984,-1.2426874250498507,-0.6651079988792608
2022-11-29,-0.2670116842387512,-0.3564560479917296,-0.3577476009215278,-0.22011974993991423
2022-11-30,0.7259916416826869,1.1655527570263458,1.3132632373686985,0.6647910191742676
2022-12-01,-0.7474213231741884,-1.2244197413939717,-1.3573908659831762,-0.699898505589368
2022-12-02,-0.9015187501095834,-1.3684422547149326,-1.4849704400837294,-0.8357919699218362
2022-12-05,-0.9258817941467361,-1.3124845349551688,-1.437054454211446,-0.8447668883315483
2022-12-06,0.017852924562012484,0.13227273044129295,0.26703087118000846,0.015205971471057955
2022-12-07,-0.49631543251393967,-0.5856714416042466,-0.6324978810105318,-0.4791010080865182
2022-12-08,-0.8594416911403001,-0.9626493143034247,-1.0110086051494684,-0.8521499094185492
2022-12-09,-1.0440829009464485,-1.1273064983241032,-1.135413729694052,-1.0345022072911056
2022-12-12,-0.6092769459499571,-0.6360891789245666,-0.6535077696033673,-0.5974692050434935
2022-12-13,0.6603678421941495,0.6618779676635724,0.6432338423792674,0.6684326711466084
2022-12-14,-0.9930765412345929,-1.1473305522771147,-1.1754686782274981,-1.062567859130895
2022-12-15,1.5035981047612925,1.7275829291354468,1.7637535499277683,1.6038361527589104
2022-12-16,2.9855713612640438,2.8287232986694946,2.9665303651200823,3.5923764961074456
2022-12-19,-0.26220936756732166,-0.10657780706919287,-0.18177107595923106,-0.4810964717157862
2022-12-20,-0.5746094088278324,-0.3884120933616816,-0.4967389652851746,-0.8508215210309509
2022-12-21,5.145274544663082,4.277343376941152,4.766678961040325,6.554938665511052
2022-12-22,-0.0786284319875655,-0.3256981559573642,-0.4486246469194935,-0.3594183122923902
2022-12-23,-0.33671390919668953,-0.5965960584400352,-0.6791998415705875,-0.6601917458225911
2022-12-28,-0.28275434950244893,-0.47214092936059776,-0.546406928236514,-0.5103737295258797
2022-12-29,-0.4600572834596298,-0.6611779922998053,-0.7652638274961843,-0.6821456793514017
2022-12-30,0.6169966105105168,0.6901034945913301,0.7731842692455945,0.6946610770250199
2023-01-03,2.7041857991413494,2.8498282775782906,3.0260599873043033,3.344537762385417
2023-01-04,-0.09682757303395897,-0.3582515947737254,-0.4305383322111356,-0.3108956224717543
2023-01-05,0.1954731444886424,0.10018455522309255,0.09094116082085935,0.11763198025259236
2023-01-06,0.7126943628492428,0.8760778016584405,1.0209573141182484,0.7836789744042457
2023-01-09,-0.26247100170323806,-0.6365216438506601,-0.7814720473978446,-0.4454749749636099
2023-01-10,-0.2553866121319916,-0.5582017651695579,-0.6843690691519805,-0.38879564394966043
2023-01-11,-0.2971315731083317,-0.5423007248433903,-0.6227668740485238,-0.4151955647806588
2023-01-12,0.8623178138190588,1.1556954172564138,1.3917526855881421,0.9492546448020297
2023-01-13,0.15271953925199522,0.12529272299871885,0.19785876386052936,0.12012714951829373
2023-01-16,-0.5262470122746428,-0.9880539623595894,-1.2134471310905555,-0.6629650996128107
2023-01-17,-0.665768256613879,-1.1222387003802763,-1.4042456634971272,-0.7771414340843058
2023-01-18,-0.6328157960093693,-0.9793019181302342,-1.1777832042650935,-0.7076408154754497
2023-01-19,1.8210030284062015,2.6088648338018476,3.2363560732934467,1.9549305951100742
2023-01-20,-0.4536787925070779,-0.5076124067942327,-0.6774298013469262,-0.6091743430029878
2023-01-23,-0.635472703858541,-0.6899904310444192,-0.9027581416812673,-0.7835909921100993
2023-01-24,-0.5175091204222868,-0.5472429695157051,-0.715988806505865,-0.6091280251373504
2023-01-25,-0.7756548796079883,-0.7788575588987522,-0.9271290125105859,-0.8926579051500318
2023-01-26,-0.8015590158897749,-0.785029951548075,-0.886686516674601,-0.8973077978595327
2023-01-27,-0.977223416991201,-0.9477436275450698,-1.0855071645194996,-1.0642079212372624
2023-01-30,-0.8780199052437326,-0.8379855012284292,-0.9675306656565843,-0.9342436383370092
2023-01-31,-1.0351185351690246,-0.9877672118541823,-1.1603485813512995,-1.0889435448187463
2023-02-01,-1.1178538703610248,-1.0502173593382251,-1.1859145884880964,-1.1745337184955795
2023-02-02,0.7429453178100227,0.6633683308756122,0.7656041042252613,0.8078664321530169
2023-02-03,2.1439452183021253,2.358200573599876,2.8314868959030264,2.463051499995651
2023-02-06,0.7588844219387335,1.1185313157379375,1.4995060159548212,0.9378504423364622
2023-02-07,-0.4770137722521193,-0.5852050984238164,-0.7073586532673046,-0.6692526644650705
2023-02-08,-0.658050651498848,-0.7831654516725498,-0.954707797498294,-0.8665357583426576
2023-02-09,-0.622757122430412,-0.7193664432392062,-0.878452477970654,-0.7825812088610624
2023-02-10,-0.6056428240233871,-0.6886330525173672,-0.8397927644379954,-0.7346748084717059
2023-02-13,0.8185959257063443,0.8849265900886014,1.0880790619362462,1.0320425707049947
2023-02-14,-0.8582324549013041,-1.0860021897102932,-1.3110366461988432,-1.098777047848836
2023-02-15,-0.16836260292161143,-0.1934687030576585,-0.1681524340507803,-0.19405713312118678
2023-02-16,-0.8712976018467773,-1.0911483178831396,-1.3546070165147444,-1.069862679734693
2023-02-17,-1.0051992598425423,-1.212823478338482,-1.537024753043958,-1.19929854749081
2023-02-20,-1.0574060306667448,-1.2265865293194964,-1.519179584355559,-1.238359329507074
2023-02-21,-0.5000518464651315,-0.5403090499801004,-0.5629794934481052,-0.5466974389627969
2023-02-22,-0.03823567135803341,-0.02883374003516903,0.055840785786531066,0.013470537530975601
2023-02-23,-0.8268557368959163,-0.8066590328961765,-0.926291635526779,-1.021831567767899
2023-02-24,-0.6982951460094068,-0.6646063750747901,-0.718450365702507,-0.8450124890215156
2023-02-27,0.4383088961031605,0.3946173533248021,0.4021711714976224,0.6756372323760009
2023-02-28,0.521694330197624,0.5512825808358097,0.5949251169660332,0.7819996619299363
2023-03-01,-0.31820317266626397,-0.2928565467687134,-0.30227857920048984,-0.4207555804795736
2023-03-02,-0.5941516405404728,-0.5819703962579805,-0.6169681767172637,-0.8012451601908097
2023-03-03,-0.9838083004276366,-0.9778809814844225,-1.0617139035749348,-1.3163808603409588
2023-03-06,-0.9293863991321706,-0.906455768080063,-0.9981974845723229,-1.194138390759235
2023-03-07,-1.0666387622123825,-1.0184880382800452,-1.0695060598429977,-1.362623129212426
2023-03-08,-1.1233742415549435,-1.0578631141891583,-1.0831283568615964,-1.4143410951634554
2023-03-09,0.1389907413617315,0.1115599464749002,0.1297305903509709,0.32551341681951085
2023-03-10,7.667150821375951,6.603109468525423,6.644645641891318,11.173798611360938
2023-03-13,10.184458383587698,7.653296378619223,9.29471746549078,16.965243809655483
2023-03-14,1.306871829027553,1.3840892377141276,1.3094027236187364,1.505771254698469
2023-03-15,11.339135159587421,8.824878416646504,12.021313122133526,18.79238639451104
2023-03-16,1.3796029798196765,1.6872881651065923,1.3448092910122615,0.9849545049608528
2023-03-17,1.3894761240464129,1.6506898435653197,1.3422392341504814,1.1138273419461946
2023-03-20,1.2784274094617907,1.562779355408834,1.3134353982436062,1.0047356671548924
2023-03-21,2.1903970417131307,2.1462238301987893,2.1863386910163918,2.469605820301877
2023-03-22,0.9476487825408189,1.163963364924826,0.8066026514830283,0.5918327632232818
2023-03-23,1.1302603469634822,1.2913145999444975,1.0406829271315032,0.9505012431435009
2023-03-24,1.48816544350754,1.5658055153605521,1.4860575583946682,1.4683061565806006
2023-03-27,1.072874547463599,1.2643479787930323,1.1563534722787383,0.9372310898208026
2023-03-28,0.6005921158781825,0.8621994031460333,0.6871139417087659,0.4003548907588468
2023-03-29,1.1737571184138298,1.2799354775706215,1.2048797016559025,1.1409939049954971
2023-03-30,0.7783758971823777,0.9233702468267733,0.7868218394139688,0.7103159238196526
2023-03-31,0.3526174035969091,0.5400715380655334,0.32962826568384723,0.28985627869481173
2023-04-03,0.450296880384088,0.6127070234541262,0.44254426224650945,0.4478921797254297
2023-04-04,0.3448293941787401,0.501742037894323,0.3232294149344684,0.37984692887867844
2023-04-05,0.16885316033620895,0.360792866946534,0.2422173065108188,0.23973767194659157
2023-04-06,1.0495886629045712,1.0488238858605032,1.043628238758005,1.043310488718131
2023-04-11,0.28456841458956805,0.3589449216743912,0.251777466450508,0.36515728913859297
2023-04-12,0.15202231554142254,0.21729792172002238,0.09499480234050725,0.26532775875642417
2023-04-13,-0.14838546457677398,-0.07670587868240844,-0.24532501625368555,0.030782041761494072
2023-04-14,-0.1429879371226505,-0.06996992558840998,-0.22218923080539604,0.057947504566320016
2023-04-17,-0.40265090120551345,-0.3162167964655426,-0.5084819094960239,-0.12740502405550863
2023-04-18,-0.2818157992019977,-0.20167393947149553,-0.35198864468753743,-0.02420532747833748
2023-04-19,-0.5709483512434266,-0.47750682763398244,-0.6806410177177551,-0.22695679819884448
2023-04-20,-0.6932409677175729,-0.581153862494684,-0.7463844854454214,-0.30729783132034233
2023-04-21,-0.7496583072704875,-0.6268616328837499,-0.792080340708322,-0.34144906027901767
2023-04-24,-0.8868723177764453,-0.7462971531473158,-0.9310551631764518,-0.43115890135848517
2023-04-25,-0.7877376016324442,-0.660730537818356,-0.8094916533188806,-0.3770187635363487
2023-04-26,-0.35937139995300604,-0.29408761326231214,-0.3376305722398265,-0.13440817681896944
2023-04-27,-0.8115355760875311,-0.649994228545378,-0.6689659751350772,-0.45550681561683515
2023-04-28,-0.34642681048799595,-0.27118109774164534,-0.25473844320897077,-0.1708631034537264
2023-05-02,3.433456285667482,2.97151900447817,2.954794687095062,2.37346047174776
2023-05-03,-0.5739118284212995,-0.32957923964585606,-0.400279028202739,-0.48642975134008715
2023-05-04,1.833917943871589,1.497790321723273,1.5883266744490672,1.6511495216694636
2023-05-05,1.0949524687322967,0.9732273103215906,0.9829081056656558,1.105026103007095
2023-05-09,-0.3946378951852794,-0.2576916776901827,-0.3237132230562384,-0.44529982125292594
2023-05-10,-0.3941588143515269,-0.2558869998170776,-0.2753482309893127,-0.4081610970506659
2023-05-11,-0.5842100879872877,-0.41204890325777255,-0.3712599570403338,-0.5764968791490231
2023-05-12,-0.5153809061229736,-0.3581500136025908,-0.29566506883665605,-0.4833613024549803
2023-05-15,-0.59325969685021,-0.4405434823381741,-0.3932669616857678,-0.5393304377224163
2023-05-16,-0.5837024535247226,-0.44923949403910896,-0.42100560384890673,-0.5177526455094306
2023-05-17,-0.5832130485217921,-0.4432324417138141,-0.36680752573369,-0.5229763200268394
2023-05-18,-0.7830299872809324,-0.5990816296997639,-0.45508386428339387,-0.7164413445065881
2023-05-19,-0.9124221567442923,-0.719878088238382,-0.5910305591017209,-0.8249424007118406
2023-05-22,-0.9856587065475886,-0.7903739871219037,-0.6844897380638003,-0.8826904542215058
2023-05-23,-1.118742353586068,-0.9086867627793613,-0.823421503475461,-0.9964076544279915
2023-05-24,9.303372316669435,7.41791257291042,6.704258126665076,8.15415574031585
2023-05-25,0.4159838335801418,0.5240068067626513,0.45762148645376316,0.400009288112956
2023-05-26,0.42026205491804247,0.5346235326118525,0.504426671705531,0.4034301615066782
2023-05-30,2.4889257677290804,2.062562913125743,2.177528770515888,3.1043007521238257
2023-05-31,1.0525543750347042,1.0384212189499982,1.033059953421042,1.2146165593398957
2023-06-01,0.2744751031560783,0.507533319881227,0.5272043817331468,0.0874000026792382
2023-06-02,2.7201214446506,2.244887355337298,2.2283129917139037,3.4709575934573955
2023-06-05,0.01791185622145296,0.033830234790821576,0.02055928373142999,-0.32627993096514785
2023-06-06,0.043050990216433965,0.07433876969758012,0.08256443649564343,-0.19702382218459097
2023-06-07,-0.20676749730826796,-0.16582235293013203,-0.16659335658824367,-0.4453629083425706
2023-06-08,-0.17795680851030546,-0.12612996111817856,-0.11633569395800905,-0.3368080347310019
2023-06-09,-0.04376677804712081,0.011345721597948166,0.06296442432170513,-0.13717182210345846
2023-06-12,-0.4401186436919474,-0.325092347662495,-0.17826176145547656,-0.5749878294205805
2023-06-13,-0.386276306582241,-0.27538467676556544,-0.15774302964469847,-0.46241355269179235
2023-06-14,-0.6275149329964131,-0.49838286273691196,-0.3798887222138853,-0.6849199570556954
2023-06-15,-0.5074960469848069,-0.3934333586956985,-0.3079745592204691,-0.523919980108513
2023-06-16,-0.7360428135516641,-0.6083961456118129,-0.5290178036170667,-0.733515196309945
2023-06-19,0.3461940629825421,0.32264873440159936,0.31985225063143374,0.3391324122091215
2023-06-20,-0.6727672374269351,-0.5020863527118151,-0.40028862925905234,-0.7066673120153019
2023-06-21,-0.8398355962715177,-0.638214270098708,-0.47995429491654684,-0.8659962462391568
2023-06-22,0.5471148477639202,0.46940430015816714,0.4500118613219676,0.551629075105718
2023-06-23,-0.17610236966171466,-0.07000686754052499,0.043022706192949844,-0.20426027460541596
2023-06-26,-0.8076602219901673,-0.5390755808776724,-0.27836301215751186,-0.9224641497314124
2023-06-27,-0.8906995402760561,-0.6149475721888384,-0.33926454205813844,-0.9835150792718056
2023-06-28,-0.26203157308958225,-0.1589390684054066,-0.026176065977962126,-0.27856725629721857
2023-06-29,-0.6010099843757175,-0.4625073511568803,-0.3001189085760368,-0.647946196725566
2023-06-30,0.7445480667345947,0.6102946984228289,0.548411821226938,0.8285275564463106
2023-07-03,-0.9073783022612047,-0.85293533355246,-0.6153135629212853,-1.056510970154994
2023-07-04,-0.9699971007393902,-0.899266851691867,-0.6691047642759168,-1.0953554361300588
2023-07-05,2.070242630546775,1.8905387034050052,1.5141366854718452,2.3386711156265383
2023-07-06,9.749801053788502,8.000678855060617,6.926589639082834,12.666916619677613
2023-07-07,0.12398069620110284,0.4417261297879661,0.29802608892166405,-0.308597618780462
2023-07-10,-0.024096726503806343,0.31864022832993,0.23090408055273276,-0.437912937522857
2023-07-11,-0.17842485762005172,0.1841272126887801,0.08940238047377895,-0.560175961028996
2023-07-12,4.1936342064369185,3.1532870024381596,3.375309165304604,5.659665514192443
2023-07-13,0.13648993521865072,0.07876624573990712,-0.036066014777569086,-0.2173592624998388
2023-07-14,-0.06947127382085225,-0.1213139544252813,-0.2570893909209557,-0.4132608042382764
2023-07-17,-0.016229712680495334,-0.04110667868073384,-0.13379819254983571,-0.2490750789181181
2023-07-18,0.25786949056676384,0.2586879223942653,0.2429432736782045,0.15844650883026612
2023-07-19,4.111130034773374,4.24454852089395,4.437937560440374,4.989522047997112
2023-07-20,0.5818310471970107,0.4559016949069408,0.451468610025033,0.4781477495416279
2023-07-21,0.011694121614033846,-0.447120360699458,-0.5526640067667983,-0.2482944588613391
2023-07-24,-0.11250680312070764,-0.5493140448284133,-0.6696682219385229,-0.32333400677720536
2023-07-25,-0.22931253801976653,-0.6386664216504055,-0.7738683155072692,-0.39112204549913987
2023-07-26,-0.3217382713991356,-0.6916880204213866,-0.8377082691638631,-0.4340208908689448
2023-07-27,-0.4049348594688169,-0.7281974370815092,-0.8228951868367658,-0.4792178095275579
2023-07-28,-0.5722220219271904,-0.8941632011699782,-1.0211745908690397,-0.6101210118820949
2023-07-31,-0.6654211958776494,-0.9492545142088044,-1.0934036400930869,-0.6640486980425706
2023-08-01,-0.3698827336532987,-0.5065953548791059,-0.5803988208461156,-0.3472749631424136
2023-08-02,3.4142004993158857,4.039103825568796,4.387955489298198,3.3185913682957784
2023-08-03,-0.146800225943979,-0.07071729924139586,-0.20384750308488286,-0.26495029185182956
2023-08-04,-0.13616087049725334,-0.04906465764473683,-0.1105312853828449,-0.22860820038755958
2023-08-07,-0.5278909606361848,-0.42293727647150897,-0.5261464154358598,-0.6440643158181538
2023-08-08,-0.40424276267714837,-0.309403967804162,-0.36328715590473537,-0.46753663277439406
2023-08-09,0.5677066233165214,0.5401724919792572,0.5394801533856314,0.5913386837287831
2023-08-10,-0.3355914763393953,-0.3213017193177669,-0.335670853658013,-0.3977061801453843
2023-08-11,2.4916948124488947,2.4766522521126255,2.5747152469465906,2.6576800677601193
2023-08-14,-0.3698159545479797,-0.21686681383012185,-0.28789042462201614,-0.562516333181714
2023-08-15,3.7393778009716385,3.2139770336869136,3.2690281433522093,4.390165798654447
2023-08-16,0.05898048951580592,0.2883256567301116,0.22638534623775675,-0.17364501613403716
2023-08-17,0.2693489796936924,0.43508486240881794,0.43712435929086785,0.15634937965241946
2023-08-18,0.28580295507158926,0.4474061001158102,0.49974664436331084,0.19422431892038394
2023-08-21,-0.3107517874986775,0.020845874435865087,0.18295913604268443,-0.5648122703716112
2023-08-22,-0.37497713302719277,-0.04641555875086178,0.12086995215258825,-0.5730129815359581
2023-08-23,0.2592736508258122,0.37664367375180685,0.4560582283319378,0.23513864031209752
2023-08-24,-0.48649245607237734,-0.2293319166090878,-0.09166062509308072,-0.6316948918598864
2023-08-25,-0.6300274416745103,-0.3554715861866949,-0.22494165840927802,-0.7437196862310355
2023-08-29,5.354128009069344,4.124059163794465,3.7264315786838993,5.77262693072244
2023-08-30,-0.250639231148745,-0.5108269542079114,-0.4355658176864485,-0.5027664938506959
2023-08-31,-0.06396325816193177,-0.21710380689766867,-0.17838317655349206,-0.19918320547098156
2023-09-01,-0.2573015360602423,-0.3974001377753644,-0.29077916760614964,-0.40685009585748055
2023-09-04,-0.4827852586619446,-0.6409768886918719,-0.534439623170387,-0.6235683949192298
2023-09-05,-0.543082546207783,-0.6684798398209238,-0.5367499101484721,-0.6473948809799539
2023-09-06,-0.6504544915199602,-0.7499594677677957,-0.5786186995126242,-0.7317441642691395
2023-09-07,-0.688733656320121,-0.7584783301232272,-0.570622935184788,-0.7429078746893367
2023-09-08,-0.29787872420903916,-0.3231198704097238,-0.24358101041243008,-0.3115214229848726
2023-09-11,-0.7429258972033265,-0.8241717574744198,-0.7045842580734176,-0.7683587755464266
2023-09-12,-0.5311013762389836,-0.5768960472574097,-0.5175656203522494,-0.5365886051363645
2023-09-13,-1.0045415440846648,-1.1064010045326869,-1.0385824209061805,-1.0106717418444713
2023-09-14,9.993802521502639,10.787355636144412,10.270091332856289,9.88926127200556
2023-09-15,0.031796084209649356,-0.37699869894375715,-0.382952820843663,-0.150999136695455
2023-09-18,0.4683157029143913,0.7687249590042657,0.8640189322813012,0.45959158724459415
2023-09-19,-0.35431316383559186,-0.9185007610228418,-0.9842219732850811,-0.6153065460117738
2023-09-20,0.9126830199849578,1.351143517749664,1.4845611102326777,1.0332220677373765
2023-09-21,0.3013555202185354,0.31098874278954214,0.37763295720290313,0.25970404403226277
2023-09-22,-0.4209786118408037,-0.8536782978495452,-0.9306429475955456,-0.6467655267746901
2023-09-25,0.5106787125843334,0.622874490443175,0.6845374470571082,0.5375695644310193
2023-09-26,-0.49244410691978213,-0.7130887729651325,-0.7591245714515554,-0.701053358604618
2023-09-27,-0.26472322851127505,-0.38680115760034767,-0.4219461006925736,-0.37230186842752505
2023-09-28,-0.6184929756180461,-0.7469509774339679,-0.7289025714680998,-0.7718453780829867
2023-09-29,-0.7248088276871358,-0.8305839930568442,-0.8312826822740771,-0.8453453869662959
2023-10-02,2.9794474146740937,3.2239665972553784,3.2920366736369333,3.2520217423106255
2023-10-03,-0.01733668344713024,0.05672871609336139,-0.002574168973181634,-0.1301961987507787
2023-10-04,0.49149744612750923,0.5010753628049573,0.49930429948603666,0.5288126092560852
2023-10-05,-0.042675158234527444,0.08159617138300479,0.12147245701573983,-0.16829555678432384
2023-10-06,0.02742833158946556,0.10919443816333524,0.13300714106887662,-0.053894179531379316
2023-10-09,-0.5842741985923797,-0.45997783213175486,-0.43404874161661205,-0.7926605874206984
2023-10-10,5.7266399751504915,5.0360808885878985,4.900298893302378,6.765502744466139
2023-10-11,-0.18352057757409823,-0.6025561712747728,-0.6221548230503472,-0.5025999043712225
2023-10-12,-0.16265341954727447,-0.4842768393144652,-0.4796920914606271,-0.3936479430975448
2023-10-13,0.12435990024404897,-0.010552048500110267,-0.014266148250301813,0.029381368878107494
2023-10-16,-0.17539189311610937,-0.36132406682916135,-0.3234677738241232,-0.3346709036411234
2023-10-17,0.05636868499636305,-0.03559803753987634,-0.026740155393680243,-0.01440810906692147
2023-10-18,1.7116096823162765,2.17901477072041,2.177525644009934,1.9525940664372419
2023-10-19,1.6281158827725415,1.6779926393971376,1.7203251398963286,1.9367725408391063
2023-10-20,1.9264283658255703,1.8297498721802927,1.8446352563457231,2.3726988100081723
2023-10-23,0.06657942632451516,0.2323004841121739,0.2412956752580282,-0.21345191271213765
2023-10-24,-0.12420605653386935,0.0748460663228813,0.1471941802626821,-0.40505164506320834
2023-10-25,-0.1346579776050615,0.053943250173379004,0.11418070113838288,-0.34070935302349925
2023-10-26,0.5759628424773491,0.606954710457225,0.6216687392114306,0.5870189921701755
2023-10-27,0.7105484970513893,0.7252692300556901,0.75392511462351,0.7506702467091214
2023-10-30,0.016910511512287396,0.21654213093572272,0.3612946116172149,-0.12673237944707227
2023-10-31,-0.381425595332447,-0.12640871682373958,0.04616078043094293,-0.573575026424517
2023-11-01,-0.3624692742313458,-0.12582445476394577,0.04420294607663505,-0.493612165422336
2023-11-02,2.966566402067594,2.4046472599285793,2.144253069507947,3.284817474692924
2023-11-03,-0.11610619284486826,-0.18014078967328243,-0.0702774620792391,-0.27727483745165205
2023-11-06,-0.3984188746339303,-0.4432978451386716,-0.24251473583325056,-0.5788758785230689
2023-11-07,-0.4846576737538413,-0.5088376369131657,-0.3205408038089342,-0.6197479654282774
2023-11-08,-0.5766413657445968,-0.5810590943179347,-0.3761441833350722,-0.6759646016696959
2023-11-09,0.3635692424626976,0.36285838357498756,0.3787971219748114,0.3700752845241073
2023-11-10,2.5555052376100353,2.74141924662575,2.318851061439132,2.7479838106601564
2023-11-13,0.7605079866887716,0.7491461246838842,0.7500579671874749,0.8230337793949853
2023-11-14,-0.3216614987494812,-0.3159361019524206,-0.2571577313740899,-0.517547802154171
2023-11-15,0.14468821425756417,0.15243381834814862,0.1727745107316065,0.09153607251540008
2023-11-16,1.2221168013387822,1.243942546417172,1.2223883746945192,1.350065003953639
2023-11-17,1.9324250173392976,1.822290366785791,1.76601214706072,2.256340922286882
2023-11-20,-0.24091389860547124,-0.38028352602372345,-0.3594536611221225,-0.47839500466721385
2023-11-21,-0.3079597255420114,-0.4188290799298535,-0.37551745945666326,-0.4927864171259556
2023-11-22,-0.4126244434133735,-0.4993780665283578,-0.4147461810912141,-0.5633817074736689
2023-11-23,-0.48881240033897466,-0.5507766119128337,-0.43429581305160336,-0.6039180364203853
2023-11-24,-0.637757198084832,-0.6864680442374692,-0.5810926572431673,-0.7232677279527417
2023-11-27,-0.45656045081321195,-0.47624919771145546,-0.41213803799932996,-0.49348054131355046
2023-11-28,-0.7758156242594196,-0.7660067516540202,-0.6179346746959349,-0.8229160819851413
2023-11-29,-0.43852401893551435,-0.42212076829622736,-0.3265263676797985,-0.4514765818211296
2023-11-30,-0.4883196712279945,-0.44678862297684246,-0.30782430912362796,-0.5097093923096929
2023-12-01,1.6631903099252687,1.5945480644030663,1.3650120656051643,1.7092825377637153
2023-12-04,-0.6542342532343913,-0.8324110737496678,-0.7151390793237463,-0.7565180229834152
2023-12-05,-0.608976669938834,-0.7321567722897847,-0.6021057641606019,-0.683519545149101
2023-12-06,-0.5991578762511407,-0.6795090472951824,-0.5251948976132059,-0.6637423849451476
2023-12-07,-0.9363788188325323,-1.0508087626375013,-0.8726847737568035,-1.0122901246284721
2023-12-08,-0.20638071735268193,-0.2197384546418566,-0.19084458725546039,-0.21581318324005672
2023-12-11,-0.9676640093940807,-1.1055921864194553,-0.9979020447887043,-1.0361392445337163
2023-12-12,-1.0776390435500707,-1.190222660367491,-1.0637208337667656,-1.1403397163078126
2023-12-13,-1.1346166024247986,-1.218332120996295,-1.1150481322187338,-1.1861200377019714
2023-12-14,4.723743887124387,5.023197922411795,4.6994094626310865,4.946320267861176
2023-12-15,1.1833391805000617,2.0683851816774803,2.10108223398763,1.4622031613694986
2023-12-18,-0.14658354221869763,-0.2542624018903724,-0.28495756472334144,-0.2846668271091558
2023-12-19,-0.47491855970812613,-0.6664806576232802,-0.7469604072714746,-0.6909868817793953
2023-12-20,1.4031061720983058,1.7214913681139201,1.9720072770772927,1.747444888206955
2023-12-21,-0.46876104269850066,-0.8155790065479293,-0.9574618932599812,-0.7010972121024078
2023-12-22,-0.6765202389461996,-1.0306279955601874,-1.1443884903772745,-0.9273678269876393
2023-12-27,-0.49780262115630686,-0.7117228666020445,-0.7944502948736833,-0.6492986564488648
2023-12-28,-0.8346634841870996,-1.1390308141883843,-1.3148854521222542,-1.0301085294867365
2023-12-29,-0.8756171562596571,-1.1287163749306224,-1.3017115587619341,-1.0391699761929376
2024-01-02,-0.9394837330293933,-1.1559956725388492,-1.3569305373415101,-1.0800782610586177
2024-01-03,-0.31408847752147506,-0.34664693823080583,-0.3464466660207557,-0.34127243891993686
2024-01-04,-0.24535011855860378,-0.2611088585702058,-0.27030877793160246,-0.2695442344507727
2024-01-05,-0.5014373561830539,-0.5636977198868817,-0.615355353138857,-0.5802629486377053
2024-01-08,-1.020512851715465,-1.0921075931589073,-1.1670966243452063,-1.2303491129668218
2024-01-09,-1.053932949138902,-1.0987825130709727,-1.1978573853533385,-1.2390066774217876
2024-01-10,-0.6008443249365066,-0.6101950426079471,-0.6411785117776605,-0.6734137159940827
2024-01-11,1.9375296510241542,1.8723958449434388,1.8944944928459926,2.4985180330970547
2024-01-12,0.09381333421469418,0.11336090799917165,0.10492203588658555,0.14820447101067846
2024-01-15,-0.4898850468702648,-0.43613147549853304,-0.48750477217051325,-0.6836260690218936
2024-01-16,-0.32019876031433736,-0.2680195061408004,-0.26824556775512864,-0.43137510941930834
2024-01-17,4.535892224239275,3.94319849862337,3.6871121858359426,6.4679912457704845
2024-01-18,-0.3822999370277111,-0.10842666892296335,-0.16829270410441785,-0.8299021678662318
2024-01-19,-0.5265995229196098,-0.23586256594890084,-0.30345961995043436,-0.9562162609669437
2024-01-22,-0.40600031596576225,-0.16398073618460485,-0.22357944462504978,-0.6906339362431249
2024-01-23,-0.702611895430983,-0.4170985790303388,-0.5009684747524761,-1.0604438357246115
2024-01-24,-0.10203008611454512,0.01463210706229423,-0.021589465459128654,-0.16073554321375683
2024-01-25,-0.8104698278983012,-0.5836487874505213,-0.6824645214160879,-1.1242669793168147
2024-01-26,3.8522651451498398,3.0885123697422165,3.4118295774497045,5.151993302174556
2024-01-29,-0.53577097975691,-0.7358800641675804,-0.8892527841226538,-0.9077818145313318
2024-01-30,-0.27158350463116315,-0.37569939181442075,-0.45553301266714497,-0.4620163992819688
2024-01-31,-0.2582367945454818,-0.3534069449326219,-0.42876979625628076,-0.4085196455813027
2024-02-01,-0.6988006290370616,-0.8097904261129059,-0.892550029404201,-0.9926444808103323
2024-02-02,-0.7920816827990802,-0.8788137834913098,-0.9367139761969361,-1.0633071370476526
2024-02-05,-0.8895311494028114,-0.9535572607038824,-0.9955797128019556,-1.1429664250468998
2024-02-06,1.1268038380013927,1.1745724632975143,1.23234495481963,1.446774823125151
2024-02-07,0.23714835383313693,0.2863231835861204,0.32702550524940843,0.3025169111634918
2024-02-08,-0.36480761165858017,-0.4190781692069309,-0.4405026264145754,-0.5203615171468814
2024-02-09,-0.606043870343059,-0.6390139224810285,-0.6124154150919998,-0.8370827962755043
2024-02-12,-0.8654167788418082,-0.8735596041381171,-0.7814719286814913,-1.1587753729994619
2024-02-13,0.7638015045616099,0.7556445835405062,0.7107369112503582,1.025984307930143
2024-02-14,0.4364540320807354,0.4151694980302918,0.4089789414211483,0.5975197816957851
2024-02-15,-0.4548762732047835,-0.4567504581155118,-0.42117433311919117,-0.6605200611613545
2024-02-16,4.284265917000559,4.345115939366692,4.240782372339474,5.814918559439458
2024-02-19,-0.37056711863175096,-0.7936905777708211,-0.8219865871345321,-0.7247099242122755
2024-02-20,-0.5164594490012209,-0.9359520466671152,-0.9919224510742688,-0.8534003673375734
2024-02-21,0.3906477215775349,0.4895728377729356,0.50708979824942,0.45471934785981083
2024-02-22,-0.44551938060180607,-0.6268257638811277,-0.6217338133193604,-0.717225263990574
2024-02-23,-0.5197153627564086,-0.686675563342088,-0.7014233923225549,-0.7607714306399656
2024-02-26,-0.5826319255974988,-0.7345503161262057,-0.7699243600259762,-0.7945311325303928
2024-02-27,-0.8175671868447241,-0.9608197307124955,-0.9443616941748065,-1.0681967500132707
2024-02-28,0.5141196334678783,0.5731957699771992,0.5706306457905623,0.6482714897686523
2024-02-29,-0.797278158789316,-0.7876556657071911,-0.7550928991757279,-1.0724456495337034
2024-03-01,0.25564641931884524,0.251902664891428,0.2503398436594656,0.3331882431722668
2024-03-04,-0.1425992042796469,-0.1613143046312734,-0.1664485360328709,-0.1899732758236511
2024-03-05,-0.8309873425591806,-0.8316373019616112,-0.787565136240328,-1.1039000390689515
2024-03-06,-0.45721173378012514,-0.4476073057040261,-0.43472585237356853,-0.5739226584459034
2024-03-07,-0.8873716146014965,-0.8966644379309835,-0.9048539644091569,-1.108067248860892
2024-03-08,-0.5229355740061955,-0.5206413322480976,-0.5380950178778588,-0.6171166533362707
2024-03-11,-0.9964856867021318,-0.9473464197966618,-0.9164320049063307,-1.228311583102825
2024-03-12,2.051703603457643,1.915814017133425,1.9069120993156525,2.636965949913894
2024-03-13,-0.6396801909962357,-0.8034338215187224,-0.8391470335180222,-0.8566528281160318
2024-03-14,-0.5821185710660091,-0.7098519886844195,-0.7575437788415416,-0.7462734021122627
2024-03-15,-0.8571859296122867,-0.9852160214566066,-1.0025284867316206,-1.1055610573856567
2024-03-18,-1.015956287571245,-1.1234685040998436,-1.1014246460884058,-1.2897794732097927
2024-03-19,-0.9754332600561112,-1.0471852337119198,-1.0290017988009115,-1.2034697494475377
2024-03-20,-1.1614405958016447,-1.227526320355706,-1.2457556305780038,-1.4160318193898676
2024-03-21,10.587031007095801,11.049039230547296,11.54941249172546,13.682681932745593
2024-03-22,0.14511298966305686,0.07048968706374903,0.1392028603210702,0.02144243878544716
2024-03-25,-0.42365392119047174,-1.2311135685292804,-1.4102210662970256,-0.8030945534081069
2024-03-26,-0.5111013514843582,-1.2386368338774822,-1.3839152406850916,-0.8556228972143293
2024-03-27,-0.6551908780975267,-1.3816080980976833,-1.5923166533913065,-0.9847909801178868
2024-03-28,-0.6067557648534407,-1.136813544205554,-1.3095392127176226,-0.8553831123352179
2024-04-02,-0.7155577067464587,-1.2363145253072823,-1.4678413092628098,-0.9514548138028737
2024-04-03,-0.890918407025127,-1.4206946097776108,-1.6660439958855604,-1.1467711464055086
2024-04-04,-0.3545427279698684,-0.4518658030279208,-0.40535250668326905,-0.42508035863102567
2024-04-05,0.7975665629225324,1.4267344379778033,2.3070260326705303,1.0321514959649813
2024-04-08,-0.46265529179452175,-0.5733550168105965,-0.7118530620220972,-0.6263522217279267
2024-04-09,-0.8692781633009353,-1.0649181959218206,-1.39467759809725,-1.1412002112672177
2024-04-10,-0.68194887320847,-0.7979117786833645,-0.9823370836612919,-0.8585315784863738
2024-04-11,-0.4073710422447505,-0.4620544190671425,-0.5056544596452719,-0.48198395291173424
2024-04-12,1.2303681655973708,1.3430541809259164,1.7698635851809992,1.6657271083723046
2024-04-15,-0.5292610651304779,-0.7000192505832439,-0.8420267174037446,-0.7164608546304858
2024-04-16,7.423880822176249,9.124614257958822,11.229349257406437,10.141404709509027
2024-04-17,-0.09307625413323156,0.08174962523808417,-0.2562774563190962,-0.47136133307789324
2024-04-18,-0.15194672803702694,0.012511798883989289,-0.3140763275825838,-0.47705832547429505
2024-04-19,-0.3438466533065158,-0.16806546357467597,-0.542289813582681,-0.6885598515950905
2024-04-22,3.848630534859283,3.271223993726977,4.706074262550324,5.307237076643626
2024-04-23,-0.12276104684808835,-0.314620319578401,-0.7072199532072837,-0.47702060361088217
2024-04-24,-0.303326410742939,-0.4976180738925527,-0.9530358359803047,-0.6486408805060989
2024-04-25,-0.06695288075874117,-0.17419270918943575,-0.38595596042034563,-0.24902711758921858
2024-04-26,0.43160345292368435,0.4313255766528181,0.6028307085897047,0.44364427337374024
2024-04-29,-0.4691315425312257,-0.7201972408497208,-1.1872627103285165,-0.7206237153704388
2024-04-30,-0.5785575631467498,-0.8054902247562428,-1.2907137249728338,-0.794978031365346
2024-05-01,-0.5194499808398785,-0.6852540428007738,-1.0434871961271623,-0.6722155197263715
2024-05-02,0.0810709855526569,0.06393549037739299,0.12724947042154344,0.0636298165245065
2024-05-03,-0.21062601598125963,-0.2973634675858924,-0.3699727515662117,-0.2791035832682722
2024-05-07,2.4326744323164355,3.0663392991573595,4.892635246060989,2.805872886564945
2024-05-08,-0.14660644226985414,-0.3872142996654223,-0.4398634472892893,-0.26797957800518846
2024-05-09,-0.41585099230546474,-0.8004495464740278,-1.1014322748860756,-0.5713956035200074
2024-05-10,0.08468280723314614,0.08393231352737329,0.4809658738748823,0.05811994166154111
2024-05-13,-0.6007981665596382,-1.0551139055942067,-1.5222457104411076,-0.744666706850154
2024-05-14,-0.7219600375013295,-1.148010727965787,-1.6097469506677102,-0.8565042583374008
2024-05-15,-0.7551269904036891,-1.116278371902665,-1.5532477077506595,-0.8583632808627875
2024-05-16,-0.9172058134796773,-1.2868633529711737,-1.8576150156624744,-1.0097115144860493
2024-05-17,-0.8795083296446351,-1.160377386498142,-1.587014924351731,-0.9483860632849027
2024-05-20,-1.0575566793141802,-1.3296463045376083,-1.8049694101998464,-1.1362668365555064
2024-05-21,-1.1113585287631231,-1.339970950464205,-1.8340183559991865,-1.1765505377317294
2024-05-22,-0.19407180410597036,-0.17208760441278614,0.11242731767971992,-0.1915476957700466
2024-05-23,-0.7016792467291861,-0.7425710198663733,-0.9047499778394934,-0.7715957351606729
2024-05-24,-0.9273603934742003,-0.9431965321696052,-1.1439993391724155,-1.0466364924409512
2024-05-28,0.7180752269427269,0.7077436837272559,0.9125606017773493,0.8930630294810544
2024-05-29,1.045012720290209,0.930343296588119,1.063450344931306,1.3891371184946586
2024-05-30,-0.0480102042301509,0.010383357712486552,-0.01821048491473609,-0.06771839697904558
2024-05-31,-0.1745980537710936,-0.12482137137283722,-0.16756810885083995,-0.24134700501891382
2024-06-03,-0.808256431667491,-0.7345841120489184,-0.8660987761332746,-1.095270680536965
2024-06-04,-0.5806436163974318,-0.5195270350666008,-0.5832106445863415,-0.7513969185821834
2024-06-05,-0.876953253865504,-0.7669328735182056,-0.7837836310141423,-1.142418407061165
2024-06-06,-0.4313346235907861,-0.37723542118059306,-0.39571685705129955,-0.5150979328117247
2024-06-07,-0.3849834728165411,-0.35698656213143776,-0.38333719743390093,-0.44839244044069626
2024-06-10,-0.9158988392639279,-0.8083499827016255,-0.80578998207767,-1.1734812135064163
2024-06-11,1.796504708962493,1.5668315073844776,1.495769817495911,2.4951476682967533
2024-06-12,0.7439899971248354,0.6480821293640694,0.6423748001387811,1.1065094901583201
2024-06-13,0.09542316397221406,0.10979844429673935,0.10835339223781826,0.11312676504322816
2024-06-14,-0.6465810258331957,-0.5245049673091783,-0.4637364591865296,-1.0012564309564072
2024-06-17,-0.8020025783033726,-0.6565514288681511,-0.5466748990252581,-1.1756205859318116
2024-06-18,-0.010205151088848563,0.018366668870043235,0.05238255725782093,0.011022603062391667
2024-06-19,-0.817752411212364,-0.7451294713365386,-0.6634373780555594,-1.1351417682343559
2024-06-20,0.7915230062473252,0.7320314513952967,0.6957197748592908,1.1384530650670532
2024-06-21,-0.4442995680636727,-0.4861984261214943,-0.4736960073972954,-0.6123825833675911
2024-06-24,-0.2020739411573107,-0.20890195173458725,-0.1798270486667798,-0.2635710319501001
2024-06-25,-0.4908624746027586,-0.5317653159616302,-0.501731957773109,-0.6588759522367863
2024-06-26,-0.7373923658767069,-0.7538583011243289,-0.6600522382813566,-0.9957875081846517
2024-06-27,-0.15586437205796644,-0.15411939852008838,-0.11328294444496423,-0.1654903867155375
2024-06-28,-0.8507253386956406,-0.7849008238838897,-0.5964966647273193,-1.1623394215607965
2024-07-01,-1.0044283146793744,-0.9154067810362232,-0.6793256179139789,-1.3446539725422268
2024-07-02,-0.15712415712512096,-0.14488208570355976,-0.09263132277450292,-0.1257497804021941
2024-07-03,0.02124472768796526,0.02444853058107177,0.07267628704904061,0.11829030329683721
2024-07-04,0.9925515179996034,0.9391939248618064,0.7934475908554097,1.497328340652084
2024-07-05,-0.38200170369225234,-0.44074472628082373,-0.3646930113067253,-0.52997855943819
2024-07-08,-0.8545472149266972,-0.9120146700124512,-0.7123174288292926,-1.216411883455488
2024-07-09,0.17031277022120883,0.17621522999477768,0.16323119008322307,0.30622107902630846
2024-07-10,0.16351004236133748,0.16159094879786873,0.18613422226099907,0.28336966874465497
2024-07-11,-0.5585458429805578,-0.5849174948822893,-0.4438086066039967,-0.7956082235016391
2024-07-12,-0.6017251146480089,-0.6338312012242582,-0.5185560866137555,-0.8226329557381578
2024-07-15,0.9466010450890542,1.0031105633246125,0.8815470181931169,1.397616496426392
2024-07-16,-0.7144673070196478,-0.6443092155170902,-0.5411537628724958,-1.0597599465714374
2024-07-17,-0.706418364280145,-0.6274515072227644,-0.4937609496305595,-1.0039483566348115
2024-07-18,-0.8417553163586764,-0.7591657101928144,-0.6391140947490981,-1.1536004817988925
2024-07-19,-0.016746587123603884,-0.013344336650538247,0.0005713588707794148,0.05525094896474125
2024-07-22,-0.23793301693504387,-0.18993303630620073,-0.12636686303744793,-0.27850875924465845
2024-07-23,-0.5866732006142656,-0.5312618393527586,-0.45116002194734556,-0.7795697253643139
2024-07-24,-0.9227619544216714,-0.8135016989047761,-0.6466500369302963,-1.2597768205929887
2024-07-25,-0.5986695077012578,-0.5247150250409391,-0.39373530289577907,-0.7591425164671687
2024-07-26,3.2390429694899234,2.9320417240259733,2.4822556907359976,4.72551700460277
2024-07-29,-0.7523365946644112,-1.0316080678705255,-0.9205083282600015,-1.154393934821366
2024-07-30,-0.7436841792907175,-0.963006826227643,-0.8903686268066874,-1.0735505002685226
2024-07-31,2.2544407901852606,2.7774039124933267,2.4480806834059763,3.298011543591216
2024-08-01,1.3739161244748046,2.168115418322814,2.039641160825071,1.9868041127393332
2024-08-02,2.4574121420417576,2.8470460230613135,2.891253024265028,3.6517838678650345
2024-08-05,5.433578145153245,5.154983749788221,5.497432584219809,8.443569977352873
2024-08-06,0.20051516813961193,0.4513972310746104,0.26616385916473406,-0.29965782530986523
2024-08-07,2.9202238492462356,2.5101042667113087,2.7872743772427544,4.194644568784299
2024-08-08,0.2846636167377482,0.2664381598386126,0.05929696452351781,-0.14584168016681093
2024-08-09,0.18890861826365923,0.18970078455657713,0.04309963218434003,-0.18575843864130193
2024-08-12,0.27100371824811126,0.27886327232372754,0.16219523947589626,0.0278616363418413
2024-08-13,0.020515593980008337,0.019643944083092266,-0.13360567448424773,-0.25151849626693934
2024-08-14,0.18910815600255768,0.19305136175018237,0.08702279379606842,0.03978083342680255
2024-08-15,0.5663070525717686,0.5634404358221677,0.5473123885526696,0.5474799543894684
2024-08-16,-0.025506256912848108,-0.09027276564805703,-0.2372837985712905,-0.1713779372702809
2024-08-19,0.07860533113555179,0.05098985909454229,-0.009712143720831679,-0.015323859656237615
2024-08-20,1.108624249741006,1.1502314062195924,1.246172736428984,1.1975365657874402
2024-08-21,-0.29641252888447706,-0.24913810525956848,-0.314534007671963,-0.47584064894916794
2024-08-22,-0.4161813416850728,-0.35403918200248113,-0.4260937279620969,-0.5553053519891943
2024-08-23,-0.13567812774492277,-0.08713281536596473,-0.13580496611241227,-0.19465806137408098
2024-08-27,-0.5014380524016706,-0.4528245915383439,-0.5397326636907782,-0.5702109733187737
2024-08-28,-0.6715869570872359,-0.6096123171610748,-0.7159244208541428,-0.7127732684823879
2024-08-29,-0.3730464477729215,-0.3251314373438937,-0.38915371552985933,-0.3795698078684843
2024-08-30,-0.8125606749414314,-0.7593843574441709,-0.8845450849144049,-0.8093886398451907
2024-09-02,-0.843478576132735,-0.7785946058754075,-0.8911209136336965,-0.8179288951750262
2024-09-03,0.6523318834212226,0.6048569664501886,0.6476597063445185,0.6283549316775787
2024-09-04,-0.5650937306982098,-0.44406734360111944,-0.46378180500213606,-0.6000756645650873
2024-09-05,-0.6130401678648659,-0.47736718118060617,-0.4425884128784722,-0.649157219591793
2024-09-06,0.43295480052620583,0.38576777863883827,0.3791043595187653,0.45442906559386753
2024-09-09,1.8906197921632888,1.545885909242847,1.397185214590825,2.1166375735947613
2024-09-10,0.5359592623707862,0.5404544437292288,0.5234768394592896,0.593980423619186
2024-09-11,-0.5562787046715629,-0.49061521828103566,-0.346536102222616,-0.7669739025652056
2024-09-12,-0.03289120462515893,-0.0014066559738573625,0.07957323736432353,-0.08691120282856657
2024-09-13,-0.4020874297460122,-0.3803738985941907,-0.26968122024734187,-0.5205614334272892
2024-09-16,-0.7620297497980848,-0.7442015997823257,-0.6162803467975003,-0.9161049511939507
2024-09-17,-0.5188222859745564,-0.4954568972290857,-0.41885663397630457,-0.6004029105932362
2024-09-18,0.23425368731367135,0.23165522780118109,0.2251360301029205,0.2584957995033774
2024-09-19,1.0604009114001696,0.9815769158098081,0.9038729608758791,1.234464386543892
2024-09-20,2.233071341096192,2.4073996419806916,2.229744637893028,2.6886220497887487
2024-09-23,-0.28132036505609515,-0.19458715460630865,-0.1819118393900381,-0.5041404046327986
2024-09-24,-0.4351602525991941,-0.3468455384408108,-0.3451617779342539,-0.6543125334226092
2024-09-25,-0.602166867709865,-0.5046023635831249,-0.5156250851300095,-0.8140676891027145
2024-09-26,-0.6605436144653309,-0.5520300689753536,-0.5237289656506536,-0.8435071249311675
2024-09-27,-0.3982764446180054,-0.32390975276579514,-0.31477395757168325,-0.4905297953818205
2024-09-30,1.5742332088173998,1.4480647463574878,1.459697981763214,1.835102608251884
2024-10-01,-0.21845788714322711,-0.10141118902721791,-0.10365587458071412,-0.3405110223510496
2024-10-02,-0.6575791129770253,-0.5039340073106972,-0.5247491202367269,-0.8711903960897289
2024-10-03,-0.7815274157293471,-0.6156477695196362,-0.6495590302179741,-0.9759464342612126
2024-10-04,-0.8845125462756271,-0.7056033196637544,-0.7147647321343841,-1.0625527360491518
2024-10-07,-0.7651614962690593,-0.6117620014628516,-0.6200683904092594,-0.888675447036915
2024-10-08,4.22457353605777,3.5407456217198785,3.65309228596067,4.892759406894088
2024-10-09,0.16447620381226935,0.27050838119881926,0.2200481138631627,0.12733452799989786
2024-10-10,-0.5935837270186735,-0.3660486408002487,-0.5048812971606156,-0.8921403689805952
2024-10-11,-0.6202759218343562,-0.3985674355998861,-0.5083151264369669,-0.8673318201190556
2024-10-14,-0.2960859255168589,-0.15959190776574933,-0.23477897467263614,-0.40445474413110494
2024-10-15,-0.19527387964506393,-0.10893337664509406,-0.17413399854276745,-0.2621108635237819
2024-10-16,1.2855844174965343,1.0866959565632204,1.124308747981027,1.6120652420866375
2024-10-17,0.2047043630710731,0.20694115818777525,0.20014313141899487,0.2131793394666035
2024-10-18,-0.48870556269201115,-0.5323146948137931,-0.6198629115005236,-0.686628911797595
2024-10-21,-0.2621241133387513,-0.2729568221053542,-0.292048326566858,-0.37030430155571115
2024-10-22,-0.7302960800664072,-0.7038973867657523,-0.6668022002868219,-0.964958058832566
2024-10-23,-0.0679922835308453,-0.0574664082136912,-0.03812819474831719,-0.09507622057217147
2024-10-24,-0.792683795049157,-0.6968303545311848,-0.5711744775394494,-1.0290160928788494
2024-10-25,-0.7597612822738291,-0.6653296414488672,-0.569005133813308,-0.9438186013692629
2024-10-28,-0.4477256467413221,-0.3827495517072596,-0.2918090096614985,-0.5378230491770659
2024-10-29,0.7374480873187877,0.6787986916859893,0.6163221961608993,0.933477172188756
2024-10-30,0.40983044539320845,0.38047283028961065,0.3798489634684802,0.5399789331349114
2024-10-31,0.026147788815340522,0.08481387827939657,0.15599694638997796,0.012606419413075942
2024-11-01,0.6952742529341732,0.6222129938270687,0.6174074421394292,0.9348673053862391
2024-11-04,-0.6910279499692742,-0.5890166518580989,-0.3886925262333449,-1.0148580307878992
2024-11-05,-0.7503939993115344,-0.6391029672120342,-0.4589654384917755,-1.0337429586470102
2024-11-06,-0.8625900766472108,-0.7348000156591487,-0.523616404612807,-1.138512968232822
2024-11-07,-0.6900063490412514,-0.5842642158125745,-0.4101175207633063,-0.8721995375830964
2024-11-08,0.9232273560172587,0.8006714577005744,0.6848155983348585,1.2352211965352253
2024-11-11,0.14452610487144413,0.17093228411862105,0.2477089592109652,0.19928138140650686
2024-11-12,2.63598793575103,2.336946903749978,1.9542019841711902,3.625805524606042
2024-11-13,-0.5331018960114994,-0.28606816762808396,-0.15039807610816142,-0.9353968194967798
2024-11-14,-0.1486891444630165,-0.002321025585384384,0.08055161816347162,-0.2998505019357871
2024-11-15,-0.6631970442752009,-0.451347745728029,-0.343178952981601,-0.9980098821211593
2024-11-18,-0.07966337925483735,0.005879234050435556,0.06803078698049891,-0.13968980690472865
2024-11-19,-0.751007726057642,-0.5944064877561717,-0.49266125525160365,-1.0385280369010055
2024-11-20,-0.7959857728635451,-0.634955508371498,-0.5117867681286923,-1.0524815007486532
2024-11-21,0.659345528782058,0.5756930818106671,0.5385520914667247,0.8781693128919532
2024-11-22,3.5927106592447378,3.48656378745393,3.096796378291102,4.761109755662051
2024-11-25,-0.3114589065390465,-0.5792468295654329,-0.5268072779260352,-0.5721516051527815
2024-11-26,-0.3125086008425645,-0.539120127975369,-0.512295919731077,-0.5203646402072777
2024-11-27,-0.5832927962785287,-0.835153468285848,-0.7376220463365684,-0.859332612577092
2024-11-28,-0.731914823023291,-0.9783025427222601,-0.8996089118114453,-0.9985903625365113
2024-11-29,-0.8206423742845871,-1.0372597671638204,-0.9845957466727323,-1.0600118369842395
2024-12-02,-0.6795669258704898,-0.819732850590006,-0.8019635348391514,-0.8402696900366444
2024-12-03,-0.15048455561902285,-0.16742902599604548,-0.16745181670667542,-0.16738579365497896
2024-12-04,-0.7617074877243938,-0.9394472143870889,-0.9836198031741801,-0.9192393801675715
2024-12-05,-0.9443815452027755,-1.108815667929579,-1.113129549077505,-1.1341344004258824
2024-12-06,-0.3759414880451948,-0.4111870090658304,-0.41760263860268776,-0.41701639753460273
2024-12-09,-0.27375706806061306,-0.28578966920019544,-0.2834286831489886,-0.29939913404646434
2024-12-10,1.0850430071000459,1.237835563250968,1.2825086627221995,1.409548531361044
2024-12-11,-0.7245315540348137,-0.6840066006935156,-0.7167420301657741,-0.9770270162855054
2024-12-12,-0.9129231805861856,-0.8648350132971593,-0.9241927051727457,-1.188533054265236
2024-12-13,-0.9755369496235504,-0.915491054404912,-0.994473723595759,-1.2289431126258217
2024-12-16,-0.4583414552159989,-0.42762419369983484,-0.4476907670665662,-0.5303571433879383
2024-12-17,0.8642941715160297,0.7651117602204619,0.7502984227511356,1.2265861932746096
2024-12-18,-0.914772533684015,-0.7174104051150844,-0.6747068899890133,-1.2676780478796221
2024-12-19,2.6024298487068105,2.136751939065512,2.0848835657563187,3.704556501444813
2024-12-20,-0.5639931202226055,-0.30404289827896214,-0.31280643612209313,-0.9196053802603352
2024-12-23,-0.6576434033497092,-0.38664933919377464,-0.34312217419851365,-1.0081728609279166
2024-12-24,-0.429381787124302,-0.24045052066956174,-0.21694749338801117,-0.6159232055941125
2024-12-27,-0.828677428834974,-0.5829895733025924,-0.5695517981856248,-1.1590350070300417
2024-12-30,-0.6374386421839152,-0.4520314460719234,-0.4530791516277224,-0.8408287010192637
2024-12-31,0.1070973475970598,0.11582753177957539,0.1281875525870395,0.21262679743555757
2025-01-02,1.981900421495947,1.699358207530914,1.6462749209441092,2.8291324169371403
2025-01-03,-0.34895495829000567,-0.41044827320729305,-0.41404354458393056,-0.5360172733016008
2025-01-06,-0.5745916755540402,-0.6163924897395802,-0.566056018303961,-0.8455789567008098
2025-01-07,-0.8497560204406974,-0.9018976942166925,-0.8643051031987842,-1.1873286774380714
2025-01-08,-0.9254374023435861,-0.9574172979272336,-0.9173249678528322,-1.2412193158976634
2025-01-09,0.8840809285773434,0.8957307097450373,0.8813991053032604,1.2519148174688182
2025-01-10,0.9215164379126278,1.1015309805896083,1.1413241883867362,1.2954265693630747
2025-01-13,-0.5818358732376174,-0.5891149280151476,-0.609609105337929,-0.8687477782902393
2025-01-14,-0.6534041180788123,-0.6375122138117586,-0.6059976097287372,-0.9357958620316972
2025-01-15,2.6473922194081645,2.5386737141328126,2.330317607424076,3.762653491253168
2025-01-16,1.5962153262691432,2.024053795715271,1.94175549605995,2.2554947459209087
2025-01-17,2.4685906004847755,3.769751884013049,3.7909816940807066,3.48701091793148
2025-01-20,-0.2606310703992806,-0.936414838703449,-0.9952116150458694,-0.6394249735217685
2025-01-21,-0.24731917955080945,-0.7694550893135714,-0.8327287433159889,-0.5350461323935384
2025-01-22,-0.49138033728925473,-1.1310666051929177,-1.2605387554271263,-0.8068064639349974
2025-01-23,-0.4913018878913563,-1.0031554031383707,-1.1127701515036064,-0.7396523654849255
2025-01-24,0.38879321594539007,0.6225225538804917,0.7998749829069511,0.4407517134721508
2025-01-27,-0.6332200677153611,-0.9602419962445985,-1.0867666796603581,-0.9028272233335645
2025-01-28,-0.4667157836344918,-0.6722354055049632,-0.763686413470152,-0.6352811931722473
2025-01-29,-0.6191847422828254,-0.8479952200564352,-0.9820802541748025,-0.7923390560023096
2025-01-30,1.6806101300659213,2.1935962272513656,2.766213000738775,2.0253096512583184
2025-01-31,-0.5013622393385566,-0.8605883306495186,-1.03313794287796,-0.6870830919902982
2025-02-03,1.6020932431305663,2.5124143428104047,3.5626310418929377,1.9503916573351758
2025-02-04,-0.5475722521014467,-0.6749577423783354,-0.9545251168467362,-0.8199510219199826
2025-02-05,0.05756344842477201,0.0330084658627231,0.014546635329130142,0.01508889373352107
2025-02-06,2.1787152600181234,2.5167493686419724,3.3066624500266335,2.7256534462638693
2025-02-07,-0.3456265801949542,-0.6796552270277348,-0.9108627746327912,-0.5790865548140065
2025-02-10,0.48016240553441647,0.5747344518394104,0.7357533356615855,0.5336444295812355
2025-02-11,-0.5410532434601726,-0.9585772360757392,-1.218642021164528,-0.7866173301376853
2025-02-12,-0.4323243128796047,-0.7167708570763932,-0.8968837026956032,-0.5948502923631005
2025-02-13,-0.2390318624500824,-0.3915521954710032,-0.4429990906814689,-0.32650495080769115
2025-02-14,-0.46294469086348766,-0.6445169240765267,-0.7721936164052017,-0.5950497371448393
2025-02-17,-0.43086312350186295,-0.5536499614943335,-0.6234768853240542,-0.542986655957416
2025-02-18,-0.8466157078341208,-1.0588098272780218,-1.2263350320239137,-1.0163359104028429
2025-02-19,0.044798187568553804,0.057613806612325735,0.10828762931456337,0.05239442294866303
2025-02-20,-0.09827741391923417,-0.11118978997651918,-0.12282996518889588,-0.12360968106144199
2025-02-21,-0.8588221763561301,-0.8527849874162083,-0.8796422700502686,-1.0690493897290447
2025-02-24,-0.9439808971505714,-0.9213484664929826,-0.9465027214093075,-1.1355918409928665
2025-02-25,-0.9876883049595628,-0.9501543782915645,-0.9876499680246771,-1.1560131593768603
2025-02-26,0.46309379658758587,0.435369178764468,0.46898437758834266,0.5741858190762965
2025-02-27,-0.7943373068748631,-0.8580451496814203,-0.9395160571334316,-0.9410077199362809
2025-02-28,0.011839927773854786,0.021664667672762983,0.05872933583195872,0.04599629676308781
2025-03-03,0.33274336908392965,0.4100378958319335,0.5565818717419131,0.434590544299462
2025-03-04,3.3349523826978746,4.372643578093065,5.671337492544682,4.170430594998269
2025-03-05,-0.6124912350701744,-0.5460077235688874,-0.8558584805898051,-0.9597040939091077
2025-03-06,0.7147793226641854,0.6852888480999555,0.8424671568973998,0.9284786788412318
2025-03-07,-0.6215050317336577,-0.4666754386185502,-0.6578328230135905,-0.9662908466045877
2025-03-10,1.0251658295493518,0.925102459637299,1.0373077393391374,1.3547751863959072
2025-03-11,2.1046993658907045,1.7803859550946566,1.9091845659743691,2.895269644247109
2025-03-12,0.02180111919405925,0.21241093860434485,0.16782284428249827,-0.1764151398702295
2025-03-13,-0.44995035406244904,-0.18775073342301188,-0.26514679331796687,-0.8158399373871187
2025-03-14,1.3414457813835874,1.163519162025266,1.2045085419878172,1.7480322618607704
2025-03-17,0.030277102389295207,0.07663528359468647,0.02044048000688503,-0.110985052495576
2025-03-18,-0.3682517680483428,-0.3237668544250796,-0.42917291156605325,-0.6215309628258845
2025-03-19,-0.5893971762834677,-0.5348975633776788,-0.6695171536213979,-0.8546036597797787
2025-03-20,-0.678565271540365,-0.6095165313444144,-0.7513199652655395,-0.9098370696209748
2025-03-21,0.10424122384709944,0.1174436415952359,0.09957300515908574,0.09886722237245982
2025-03-24,-0.7246697957217357,-0.5923839621469497,-0.632457127260631,-0.9464525189463274
2025-03-25,-0.6256316162839513,-0.5070655014373965,-0.5204906725225268,-0.7838916179566467
2025-03-26,-0.6795250149530566,-0.5681777208018619,-0.5973816750083858,-0.8196975586827396
2025-03-27,-0.7674138408778701,-0.65907917818396,-0.7069767490611013,-0.899468596694505
2025-03-28,-0.9880425323142971,-0.8421799558308187,-0.8390293908484401,-1.150692986822516
2025-03-31,1.211888464510696,1.0349176645790465,1.0185627359400762,1.4418118583001234
2025-04-01,-0.0012841411629521682,0.04749336811194882,0.05677224990859919,0.0005042692530559112
2025-04-02,-0.6568538870221454,-0.5363141443265848,-0.5332274490244576,-0.8415368108742072
2025-04-03,5.286495314099015,4.490443459603691,4.22199229195464,6.757740248299317
2025-04-04,39.24445433974394,29.00361355327243,31.54026488810485,58.0653036889447
2025-04-07,6.945752848351458,5.3212998482871425,7.445246286338074,10.914338531737547
2025-04-08,3.0024008294474056,2.983221848925251,2.9995760767066515,3.453733889172778
2025-04-09,3.292438913347341,3.1808852946221102,3.405360109434881,3.8599438321744994
2025-04-10,3.296027547636299,3.197936126214535,3.2904367173991167,3.770765977321049
2025-04-11,1.8921404566013396,2.0815494230581475,1.7206431119006111,1.476238060355497
2025-04-14,2.515509896921034,2.570761124725579,2.49653402922976,2.5136877300331526
2025-04-15,2.035076183421998,2.1184679733653162,1.8632664864471846,1.8487156410878303
2025-04-16,1.5952389288446736,1.692874512373868,1.250536335216804,1.3273344647676826
2025-04-17,1.4429222182130181,1.5568013985470812,1.0926015922167451,1.2391933096231904
2025-04-22,1.4202839452571245,1.5368409006531578,1.1258444655634705,1.3024070537488313
2025-04-23,1.433333780921026,1.5365921138804817,1.1877489623502253,1.3819663772178243
2025-04-24,1.0902085150831777,1.2112685929426874,0.7218404294922445,1.0787390658564153
2025-04-25,0.9624243959107922,1.099051802447678,0.6106896916315581,1.0192610157057298
2025-04-28,0.829510611064027,0.9823519741014628,0.4930853783361964,0.9546139257219765
2025-04-29,0.8485166494096779,0.9942932970993332,0.5868562149233354,1.0152621400587745
2025-04-30,0.6634742573074659,0.8202055875540823,0.37182896590756365,0.8977581692574615
2025-05-01,0.4666167790364064,0.6436553504272771,0.1555660926019081,0.7805940011823052
2025-05-02,1.3066129140580305,1.3296577230164408,1.3418453466607703,1.3805750016268998
2025-05-06,0.3267701731730346,0.42351689607863724,-0.06963135649391106,0.6980873731246819
2025-05-07,0.36137065355149667,0.4571057914943172,0.06318302869681056,0.7405683510934432
2025-05-08,0.19554839282465958,0.3186480845898101,-0.01854896453557811,0.6396935394574891
2025-05-09,0.06685924718858836,0.20987979535837367,-0.05924069319989464,0.5665077656086042
2025-05-12,0.2637192928403837,0.36824662710100625,0.18999744237953642,0.6790089965349959
2025-05-13,-0.19851158529555743,-0.06388047228180758,-0.35681637534903077,0.4158646319345664
2025-05-14,-0.25884015189423043,-0.11720886060926092,-0.37582712846659705,0.3840836540335983
2025-05-15,0.06715443595328169,0.15777393859663003,0.04567887623162881,0.5332104274252296
2025-05-16,0.07642261423367985,0.13618635329998474,0.03772898842989081,0.5158336988248167
2025-05-19,-0.47706986400036727,-0.40219008797981026,-0.6202473392575677,0.22549390019787022
2025-05-20,1.0153258518753172,0.9634992276235129,1.1240501494102753,0.9019110645419632
2025-05-21,-0.5395107393852624,-0.6111300791344189,-0.8691030229120487,0.130574532225554
2025-05-22,-0.0950856398539377,-0.11793849300963044,-0.20433162686253703,0.33729695286446304
2025-05-23,-0.5517102192880313,-0.5460779010319872,-0.6809111746068865,0.07921750394556208
2025-05-27,0.24919304033383138,0.24976136527850756,0.25052323388271514,0.45263969109523894
2025-05-28,0.005108172132336608,-0.009415864599650825,-0.029023842662198596,0.3110888363354491
2025-05-29,-0.6948593747353383,-0.6817570050599459,-0.7118293659177453,-0.09309064740437989
2025-05-30,0.10870188246940249,0.11177249448013948,0.11149074819678584,0.3157762120474975
2025-06-02,-0.7991073125245471,-0.8482697729367787,-0.8812418437639556,-0.19825382878364245
2025-06-03,-0.8411627037859608,-0.8674779600707109,-0.9150200189018517,-0.2335143657508107
2025-06-04,-0.9062271779739525,-0.9154541040886411,-0.9836280227204476,-0.28436681552746984
2025-06-05,-1.0194195140731672,-1.013936272285523,-1.1107392990349119,-0.36261136449259246
2025-06-06,-0.8427778017736888,-0.8256769592936315,-0.9160227212253307,-0.29665567041346413
2025-06-09,-1.1629620411726898,-1.1472778269520054,-1.3108546250877051,-0.48721705311533536
2025-06-10,-1.0493977834707002,-1.0213028040430847,-1.150821623775421,-0.45885266482223247
2025-06-11,-1.2300592625731774,-1.1952360479731465,-1.3854809121912006,-0.5810177142683076
2025-06-12,-1.141843465875255,-1.0999903751358433,-1.290196686315324,-0.5665849987630935
2025-06-13,-0.7877377176363738,-0.7657878644479079,-0.8648758126716741,-0.41690659621943393
2025-06-16,-1.0496074902353936,-0.981177315912237,-1.1245421601512067,-0.6023703305369474
2025-06-17,-0.518671327953243,-0.5039439519680128,-0.5300964129013199,-0.3283545095233693
2025-06-18,-1.2594402788025936,-1.1341058420214272,-1.2928016078462479,-0.8237826674321888
2025-06-19,-0.020567243582377603,-0.055584413666244004,0.0025072072093508257,-0.05608165532126086
2025-06-20,-1.1005413026851052,-0.9318761205015463,-1.0462948947209074,-0.8246463541440366
2025-06-23,-1.1413404479633487,-0.965565584768971,-1.036740258714564,-0.8792841401517731
2025-06-24,-1.307503502253764,-1.1017194981402958,-1.1378140798006886,-1.030936122269431
2025-06-25,-0.5367871833863554,-0.48361055040356893,-0.5040141039691126,-0.4617677396819927
2025-06-26,-1.1637485894317683,-0.9595279193238728,-0.9616226516374746,-1.0024553421621507
2025-06-27,0.6605306702106299,0.4798383966195059,0.5028691561689012,0.5097916765879003
2025-06-30,-0.5798963955239516,-0.571438127146313,-0.6026027076995463,-0.5532478789780584
2025-07-01,-0.9232972281226929,-0.8676896799319067,-0.8809900447714729,-0.9121952320220399
2025-07-02,-1.1689624170028874,-1.105521439500982,-1.1572091173556498,-1.1538586292166064
2025-07-03,-0.18782435890167948,-0.19130149521561013,-0.19077103026757802,-0.18880550543268138
2025-07-04,-1.2216517993475955,-1.2363921538543008,-1.318438444492757,-1.2567743990278184
2025-07-07,-1.162376586921417,-1.1554664583935073,-1.2526979831168006,-1.189270477131346
2025-07-08,-0.22718531686838372,-0.22989791582225405,-0.22244633801960512,-0.221311522494823
2025-07-09,-1.1946197584909908,-1.2502028917507637,-1.367281356833078,-1.2817400091078908
2025-07-10,4.273622468024446,4.449174274776719,5.383019355965794,4.7219681639929485
2025-07-11,-0.5118673321823719,-0.7919950849314209,-0.8717667602853737,-0.6794473979023734
2025-07-14,0.0932823102716065,0.18087476818758463,0.2881735713707536,0.13528739741771845
2025-07-15,0.19184209278814757,0.35435703383489603,0.5622252118289677,0.2601648125797442
2025-07-16,-0.7776627207917507,-1.0115488250996794,-1.1794417607392258,-1.0856220639492713
2025-07-17,-0.2503522142598047,-0.3074190758682904,-0.32781503565623493,-0.3225838704015547
2025-07-18,-0.8001924003091938,-1.008081998682092,-1.1620216488119848,-1.0479172840315685
2025-07-21,-0.8496404130036996,-1.0274197519668848,-1.2031989576997497,-1.0676300934543053
2025-07-22,-1.0237165136931676,-1.2033314967302504,-1.447430019796301,-1.2539613027289347
2025-07-23,-0.5970473574529647,-0.6607232788895093,-0.7380626476155311,-0.6845162147411475
2025-07-24,1.1157892742609534,1.377142412123353,2.150917791727859,1.467458461345908
2025-07-25,-0.885435746501045,-1.2122643846472596,-1.5430367709926203,-1.1380967485281186
2025-07-28,-0.5294671417552009,-0.6490457914133517,-0.6999063473268043,-0.6399344987929546
2025-07-29,-0.01191992243394946,0.018015134739422622,0.12904434739053317,0.05159827110199777
2025-07-30,-1.0177313086971385,-1.2914460169521818,-1.5933272780162082,-1.3268967201225896
2025-07-31,-1.0924995102991502,-1.3232084715519778,-1.6550075201082177,-1.3808431367420442
2025-08-01,0.4342252122476369,0.5827715658904609,1.0315044122306998,0.6718712106004385
2025-08-04,0.1755428970126336,0.18039969978145076,0.2922626850402972,0.33504718325329064
2025-08-05,-0.9120503913621082,-1.0316594495949134,-1.3137996780119015,-1.2476597944559433
2025-08-06,-0.8970426236310031,-0.9829295381438531,-1.2499887064806972,-1.1731448731942506
2025-08-07,0.3627888540717805,0.4115776985390587,0.7713410541328385,0.6070855705409266
2025-08-08,-0.9875477740182255,-0.94862709042457,-1.2241122564926559,-1.3723944812408815
2025-08-11,-0.6671544588912135,-0.6328387614069307,-0.7808293765566201,-0.8549164886741215
2025-08-12,-0.9922587565952042,-0.9626439311868662,-1.2182981656211362,-1.3001125093983146
2025-08-13,-1.059957603192116,-1.0215718873119826,-1.302677740338796,-1.356466115938714
2025-08-14,-1.1796900946441404,-1.1296504476552458,-1.460987473131593,-1.4907056006111348
2025-08-15,-0.658838253272752,-0.6331471142032182,-0.7363445749368991,-0.7373230205665372
2025-08-18,-1.1153906269439529,-1.0197385849627065,-1.2568364040772382,-1.4194397100377527
2025-08-19,-0.877170899786706,-0.8110488980894051,-0.9799222539157904,-1.048977023517471
2025-08-20,3.020012739406979,2.7518945377122686,4.094822599017601,4.607944228225763
2025-08-21,-0.8381852860214791,-1.103173417369196,-1.4222539121751145,-1.2146788585142716
2025-08-22,-0.9985584185317976,-1.265000496344338,-1.6838380129984427,-1.4028445848555335
2025-08-26,-0.022566153811535372,0.037073575807128556,0.44286770231454153,0.12634181897173358
2025-08-27,-1.0085060836443396,-1.0981659392132368,-1.4559151923832605,-1.440985413326808
2025-08-28,-0.5793507438299701,-0.6079462071519505,-0.716835509238323,-0.7235974425171802
2025-08-29,-0.795997042552802,-0.7969093547889523,-0.9508108354116411,-1.073354411408455
2025-09-01,-1.1011929194933683,-1.0652791687014684,-1.2159395747463944,-1.548471733855646
2025-09-02,1.3150458623161185,1.2354374094299971,1.5345219654504887,2.2986803004715926
2025-09-03,0.21331925422672082,0.19953204351015863,0.21110542713264768,0.5041151883456874
2025-09-04,-0.4708134192939414,-0.4383144519197467,-0.5388200995392212,-0.6833620484878461
2025-09-05,-0.9367629859818143,-0.9087609815460458,-1.1168169001725992,-1.4106016751776558
2025-09-08,-0.9804456041487629,-0.9354658982759834,-1.1109850683233322,-1.4153157882492298
2025-09-09,-0.9556309703521038,-0.9029933881599589,-1.0792485346188927,-1.3144252964105596
2025-09-10,-1.0653654137575026,-1.0063401180232103,-1.218769586381503,-1.4384992491237178
2025-09-11,0.8442469577875773,0.7596796331459754,0.9630035875206269,1.5385265492524822
2025-09-12,-1.007970867647828,-1.111953182517095,-1.3263639789557782,-1.4269008715330396
2025-09-15,-1.1257578537807136,-1.2030364653796872,-1.3927653382341985,-1.5693137293474653
2025-09-16,1.3860200050142293,1.4709633473326782,1.8443066504478638,2.3915696562514293
2025-09-17,-0.9102447640487478,-0.8026099100892299,-0.974527049036278,-1.4005737817773762
2025-09-18,-0.912551968661039,-0.8034618070366264,-0.9772723766302172,-1.3278986467047624
2025-09-19,-1.0648864610720514,-0.9434029472178875,-1.1548072422147275,-1.5146333187087062
2025-09-22,-1.137561173325457,-1.002879093309388,-1.1813817083522506,-1.5856017855440772
2025-09-23,-1.2403789438090602,-1.090994173948694,-1.3009663853106248,-1.6971414483477536
2025-09-24,-0.9899162601130296,-0.8770041887271334,-1.0252041951376203,-1.2626510723563027
2025-09-25,-0.7465696730254655,-0.683673078282279,-0.7865778404252983,-0.8593270808848977
2025-09-26,0.8600562066994588,0.6914399400064486,0.8503649294047235,1.7447713674555607
2025-09-29,-1.0651741017117,-1.1042796902435976,-1.2931828154702922,-1.5211904981058642
2025-09-30,-0.22263001940529004,-0.22253726689706843,-0.1859984616944632,-0.0813004362988512
2025-10-01,2.2161829154577273,2.47784439077037,3.457506984852677,3.891029942643365
2025-10-02,-0.8132853223799063,-1.1727135128035586,-1.465180213405763,-1.2675555260278653
2025-10-03,0.2243989584685343,0.37435027068610816,0.6606648969273721,0.5091411366158638
2025-10-06,-0.8920380725342802,-1.2943213877506825,-1.6180497646308736,-1.3567238404299773
2025-10-07,-1.0045887414181534,-1.3678225485370097,-1.680835787070439,-1.4731154753112583
2025-10-08,0.3117074389932617,0.5185349838112356,0.9911757880094554,0.6615981858574786
2025-10-09,-0.5440198137744591,-0.7140096896929725,-0.7563631557170449,-0.7238030221869286
2025-10-10,1.0636402588767546,1.4785722800762489,2.208058592760616,1.82869792662703
2025-10-13,-0.7815220986934569,-0.829296187383243,-1.0876308606354554,-1.2555465088159388
2025-10-14,-0.9029096324234914,-0.9338426387815169,-1.2223556964240079,-1.3693750185517553
2025-10-15,-0.7731294157805949,-0.7808770625498216,-1.007436777379274,-1.0894524749626555
2025-10-16,-1.0152041393053985,-0.9912544030335881,-1.211426927302086,-1.4461289614107855
2025-10-17,1.204141447549729,1.1492409505670662,1.545801508346768,2.044106587259879
2025-10-20,-0.23438314278796935,-0.17501838751277454,-0.2476970353084319,-0.29037138526884365
2025-10-21,-0.7753695584910193,-0.6898446153606976,-0.8812236616025048,-1.1609809331233727
2025-10-22,1.3535261810582309,1.2269200662679438,1.5766990464072292,2.2605204535879286
2025-10-23,0.18803189191961334,0.200579872928209,0.3006028747981817,0.3347411800170714
2025-10-24,0.2831525362838492,0.33150717855183887,0.5233016958382402,0.4614940113298769
2025-10-27,-0.7763304870417974,-1.0684641376540127,-1.41341751753866,-1.2041674254407344
2025-10-28,-0.40906489671762847,-0.5272448502593521,-0.6215828913085089,-0.5755236462823302
2025-10-29,0.015526065161441505,0.037365085145126375,0.25858807153909624,0.07091861316302284
2025-10-30,-0.9075023599056277,-1.2370100211655188,-1.6934383370281978,-1.2780189143683898
2025-10-31,-0.4746497381770446,-0.5874221204270932,-0.6348615193107641,-0.6038229109776008
2025-11-03,-0.9283479099232248,-1.0977309904172219,-1.4257323532309494,-1.2565894264655022
2025-11-04,-1.0111476344382944,-1.1465672753409557,-1.4348916627358117,-1.3355184393646486
2025-11-05,0.13034806865419335,0.17093718313851047,0.41687179857195833,0.29819022859486766
2025-11-06,-0.5539563652446033,-0.6427612216126553,-0.7190598335741094,-0.6806890559307136
2025-11-07,-0.19583836578936586,-0.20318470017781887,-0.15619881989932627,-0.17194183123262374
2025-11-10,2.204820756967756,2.2660018619903717,2.7867230650629793,3.3832169076678618
2025-11-11,2.0704272498539,2.854163679914049,3.6977211129537224,3.2005149484558375
2025-11-12,-0.5528062672144616,-1.1182231096754995,-1.3919848275543387,-0.9944899768453158
2025-11-13,1.5047223639409206,2.5098233811358757,3.605717051045284,2.2089021814815606
2025-11-14,1.5755040875226147,1.8021766518471074,2.377814800241955,2.3300431819685032
2025-11-17,-0.2665029088376374,-0.25147151682256896,-0.4656476581862836,-0.7053817249223105
2025-11-18,2.1118991615407863,2.0535019793631095,2.3344056448637884,3.099570725607892
2025-11-19,0.04345241683399395,0.17166394959758757,0.07274428337000788,-0.26615603268124927
2025-11-20,-0.2475981561936996,-0.0633816843243441,-0.10431921402004775,-0.6601177184096285
2025-11-21,-0.3940960415186546,-0.19549789281288718,-0.24530446862779712,-0.7771005284145561
2025-11-24,-0.522334225994643,-0.3090860466743812,-0.3671660003331384,-0.8663529601170573
2025-11-25,0.51042748505539,0.5056155830548354,0.5025102408781418,0.6115033139475152
2025-11-26,0.7202995746492418,0.692366335556298,0.7066273345655861,0.8814460734449544
2025-11-27,-0.5591323738012289,-0.5810163372166711,-0.6642007700786497,-0.8544572588273042
2025-11-28,-0.5183238304787364,-0.5191862554341993,-0.5996088876979152,-0.7296161384604893
2025-12-01,-0.6778094079912699,-0.6722774033002343,-0.7756531055754072,-0.8771246374131848
2025-12-02,-0.8314706778695988,-0.8022679182111747,-0.8641503578628957,-1.023500334159423
2025-12-03,-0.8975064130245748,-0.8506847934702315,-0.9198168914884503,-1.055882083464617
2025-12-04,-0.9005209189073332,-0.8407593098137105,-0.8842285695550702,-1.0274225304937281
2025-12-05,-0.47458126845734505,-0.44265862806966594,-0.4738226205263645,-0.5183433071028604
2025-12-08,-0.9152866368926558,-0.8134260791765469,-0.8135073800009116,-1.0450660824893705
2025-12-09,-1.1125101989933108,-0.9766016858768999,-0.927907659141788,-1.2663038460927207
2025-12-10,-1.1248241734714322,-0.9851322919426312,-0.9468120797710593,-1.2574848870947872
2025-12-11,-0.40328395503067893,-0.3701862507827537,-0.3677949681248711,-0.4149364411651446
2025-12-12,-0.15620701564428452,-0.15909725825231835,-0.15879561770418404,-0.1301936207479879
2025-12-15,2.36260541949408,2.041596890320258,1.999305471700442,3.023539932706856
2025-12-16,0.24797813523219847,0.29454644959821374,0.30311379443632314,0.3488310394758751
2025-12-17,1.0890414766773464,1.1472319500106933,1.1311127395155387,1.5350644210972602
2025-12-18,0.145302314566651,0.13320051046773895,0.13469749755369764,0.15052633699674556
2025-12-19,0.034408629380682454,-0.008316588789277102,-0.007332624028332235,-0.007542199317625009
2025-12-22,-0.5118672151355356,-0.7694074547186577,-0.8305254609109118,-0.7584303347674433
2025-12-23,-0.6610724344019957,-0.8955691588132855,-0.9131320667276976,-0.9254636307834285
2025-12-24,-0.7828555211622842,-1.0048196603375499,-1.0525712655908057,-1.0311880892753449
2025-12-29,-0.9351752226035891,-1.1337286838976066,-1.1463317461833635,-1.1898256006691579
2025-12-30,0.5387640355256538,0.6542278327117426,0.6719906695657916,0.7163408171926424
2025-12-31,-0.9163466455917637,-1.205472595866475,-1.2732780643525659,-1.1714309391489033
2026-01-02,-0.9100123053441245,-1.1314996058096347,-1.1827285353617751,-1.1220459115457029
2026-01-05,-0.23522734381466137,-0.24426981498630385,-0.23122543175678034,-0.24423573235700324
2026-01-06,2.9750413689577178,3.9639308760266596,4.704930881622492,3.79203914728358
2026-01-07,0.40661634216640796,0.789692834261984,1.1098734788538933,0.532619817105348
2026-01-08,-0.690931778997007,-1.0331787509238648,-1.2206571870328573,-1.049335898289001
2026-01-09,0.593486734808545,0.780302986125929,0.9826204160998318,0.7988064120548821
2026-01-12,-0.6815053785054501,-1.0676452894876518,-1.277943119936095,-0.988161134244884
2026-01-13,-0.8254522912890365,-1.1945066804076319,-1.457568123541956,-1.1151079506772952
2026-01-14,-0.3824069119843999,-0.5015337307667782,-0.5415983101037591,-0.4836989409224972
2026-01-15,-0.21359699540891275,-0.25534961142562795,-0.18873745293168764,-0.25420535388682364
2026-01-16,-0.9553017784475415,-1.32089786725699,-1.6801061794131709,-1.1976455248688458
2026-01-19,-0.6093116103541805,-0.7657602611097635,-0.8695592797561156,-0.7237336186613753
2026-01-20,0.2535643752325909,0.35393980736280706,0.5905036700339668,0.36674485198191276
2026-01-21,-0.9222591188634226,-0.9814209955955561,-1.1753583385664657,-1.2091305581140024
2026-01-22,-0.9991749386030817,-1.035105467543402,-1.2517177995747943,-1.2598015906178046
2026-01-23,-1.104090653651049,-1.1189145671786895,-1.3699978887797928,-1.3531608391797718
2026-01-26,-1.178479280707446,-1.1707942692167301,-1.4118331500465173,-1.4188089612975616
2026-01-27,-0.07961204185501547,-0.08446263242171792,0.003139091653636683,-0.0031037389631427548
2026-01-28,-0.28691347327512484,-0.29048267375619463,-0.2398264266061465,-0.2748344926848669
2026-01-29,-1.0492911245346404,-1.032565044670372,-1.2341209366430148,-1.3268211623736148
2026-01-30,-0.3479086462640333,-0.34281796469218573,-0.35586109470742966,-0.3471423722716669
2026-02-02,3.146552953518521,3.263134163936647,4.509974461285379,4.394809837422988
2026-02-03,-0.6840045354193169,-1.0238605729068448,-1.2722173034898185,-1.0031691045479458
2026-02-04,0.8678025063973163,1.2577500558301253,1.7689715384695341,1.3077824578702342
2026-02-05,1.0024188460509185,1.6547789093904262,2.4500719718788413,1.4745934988520113
2026-02-06,0.003753544990507063,-0.04689242453915621,-0.06632924336607648,-0.06805330849747149
2026-02-09,-0.6407140882111321,-0.8596619647948707,-1.1420012462187221,-1.0225673526673833
2026-02-10,-0.5723976719747309,-0.7261626883774672,-0.951138242509251,-0.8448084750555511
2026-02-11,2.1591188297724595,2.4881242988014036,3.17311173383321,3.07485422342702
2026-02-12,0.20819775824755482,0.22472290860112976,0.35073508400352393,0.2161377393652204
2026-02-13,-0.2799676016732511,-0.4421922824470888,-0.5380532829494922,-0.5175960532340695
2026-02-16,-0.5419528412454806,-0.7610869162426287,-0.9251603127719289,-0.8432219307200352
2026-02-17,0.5575448970097646,0.6730377257815036,0.8739583244011238,0.7365668808407435
2026-02-18,2.348353521697147,3.262504855774668,4.289401293987676,3.187500283665953
2026-02-19,0.012103820160772716,-0.17382263817639598,-0.14622613978016052,-0.13063216810855505
2026-02-20,0.009563475628775686,-0.13837738259432786,-0.1519845226006593,-0.1173869014963127
2026-02-23,-0.5711779852303653,-1.0413704611066275,-1.2633019696525543,-0.8896739971977347
2026-02-24,-0.6723135243555527,-1.0952186250161449,-1.3272397688394835,-0.9486970495995103
2026-02-25,2.197452395241956,3.1860450037418877,4.108725473144109,2.766131960745756
2026-02-26,-0.31662412319055944,-0.7396595687881029,-0.8692162574341857,-0.5324806567423515
2026-02-27,0.014546174779768273,-0.046648572510737285,0.08166386633755685,-0.051544230841648386
2026-03-02,2.1590834927219014,3.959063798941923,5.82986509210575,2.6874426353885923
2026-03-03,11.467982652711196,13.413563540244924,19.106017351021286,15.898112672782126
2026-03-04,0.8477987075796746,1.0218235302264924,0.7195505413960438,0.5963460323747372
2026-03-05,1.8601079274072894,1.7806345549474187,2.0570103496516268,2.3047216442393688
2026-03-06,1.4422735213789681,1.4762409558467529,1.4450422678294006,1.5789096332239785
2026-03-09,0.5153113841875503,0.8116676590091652,0.6070276471155441,0.11604276660836053
2026-03-10,2.120742598240377,1.9445604141186243,2.011313600968808,2.568559270800786
2026-03-11,0.6136541895528761,0.7209121638626714,0.5845250142847601,0.34135787833685816
2026-03-12,0.4678613484677552,0.6024967101064488,0.5276273719880984,0.21644080982225886
2026-03-13,0.3517722567205848,0.5069927077130321,0.4915891480445904,0.1391730389053437
2026-03-16,0.37283075144899436,0.5228177041589368,0.5581975432819691,0.23076467968982128
2026-03-17,0.6892619531639645,0.7581218025515991,0.7731815701477871,0.6497775991603435
2026-03-18,0.8982548432062821,0.9122415559699075,0.9165089881390889,0.8974821306170251
2026-03-19,5.764655104300937,5.016030461402192,4.667281024322892,6.419897047794186
2026-03-20,1.7960920777466811,1.7478942805667042,1.748487849789461,1.9805950367366736
2026-03-23,0.5374351582741946,0.8719667838121209,0.8907417007201245,0.23358768911377364
2026-03-24,0.7270966679065936,0.9795253239008129,1.0140044114017888,0.576537835016453
2026-03-25,1.7808541025294629,1.6911144279151662,1.6892931230297596,1.9076696091069703
2026-03-26,1.620859168892594,1.5900451519210383,1.5884859654997676,1.702753409326687
2026-03-27,0.3809609946046439,0.6070364198824436,0.6876616010152505,0.17506523882410124
2026-03-30,2.239758886001498,2.0545438993760654,2.014500917476847,2.3970108820989346
2026-03-31,0.5123945743166963,0.5346942595224198,0.5922283457237159,0.37522309176647617
2026-04-01,2.8841092865116726,2.840780448475921,2.7563005834308587,3.0703677613613665
2026-04-02,0.723141664186217,0.561900708946241,0.5894386998769372,0.6153173155693081
2026-04-07,0.8326173731677735,0.7248512758555433,0.7365854136822914,0.7833758804449364
2026-04-08,4.999909070099472,5.732390378790805,5.254531504924682,5.32114463451243
2026-04-09,0.6237554625880098,-0.012909282700409738,0.08491400518707212,0.40492139087086987
2026-04-10,0.48972754063325286,-0.11656444825354394,-0.014718738614043558,0.34199333489806094
2026-04-13,0.3771553887138789,-0.18348013849019365,-0.08600841757981854,0.3002255779394725
2026-04-14,0.2809965493742823,-0.22380201854390985,-0.10267528958736497,0.26776333018316373
2026-04-15,0.3058882978813692,-0.07454858467587738,0.005631404311116639,0.3465879045187246
2026-04-16,0.09821423376393637,-0.2944548797661709,-0.1340106933902201,0.18422559406671862
2026-04-17,0.48970952201228096,0.37752095433419286,0.40690021384311037,0.558539585159206
2026-04-20,0.20075091063984773,-0.04784924145027836,0.021941589237966908,0.3184593497764607
2026-04-21,1.1565641059604252,1.3800377389527188,1.2269401096824892,1.1086302179907133
2026-04-22,-0.09704191799454527,-0.23645106509681013,-0.0668556673230778,0.03039606320482436
2026-04-23,-0.21035411966452433,-0.32332662634946435,-0.11983044748376019,-0.03440757598607429
2026-04-24,0.441039357472685,0.4265395360539597,0.4797117136948954,0.5063161094885489
2026-04-27,0.09100839962088764,0.08844788681306542,0.2568580232410719,0.21282857761519983
2026-04-28,-0.38284649471985477,-0.3395117691176277,-0.01755977274959551,-0.17641290270998214
2026-04-29,1.7543919061629745,1.6796778297418338,1.424095983078969,1.4954678484380577
2026-04-30,3.28247130414622,2.873597681427583,2.448916717533684,2.9831130043604217
2026-05-01,-0.04520606935815667,-0.2288208557643111,0.0018903295768825587,-0.06288750836044811
2026-05-05,2.1937739960479408,2.449105550830536,2.073489593059215,2.144648229842026
2026-05-06,4.536310132369578,4.385809572990284,3.8705841167452224,4.783068554259718
2026-05-07,2.0748092288574096,2.5340496097449887,2.3131267178077084,2.2624248427683127
2026-05-08,0.5556373062605813,0.4255171822420055,0.5180449943465838,0.3518753183695818
2026-05-11,0.41609018767397477,0.3109733368458866,0.45953399631845854,0.25774604017174124
2026-05-12,0.20682687167808564,0.10171380247548092,0.25269532075841433,0.09623798735540584
2026-05-13,0.3942121776585106,0.33721501151779854,0.4407047742614416,0.36272341280009046
2026-05-14,0.20367275412965075,0.1259910711943429,0.23402645846607772,0.20431641221390304
2026-05-15,3.2104685204708208,3.4639662714035646,3.1580745538412636,3.0956419232703407
2026-05-18,1.4940241204711082,1.4632674680775541,1.4594797389572258,1.5327395178432248
2026-05-19,0.19622552795538728,0.17682201808516004,0.18900647895550018,0.09661876562769078
2026-05-20,0.9644292297298007,0.9643272384102847,0.9646039621369239,0.9614066558000904
2026-05-21,0.05905847743193653,-0.02783155396461171,-0.03513879820901924,0.03806574275467936
2026-05-22,-0.02345805037063116,-0.0875095299752697,-0.10398507503009818,0.014914304324116522
2026-05-26,-0.12136211942438088,-0.16888578334279705,-0.19496893761662604,-0.03006993681505933
2026-05-27,-0.2794895648584912,-0.3150174620473019,-0.35387575148976397,-0.1313913930269026
2026-05-28,0.44786620453552983,0.4457166037678764,0.44052094309563394,0.49251991009777923
2026-05-29,-0.3636968176648299,-0.30676599158776496,-0.2810133275231313,-0.19712662320548954
2026-06-01,0.25597785053967737,0.27691238148267594,0.2960582882947471,0.323977421082564
2026-06-02,-0.31792570616875765,-0.2094872091459212,-0.10053690869993429,-0.1610205528914672
2026-06-03,-0.3046607322913718,-0.2108653421532492,-0.12597851381209477,-0.13685135096461482
2026-06-04,-0.5077531428990772,-0.374187961009299,-0.22007329800114916,-0.30177769942204186
2026-06-05,-0.7249097970499628,-0.5714748037005234,-0.41997962548734236,-0.4582042199721199
2026-06-08,-0.8290841957074644,-0.6606211233479934,-0.5303210426981265,-0.5244361537389945
2026-06-09,4.1483677758127335,3.4823209030315327,3.161055692438388,3.030043867576866
2026-06-10,-0.3582737673121755,-0.08805845973704861,-0.10396406728450575,-0.33171439527756724
2026-06-11,-0.16742994238847803,0.026987586854117507,0.007002551595194639,-0.12311568410119511
2026-06-12,4.278965856039577,3.4027977059878434,3.5196919637966846,3.927614554685107
2026-06-15,-0.05301935480434389,-0.21479341187085502,-0.25493432750596956,-0.12910527270012065
2026-06-16,0.18185884476362485,0.11202557880586755,0.12131676356089083,0.15301599284119005
2026-06-17,-0.36176799061775616,-0.5465263973001742,-0.5405164710332214,-0.39486610911701003
2026-06-18,1.2881007233726467,1.4434407341283864,1.4571163447239728,1.2763956626571251
2026-06-19,-0.19482830685613378,-0.18849827362382168,-0.18794290060187552,-0.24833027135418925
2026-06-22,0.3560120309249309,0.36365519455552714,0.38027425157261957,0.3499905578791982
2026-06-23,-0.4600937899581922,-0.49483382702375994,-0.44406682895413596,-0.4862808851105978
2026-06-24,-0.4016878660879474,-0.41313826121944697,-0.35865635805358964,-0.38811867351092744
2026-06-25,0.15879837537827235,0.1570887101967412,0.16572353069317092,0.1692411104094782
2026-06-26,-0.5879531821409956,-0.6597527451212599,-0.63798436743496,-0.5430147162419064
2026-06-29,-0.6462567439574042,-0.6893399265387588,-0.6295173283175719,-0.5790828688670443
2026-06-30,-0.7959867757654894,-0.813592719828186,-0.7066133485197006,-0.7044844574393558
2026-07-01,-0.8404216445536641,-0.8381939791605416,-0.7628606884506587,-0.7246907919117097
2026-07-02,6.371712796597628,6.199371728485414,5.548269559556134,5.557148635437291
2026-07-03,-0.33548172684526656,-0.8575096024882022,-0.7910129100124942,-0.4660168053779541
2026-07-06,-0.4183111171527244,-0.8907969527747208,-0.8554027348531523,-0.5054611954188718
2026-07-07,-0.5812802519711985,-1.0409519005748393,-0.9572465625934805,-0.6467881278905553
2026-07-08,4.996245942902128,7.66146105941365,7.289563557655362,5.1277552884394115
2026-07-09,-0.19334836439906888,-0.12615064890353997,-0.34438509818777135,-0.4445141166963291
2026-07-10,-0.25528330713975833,-0.1754425196031028,-0.34215232498734444,-0.4476739538440013
2026-07-13,-0.4386252801030728,-0.3432466490673411,-0.5323305729989766,-0.5996450240177288
2026-07-14,-0.39559854433926755,-0.3007433656181283,-0.4672063041062911,-0.4920946134050257
2026-07-15,-0.6055779343458614,-0.49723316867288864,-0.6977863086678913,-0.6792125754252235
2026-07-16,-0.13816568328818335,-0.08180789313787751,-0.15514003923667274,-0.15521147863720763
2026-07-17,-0.6106332240236143,-0.5437054138306809,-0.7003947433077901,-0.6384931422177869
2026-07-20,0.3473859506734567,0.3356233666199485,0.37967734219341365,0.3481019726533374
2026-07-21,-0.04673235184457292,0.0023050399237964925,-0.035120190990455935,-0.06292236262454498
2026-07-22,2.5439262544347656,2.3554970553463974,2.6434310548113342,2.6935966215140223
2026-07-23,0.37079061666317636,0.37783537919039856,0.41402391338878775,0.3695628460544853
2026-07-24,0.8646119643784219,0.9150996032307165,0.9546963750171424,0.9607787259069566
2026-07-27,-0.18258691260452692,-0.34302866286903655,-0.39587863495873127,-0.31504434906550305
2026-07-28,0.626147033243456,0.7028486978220463,0.7629021439062675,0.668432475463758
2026-07-29,-0.3231255456468315,-0.5786703393277672,-0.668819862432491,-0.4484989232044817
2026-07-30,-0.5886015553506923,-0.8988306066608727,-1.0472715497949003,-0.7073470563412217
2026-07-31,-0.5583071012861471,-0.7898003274589485,-0.8934902807568732,-0.6308101056564752
2026-08-03,-0.7551455921017701,-0.9740229950473989,-1.0388898654636534,-0.8198912036402052
2026-08-04,-0.7687313906218511,-0.9375025949272225,-0.9832765435690984,-0.8034507000116649
2026-08-05,-0.9284681870943176,-1.087789944375643,-1.171897886364181,-0.9398762362427477
2026-08-06,-0.9319893856578527,-1.048387177093188,-1.1557512041576221,-0.9207207851869962
2026-08-07,-0.8140144084342289,-0.8787383012419423,-0.9334211587793582,-0.8014933208848963
2026-08-10,-0.74794932956046,-0.7990403839645378,-0.8644916895993224,-0.7333729778846776
2026-08-11,-1.0619221749960701,-1.087940506997986,-1.136085575689482,-1.0656577525596287
2026-08-12,-1.1712951272893506,-1.1705710218106171,-1.1914956286914258,-1.1774948077399334
2026-08-13,-0.15371530085436524,-0.15612305166293328,-0.15487998258081448,-0.15297306362574625
2026-08-14,-1.0315357150788937,-0.9440883382132934,-0.9184258152192443,-1.108451377511797
2026-08-17,-0.957730909058031,-0.8668045198490584,-0.8142909267401292,-1.0291446547407999
2026-08-18,-1.2237833926593904,-1.0838164892861168,-0.9727695074159527,-1.3402250714827217
2026-08-19,-1.2318815434194708,-1.0877745568934465,-1.0194155103426665,-1.3357009699928701
2026-08-20,-1.3574862869076896,-1.1960495705485086,-1.165294707457445,-1.4686220127579137
2026-08-21,0.2467447704375212,0.15407817326104123,0.15946377094809217,0.33595724474545374
2026-08-24,-0.8592214641568385,-0.850183126927741,-0.8822890960628826,-0.9517098877518562
2026-08-25,-1.0015822020199128,-1.0033827296813567,-1.0731255416807084,-1.123668978850258
2026-08-26,-1.335915635966099,-1.3423512461990812,-1.4938927439676581,-1.526750389058172
2026-08-27,1.1441082787075276,1.1157837097324832,1.3872691435419353,1.5190200910239198
2026-08-28,-0.8763481617243717,-0.7633643251969913,-0.8735328941851079,-1.1076126640373305
