Date,GARCH-t,GJR-GARCH-t,EGARCH-t
2018-01-02,0.41984733545897923,0.23736941361373295,0.2136091244016394
2018-01-03,0.42165035831082615,0.30357640605925185,0.2885601250855518
2018-01-04,0.3859411801581987,0.2833498331018101,0.2575464551382945
2018-01-05,0.3581469087633241,0.26638579194160816,0.22948521038555394
2018-01-08,0.3398559879021585,0.2523414088534178,0.2044025723617699
2018-01-09,0.3335643109459058,0.276744787297229,0.24559863023910905
2018-01-10,0.3283681976180993,0.26044843920221605,0.21714736251315814
2018-01-11,0.3041346364644506,0.2463433239448018,0.19679424509430216
2018-01-12,0.28248669268702487,0.23420656123676845,0.17639590133667138
2018-01-15,0.26507679188972944,0.22370926927757515,0.15856375104019874
2018-01-16,0.251035726177912,0.21947323579348427,0.16170744081100005
2018-01-17,0.24161789476900203,0.21940674955840883,0.17189847973995154
2018-01-18,0.2563717478639768,0.25313109179566673,0.21388557387941298
2018-01-19,0.2595648539466639,0.266743360852005,0.2436059981951163
2018-01-22,0.2599207674517,0.25069186061108517,0.21627331591285553
2018-01-23,0.24994585385199902,0.24795375347940432,0.2286340314775125
2018-01-24,0.23788377951668596,0.2346215437020989,0.20699777734268177
2018-01-25,0.4403780529147407,0.5644234174678613,0.4139645089131046
2018-01-26,0.4128912256646376,0.5318238750841597,0.4466932294912777
2018-01-29,0.4236873000341814,0.47406044827759497,0.3885331015944837
2018-01-30,0.37754468294501126,0.4264984346816353,0.36140486675343725
2018-01-31,0.5320110599593156,0.6922785054321876,0.5750840017008372
2018-02-01,0.5500250099192499,0.7397440783384417,0.6915757280604797
2018-02-02,0.5368322158076406,0.7344356726209463,0.7761916732550347
2018-02-05,0.5339658806107835,0.7431645224331525,0.8592666979697078
2018-02-06,0.8102678717296061,1.2033902438564024,1.2402303960116703
2018-02-07,1.8691761070368824,2.9323353467682294,2.3069798310263594
2018-02-08,2.112492334658427,2.466928505102073,1.8668519739095597
2018-02-09,2.1119938515876813,2.676014563492994,2.2843138202965783
2018-02-12,1.9269885906930901,2.564794789167634,2.4611739482711865
2018-02-13,1.7878846682167242,2.151366332127774,2.028263025915799
2018-02-14,1.4636260666222358,1.8114674809554798,1.8036534849430046
2018-02-15,1.2582877561199275,1.523403762238677,1.5236692724599994
2018-02-16,1.0501532444941135,1.2930360153337508,1.3112608365766478
2018-02-19,0.9731283889992396,1.0978532728487684,1.1087319654296772
2018-02-20,0.8836288458777792,1.047218922359933,1.1821610942766634
2018-02-21,0.7392001013081165,0.8914531090929313,1.0206767920032571
2018-02-22,0.6547560761606357,0.76369006859971,0.880799867702945
2018-02-23,0.5864648195651198,0.7028900506923302,0.894337022927711
2018-02-26,0.5006447407837913,0.6089085286953665,0.8184120538387376
2018-02-27,0.48981226394591487,0.5315296343045038,0.6966554914737887
2018-02-28,0.42604981833204686,0.4691968272802622,0.6367248849643108
2018-03-01,0.4654609264921123,0.5541356347336017,0.7557039023846903
2018-03-02,0.5165375044610494,0.6561705669180289,0.8973065284324159
2018-03-05,0.8274319807861727,1.171908873598783,1.3119872219917783
2018-03-06,0.7552785791464723,0.994058127299901,1.1132743197344637
2018-03-07,0.6618983747928341,0.8487635746136709,0.9576817113337968
2018-03-08,0.5647831346551297,0.7299020740182569,0.8346520316020123
2018-03-09,0.5443701658864925,0.6330389853281636,0.7171339807965124
2018-03-12,0.4803435935751666,0.5522442552867624,0.6225558501678865
2018-03-13,0.42290971648065767,0.49087399418015276,0.581802437925122
2018-03-14,0.5695026756261082,0.7407604416457881,0.820021328216243
2018-03-15,0.4918721712723286,0.6434099834815121,0.7470029449916062
2018-03-16,0.4294670726760758,0.5617221281783376,0.6522015611952449
2018-03-19,0.3933004530463113,0.493892458874876,0.5695293344542558
2018-03-20,0.8328598188182463,1.21290715076865,1.060144252357166
2018-03-21,0.7080189035973633,1.0296420671723785,0.9219768469081199
2018-03-22,0.6215354817222778,0.9077205279396221,0.9024318952647437
2018-03-23,0.7862667183788216,1.1869011152555202,1.2024514989090818
2018-03-26,0.7001369500086334,1.062891701907476,1.200831313125017
2018-03-27,0.6384600251461889,0.9705542268913125,1.1990735059497342
2018-03-28,0.934582249281621,0.8364272271903763,0.9752283816207871
2018-03-29,0.8432720769508397,0.7230964789162571,0.8190866930684434
2018-04-03,0.7151062866355388,0.6270113936616939,0.7153547635282572
2018-04-04,0.6354116444806686,0.5857256079535867,0.7336084485780299
2018-04-05,0.5466631699221892,0.5139114809177159,0.6496717932205018
2018-04-06,1.2924685036595154,0.4639636796673925,0.5256918501191609
2018-04-09,1.084230595753581,0.42773705082363517,0.5210244724131375
2018-04-10,0.9112247050535862,0.383610534005384,0.4613638504500192
2018-04-11,0.9118467158688206,0.3505655107732085,0.39309677846572333
2018-04-12,0.7758322450695269,0.3260394102110507,0.3803322769887613
2018-04-13,0.6586167200763785,0.29859470512148867,0.3431945508098555
2018-04-16,0.5646004519979053,0.2761102293482482,0.3119117035870904
2018-04-17,0.6303520668840564,0.48789307733838533,0.4895070412487083
2018-04-18,0.5630944132720711,0.43411454431016194,0.43072411774942304
2018-04-19,0.7208520286602127,0.39062996824705987,0.35554051040099655
2018-04-20,0.6175427150582513,0.35341061625741427,0.3210428234505122
2018-04-23,0.5705395996772158,0.32276780170653585,0.27993003848302067
2018-04-24,0.5168164023177371,0.2971938148239996,0.2462243349198011
2018-04-25,0.4666727179277765,0.2757035716796344,0.219399439320973
2018-04-26,0.47897493826248994,0.3610598430992714,0.3065238786220866
2018-04-27,0.4645344500252201,0.32826810713444193,0.2629831074901203
2018-04-30,0.5795898625972701,0.30270984573048587,0.2081738736758467
2018-05-01,0.5031008393875966,0.27947813121475346,0.19114994567448199
2018-05-02,0.4430668223405494,0.2597278853266028,0.1748454507693206
2018-05-03,0.4033209320304242,0.24304015933658032,0.1555227633798884
2018-05-04,0.4103397706669155,0.3053831465536379,0.2194766675690151
2018-05-08,0.465807884151001,0.2826143752414449,0.1780934146344233
2018-05-09,0.4124558821879178,0.26248129406701787,0.17058216815140745
2018-05-10,0.5906232931509923,0.24884346575737964,0.1299802541718305
2018-05-11,0.5442847607466771,0.2350986435889601,0.11503484243492192
2018-05-14,0.48659981591933177,0.2231659023161945,0.10361622376811808
2018-05-15,0.43569581247256883,0.2217373499498296,0.11654519992103352
2018-05-16,0.3895796693372531,0.21161751329488848,0.10736420128987935
2018-05-17,0.3508826093158578,0.20296472941922786,0.0994603523319094
2018-05-18,0.380859962562972,0.19775913042683416,0.08585297663877958
2018-05-21,0.34583034319535905,0.19556392827149088,0.0922030743866203
2018-05-22,0.4566911725076448,0.19522439038738112,0.08484244263325526
2018-05-23,0.41107051869096006,0.18955806757017757,0.0752938530027243
2018-05-24,0.5672549182429655,0.5324630234707576,0.29772638747907976
2018-05-25,0.6299104763823411,0.7006667351266489,0.4878910657100823
2018-05-29,0.5485947006671194,0.6074840037461192,0.4263267577293536
2018-05-30,0.7290138477176547,0.9668544843067665,0.7539320865642956
2018-05-31,0.702203815860925,0.8347633926037413,0.642294825649529
2018-06-01,0.6099388921024321,0.7274595799672641,0.6029948163357822
2018-06-04,0.5408224461050848,0.6312782115238876,0.5251402212806552
2018-06-05,0.5054316167300418,0.551830947381267,0.4560909136877797
2018-06-06,0.5252522376069438,0.6216839302996714,0.580837639452779
2018-06-07,0.4731408760445933,0.5442802763279223,0.5079292490082006
2018-06-08,0.42021274582502105,0.4829853523647557,0.4782785054902996
2018-06-11,0.3904540736373425,0.45417998573535706,0.4968372835289108
2018-06-12,0.41923736221542135,0.4049265545378046,0.4287983290229025
2018-06-13,0.40551660780006044,0.41586129522802473,0.4825774692911149
2018-06-14,0.3616872786299058,0.3726434406814355,0.43502737815837983
2018-06-15,0.41243851047425634,0.340170735013343,0.37471041633808494
2018-06-18,0.8205568356620178,1.0919305380686886,0.8483352497069946
2018-06-19,0.6972225526481771,0.9247817039759001,0.7473442576065363
2018-06-20,0.6217075121693623,0.8327699891331511,0.7556855874969807
2018-06-21,0.5492557025564604,0.7202013948674882,0.6595236482067156
2018-06-22,0.6161150238376913,0.8584349571250834,0.8522830604496665
2018-06-25,0.9176041219763929,0.7432067762596765,0.7005266491473392
2018-06-26,1.5818104820252947,2.0367970126893296,1.5322792588322183
2018-06-27,1.3264428867272218,1.703613307678767,1.2876095606333193
2018-06-28,1.2751718865872332,1.4301119467137242,1.0606221193574907
2018-06-29,1.0654440541962948,1.207797184087298,0.9424120353170351
2018-07-02,0.909468631235835,1.0288792181493651,0.8126789358038539
2018-07-03,0.9862392573470607,1.2423210813612886,1.092460172523241
2018-07-04,0.8842889911006158,1.0609656688467832,0.9282683548771619
2018-07-05,0.7665903348934796,0.9290512588895021,0.8882804682597111
2018-07-06,0.6766201443145673,0.8009674441302977,0.766988064274406
2018-07-09,0.5859105992858861,0.6931240527228478,0.670869138443738
2018-07-10,0.6245760892874342,0.607251216533318,0.5721535031081387
2018-07-11,0.5411256147308564,0.5314722094554019,0.5085357422193629
2018-07-12,0.7348296154173196,0.9149704817458464,0.8263881461719025
2018-07-13,0.7132847008942247,0.7913956730655586,0.705648141606015
2018-07-16,0.6163040609545887,0.6876847830117483,0.6216949016603542
2018-07-17,0.6363116512041206,0.7675441752328065,0.76743271331097
2018-07-18,0.5659614528990953,0.6685018548047483,0.6685665405534063
2018-07-19,0.5495553266736963,0.5864631114506126,0.5766575105145759
2018-07-20,0.48209959476051595,0.5172345238757451,0.5129428896302012
2018-07-23,0.42747666974954623,0.4607685827676373,0.4753913140781897
2018-07-24,0.39690471810249606,0.4359774744891674,0.4914673082632458
2018-07-25,0.4180184485490604,0.39209708496148793,0.4255178288398777
2018-07-26,0.4431324748146512,0.4686297897287872,0.5337924963113393
2018-07-27,0.3949025895767354,0.4193139304675045,0.47628432094986506
2018-07-30,0.38497268068149926,0.37834644877201623,0.4177469588354067
2018-07-31,0.34620136525697115,0.3436374162969973,0.379185539454451
2018-08-01,0.36281278299529657,0.31498769472726484,0.3318859202791669
2018-08-02,0.5662579671965673,0.688158810855015,0.6096511795006643
2018-08-03,0.6524157616391372,0.864250240312008,0.8228305697761624
2018-08-06,0.7283683249430829,0.7500938115917093,0.6945852199150478
2018-08-07,0.6239914571278381,0.6519047199327963,0.6136518921783425
2018-08-08,0.6066982336398583,0.5715920016736821,0.5288844178859604
2018-08-09,0.6002335249637087,0.5044906089800315,0.4564024029263457
2018-08-10,0.5565218822799517,0.503481770563381,0.5116757640636992
2018-08-13,0.6334409986804395,0.6930646178851981,0.7111944868359047
2018-08-14,0.5657756701965829,0.6319966973933706,0.7120620483079316
2018-08-15,0.5203870779915661,0.5973553141484609,0.7356437101586187
2018-08-16,0.8048925059438146,1.110910616180765,1.1421826362354157
2018-08-17,0.7672772077742566,0.9517313385778821,0.9661347962136142
2018-08-20,0.655851307969121,0.818576258558162,0.8446140350357236
2018-08-21,0.589751828410717,0.709329676313693,0.7309634793741676
2018-08-22,0.5321906137865594,0.648744089426248,0.7343395029944902
2018-08-23,0.46690806082776387,0.5682168052293921,0.6475501539733428
2018-08-24,0.41909295475545083,0.5088420560156487,0.6129669546749577
2018-08-28,0.37756246942356725,0.4523951211676315,0.5414482892173191
2018-08-29,0.3749160672556022,0.4057271460347595,0.47189305856367236
2018-08-30,0.41910593395753487,0.4983986630929845,0.5926100936302829
2018-08-31,0.43790903119614505,0.5457574270546108,0.6867236713983962
2018-09-03,0.5815505697882409,0.8032000216226792,0.9363391619934371
2018-09-04,0.6339011361446889,0.6978536501722759,0.7915145351716096
2018-09-05,0.6127056354063167,0.7101215991694934,0.8737219183330031
2018-09-06,0.6883773313345237,0.878428191988772,1.0801585096801976
2018-09-07,0.7123123746293305,0.9555005847913673,1.228734787057327
2018-09-10,0.6630531610508741,0.9051928577334946,1.250192934956347
2018-09-11,0.5710487788819704,0.7810636655800852,1.0800102417700672
2018-09-12,0.5000056934374564,0.6813277250928678,0.9661345353195169
2018-09-13,0.4781470577674802,0.59600504533368,0.8270068419595651
2018-09-14,0.45348160187435604,0.574320640880278,0.8453111794594083
2018-09-17,0.41314173924324704,0.5073096075557595,0.7332951829251493
2018-09-18,0.36939784458870756,0.45138875256547056,0.6515850376136081
2018-09-19,0.3328182254616219,0.4042558271786786,0.5791590854671441
2018-09-20,0.32569675533879777,0.36534717639452563,0.5041519193333952
2018-09-21,0.3284414299162152,0.33301025398095696,0.4395162923821768
2018-09-24,0.6920675794932859,0.31246272241607037,0.3811149691928446
2018-09-25,0.6274525137977576,0.3374670215716462,0.4289048019367209
2018-09-26,0.5986283810401604,0.3111204436573481,0.3760952724208521
2018-09-27,0.5186572257085247,0.28834029313986287,0.3386815430862453
2018-09-28,0.47907406753240694,0.26957160365288735,0.3011256710620798
2018-10-01,0.4591935806944616,0.3115834871727648,0.3638572005626135
2018-10-02,0.41321137012423953,0.2989335256273461,0.3667691578278773
2018-10-03,0.38462680693927975,0.30178183066755804,0.3868708474612163
2018-10-04,0.37365494153382606,0.28104173738199034,0.34303173212523985
2018-10-05,0.5719730022368681,0.6501328638052306,0.6177689612093051
2018-10-08,0.7833057448455587,1.0437169351910316,0.9602102311914322
2018-10-09,0.8862150362938562,1.2520696830588516,1.2315312926658062
2018-10-10,0.7504703084711534,1.0628866079004387,1.0543934650071582
2018-10-11,0.8969970975966246,1.333237986752468,1.370223059595387
2018-10-12,1.3660829820811466,2.143426825024574,2.0388156338312053
2018-10-15,1.1371928376017548,1.801940206857505,1.775617618048279
2018-10-16,0.9823835423245219,1.5201466402918837,1.4885283751814788
2018-10-17,0.8534012566168608,1.2892922158231945,1.2587267187058035
2018-10-18,0.7270420651586547,1.0994952837853535,1.1046496764390559
2018-10-19,0.6493971773982924,0.981798253090416,1.0770269513850017
2018-10-22,0.5715814250076505,0.8428425755235714,0.9197504670466833
2018-10-23,0.49691204292300933,0.729103461494858,0.8218797615157556
2018-10-24,0.6831034184585311,1.0384245066126714,1.1316491994368592
2018-10-25,0.5887866608176859,0.8904022964746479,0.9684750355985539
2018-10-26,0.5594965443890764,0.7695741859553267,0.8300368097312023
2018-10-29,0.6220107720185863,0.8878233773478134,1.0101409381933713
2018-10-30,0.7573383835982569,0.7682020618885645,0.846558981048426
2018-10-31,0.6495824145813073,0.6664930323445709,0.7338209561531369
2018-11-01,0.8009117407177044,0.5858177849986115,0.6207254075504395
2018-11-02,0.69077956781932,0.5256807770049079,0.5957128642691092
2018-11-05,0.6087558879988136,0.4870715937556356,0.5934557861288763
2018-11-06,0.5285777595736135,0.43236331267414546,0.5185540431728781
2018-11-07,0.5878885756281867,0.5962320144193346,0.6964665988837835
2018-11-08,0.676573896045607,0.5270114658055027,0.5935222558777149
2018-11-09,0.5954056567394995,0.46721063822283493,0.5187856753255949
2018-11-12,0.558009132024992,0.48300260427497116,0.5815403851547521
2018-11-13,0.573870951373575,0.5732336098978811,0.7113048524125976
2018-11-14,0.4994501894104626,0.505737221956306,0.6239831226910401
2018-11-15,0.4534018516835551,0.4710877302125462,0.620418341888939
2018-11-16,0.4011389851815794,0.42079348680333867,0.5445605745313442
2018-11-19,0.3792734254721843,0.4103511282287829,0.5630890634884363
2018-11-20,0.34736453103904896,0.379705298594914,0.5390347667194049
2018-11-21,0.4103592530618596,0.49862118013224643,0.6819412200620619
2018-11-22,0.6756303629252994,0.44490084236822874,0.5719172471109653
2018-11-23,0.8434835753862256,0.8365211650304333,0.899870564329388
2018-11-26,0.7154045808012554,0.7220944183785686,0.8072636130025738
2018-11-27,0.8170891873335737,0.6296003498445659,0.6791315630523107
2018-11-28,0.7079134666813048,0.5724799268200597,0.6681505415023031
2018-11-29,0.611974542290589,0.5121792354661983,0.6311418257508332
2018-11-30,0.5601224836528828,0.4539369960589121,0.5452336565800641
2018-12-03,0.6020169887667502,0.5946038692157057,0.712177714950569
2018-12-04,0.7172387657649332,0.522515104196278,0.5990984414818807
2018-12-05,0.6664551781812262,0.547791566529145,0.6773989249653143
2018-12-06,0.9069393578051255,1.046300882733539,1.0832530786397003
2018-12-07,2.4269262178451636,3.7377588196758933,2.717033267246387
2018-12-10,2.1575370455621634,3.080271799935807,2.171007892769662
2018-12-11,1.8720885002018723,2.7395204428511954,2.1770684435352483
2018-12-12,1.7762357982274442,2.2671273775457146,1.7511336151643049
2018-12-13,1.6280747082801494,1.8887005556162224,1.4307969032231758
2018-12-14,1.3423505655126158,1.574809391816409,1.2168526778420472
2018-12-17,1.148871321388609,1.378894418331537,1.196753595494146
2018-12-18,1.14743140700293,1.4708555148009235,1.4236626239146724
2018-12-19,1.1422249691144424,1.5457489517715584,1.6321237026059865
2018-12-20,1.0888073673897072,1.2976068952958602,1.3396746242328887
2018-12-21,1.01669832979158,1.2691463736011221,1.4361937064471932
2018-12-24,0.8507692079412847,1.0666801292103953,1.2021971786302907
2018-12-27,0.7649937495643,0.9785695340276476,1.2005930779161813
2018-12-28,1.0309804355212326,1.477996727719206,1.6575798611246055
2018-12-31,1.6320067063989148,1.2473286849764784,1.3294711942104704
2019-01-02,1.3481485901746766,1.052376579527546,1.1514712981138142
2019-01-03,1.1220366715031436,0.8909308008085505,0.9745564500379115
2019-01-04,1.0040079207509234,0.8664367796324596,1.0364506080139864
2019-01-07,1.537642239789217,0.7534446455472751,0.8505315597522184
2019-01-08,1.3013280812668904,0.6909827894157611,0.8494209826528787
2019-01-09,1.1642708219851514,0.6008209138046106,0.7200294995984253
2019-01-10,1.037472464732144,0.5281104117445832,0.6173429034926886
2019-01-11,0.9115612120544652,0.4673422232771036,0.5327364202466076
2019-01-14,0.7945980908162842,0.4509982085098496,0.555585914875495
2019-01-15,0.8135980975093572,0.6327676357545802,0.7510274889582872
2019-01-16,0.7378821594502237,0.552961229972268,0.6420000694550027
2019-01-17,0.6659362887880101,0.5461971630475161,0.6866882062847872
2019-01-18,0.6003761872328169,0.5264913839943589,0.7105545479554628
2019-01-21,1.065874612887954,0.4726404347098641,0.5930904042309685
2019-01-22,0.9045950129124161,0.42164370374140336,0.5198188057352814
2019-01-23,0.9261155576390732,0.6514105342921561,0.7453807033257754
2019-01-24,0.902501807822349,0.7657973582904761,0.9123983529232116
2019-01-25,0.7893220222205192,0.6944772547054667,0.8901335430440933
2019-01-28,0.6803969986767361,0.6097925255304923,0.808363633947713
2019-01-29,0.7201788497961435,0.760923956873575,0.9924512447518732
2019-01-30,0.8499749769834324,0.6603674351074066,0.8288550059158584
2019-01-31,1.0758571180544678,0.5774978850579517,0.692100675178592
2019-02-01,0.9294096076269203,0.5078880464632317,0.5950440759617127
2019-02-04,0.8628301925330152,0.4505641574367853,0.5110262629967821
2019-02-05,0.7388531550044295,0.4026156164826473,0.4477741456329879
2019-02-06,1.2287749581612262,0.36984354684444287,0.38021463402926386
2019-02-07,1.03299474234521,0.33790751948890985,0.35020689941750305
2019-02-08,1.0698789636134556,0.6470629357741573,0.6089171021025203
2019-02-11,0.9218537682306214,0.5928229319780817,0.6137008329440902
2019-02-12,0.8771698181110456,0.522462406396929,0.5284624379184356
2019-02-13,0.7477836587993301,0.46413278538540625,0.4682304000899848
2019-02-14,0.7322534965646175,0.41616892076921624,0.4072170583183346
2019-02-15,0.6294912980013024,0.3761894159251186,0.3640573293724276
2019-02-18,0.5857868650213788,0.34344174356348556,0.322066029380027
2019-02-19,0.5196569731769759,0.3310978918904325,0.33609445468333715
2019-02-20,0.5072640509562719,0.38924777484793766,0.42210546330947674
2019-02-21,0.5094784721719193,0.3543773620855646,0.36960658367690313
2019-02-22,0.5614029869724698,0.5165878778470439,0.5359802832811301
2019-02-25,0.49060960128346526,0.4589160716312172,0.4730265244293612
2019-02-26,0.4336456692408748,0.41136499712493396,0.42025204675140293
2019-02-27,0.4206478853473288,0.42643252726116876,0.4761280358802916
2019-02-28,0.43679573269036903,0.4839870480497399,0.5713357035471864
2019-03-01,0.422171788348781,0.4871690519826861,0.6185654492480199
2019-03-04,0.40388173563193097,0.43698298756866755,0.5407143683328209
2019-03-05,0.3804259401900104,0.3939991696127861,0.47514630613404923
2019-03-06,0.4056014721563695,0.35835398662983126,0.4144283174655109
2019-03-07,0.3658123921413036,0.3289614854343871,0.37168735046725404
2019-03-08,0.3784302911248862,0.38100207880449694,0.45019807535041223
2019-03-11,0.43098893288021145,0.4955362865659077,0.5837917898083754
2019-03-12,0.40052672253947386,0.4416290907687835,0.511296998279038
2019-03-13,0.3684732423244486,0.397279718937068,0.4516754425452798
2019-03-14,0.3330941487008873,0.36097971230294285,0.4043426882552759
2019-03-15,0.3197730962059566,0.3308465002663412,0.35916179285546856
2019-03-18,0.3395316317590415,0.30550582439364465,0.31664371136335306
2019-03-19,0.44231083986313174,0.2864387901558884,0.2769315654319318
2019-03-20,0.4083836881030134,0.2694500155240193,0.24987781152954283
2019-03-21,0.3995574511360086,0.3088711306528562,0.30944455539704624
2019-03-22,0.46517450910541985,0.2886663416986379,0.2718272372760619
2019-03-25,1.0691151628412532,1.3525540521429127,0.9012519081986663
2019-03-26,0.9244348714931254,1.1900332340019355,0.8965062859050322
2019-03-27,0.7890372477600558,1.0151819796015384,0.7717590906114061
2019-03-28,0.6724163888111067,0.8730675891206408,0.6837614646312272
2019-03-29,0.6201322429817573,0.7569252706135011,0.5948610297312928
2019-04-01,0.5888268501114269,0.6612455252861201,0.5200571730532239
2019-04-02,0.5481143434976627,0.5824592295856751,0.45549327557279856
2019-04-03,0.6194914332419375,0.5170317688818025,0.3956127620698733
2019-04-04,0.553930446832744,0.46183251753115795,0.35313591292255964
2019-04-05,0.4921670968941048,0.4276562422936671,0.3622601782339154
2019-04-08,0.481636579455529,0.3881655781986316,0.3234055093162515
2019-04-09,0.424279123065274,0.3534212956158097,0.29378528801204873
2019-04-10,0.40067738532105057,0.35964394956975326,0.33463357145659817
2019-04-11,0.3600873064727998,0.3310583758174362,0.3141552624319911
2019-04-12,0.327009610673921,0.3072279290836791,0.2968730445823738
2019-04-15,0.3065070469036339,0.2870985974198938,0.26939855895790304
2019-04-16,0.2806552699810537,0.2692455674753744,0.24884807926813685
2019-04-17,0.2863972531705113,0.25540019068756786,0.22445357391146692
2019-04-18,0.2640235383786082,0.24280766619410307,0.20806591685740772
2019-04-23,0.2507842669685006,0.2388152293457707,0.21438491574078697
2019-04-24,0.33854804363418417,0.23249724192519428,0.19213203880657098
2019-04-25,0.38773450228072337,0.3495841984645638,0.2940189836582836
2019-04-26,0.39223647291511654,0.38976462220698244,0.3620783054401598
2019-04-29,0.3528639525574157,0.3571422209514433,0.34290614996833163
2019-04-30,0.32235970131502906,0.32887265890316025,0.311533439948224
2019-05-01,0.3112128178647604,0.3291996840002698,0.3378465356789314
2019-05-02,0.31960368061337646,0.3565737374913369,0.3908934446984381
2019-05-03,0.3294378764565646,0.3838556568450639,0.447984662889182
2019-05-07,0.32117322611831906,0.35079237816622927,0.3979359369356001
2019-05-08,0.7218331409403482,1.0253767287009354,0.8277976941337879
2019-05-09,0.6189682373434638,0.8781615733601799,0.7224373170877152
2019-05-10,0.6621901625297344,0.9618555941836442,0.8924982858605647
2019-05-13,0.5709895421580784,0.8290547410636467,0.7947722110344161
2019-05-14,0.5480034619195544,0.7983566424125605,0.8512713410708048
2019-05-15,0.6497937875910763,0.6987708827456107,0.7342705748562242
2019-05-16,0.6432290952010321,0.6123374265712661,0.633158686084215
2019-05-17,0.6395278122115573,0.540499131728858,0.5485620827624894
2019-05-20,0.5532231303615178,0.4817653119639098,0.5057709396704799
2019-05-21,0.5281443233518863,0.5018273028388562,0.5717491242765153
2019-05-22,0.4694277445377919,0.44871927561622876,0.5065176852570871
2019-05-23,0.41523950525871983,0.40482393769655356,0.45358979149030715
2019-05-24,0.6913107893099073,0.8925315687899966,0.8028518483350638
2019-05-28,0.6520086838418815,0.771367400638162,0.6930193122320576
2019-05-29,0.5664900174557678,0.6758049971428215,0.6442440015524866
2019-05-30,0.7083275119164076,0.9422352737980579,0.9088222381923667
2019-05-31,0.6356604075214661,0.8115366214671639,0.7845814158351924
2019-06-03,0.6502156233130799,0.8648988686002678,0.9173797921415384
2019-06-04,0.5742970151992989,0.7484752838700819,0.7950857989110172
2019-06-05,0.5221457240796967,0.6528357808760924,0.6912562323407194
2019-06-06,0.45900501991927256,0.5745151459853313,0.6126832695330665
2019-06-07,0.4477992944357618,0.5090802629342238,0.5345151015363014
2019-06-10,0.5391179237697626,0.4565011747780902,0.46201354480521983
2019-06-11,0.5196663624443331,0.41187634492147196,0.4058106853926493
2019-06-12,0.46768351092221294,0.3746292178613179,0.3627758513622305
2019-06-13,0.44545381259778405,0.3910470440135137,0.41404009975428346
2019-06-14,0.396512092797613,0.3576880165536484,0.37494738812877615
2019-06-17,0.37465105282696226,0.3559581795102767,0.40140680053635214
2019-06-18,0.3412003206387404,0.32863329300595734,0.36122119042368467
2019-06-19,0.5088149931255566,0.3086133974737919,0.31308713782303527
2019-06-20,0.4973416636668017,0.3670251636029306,0.39192359223927914
2019-06-21,0.44661795921254543,0.3377240421566875,0.3509832849612533
2019-06-24,0.40736104415698327,0.3277589941126656,0.3626989819727057
2019-06-25,0.3662077910512397,0.3049954334373315,0.32814702446772587
2019-06-26,0.3329714350070483,0.28637452046902057,0.29889399527341753
2019-06-27,0.3063856137441955,0.2724134019797808,0.28695420889417367
2019-06-28,0.29137957701613326,0.2691675397268727,0.29550606787588435
2019-07-01,0.28274047204085545,0.2563479694097576,0.2658886246557745
2019-07-02,0.4014901994854404,0.24919492114973923,0.2360806186388222
2019-07-03,0.4577625790838667,0.24342102692217435,0.21021517301586137
2019-07-04,0.4656023486538678,0.23773553711775672,0.18920217198880104
2019-07-05,0.4125785294703214,0.23326622669219432,0.1882065299821984
2019-07-08,0.44625380580822854,0.34842223712353243,0.2904021374008005
2019-07-09,0.3969077919507949,0.32271781493073753,0.2760738887867175
2019-07-10,0.36271386509021486,0.30892703218812817,0.28264141942890125
2019-07-11,0.33127924900122213,0.2911282172617977,0.2731717277845154
2019-07-12,0.3193017095400566,0.29668569092711927,0.30001035027981154
2019-07-15,0.29428264795876397,0.28006278561478315,0.28463262968027253
2019-07-16,0.2879004455122805,0.26598013735400033,0.2579128061650538
2019-07-17,0.3202050639731947,0.255469934490418,0.2306650387150109
2019-07-18,0.3488370203335353,0.3272927390215417,0.3091361284187696
2019-07-19,0.3736531899111852,0.38960796264312286,0.3924288864485457
2019-07-22,0.3423184076187981,0.3567951348897954,0.35381655215981633
2019-07-23,0.31175156038088253,0.32918816100173154,0.32235218629594337
2019-07-24,0.3304566861355237,0.30736568367662387,0.288002143121027
2019-07-25,0.3961689305868882,0.43128226152616894,0.4105474507989934
2019-07-26,0.36116353152143615,0.3980531226817132,0.404527736576879
2019-07-29,0.41982964923074073,0.36567891086471865,0.35523985878333775
2019-07-30,0.8764192223438478,0.3417750235614821,0.29610182299283994
2019-07-31,0.7856918195796155,0.39066377838325733,0.3728351485140499
2019-08-01,0.7733665130240835,0.5242433302833792,0.5164767040840191
2019-08-02,0.6559594732669679,0.46750137790029384,0.47122924107056074
2019-08-05,1.4995136328988161,1.9323677934706456,1.31589551120804
2019-08-06,2.3256204398046147,3.368813803053745,2.401358018127244
2019-08-07,1.9689255879390573,2.91763229449812,2.3202113587424376
2019-08-08,1.6127370820527203,2.4113581882295647,1.9086904840418324
2019-08-09,1.5429309668731206,2.0093525016898286,1.5625893338569161
2019-08-12,1.2965975371330227,1.730287788812837,1.4920077866998553
2019-08-13,1.0964817217461569,1.4893915317620747,1.4059152541023752
2019-08-14,0.9229551014355033,1.2516829580688902,1.186099442284304
2019-08-15,1.1264840467415034,1.6186785910271435,1.584274758646647
2019-08-16,1.1567089211835837,1.7110171988578917,1.8133678430774425
2019-08-19,1.0297050146857156,1.430462767618155,1.4988667357432617
2019-08-20,1.016623205777092,1.2054864266084933,1.2408868288696604
2019-08-21,0.9876497279152032,1.241801690264133,1.391360908666185
2019-08-22,1.011576798832053,1.0516513083363466,1.1548221325167398
2019-08-23,1.0355910121529133,1.200701712930705,1.3787212915536264
2019-08-27,0.898748847359616,1.073974802473481,1.3385106344499171
2019-08-28,0.751230947454264,0.911717094066362,1.1645851641792302
2019-08-29,0.651942656403812,0.7802260844395763,0.9870108163280624
2019-08-30,0.7048806192391122,0.6770049640188194,0.8347404058274949
2019-09-02,0.6125213377625477,0.5891952167553987,0.7190845273332008
2019-09-03,0.6910956326609975,0.5256633293736114,0.6162930560165385
2019-09-04,0.5979945883656305,0.4775546927243249,0.5901189703072666
2019-09-05,0.5671663035899533,0.43143789037953156,0.5140303820666277
2019-09-06,0.5482256823244056,0.47618049670674867,0.5943559641543669
2019-09-09,0.48081737590751,0.42886000225295723,0.5240460306413155
2019-09-10,0.4972619255515076,0.5024826821432732,0.6304690729509086
2019-09-11,0.4643753644477813,0.45067672222096267,0.549115842415887
2019-09-12,0.5445028509922837,0.40952595802293856,0.47369982616500833
2019-09-13,0.47655125436357404,0.37469499078396534,0.42292624780785537
2019-09-16,0.4328554531307396,0.3462059215950314,0.375703890190507
2019-09-17,0.4555168863768459,0.4307504785189759,0.48373511269298913
2019-09-18,0.40589637609288665,0.392748101107412,0.43828387968552374
2019-09-19,0.3671925793066314,0.36326507977237577,0.41283689368937454
2019-09-20,0.38022865640728637,0.3375765487068177,0.36474456739140854
2019-09-23,0.3498030464137278,0.323056043586684,0.36235333162961836
2019-09-24,0.3328646992688395,0.32261773232871743,0.38059368578690106
2019-09-25,0.3471182221752233,0.36602577255422486,0.4486082744632263
2019-09-26,0.3180844295693011,0.3390226753767477,0.407437904829882
2019-09-27,0.39582656626629,0.3186202458025607,0.3585180100326232
2019-09-30,0.5083845681011611,0.3029553300312333,0.3136261658330557
2019-10-01,0.45788151004437466,0.30484873682235947,0.33358287905167633
2019-10-02,0.48029685781522397,0.40577203503885284,0.4476076522225743
2019-10-03,2.211130517901561,3.3848402738993477,2.1743239349691383
2019-10-04,1.8481544017724578,2.853105187446597,2.0429787891408364
2019-10-07,1.6799141449901276,2.3286494810565372,1.642107882452903
2019-10-08,1.4180280044825482,1.9243826338302754,1.3639369449325625
2019-10-09,1.262813432786427,1.75789217644683,1.4492571771551694
2019-10-10,1.0588207295673964,1.4694597687645907,1.2131963148362916
2019-10-11,0.885790078338756,1.2307918992230038,1.0291691455790601
2019-10-14,0.850239810245615,1.039150444268774,0.8706678058648433
2019-10-15,0.7557320655314773,0.9431055321073579,0.8958409476626832
2019-10-16,0.6391238913576712,0.8037470017665888,0.7884787788184885
2019-10-17,0.6160035708887988,0.7959985831009182,0.8685227855406866
2019-10-18,0.5327469618181081,0.6842514262814309,0.752140841426541
2019-10-21,0.5012204350500556,0.650360600254362,0.7819143305861235
2019-10-22,0.4408923235960665,0.5656248684222532,0.6784903089483112
2019-10-23,0.4599196794705314,0.49914875385772095,0.5867554880918305
2019-10-24,0.4719668539194395,0.4463475631721056,0.5103031425753453
2019-10-25,0.5449343717236687,0.4058376922019266,0.4429913386924395
2019-10-28,0.47611475193309327,0.37156037684790894,0.4103929352721842
2019-10-29,0.4207520579374003,0.34348276415173135,0.36770855253898643
2019-10-30,0.40000866362677084,0.3567905622905068,0.4055962159563596
2019-10-31,0.37482308845355056,0.33357003124758805,0.3617608307190681
2019-11-01,0.5651408269728737,0.6792895937351828,0.625308940746279
2019-11-04,0.5715380279279496,0.5913044948468478,0.5407656269190891
2019-11-05,0.6225361669938992,0.5215030584064988,0.46898621923800854
2019-11-06,0.541902223014366,0.4651460236910356,0.4184179998328116
2019-11-07,0.4733658878900098,0.4202499972800871,0.3775132484321139
2019-11-08,0.4203533292843612,0.3843868521086023,0.34270477845656444
2019-11-11,0.45000740098461856,0.4703837482660872,0.44780729008694287
2019-11-12,0.43357930157147884,0.4745681844744217,0.49629377078364667
2019-11-13,0.42238878560781595,0.42811374173518213,0.438538046556273
2019-11-14,0.38693275340651745,0.4016782644085568,0.43724917447661615
2019-11-15,0.4588024606736222,0.5416404131457055,0.5794592755923463
2019-11-18,0.41025314532995316,0.481958086203834,0.5164059244037806
2019-11-19,0.3694986540356872,0.4345759651175792,0.46467619429868046
2019-11-20,0.34207370444498547,0.39658194724548673,0.4172861339391644
2019-11-21,0.42957681549869237,0.5474638979867541,0.5660476804206515
2019-11-22,0.40442328607870137,0.51689929460206,0.5813954012576629
2019-11-25,0.5703159546059472,0.46606107434856514,0.5007937554235032
2019-11-26,0.6220953159863619,0.424138648152766,0.43696997589775466
2019-11-27,0.540838237859605,0.3891139825381804,0.3967679339441081
2019-11-28,0.4906359380326552,0.36016284301978957,0.3569664667421502
2019-11-29,0.4423658727736659,0.3454261750304371,0.360414019448536
2019-12-02,0.5364843990997368,0.5535858357808755,0.534815475525554
2019-12-03,0.580645656103501,0.6700922891239893,0.6810732125766372
2019-12-04,0.9859831181646111,1.4011236462368677,1.1797131357181896
2019-12-05,0.8504405429695772,1.1737856904407287,1.0081424669007755
2019-12-06,0.8035719444811403,1.12589382913069,1.0938169884749576
2019-12-09,0.9708606183804765,0.9653723525755349,0.9237564463900789
2019-12-10,0.8190644833332543,0.8291588871571186,0.8319408851140934
2019-12-11,0.7146833519282131,0.7403142597962634,0.8091237777281786
2019-12-12,0.6137439205329215,0.6445501346233155,0.7136832050089436
2019-12-13,0.618592772267559,0.5687088953371843,0.6209604763619094
2019-12-16,0.70514403283858,0.5093942428269578,0.5367415763799683
2019-12-17,1.329215512765418,0.4674635413269448,0.4503149422176721
2019-12-18,1.0972108823319033,0.42428499685923743,0.4057492698188956
2019-12-19,0.9227833207793987,0.38843599930095046,0.36580442357976223
2019-12-20,0.8038961085504086,0.35947145501589695,0.3279875666249743
2019-12-23,0.6877528116025676,0.3363119463819784,0.30070241290886934
2019-12-24,0.6280051353797924,0.31706280583561347,0.2701027837077665
2019-12-27,0.5417808365417882,0.3000067936571023,0.24786395158054683
2019-12-30,0.4784717759581689,0.28908082990688005,0.23194511168237186
2019-12-31,0.5205554828912072,0.4280645329851734,0.35420206023131784
2020-01-02,0.516692780055593,0.48458429165839373,0.44070530424293314
2020-01-03,0.548493961377222,0.43994154785121187,0.38772412375421367
2020-01-06,0.48859944793762494,0.40194727947816294,0.3507304730330198
2020-01-07,0.49615691873264156,0.47194278751273383,0.44570808752942725
2020-01-08,0.43893833729192266,0.42829665540863654,0.4114186092967132
2020-01-09,0.3971229819549213,0.39065661711531174,0.37471123472413115
2020-01-10,0.37287818802382083,0.3632866312658283,0.34074758671937394
2020-01-13,0.3460987046165712,0.3446202149009591,0.3375151850222239
2020-01-14,0.3377725188271992,0.3236083902354157,0.3054964794786422
2020-01-15,0.3121342679229623,0.305674114863291,0.2818076240809067
2020-01-16,0.3006094871671593,0.291598946695129,0.25843755084412956
2020-01-17,0.316083354723431,0.3286701219359111,0.31124968620410753
2020-01-20,0.3928535149720716,0.31253337677190934,0.2771203573060044
2020-01-21,0.3740197811898675,0.321735323715237,0.3065976072993771
2020-01-22,0.3896427495140917,0.37801936421052773,0.3797149769343242
2020-01-23,0.39819676167043705,0.418494521074643,0.44686003367769395
2020-01-24,0.4776911263762189,0.5696541834787149,0.5981238726054648
2020-01-27,0.5737410958975793,0.5094648273152126,0.5235781267787584
2020-01-28,1.3601627744214193,1.8613967669651166,1.2924484848779227
2020-01-29,1.2349420115417828,1.5361045877494834,1.0920890366728802
2020-01-30,1.0220569904890466,1.291606988125643,0.9414885827420386
2020-01-31,1.1569334511495954,1.578158847660204,1.2816721627683594
2020-02-03,1.2408869504420161,1.773508007867236,1.5924314172265037
2020-02-04,1.066680886876531,1.484181293321992,1.3404733872883774
2020-02-05,1.2397762846996119,1.254641165262872,1.11790620928145
2020-02-06,1.0667044554181058,1.0622011670332583,0.9555862854458864
2020-02-07,0.8954616313674598,0.9041001154490552,0.8296581316121845
2020-02-10,0.7980529685712742,0.8466394848513401,0.8721853924925109
2020-02-11,0.6867677488848425,0.7483543017911967,0.8401823788651309
2020-02-12,0.6580355241329281,0.653219511239258,0.7277070268896723
2020-02-13,0.5934014216500457,0.5739442303188275,0.6387321588692197
2020-02-14,0.7159217741226073,0.8258329352945039,0.8673538918234482
2020-02-17,0.6692813897714861,0.8024200968573033,0.924119324781512
2020-02-18,0.5898585550699186,0.6982262456334407,0.8085571527629339
2020-02-19,0.5937564416738834,0.7354529608269863,0.9028793183181977
2020-02-20,0.6612057330539932,0.646210046834111,0.7752108187391966
2020-02-21,0.5858703975491547,0.5917163861826902,0.7582630173429372
2020-02-24,0.5449068570311388,0.5764606674944502,0.7849100831451756
2020-02-25,2.169773327440814,3.302968167505188,2.1286030868421646
2020-02-26,2.393182109886374,3.7125268314651003,2.7285437468070755
2020-02-27,1.957284971151338,3.0637698815330405,2.277029155212842
2020-02-28,3.5881076008777444,5.7474733939528795,3.9699747717365503
2020-03-02,4.615452256182584,7.415800918994779,5.427872308428792
2020-03-03,3.8623485214690723,6.057213502887024,4.3247480744248294
2020-03-04,3.2238032788386435,4.98515537872299,3.4982557586632237
2020-03-05,2.886957192976005,4.099296001502291,2.833859637505122
2020-03-06,2.754283392303417,4.061651967401098,3.190313952678758
2020-03-09,4.471923677028589,6.8520124141788665,5.041784116507337
2020-03-10,14.61099444203293,22.87720093923659,12.763935433955487
2020-03-11,11.340115776182243,18.410684062966613,9.962853190390456
2020-03-12,9.265154059379908,15.447892163676213,9.04729746012493
2020-03-13,30.71523989108943,48.81126571323794,24.50313815951452
2020-03-16,24.845567582560836,39.25490991240599,18.321014730653392
2020-03-17,22.398618551303766,36.27771385318779,19.175011499868653
2020-03-18,18.809671866383848,29.420385372137485,14.475865773970698
2020-03-19,17.747194222081117,28.43741539069026,15.977091991199964
2020-03-20,14.192210276677814,23.137904428333364,12.325159669971653
2020-03-23,11.10533396802146,18.735837280090074,9.515871185232069
2020-03-24,11.38087540630188,19.1557653153055,11.350033222127394
2020-03-25,22.022099491042553,16.072206228994627,9.006797172275617
2020-03-26,20.625003802288777,13.26059535699769,7.221268064091298
2020-03-27,17.05934070041778,10.71687534733917,5.734435957473799
2020-03-30,18.627037127595177,16.681748468071955,10.034523479035268
2020-03-31,14.809689138441477,13.657573061544749,8.078585578448692
2020-04-01,12.28545711509202,11.204236836160185,6.523901947003063
2020-04-02,12.436853354816769,13.277357588608103,8.816558180825556
2020-04-03,9.792838348276671,10.870571311227131,7.163811937851917
2020-04-06,7.904753510063439,9.24864953135133,6.712877527538415
2020-04-07,7.8796744169408655,7.664826136822456,5.482316346776896
2020-04-08,7.00705505749979,6.313307078840323,4.509587785287639
2020-04-09,5.478940883157364,5.111977230704869,3.96722270241985
2020-04-14,5.828868688986147,4.386327362847402,3.3779022785422903
2020-04-15,4.720516406086334,3.7400003231862717,3.251075338649876
2020-04-16,5.912782626140847,6.279855356380141,5.072218388759971
2020-04-17,4.729378281845406,5.187150137129679,4.209843640624501
2020-04-20,5.102445113034612,4.358708281118295,3.5111220059055994
2020-04-21,4.070872885249474,3.576142036924455,2.9181917269618394
2020-04-22,4.877217174482972,5.337230290678261,4.353837750161269
2020-04-23,4.768890363251064,4.477343690105139,3.6576777080786926
2020-04-24,3.958767272454707,3.7230800210917017,3.066747529974832
2020-04-27,3.456923512906461,3.515498537383504,3.250048871093455
2020-04-28,3.2162632369733513,2.954568784246723,2.749959216500139
2020-04-29,3.1658815510720846,2.4882932503687543,2.3210595949074846
2020-04-30,3.6769555654137225,2.177599958689975,2.0255047456408883
2020-05-01,5.176958527336572,4.973189007705183,3.786152754008535
2020-05-04,5.141369636048934,5.533185952927611,4.619443772450284
2020-05-05,4.15247650174286,4.72372376309999,4.056995452612277
2020-05-06,3.780932200218169,3.997173453871655,3.447717433451036
2020-05-07,3.03777581820362,3.3806239825410422,2.9767685972954796
2020-05-11,2.77366227723269,2.873702041806379,2.544868568791029
2020-05-12,2.2344362167808764,2.430776824083065,2.199640344054716
2020-05-13,1.9433047585211574,2.0661692982509523,1.8887808136298478
2020-05-14,2.0071497990578973,2.327396557750326,2.278704832479927
2020-05-15,2.9889453935030983,3.83157126699133,3.381945938210135
2020-05-18,2.58766564609712,3.25460423688413,2.8932124605999365
2020-05-19,4.994495409163682,2.8168710613711023,2.4549851628062096
2020-05-20,4.158487645233573,2.5467540546056977,2.4674535166454845
2020-05-21,3.5603416438564772,2.175386903566238,2.12672025590731
2020-05-22,3.0339750349029497,2.03672528578693,2.1993330437806033
2020-05-26,2.5005779134028434,1.770602542451577,2.0623307739072008
2020-05-27,2.2810205404494748,1.524588121556327,1.7797899322123838
2020-05-28,2.1086873591827335,1.3195206361011802,1.5388096772030924
2020-05-29,1.9559842471728612,1.150050440980766,1.3408542819926983
2020-06-01,2.527244988179443,2.2733635815574402,2.1160253688573625
2020-06-02,2.4073731161606005,1.9599856355405785,1.828017391212083
2020-06-03,2.08776872581306,1.6919027819410262,1.5927922220060953
2020-06-04,2.7778271919759687,1.4850974532173928,1.3886104728618982
2020-06-05,2.3534673189821502,1.3855062439832257,1.4311556863371668
2020-06-08,2.7197493500177883,1.226671824557226,1.259424761125811
2020-06-09,2.2447725765271214,1.0755822841323612,1.163649458619336
2020-06-10,2.616044543421807,1.9863293160743831,1.8207618052754762
2020-06-11,2.1559448094413565,1.7254500916979956,1.6461215149326085
2020-06-12,4.482535306693259,5.210600859541146,3.487423431044005
2020-06-15,3.698684701100821,4.448262115069331,3.033128633172627
2020-06-16,3.128478124661129,3.922698569748486,2.955069699302097
2020-06-17,3.8829357250642698,3.4070266417130615,2.5549418679781577
2020-06-18,3.190441473837301,2.9351993018963696,2.236118994253349
2020-06-19,2.664343088689061,2.5850321073335394,2.1437214009775207
2020-06-22,2.37173598247089,2.2390799332660336,1.8743657932924533
2020-06-23,2.067020720508784,2.0855384068177996,1.942833959802675
2020-06-24,1.932618999237567,1.821435978834793,1.7059057687418029
2020-06-25,3.2253943741714606,3.772754435124129,2.9248239687752586
2020-06-26,2.687274026201588,3.260185449126482,2.563505495996493
2020-06-29,2.23246892745207,2.825695512167739,2.2609026473378857
2020-06-30,2.0218249936778645,2.457184988877344,1.9808310723330058
2020-07-01,1.8268784882541313,2.3251657902613116,2.096260506019636
2020-07-02,1.5261392433767456,2.0328034442553524,1.9291427997421071
2020-07-03,1.5475341390926765,1.781204437237736,1.6904719844716938
2020-07-06,1.5997919833618726,1.953274403380061,1.9875603908061008
2020-07-07,1.9893160796335398,1.722972677818653,1.7346448836834734
2020-07-08,2.045918413689198,2.0191310114305923,2.1098601356127475
2020-07-09,1.7616575655835671,1.8306479413909622,2.0673056829444536
2020-07-10,1.965785818893898,2.2529931369925795,2.5315236347404806
2020-07-13,1.7240233912829988,1.969597624490004,2.2226872210437
2020-07-14,1.6971867261435643,1.7270183399589958,1.9459183988643416
2020-07-15,1.4185850554662451,1.5118341497907883,1.7252792430617154
2020-07-16,1.6878820056400148,1.3434209142962705,1.5200053215930787
2020-07-17,1.4914066907580474,1.2798244801996002,1.566828509792545
2020-07-20,1.3096455441332573,1.1292322058678539,1.3891645758995177
2020-07-21,1.1434793805504777,1.043877137428994,1.378915236203268
2020-07-22,0.9683304253308521,0.9222542397286065,1.2291935505762959
2020-07-23,0.9988018796631492,1.0462776716300917,1.40501167102892
2020-07-24,0.8517422204514006,0.927982286498517,1.2533235049180416
2020-07-27,1.0606510599474093,1.2583507217414387,1.5758633621613511
2020-07-28,0.9253021161377605,1.1344016085696098,1.5020953916868693
2020-07-29,0.815879641631981,1.0073992797755975,1.3341080523983655
2020-07-30,0.7051841771779732,0.8983502039786285,1.1887137509606245
2020-07-31,1.4121165708569232,1.898302041786748,1.871564009887421
2020-08-03,1.5560125850429403,2.154342079941208,2.229227157448754
2020-08-04,2.027478834197015,1.9066105714767474,1.9344758376030189
2020-08-05,1.7143444554447276,1.676657317111097,1.7295018156994475
2020-08-06,1.6290949741988874,1.484656995858561,1.5292347008891427
2020-08-07,1.6270427638085025,1.640996010109109,1.77963933513969
2020-08-10,1.389679328873406,1.4477685897529364,1.583376899847133
2020-08-11,1.2005943485161408,1.2812218343979844,1.400974954784417
2020-08-12,1.4043890424500234,1.1415090984358747,1.2300798810347213
2020-08-13,1.7397928939364595,1.0272848365996112,1.0899177774978432
2020-08-14,1.816267971671496,1.3663362424701098,1.4219725171847517
2020-08-17,1.8966110233239801,1.6874512360273055,1.7825678491827084
2020-08-18,1.6658086960488594,1.5024851707112798,1.605877931593769
2020-08-19,1.5303230045291236,1.475963131695752,1.7022715235003372
2020-08-20,1.3522364607494632,1.3175680992938184,1.5287249718797125
2020-08-21,1.5424589343633948,1.6770739210501744,1.90176861456193
2020-08-24,1.328481102276002,1.5005001108645883,1.7743716846775135
2020-08-25,1.5224813175193903,1.3528137970628074,1.5810570949237361
2020-08-26,1.4837322392176568,1.4436979106941314,1.7649457217527913
2020-08-27,1.275706929714045,1.2898023182810678,1.5977507649782368
2020-08-28,1.1834994433587152,1.2696250116672494,1.6837361183474042
2020-09-01,1.0745908412199183,1.2063377279796454,1.7045148110745874
2020-09-02,1.3492409695616796,1.6406391733532664,2.1115888497424193
2020-09-03,1.3917878986178176,1.4640886271513454,1.865106003875573
2020-09-04,1.5293165048125932,1.754156353582413,2.2070614099140484
2020-09-07,1.425516297498506,1.710265545366424,2.2963337655356164
2020-09-08,1.961830405977855,1.529721453456972,1.9947164803731223
2020-09-09,1.6729659395726713,1.3625395897087285,1.8395841084605415
2020-09-10,1.6794908214960658,1.2170152660147504,1.6211428517666322
2020-09-11,1.439696485188709,1.0896996940258485,1.5120417150971646
2020-09-14,1.2612189508849119,0.9764370802620452,1.36595597456903
2020-09-15,1.07888975832852,0.8706724577275676,1.2470378873604908
2020-09-16,1.1594158524932325,0.8107763009908804,1.1462683875885138
2020-09-17,1.0326418488799596,0.766958310806281,1.149340694075384
2020-09-18,0.9265446119412407,0.7389775015844446,1.1686386182696606
2020-09-21,0.890147736418301,0.7682972633979691,1.2482651099067525
2020-09-22,2.3090446183427358,2.8285245761608144,2.344742739675918
2020-09-23,2.012267630409163,2.5024538218131482,2.1102875319919088
2020-09-24,1.906018190182911,2.2394595550129606,1.8795824194912225
2020-09-25,1.8813141920924688,2.3160597094560593,2.13002074964324
2020-09-28,1.6474099628097807,2.0713252604509305,1.9324488403866604
2020-09-29,1.6874457072540856,1.8547725247337374,1.7017930043032512
2020-09-30,1.5043139795087836,1.710824222807839,1.7022441247834559
2020-10-01,1.3500627588744845,1.5870540047111508,1.7067568352199762
2020-10-02,1.1824388481490034,1.4264830929757417,1.5515458901019874
2020-10-05,1.047943703449393,1.2840514617607588,1.4042257879234752
2020-10-06,0.9715800565081539,1.1582081292995683,1.2624830025774723
2020-10-07,0.8481571620152006,1.0430840780415365,1.1470759544581015
2020-10-08,0.7412074802954953,0.9398299779221019,1.0509997731248666
2020-10-09,0.6819951378168649,0.8511952177118011,0.9486910415916838
2020-10-12,0.6522024232256647,0.7736874589463107,0.8557621246871345
2020-10-13,0.5854181884276792,0.7121791335429394,0.8298334770652944
2020-10-14,0.5624812055892081,0.7004399449883356,0.86901605544418
2020-10-15,0.55099235309505,0.7011571554491541,0.9192835065817382
2020-10-16,0.901029831928958,1.192862880461271,1.3087204841955014
2020-10-19,1.0582823629317886,1.079878342438546,1.1629700725423437
2020-10-20,0.9756423935591582,1.0399539346827669,1.2073058001484538
2020-10-21,0.8581786936076471,0.9415399983268753,1.100339610641178
2020-10-22,1.2423773268227538,1.5191243877148721,1.5503885107053554
2020-10-23,1.0862057423252414,1.3635509991389019,1.4101749524607639
2020-10-26,1.1469481681078189,1.2309203121142303,1.254993473347103
2020-10-27,1.1841334501779737,1.353610007354406,1.4596621311055413
2020-10-28,1.193122476661536,1.4305008936611732,1.637757295809518
2020-10-29,1.9130248648660677,2.481215978268281,2.366334670490892
2020-10-30,1.6500724309982775,2.2023314301014283,2.1597602765214017
2020-11-02,1.4333136973621536,1.9635662492707848,1.9870003426405258
2020-11-03,1.4792913861632724,1.7661322793102743,1.765851277544624
2020-11-04,1.945095579584372,1.5946351558242895,1.5373031216879471
2020-11-05,2.025913826551618,1.4350859720608289,1.352194304474665
2020-11-06,1.7648341116060224,1.2946809504946217,1.232164221319633
2020-11-09,1.5279289345661358,1.165640328327049,1.1274164435454113
2020-11-10,3.996376450884855,1.08087094672169,0.928533910050148
2020-11-11,3.8736715550513496,1.0779575787964781,0.838522030034315
2020-11-12,3.5267113688817124,1.057447058427123,0.7650445684702185
2020-11-13,3.0847480926528505,1.0196738638557306,0.839141836524073
2020-11-16,2.667450053556404,0.9076818963329826,0.832871447842631
2020-11-17,2.633089307808663,0.9177657365371775,0.7637441084773229
2020-11-18,2.3780572771494652,0.9777511093550517,0.8899691213623766
2020-11-19,2.0674259870528644,0.8629879860333012,0.8011158202928496
2020-11-20,1.8796555051353716,0.900334396075169,0.9046825994120897
2020-11-23,1.631162194800735,0.8045737108242715,0.820595112862296
2020-11-24,1.4182321465815426,0.7379817119721237,0.8074135783727006
2020-11-25,1.5265084239063327,0.7126920421521354,0.7299660411504141
2020-11-26,1.3769878043348374,0.7233599374835189,0.7976226926218885
2020-11-27,1.2208655425984505,0.6936885672073307,0.8200845205234494
2020-11-30,1.051079746067842,0.6271727034564301,0.750922805263259
2020-12-01,1.2763317958087994,1.0422544876402478,1.0571629001748115
2020-12-02,1.541063128167278,0.9905494099072245,0.953415730563783
2020-12-03,1.5140693098730855,0.9160184005124328,0.8655758435682458
2020-12-04,1.3318121623787083,0.8243833879613652,0.7832187275319439
2020-12-07,1.2602074591632635,0.765533383737028,0.7216624595114193
2020-12-08,1.0977592276451682,0.6924801353088942,0.6595113688088936
2020-12-09,0.9557038191741136,0.6264839606312501,0.5984102171334424
2020-12-10,0.8315894566811347,0.5682112175647972,0.5445261476413267
2020-12-11,0.7583849938912913,0.5219881736943988,0.49410965304051324
2020-12-14,0.7624324495922964,0.6021697954979595,0.5982447232049889
2020-12-15,0.6743444420728613,0.5602274042793125,0.5903577794589269
2020-12-16,0.6036455324302303,0.5288575327427998,0.5924543907683636
2020-12-17,0.6306713372589261,0.49503282675670796,0.5367579999885603
2020-12-18,0.5710030423365908,0.4740529641318579,0.5456105642643013
2020-12-21,0.5241583044082998,0.459883774514423,0.5604610914012677
2020-12-22,0.8849151077127282,0.9709133227904433,0.8805366751851049
2020-12-23,0.8124835354593725,0.8774039688210882,0.7996242829545833
2020-12-24,0.7659145836423193,0.8044657381802062,0.7280751022519822
2020-12-29,0.6752262516818311,0.7281306748553652,0.668074493677545
2020-12-30,0.8829345542014937,0.6868153534831595,0.5980762960749457
2020-12-31,0.8488871175279217,0.7232108798684058,0.6856952250307718
2021-01-04,1.0330222687490391,1.0496851357091026,0.9523952038567267
2021-01-05,1.263683116865281,0.983886816915646,0.8626780151157694
2021-01-06,1.1342575787468143,0.8852945433816616,0.7784727785084613
2021-01-07,2.5066124816072843,0.9790443414161283,0.7341357010338294
2021-01-08,2.121103877659736,0.8512145588663925,0.6553834978033929
2021-01-11,1.8151143655251636,0.7514461559156761,0.5885837132892114
2021-01-12,1.7284270482905575,0.9265206875229552,0.7800943362469875
2021-01-13,1.549418089117327,0.9128034128907504,0.8474351309983797
2021-01-14,1.3457646852333638,0.8371422975038099,0.8005827836257472
2021-01-15,1.245909880129033,0.7598475935723178,0.7226976920611172
2021-01-18,1.2160684869622072,0.8729875871289348,0.8715988984009038
2021-01-19,1.0596221326585842,0.7919802413681447,0.8384824801255051
2021-01-20,0.9193423546545025,0.7152800823686856,0.7870099246196393
2021-01-21,0.8154339544163174,0.6482575140025474,0.7148695691782414
2021-01-22,0.729870186123144,0.61688865698639,0.7267322285904777
2021-01-25,0.6518540258722739,0.5806214854913307,0.7248725461482577
2021-01-26,0.6797733549096634,0.6681332929724209,0.8402860517202835
2021-01-27,0.6003598939667008,0.6087636235212207,0.7649566499490291
2021-01-28,0.780496358467519,0.8842063054232636,0.9960271990872969
2021-01-29,0.7413575652319584,0.8728475842604589,1.055457980703544
2021-02-01,1.1103309913092327,1.442204151943783,1.4717027697175948
2021-02-02,1.065184997736668,1.2880528056983462,1.314748072369274
2021-02-03,0.9953650650884425,1.1500178293194734,1.1857260330866515
2021-02-04,0.867762390333585,1.0285794197956717,1.1136764884670747
2021-02-05,0.7624585024027275,0.9146565150672089,1.0275430602597713
2021-02-08,0.6840533185934062,0.8369162231214227,0.9924310493366062
2021-02-09,0.6389678400258336,0.7612372800335697,0.9069162166569791
2021-02-10,0.5637451873487134,0.6861130803316614,0.8295067010958288
2021-02-11,0.5035863874904913,0.6251158682244268,0.7869224378223999
2021-02-12,0.4487633599851088,0.5661346326354004,0.7207235306552393
2021-02-15,0.5131364044171619,0.5293575248376668,0.6540590792441596
2021-02-16,1.2281143692470622,0.5620828602251818,0.5866976044441587
2021-02-17,1.062511711686407,0.5171293486308013,0.5638912771485278
2021-02-18,0.973012864213122,0.5442394563308003,0.6218343873556811
2021-02-19,1.1175449263290613,0.8587181152029717,0.8564726585010757
2021-02-22,0.9807880150027924,0.7780938034451776,0.7887987282013168
2021-02-23,0.8673559240034208,0.7139983559249895,0.7618359155004666
2021-02-24,0.7714927439355858,0.6535575995449577,0.7020159689728813
2021-02-25,0.7096346171005178,0.6012641931814042,0.6418192809440099
2021-02-26,0.6322870178768644,0.5552446175443345,0.6121753725404985
2021-03-01,1.374290069701738,1.6418415900781917,1.1627909218406192
2021-03-02,1.5148179866429528,1.5160477183366465,1.043958972100132
2021-03-03,1.3292331349763467,1.3537026746200715,0.9562649732459751
2021-03-04,1.2601490002081805,1.2285487299013857,0.8657920287747144
2021-03-05,1.1256823172251669,1.1412151770045589,0.8840298948667258
2021-03-08,1.0070758079111584,1.0504648497951148,0.880187875851926
2021-03-09,1.0901192300970084,0.9685750721453349,0.7921275977399814
2021-03-10,0.960604978389075,0.8788158520293285,0.729498071220883
2021-03-11,0.8500358512427078,0.8010610883032181,0.6877658995527911
2021-03-12,0.7551951050309832,0.7309771142745246,0.6341109697068478
2021-03-15,0.68284717371828,0.669027412647383,0.5824593000243553
2021-03-16,0.6109486480098378,0.6177081919779808,0.5695846631784981
2021-03-17,0.6166091904929736,0.5738116106100836,0.5178084990204908
2021-03-18,0.5998328882859497,0.5924904154218213,0.5778560845883353
2021-03-19,0.5432189970646206,0.5457157305740065,0.5338427525349447
2021-03-22,0.6367542771513013,0.6988678358613535,0.6796931697970695
2021-03-23,0.5763341070881769,0.6418085103291988,0.6273995447065461
2021-03-24,0.5409530093406827,0.6184786997262536,0.6507529329735047
2021-03-25,0.48953727852462037,0.5680206161577054,0.5997301717335709
2021-03-26,0.48774546562664134,0.580694276716147,0.6538483663705944
2021-03-29,0.5542999959423882,0.5473218350065371,0.5937344299049574
2021-03-30,0.5018254732457796,0.5071419371775905,0.5637634297030386
2021-03-31,0.48349009756581174,0.47190998606570683,0.5162511814297834
2021-04-01,0.540864596579118,0.572530777908913,0.626673434382599
2021-04-06,0.4991505182119514,0.5281968120281658,0.5756436101402831
2021-04-07,0.6402262974148745,0.5054001874493327,0.5188504063826038
2021-04-08,0.6705690045626211,0.4789775080960585,0.4734311795094863
2021-04-09,0.6729879749258024,0.4529116525119526,0.4318875397508377
2021-04-12,0.6193242100311088,0.4486271319028331,0.4568325152328627
2021-04-13,0.575082639502555,0.4454268134238612,0.48194894696608065
2021-04-14,0.5162777604841149,0.41555967625968226,0.4489848351715702
2021-04-15,0.5215480969694287,0.39458230105417236,0.41045407211707874
2021-04-16,0.5134501901473392,0.37507250457642166,0.376352218970128
2021-04-19,0.4917207362039071,0.3562541067294435,0.3462947975704102
2021-04-20,0.4576629139241646,0.3511740884742553,0.3592342996517026
2021-04-21,0.95195775866656,1.0266868946680965,0.6958279851949274
2021-04-22,0.8606468030121768,0.9271007398621153,0.634691820174031
2021-04-23,0.8005591984155117,0.8453392918468168,0.579240471551597
2021-04-26,0.70836844331576,0.7710696072515674,0.5433553274974173
2021-04-27,0.6431003864692157,0.7072436505356565,0.5029186685499867
2021-04-28,0.5879747419557002,0.6658453627522292,0.5130822507616726
2021-04-29,0.5343328972458697,0.6117602777730988,0.47078875843488044
2021-04-30,0.4831237699418266,0.564737164329233,0.4435803527282408
2021-05-04,0.4389421556609445,0.5228792116599373,0.41205324216278355
2021-05-05,0.46400959245662066,0.5615025959682921,0.47998440859898067
2021-05-06,0.7346120017649047,0.5475873860834286,0.4245585720189596
2021-05-07,0.6823011872220951,0.5117539017491293,0.39201539861537044
2021-05-10,0.6693792389086355,0.4818375998961576,0.35669629046589896
2021-05-11,0.6012735283810225,0.4515381958317383,0.3438190087660075
2021-05-12,1.298639161309601,1.3745320326636474,0.7792984695261165
2021-05-13,1.207030261962985,1.2479149728496783,0.7111689000687653
2021-05-14,1.1108222455284937,1.2061890059231706,0.7791066596522747
2021-05-17,1.1330557402062382,1.1177255851050152,0.714331175105757
2021-05-18,0.993717702071744,1.014637974054524,0.6809790623869991
2021-05-19,0.8806332138847329,0.9270631106524863,0.6268271900254505
2021-05-20,0.9594342970966536,1.065439753600081,0.8032159918347255
2021-05-21,0.9521011247906702,0.9818142121526282,0.7313728929158474
2021-05-24,0.8462592941963853,0.8999752363242733,0.6813678909685803
2021-05-25,0.7788579078364003,0.8317963911693295,0.6257403134582395
2021-05-26,0.7143800189791851,0.7848043627916088,0.6327192352411058
2021-05-27,0.6456736664033155,0.7274750241812363,0.5986091870273448
2021-05-28,0.58620310129268,0.6766913612939067,0.5769535614359609
2021-06-01,0.5313032227741257,0.628259498163719,0.5391052129438487
2021-06-02,0.5492957085019847,0.588604686219969,0.4926799262027819
2021-06-03,0.5102305204859563,0.5459157285531561,0.4556242908271272
2021-06-04,0.5123877800252882,0.5657101882067275,0.5153776358131771
2021-06-07,0.46860047577565395,0.5307456623108255,0.480090678515824
2021-06-08,0.42820135937709636,0.49384817910905676,0.4479913168784698
2021-06-09,0.3994296944318068,0.4685602010383163,0.41834060547854973
2021-06-10,0.3723632382246082,0.4386820454018272,0.4184642110315423
2021-06-11,0.3406135758186399,0.4016460329468172,0.3887219153894801
2021-06-14,0.36058481120867436,0.3801881543108226,0.3556002781243847
2021-06-15,0.339553916496191,0.3600496950792622,0.3318617658683418
2021-06-16,0.32608761973805944,0.335714968784887,0.3041509264976753
2021-06-17,0.3042993781729135,0.3117191143431057,0.2786283831799532
2021-06-18,0.3156709905448091,0.33110527569708925,0.31194374559748744
2021-06-21,0.7328213009590085,0.8690691411309795,0.6031640288106797
2021-06-22,0.6760062905807809,0.7685346721060244,0.5429617021357072
2021-06-23,0.6093882760589375,0.7129625808377794,0.5033682190869117
2021-06-24,0.5521594137843908,0.6628275052941865,0.5039836052624518
2021-06-25,0.5306585946740595,0.6258399628292941,0.4687519192783634
2021-06-28,0.5065850165669507,0.5935552240447823,0.4368227299734626
2021-06-29,0.538696202167819,0.651652686054455,0.533943232575808
2021-06-30,0.5074163243143179,0.6148582847421319,0.4968858390145302
2021-07-01,0.5181797099947256,0.6398160750964077,0.5708296789876393
2021-07-02,0.5894695972898293,0.615973792096843,0.5273892518168054
2021-07-05,0.5544107761676589,0.5837742505832839,0.4988563675885558
2021-07-06,0.5449711818086546,0.5539878922592903,0.4666432797400479
2021-07-07,0.5744203226719004,0.6161788457214223,0.5653179880810425
2021-07-08,0.5697472412264102,0.5853528332238374,0.521433719287237
2021-07-09,0.75564033229835,0.8734490506073173,0.7794384391934609
2021-07-12,0.8220538317888844,0.833308133259515,0.7139831085621728
2021-07-13,0.7589978076341855,0.7792190756284122,0.6559163702388365
2021-07-14,0.703638186285012,0.7306363695922192,0.6103375613403624
2021-07-15,0.6747612225109767,0.7142879270315124,0.6400355188537862
2021-07-16,0.7282326530338176,0.813138672333596,0.7885761201833913
2021-07-19,0.6785664559029643,0.7642212810294022,0.742704278289313
2021-07-20,1.0557946990664706,1.327676035264494,1.1861961329134851
2021-07-21,0.9898299988775592,1.2314558984475297,1.082389170812981
2021-07-22,1.1286391343915523,1.1781448129193164,0.9835277943735029
2021-07-23,1.0547765403127534,1.1203358706133468,0.9962119153299388
2021-07-26,1.0238505611410407,1.0513368196290844,0.9095294402105284
2021-07-27,0.9461636880271803,0.9848448176650432,0.8553502182831328
2021-07-28,0.8936353503558412,0.9466567643465209,0.8756553663232931
2021-07-29,0.834042026735279,0.889991577745753,0.8098910923592886
2021-07-30,0.8285781878746423,0.843504467954468,0.7481568014472856
2021-08-02,0.8060500077049261,0.8431863941420604,0.8089097624442928
2021-08-03,0.7806506421937488,0.7967438244137733,0.7424160653947341
2021-08-04,0.7333864523424033,0.7534392031862199,0.6886188390542537
2021-08-05,0.6863440299178868,0.7126153385297483,0.6401235162812965
2021-08-06,0.6411884115125633,0.6759740825176351,0.6114698484242016
2021-08-09,0.5982471526675718,0.6408476977215837,0.574409424264735
2021-08-10,0.5593495682579064,0.6085163186058438,0.5390367254391346
2021-08-11,0.5325033212224852,0.5766002211800171,0.5020061976973295
2021-08-12,0.5468462854428796,0.5531273503475441,0.4605830932925173
2021-08-13,0.5251826724822137,0.5432484616140404,0.4819681367371762
2021-08-16,0.4990433845880964,0.5184092013585136,0.44858425165416355
2021-08-17,0.536083864941843,0.5798670784121559,0.5424367713494133
2021-08-18,0.5115240894234135,0.5535002925438489,0.5049761733590985
2021-08-19,0.4832527413959848,0.5308594064982051,0.4992395645665803
2021-08-20,0.6355873474741007,0.7390397527072263,0.7018103243116038
2021-08-23,0.6042891452953031,0.7017998877628813,0.6517043338345808
2021-08-24,0.5708349419981981,0.6672569522863485,0.607425086223258
2021-08-25,0.5387816841138121,0.6353969732894063,0.5679339772791835
2021-08-26,0.5123127837396886,0.6054554346180879,0.5291807904443931
2021-08-27,0.4911799127346363,0.5898708820832652,0.5480749123445559
2021-08-31,0.46690211871382264,0.5618928590751449,0.5106172616332818
2021-09-01,0.454026656745887,0.5521653280532582,0.5346603194149152
2021-09-02,0.43740630241725903,0.5268142190445242,0.4966460785734753
2021-09-03,0.41242853756227604,0.5015229798920108,0.4639559865931617
2021-09-06,0.4015462086778934,0.4908591745362892,0.4837276415514813
2021-09-07,0.41079926952838847,0.46913127105664626,0.44637908376629215
2021-09-08,0.4125705837444032,0.47760130041295873,0.48585680515596513
2021-09-09,0.43631988235542296,0.5141366226015736,0.5579340788271279
2021-09-10,0.49236786561225754,0.5910282421356211,0.6739080019368462
2021-09-13,0.46255768190593277,0.5626183319607085,0.6309295778439674
2021-09-14,0.4564889496037302,0.5391389591354226,0.5875121819793506
2021-09-15,0.4491813430830925,0.5380971500067268,0.6216543431212196
2021-09-16,0.42830384097536917,0.5194476705548806,0.6203259375752468
2021-09-17,0.40572700289545427,0.49686926611609633,0.5826037615983536
2021-09-20,0.4491879880380657,0.556061827396103,0.6816413207668162
2021-09-21,0.48428218704767423,0.6001711995218713,0.7714438183060967
2021-09-22,0.5407009732134986,0.5764843466880794,0.7066741358954793
2021-09-23,0.6620640618725765,0.5561475780298251,0.6423819093616021
2021-09-24,0.6141152900263965,0.5318724473839607,0.6178379067297097
2021-09-27,0.5844200842916378,0.5226379321247081,0.6364234729861158
2021-09-28,0.5476590942614472,0.5000524522868075,0.5973909563613939
2021-09-29,0.5361942504210951,0.5044033838761902,0.6353258372866064
2021-09-30,0.5939380534155365,0.4846805729215102,0.5790671294885554
2021-10-01,0.5621648054742477,0.47422151712911614,0.5894554069978178
2021-10-04,0.5838214317144886,0.5238983712643693,0.6784733124464172
2021-10-05,0.5504147900420245,0.5068819437916616,0.6739387061076408
2021-10-06,0.575891945694618,0.486026837253215,0.6174532558893274
2021-10-07,0.6470677245274614,0.5952823005117212,0.7605595969274719
2021-10-08,0.7034506474787727,0.5713184169084633,0.6918387521026251
2021-10-11,0.6536466779775028,0.5443379752004655,0.6473982919681163
2021-10-12,0.6464555811187553,0.5219898327968749,0.5957663497404995
2021-10-13,0.6075027049848117,0.5052129854339604,0.5972961159844191
2021-10-14,0.5663329529114897,0.48269167546271974,0.5605028519523085
2021-10-15,0.5861901696346243,0.46294366521864355,0.5119210306229355
2021-10-18,0.554288698826373,0.44323350143458107,0.47646994688141986
2021-10-19,0.5341592445707392,0.4435106965252215,0.5039536468229249
2021-10-20,0.5016706138982422,0.4247779276759421,0.47167754883067486
2021-10-21,0.47148468700498336,0.4081979056138728,0.4452420853951369
2021-10-22,0.4608240669118307,0.41333662108749564,0.47677162279261875
2021-10-25,0.43322189432460084,0.3955267034439717,0.4440791400317066
2021-10-26,0.41013196773144805,0.3796798565102346,0.41521041397882064
2021-10-27,0.425534240513577,0.36673359635749514,0.38203486377603213
2021-10-28,0.4128621118447519,0.36710577430686875,0.4043646791571346
2021-10-29,0.38991290354271513,0.35442764661323517,0.3934232316250394
2021-11-01,0.37558747318608726,0.3506696121931509,0.40324325846468656
2021-11-02,0.3927880173949913,0.3430990863596657,0.37396615822242996
2021-11-03,0.3756624707436091,0.3345322608263263,0.3752974094217587
2021-11-04,0.37018667209832556,0.33732345264813207,0.3962544971258458
2021-11-05,0.36560235299081595,0.33055045841335073,0.37675592653468737
2021-11-08,0.3551491516392466,0.3238832628198892,0.35203493104365857
2021-11-09,0.33804282584882434,0.31291796995435145,0.3408818341714322
2021-11-10,0.33454759942348605,0.31666637353283134,0.3630422711850446
2021-11-11,0.3716106953310311,0.31177331344888864,0.335455334833349
2021-11-12,0.37564698421911363,0.3047091481516131,0.312656549343752
2021-11-15,0.377148246645349,0.31929937380803664,0.34795964106981037
2021-11-16,0.35836661998597746,0.308077306996831,0.32818267050748373
2021-11-17,0.35255186805406724,0.3109155796141952,0.3474448462059834
2021-11-18,0.35474900732413706,0.3237913505946993,0.3816052190440866
2021-11-19,0.3561996152345209,0.3352612458156432,0.4152584002364845
2021-11-22,0.3548340041794426,0.34298795963789114,0.444807293467664
2021-11-23,0.3499863830227092,0.33341782383160695,0.4158550838611363
2021-11-24,0.33453606654911516,0.32279861013125183,0.3925967591696306
2021-11-25,0.3216963692234777,0.3116539177675839,0.3676392858509662
2021-11-26,0.31286225036860843,0.3023710794351787,0.34438272707577944
2021-11-29,1.2546879819087469,1.482419164725019,0.9403495365879374
2021-11-30,1.236119422609435,1.4198560253680843,0.8666028359073402
2021-12-01,1.1885908470775453,1.3987666121389188,0.9378266214407963
2021-12-02,1.2193574945583794,1.2930502686808418,0.8673097667348058
2021-12-03,1.1532078103619454,1.2525136252984914,0.9018903685258927
2021-12-06,1.0691363652823058,1.1835456430530016,0.8615569410791911
2021-12-07,1.1456691575311468,1.1335399991823234,0.8073374214870147
2021-12-08,1.2080652259040345,1.0813003480727281,0.7704424760614849
2021-12-09,1.122047173540156,1.0257090279912424,0.7272929167259837
2021-12-10,1.0542365962647102,0.9797824077676847,0.7152855561278628
2021-12-13,0.9982834783034916,0.9486565145112102,0.7244591637759142
2021-12-14,0.984249555473964,0.9652764639551245,0.8070605165479254
2021-12-15,0.9252549097734972,0.923784101514576,0.7823622468429814
2021-12-16,0.8987396154030176,0.9199131922990561,0.8394616519947163
2021-12-17,0.9350120071870837,0.8818418010705107,0.7652929443840647
2021-12-20,0.8758739193872304,0.8411698801622514,0.7146464785168832
2021-12-21,0.8909207909239667,0.8887362787399069,0.8306519635443289
2021-12-22,0.94841503331797,0.8514175739870131,0.752665627900268
2021-12-23,0.9084905389245338,0.8135126159152998,0.6941161041318986
2021-12-24,0.8623231245340162,0.7784358233008176,0.644502176510653
2021-12-29,0.8082913700641029,0.7438685004201702,0.6128584873943789
2021-12-30,0.7817533987675133,0.7108785994428902,0.5653598064010235
2021-12-31,0.7379274003779025,0.6851423277790932,0.56814178676835
2022-01-04,0.6983328700394907,0.6618035982010622,0.573370327273877
2022-01-05,0.8204626199074627,0.6378607476972833,0.5140353368064531
2022-01-06,0.7701955909695264,0.6095534464628806,0.48369327036713944
2022-01-07,0.7765879493041002,0.6520020834476382,0.5816068202812149
2022-01-10,0.7427833551831833,0.6254520416340408,0.5428315602909717
2022-01-11,0.7168629163789197,0.6236827825054191,0.5868164262558688
2022-01-12,0.6981424746257887,0.600140798220944,0.5325244483715721
2022-01-13,0.6946974030581313,0.5765868843385996,0.4883534965803821
2022-01-14,0.65685145353099,0.5542612685099693,0.45994544422643385
2022-01-17,0.6241826492058082,0.5384884961714529,0.4700727609844518
2022-01-18,0.637547089868597,0.5200029726147375,0.4337922202533548
2022-01-19,0.6284163844324107,0.5347075660354045,0.4890754597181078
2022-01-20,0.597418336163639,0.5126492403598572,0.45343758164367287
2022-01-21,0.5619954966020843,0.49147071950494353,0.4372237995098787
2022-01-24,0.6321443419031152,0.6017991730805923,0.5785522089926799
2022-01-25,1.05571867866977,1.1934685967171976,1.0745561530452872
2022-01-26,1.0520853855997088,1.137209592589247,0.9852449306328416
2022-01-27,1.096103632201116,1.088285154699726,0.8955454055722551
2022-01-28,1.1036553480969116,1.037929747908706,0.8170612175973468
2022-01-31,1.132865767490177,1.1170817837474616,0.9956868076163556
2022-02-01,1.053606182874883,1.0565807501132356,0.9289086718571795
2022-02-02,1.0388782938944126,1.0046833915578048,0.8473370419296063
2022-02-03,0.9911491086060902,0.9535522406723854,0.7757877591525754
2022-02-04,0.9644359285425699,0.9557792851586099,0.8531944487411438
2022-02-07,0.9040262392361296,0.9114181902417041,0.8255036849388072
2022-02-08,0.8793586364704221,0.8673929515215617,0.7577361074309923
2022-02-09,0.8230075429292122,0.82619101434058,0.7234023590599274
2022-02-10,0.8332077151456805,0.7885079490866939,0.6627324655637422
2022-02-11,0.7877292045492338,0.7520930700707621,0.613868358658089
2022-02-14,0.7396750283735949,0.7197207118601895,0.5997397027017046
2022-02-15,0.8956259427890433,0.9492395879865253,0.8631390897390118
2022-02-16,0.9022964202707001,0.9041952794842945,0.7894144590581252
2022-02-17,0.8439379963591628,0.8604401280372646,0.7517553894149004
2022-02-18,0.8460542199903746,0.8917183153987962,0.8580543578620107
2022-02-21,0.8001179847528841,0.8588853144597159,0.8589067965095512
2022-02-22,0.759166644967378,0.8313988161281115,0.8726762552755123
2022-02-23,0.7085057013485211,0.7904178415492416,0.8137412910491115
2022-02-24,0.6592839979765437,0.7522321721998569,0.7614183285923302
2022-02-25,1.7332302570579345,2.1061737719881335,1.6977805281016107
2022-02-28,2.8080254625701273,2.090466562472678,1.5394611496186705
2022-03-01,2.536989362367166,1.9702688851822154,1.514485428771114
2022-03-02,2.5932445140149145,2.166261418996637,1.8871332847552853
2022-03-03,2.5025106095031924,2.040208599672098,1.7160882061891611
2022-03-04,2.8965736159076254,2.647408348670191,2.4380527162731402
2022-03-07,3.8149318421813727,3.9310158771539823,3.7330652484348392
2022-03-08,3.409937879516264,3.6185455858562467,3.5136511806478348
2022-03-09,3.0537670898849334,3.3279620698267522,3.165922399987507
2022-03-10,3.665984833293754,3.201408261207911,2.8816523579234814
2022-03-11,3.4541367895574675,3.16128997474802,3.100383457204627
2022-03-14,3.1551073775560745,2.930440636608258,2.7976783225136104
2022-03-15,2.8638012209044903,2.719039075630808,2.530857801700979
2022-03-16,2.595902174874275,2.534251791378841,2.3795901519676095
2022-03-17,2.5650874227213207,2.3779056199192845,2.1492022695806803
2022-03-18,2.4505414114841924,2.2230368808969674,1.9475012929568076
2022-03-21,2.214130424854215,2.068673112691932,1.773683984181297
2022-03-22,2.0188882947445186,1.9305735184687165,1.6143749810525223
2022-03-23,1.8364120878144357,1.8021105349957995,1.4756579156239786
2022-03-24,1.6496271163516854,1.6806367231057102,1.408273815305782
2022-03-25,1.4572708670793164,1.5516073971332143,1.2845529196368006
2022-03-28,1.285489094217774,1.4370866803675522,1.177770495675668
2022-03-29,1.1194420514636916,1.3229629555979048,1.1160853803411155
2022-03-30,1.0736732669105937,1.227366309401208,1.0121598304204578
2022-03-31,0.9643480929681975,1.1115530628856856,0.9148658711326465
2022-04-01,0.9533359923308198,1.1157259399047161,1.0246173020480704
2022-04-04,0.8419274839846035,1.0017939303878591,0.9277387224401512
2022-04-05,0.7339233897413754,0.8747553873713176,0.8330335747351634
2022-04-06,0.704837411720919,0.7911755280133588,0.7491268863491546
2022-04-07,0.6341416718794184,0.7062709726026815,0.7419284469529279
2022-04-08,0.5923884577936914,0.6609937152145309,0.7651698146192688
2022-04-11,0.849004761577783,0.8218194107840122,0.7467169638537208
2022-04-12,0.8206642828765534,0.8265740129401373,0.8198362731572137
2022-04-13,0.7723744176801741,0.8006408302266695,0.8630498235990205
2022-04-14,0.6899882873965324,0.7230463709721976,0.7898503966134219
2022-04-19,0.6489987301291119,0.6626308308083193,0.7059652456268778
2022-04-20,0.59311080649173,0.6112680443222399,0.6867582867090848
2022-04-21,0.549460006218073,0.5630843698342732,0.6291272088663704
2022-04-22,0.5023548595931142,0.5144594714469853,0.5707209034043977
2022-04-25,0.6930062596607472,0.7735902664341321,0.8108962716472826
2022-04-26,1.0120544225050385,1.1730260175655425,1.199184728840416
2022-04-27,0.9110525994894274,1.0863540546590718,1.091677690840931
2022-04-28,0.847113884344866,1.0107458790317694,1.0006957244544439
2022-04-29,0.8847041430394622,0.951149116109375,0.917660838073013
2022-05-03,0.8182904616066496,0.8869440691310976,0.8404611299174412
2022-05-04,0.7471452792751593,0.8287683262664846,0.7738876928139762
2022-05-05,0.7697378720539276,0.8781894674069226,0.8994148991906916
2022-05-06,0.70051644103246,0.8176688565302939,0.8249978967116193
2022-05-09,0.8897791610801189,1.0603813088682565,1.1133970173340828
2022-05-10,1.3789970290756968,1.6613362791958695,1.672588150084059
2022-05-11,1.2314720091527267,1.5233848814761877,1.5220068712662056
2022-05-12,1.3072774242158882,1.4281390351674865,1.374813866311554
2022-05-13,1.4463060501090166,1.6550223700265005,1.708418937606105
2022-05-16,1.97166237063143,1.5908012839197023,1.5359460563569671
2022-05-17,1.768482086798611,1.4589677158159062,1.3892708489187693
2022-05-18,1.6094687237493903,1.342616678146931,1.2569564613647224
2022-05-19,1.5592774096194804,1.394292702861738,1.4322691251296562
2022-05-20,1.7645687387373121,1.7482080172929082,1.8567717482406296
2022-05-23,1.701810941606413,1.6111080202957642,1.6748107124476297
2022-05-24,1.7937003946047576,1.502198150570351,1.5111413847688406
2022-05-25,1.5919309145578673,1.3909926210301542,1.4759725965130734
2022-05-26,1.4262632398768713,1.2738976961095219,1.3391154140362973
2022-05-27,1.2877197138305414,1.1690370108699117,1.2157706384126319
2022-05-30,1.143953970723889,1.0729010578645388,1.106746458841358
2022-05-31,1.0123584368180092,0.9832833214679743,1.0098557538108504
2022-06-01,0.8967211074606818,0.9006343989352859,0.9232687004789394
2022-06-06,0.9265506675619414,0.9766636490594822,1.0721745254250161
2022-06-07,0.9301180052603272,0.9103589885688319,0.9751218108770088
2022-06-08,0.8293425890068472,0.8381267343420223,0.921161405368417
2022-06-09,0.7386295559104549,0.7685333475298453,0.8618055695357352
2022-06-10,0.9614936047679389,1.0654049059607167,1.160565907139095
2022-06-13,1.3879629990155442,1.6202438005881878,1.6685734103061667
2022-06-14,1.5066181777983427,1.8260405641508302,1.9977366439793607
2022-06-15,1.3358522360947243,1.6646270021919167,1.8922589499957065
2022-06-16,1.3350431392236846,1.5433074564986504,1.7113708968219812
2022-06-17,2.3826390159869946,2.9325278356578113,2.7481504569032222
2022-06-20,2.084963387627188,2.6323407038855695,2.613203527258584
2022-06-21,2.0707451322428083,2.4031181556682992,2.3350200149400786
2022-06-22,1.8234938680022157,2.164658703625625,2.1023219276970804
2022-06-23,1.696801816482923,2.0755717234148863,2.190946270327679
2022-06-24,1.6100979841323204,2.0256926849329604,2.3110182228071574
2022-06-27,2.192121054351819,1.907661357944178,2.059068212429354
2022-06-28,1.9644103912527553,1.7356287122598661,1.853566417309347
2022-06-29,1.8093350461911817,1.5866569342367827,1.672675134240872
2022-06-30,1.5923501077994193,1.445916178455924,1.5651145646987
2022-07-01,1.8638943778775794,1.8900442980381897,2.052578138531164
2022-07-04,1.6392018803311061,1.71896274002938,1.8676039485894709
2022-07-05,1.524199241247212,1.5733974749288777,1.6835265811633309
2022-07-06,2.319605565035507,2.6231565361053835,2.5664001310249094
2022-07-07,2.178130207745755,2.390431960829799,2.296844459756101
2022-07-08,2.0534358417537764,2.1911983699709086,2.0658084660194755
2022-07-11,1.8000505225792431,1.9928211696583158,1.8731668917190898
2022-07-12,1.5849268484492491,1.818902668678334,1.7062186979157532
2022-07-13,1.3984618439147305,1.6629027014982798,1.5489869996323864
2022-07-14,1.3061580644692214,1.599405075485752,1.6164949626104592
2022-07-15,1.4842849249250922,1.844360312217232,1.9844754687094537
2022-07-18,1.614459487425407,1.7137718063858525,1.7814165300459432
2022-07-19,1.509913096001353,1.5770715703193383,1.6075693162268527
2022-07-20,1.441661439243454,1.4562524563912487,1.4570032943963
2022-07-21,1.3052203559905782,1.3656541885955427,1.4513317337540477
2022-07-22,1.155809084917123,1.2440849097207398,1.3183262933130517
2022-07-25,1.0216385513179578,1.126004684464407,1.1938383876586494
2022-07-26,0.9165524135249472,1.0154521590336054,1.097944099267925
2022-07-27,0.8086741561864164,0.9082978223134726,0.9942089345150289
2022-07-28,0.7547312195647787,0.8302123622702765,0.8984247833003214
2022-07-29,0.6682041059402307,0.7374996890301467,0.8179184176202261
2022-08-01,0.7375585024461098,0.7192546401276048,0.7511321446870655
2022-08-02,0.6639410816404768,0.6488455933075579,0.7020478695510965
2022-08-03,0.5951161801899635,0.5808752689782742,0.6366325964992232
2022-08-04,0.5604233498505993,0.5333025123806117,0.5667927218296038
2022-08-05,0.5070053259676406,0.4876306502238328,0.5153029692493641
2022-08-08,0.4680555277218894,0.46134665935626745,0.5213140258571806
2022-08-09,0.46681795384916447,0.44110799354375363,0.49404096813027437
2022-08-10,0.4289935457835462,0.4086597239744371,0.44161737361376296
2022-08-11,0.4013512422716065,0.3827595905612398,0.39209418634864657
2022-08-12,0.4237260614852486,0.4267700849813481,0.4562793467727589
2022-08-15,0.41772805880723884,0.4081157603543287,0.422989836710945
2022-08-16,0.3897956004230984,0.3859458551998921,0.38940581377572414
2022-08-17,0.375725619926549,0.36727032016493155,0.35058867198784244
2022-08-18,0.36762353715967927,0.3674337967564475,0.3632901295201738
2022-08-19,0.35665221404798414,0.3516522136084452,0.32797802089198214
2022-08-22,0.33561287405483553,0.33561687304507265,0.2946223585032841
2022-08-23,0.3261704702043607,0.33248682853715533,0.29964484935693714
2022-08-24,0.3712650975059518,0.3981482186227409,0.3840736140637398
2022-08-25,0.357257300342226,0.3877683167111497,0.38744258807599186
2022-08-26,0.33720526630231734,0.36787112935220634,0.35317354433871395
2022-08-30,0.396051572133524,0.44996676187697465,0.44791956105333747
2022-08-31,0.48868945702701194,0.5789001979119093,0.5884135662411614
2022-09-01,0.6163827323429018,0.7584926887554521,0.7773939332426539
2022-09-02,1.086580565313767,1.4152346718431825,1.242207755247781
2022-09-05,1.4305875939356327,1.334353629200102,1.1150219357059692
2022-09-06,1.2096548423631142,1.1613730563079037,0.998530984867146
2022-09-07,1.0384811667789076,1.0224163620174398,0.9003554581294504
2022-09-08,1.0175249862244096,1.0644708427192417,1.0392647188535442
2022-09-09,0.8941534859623276,0.9443663684233868,0.9330543541614849
2022-09-12,0.9728177599985982,0.8675569453444917,0.8346908073599589
2022-09-13,1.201204559794251,0.8230137927796709,0.7541491997976831
2022-09-14,1.2515742560690775,1.0198284504995137,0.9854165898620102
2022-09-15,1.4141711617729547,1.3552020561223923,1.329725827048086
2022-09-16,1.210896341257892,1.1940465417972383,1.182500597117363
2022-09-20,1.1083092779004762,1.1410990639804361,1.2398905071502866
2022-09-21,1.0218214123329967,1.0922586960596052,1.293012184731239
2022-09-22,0.9344703158392306,0.9793839474178686,1.1533390978211409
2022-09-23,0.9962428079932043,1.1120144988183054,1.3561659876676135
2022-09-26,1.4521284449630465,1.7782474693574015,1.920909426035053
2022-09-27,1.2413233752850186,1.5518383570190268,1.7060776620515035
2022-09-28,1.1153625598628822,1.420415414867197,1.6978346931304715
2022-09-29,0.9821511577132837,1.2542136732003555,1.5084788246596277
2022-09-30,1.3102558883068953,1.7261898031613203,1.985090207450767
2022-10-03,1.1362023089121154,1.518333976866515,1.7603027813963439
2022-10-04,0.995951655787513,1.3425650305113115,1.5655234559751061
2022-10-05,1.7128397722808266,1.3003944932187612,1.3859951405472632
2022-10-06,1.5069493084934071,1.2008256224908254,1.3872847420938201
2022-10-07,1.3929510737530306,1.1916232853814588,1.4863081152793522
2022-10-10,1.2060709176568416,1.0612566463124156,1.358521815899506
2022-10-11,1.0808291845545306,0.9895382933126745,1.349945329421871
2022-10-12,1.1087527598646842,1.111712640146615,1.547735798241146
2022-10-13,1.0736935770248024,1.1366279413168925,1.6605626336545942
2022-10-14,0.9498839622449382,1.0131810754626236,1.474593882843892
2022-10-17,0.8339483633514088,0.9054391510788868,1.3101952317663612
2022-10-18,0.8360810769536617,0.8265511749546293,1.169319996712357
2022-10-19,0.7416467060416142,0.7435938390148841,1.038701915658119
2022-10-20,0.6625940881434909,0.6772778381903967,0.9657146040052297
2022-10-21,0.5970946876408216,0.6141373605116118,0.8525719296197574
2022-10-24,0.5555558988550874,0.5674626089739483,0.7600627714417282
2022-10-25,0.5557180559113861,0.5320635673528836,0.6844886000168908
2022-10-26,0.5040231768094787,0.49053886234868277,0.6111125466380393
2022-10-27,0.5073338816246152,0.4649332345412264,0.5531702659808914
2022-10-28,0.4693232546034429,0.43488290791688283,0.4920859314073507
2022-10-31,0.4568539818598515,0.4405536977091637,0.5153144768214636
2022-11-01,0.4810013335478246,0.4265001568970773,0.4730318709616663
2022-11-02,0.6654354620710731,0.43928337137799567,0.4499281320195143
2022-11-03,0.6515984358300144,0.4904106131345872,0.5266841502275685
2022-11-04,0.6313299552612636,0.46690035564387056,0.4815647354353042
2022-11-07,1.1302921958236964,0.5270690274944948,0.45998823426285157
2022-11-08,1.0088195926268069,0.5378626617923653,0.5112262777736218
2022-11-09,0.8763010805069883,0.4953020449862569,0.46213464735544274
2022-11-10,0.7739443623401474,0.46715972884084306,0.4467933349184163
2022-11-11,0.8348145509966077,0.46691443857498505,0.4144456612462046
2022-11-14,0.8350031141049477,0.5774877066572874,0.5411139990755737
2022-11-15,0.8413956870033328,0.5528138151954066,0.4962537369956857
2022-11-16,0.7494089833875294,0.5225254444691732,0.4924514194051663
2022-11-17,0.6771949439959931,0.5010610502138865,0.49592058010046763
2022-11-18,0.6077401286021312,0.4697643711996623,0.46495348548209126
2022-11-21,0.5812755305970371,0.4474038550021483,0.42444258144212
2022-11-22,0.5298742785421107,0.4265353871550008,0.409540113363478
2022-11-23,0.620543418716809,0.4265938447157228,0.379617248129598
2022-11-24,0.560059939227534,0.4050702147152192,0.3469544164824005
2022-11-25,0.5112229431075865,0.3867099754821772,0.3179730003728429
2022-11-28,0.4772388978402865,0.37349650145275165,0.2939734380873233
2022-11-29,0.4494030361866357,0.3698020308836739,0.3012646550227909
2022-11-30,0.44871568249281035,0.36255929232987777,0.28012525041261827
2022-12-01,0.5024037588868435,0.3651648488475635,0.2629469947767251
2022-12-02,0.4708455708741022,0.3629951836979193,0.27204809951486747
2022-12-05,0.4365235371894775,0.3508056154010591,0.255755671780307
2022-12-06,0.4080934294340484,0.3399252601814894,0.23588981277837923
2022-12-07,0.45096962095854043,0.41790491544710573,0.3179247058996261
2022-12-08,0.4541596644694388,0.44091487756534575,0.366096434054689
2022-12-09,0.4340134818436707,0.43023241000278645,0.37533494929694156
2022-12-12,0.4049727801962407,0.40756054020809135,0.34217532727066574
2022-12-13,0.4137234563393848,0.42852201509598115,0.38861057868206283
2022-12-14,0.46389299814964724,0.41772834092515543,0.3579725850059007
2022-12-15,0.43378710352589456,0.4006446064886813,0.3451299043209549
2022-12-16,0.5470529022673731,0.5741739622354558,0.5027792955910493
2022-12-19,0.7575495266686783,0.8880383927929648,0.7781817715076819
2022-12-20,0.6852918977133111,0.7906580403796227,0.6960609520213009
2022-12-21,0.6131021123552594,0.7117487782831077,0.6232748787841424
2022-12-22,0.9554572940840249,0.6998236580253752,0.5794185727116613
2022-12-23,0.8564951256681529,0.6684737983709228,0.6048839920957465
2022-12-28,0.7514439095741714,0.6103161172798593,0.5455472229768347
2022-12-29,0.679370114807272,0.5637502115572403,0.49644616363654087
2022-12-30,0.6128352543238395,0.5233505805215038,0.45041557556708933
2023-01-03,0.6614742910293612,0.635609042093018,0.5856462204495986
2023-01-04,0.8448729550435591,0.6146837875612597,0.5414766840920662
2023-01-05,0.7627453894580927,0.5680476441730787,0.49130066579428117
2023-01-06,0.7269991269561888,0.5333829149687992,0.45017111881527355
2023-01-09,0.7419012394286556,0.510115989809758,0.41710424380636185
2023-01-10,0.6717075697335514,0.4792036990478409,0.37999360334416077
2023-01-11,0.6315353829168352,0.48814158649259587,0.42000960539194415
2023-01-12,0.5879161067558955,0.46174411391388215,0.38378211770448806
2023-01-13,0.6328812041464269,0.45028112837055223,0.3592525500256695
2023-01-16,0.6200637574091835,0.4345916376521188,0.33442012553793493
2023-01-17,0.5649925108418866,0.4142538859973044,0.3045904012797147
2023-01-18,0.5208040965542388,0.40066859741381855,0.29920893408318483
2023-01-19,0.493106007121535,0.40150760304007976,0.3177641347377529
2023-01-20,0.6274674076069984,0.630539708778396,0.5148707992733723
2023-01-23,0.5789160486759521,0.5817595277325958,0.46467032227134775
2023-01-24,0.5305620597269488,0.5377627526784792,0.42132265115114403
2023-01-25,0.5102905756823536,0.5295937684046612,0.45242861495207376
2023-01-26,0.47679671340365587,0.5007141942514577,0.44456278588384446
2023-01-27,0.4480114814710011,0.47099835626266773,0.4037181528785471
2023-01-30,0.4194477677300317,0.44444549693290886,0.3677798316607081
2023-01-31,0.40040188968741386,0.4221680514033744,0.3369961633407979
2023-02-01,0.3856072054869892,0.4098214089197824,0.3386345876003405
2023-02-02,0.3729771062473945,0.3981093158795681,0.33417891816913714
2023-02-03,0.42438770737822334,0.39060526247839533,0.30559473495979744
2023-02-06,0.5281565315097121,0.39287525155298125,0.2838831212638675
2023-02-07,0.5881752019341191,0.5139540472969336,0.4023576119228975
2023-02-08,0.5488435342901655,0.4850108247455908,0.3726036857339379
2023-02-09,0.5118189275298459,0.4597909474454789,0.34319003407104925
2023-02-10,0.48294234838596445,0.43731089275448504,0.3153228868723258
2023-02-13,0.47302276881623806,0.4455250530655528,0.34899767377673274
2023-02-14,0.517137624393926,0.4327554586982439,0.32220357071055167
2023-02-15,0.47936921949612604,0.4136535383676424,0.2973485394526381
2023-02-16,0.47918690619788706,0.40149012569768533,0.2763664701753289
2023-02-17,0.4475819676895107,0.3856546779762666,0.25436486597053537
2023-02-20,0.4228081524249135,0.3750747266738609,0.25174212724839307
2023-02-21,0.39855054189046135,0.3622702022867342,0.2330789505505884
2023-02-22,0.4117198704810233,0.3946813423303059,0.28143124213214576
2023-02-23,0.44401409653112256,0.4507901136069518,0.35389532323073913
2023-02-24,0.43004770266008246,0.4455968788313375,0.3734147142798277
2023-02-27,0.4273588852472692,0.4518814755679249,0.40709176263321967
2023-02-28,0.4593222985688759,0.4359905182587688,0.3756122663702156
2023-03-01,0.5151793331167477,0.5285540024226396,0.49379121378139057
2023-03-02,0.500378201388802,0.49757672222383725,0.44907026546577394
2023-03-03,0.47531892602758674,0.4693009278508032,0.40851236939930685
2023-03-06,0.4409248441820687,0.44292786133870815,0.3730261011994435
2023-03-07,0.4226860286852396,0.4320680174614427,0.38010914499662357
2023-03-08,0.4005578271991195,0.41518573329659314,0.3722268061309568
2023-03-09,0.3774580219540095,0.39550761759074077,0.3416613547339701
2023-03-10,0.4232180484093601,0.46137459596124036,0.42606904465706436
2023-03-13,0.7923518018700544,0.9771108671894126,0.7766585523702304
2023-03-14,1.694252455946625,2.275439075764014,1.6032776045458685
2023-03-15,1.6226754063454285,2.000306273684127,1.4189728490175895
2023-03-16,3.7525308880387507,5.116397167202378,3.44655847131944
2023-03-17,3.178391317501401,4.307242205489083,2.9044910505889345
2023-03-20,2.801280932500087,3.8784307585539834,2.9700354624377194
2023-03-21,2.440907724239056,3.3180133494059025,2.590165148069622
2023-03-22,2.4753966604886664,2.8923766898466177,2.2616873913598643
2023-03-23,2.0823928229514364,2.481248953334769,1.9524811620762506
2023-03-24,1.886385567500203,2.3173160916514766,2.0612264742451147
2023-03-27,1.8443515206475602,2.3467393928469193,2.324224407313188
2023-03-28,1.6525232409321515,2.0317216548858306,2.0154262893379196
2023-03-29,1.393578804065938,1.7500748613660233,1.7537299226679084
2023-03-30,1.3259131410920928,1.527251361801487,1.5414974033747129
2023-03-31,1.200141376915384,1.3229381695228826,1.3400817880810356
2023-04-03,1.0199620744089881,1.1398447231721947,1.1727086243583722
2023-04-04,0.9059554658365323,0.9924432495707619,1.0410300357686155
2023-04-05,0.832380734140416,0.9309799068928106,1.0731217736869403
2023-04-06,0.7341994807873412,0.8131502986194701,0.950213562030417
2023-04-11,0.7906384000945585,0.7553684206675625,0.8570401106237112
2023-04-12,0.7272564546707494,0.6769747385948274,0.7687584058974013
2023-04-13,0.6705089293861922,0.6137390735594946,0.6749990882661538
2023-04-14,0.5956245983236411,0.5507351134023948,0.6047231046637361
2023-04-17,0.5467748831379375,0.5052166559159076,0.5391420226744834
2023-04-18,0.49097269522986103,0.4612979082740628,0.48424628737869724
2023-04-19,0.4642451270651761,0.4326459587296783,0.4403322111282395
2023-04-20,0.4317645612152462,0.41090026630962206,0.4288000602892238
2023-04-21,0.39842792927490905,0.38592288900230487,0.38706553100781066
2023-04-24,0.3737749483123405,0.366958653283967,0.3404940486947423
2023-04-25,0.35357397538948826,0.3515414421563709,0.3164991351993812
2023-04-26,0.3561760545140574,0.36208758149565545,0.3386331312148429
2023-04-27,0.3910319082944702,0.41507405971788636,0.41021194658514487
2023-04-28,0.38372895389223943,0.4118460713051231,0.42765827376975973
2023-05-02,0.3938600384316262,0.39518897188257296,0.3880978418638702
2023-05-03,0.6621128041114507,0.7769089822657098,0.6633993589255854
2023-05-04,0.5836463856630552,0.6831965543007358,0.5960873412179327
2023-05-05,0.7499207961972841,0.9250762626393979,0.833342725824191
2023-05-09,0.8017644179608828,0.8354704937281592,0.7400035666735898
2023-05-10,0.6984951202116302,0.7407882574304067,0.7120877047701304
2023-05-11,0.6291436267348557,0.6794392125168486,0.7139669060782845
2023-05-12,0.5610321986934106,0.6119986190985364,0.6771084102423266
2023-05-15,0.512281085281774,0.5531260560739715,0.605414785041632
2023-05-16,0.472064419815341,0.50456668345584,0.5423255986779075
2023-05-17,0.4572843056525307,0.4963126443443132,0.5677710069424872
2023-05-18,0.4463759032356594,0.49118754784618424,0.5932803086210777
2023-05-19,0.4173544895099247,0.4544235351581897,0.5330746538348609
2023-05-22,0.3883224651331563,0.4214592018166068,0.4773129826573832
2023-05-23,0.3669389524435585,0.3963614611542313,0.4323627347342082
2023-05-24,0.3507166135605618,0.3788093530412271,0.41428639320563737
2023-05-25,0.9062972728228016,1.149252421999836,0.8801091784566826
2023-05-26,0.8835932873445691,1.1361678380540516,1.010202836469284
2023-05-30,0.837365162509629,0.990189294990925,0.8900169125915364
2023-05-31,1.0793130901541677,1.3525318185022888,1.2501796183938663
2023-06-01,1.104022780317855,1.4160684898057792,1.4600967623738574
2023-06-02,0.9748033768176022,1.206866793892031,1.271231360137335
2023-06-05,1.2238732899841154,1.1129342385796976,1.1123529633803224
2023-06-06,1.0184504104492744,0.9564202631774106,1.0144143431921995
2023-06-07,0.8752289910414346,0.831678064277754,0.8953245190755539
2023-06-08,0.7484135587855146,0.728452231233464,0.8141714551569682
2023-06-09,0.6719509876432419,0.6738938108665421,0.8150459963829276
2023-06-12,0.6374417136842773,0.6647323226180812,0.8619282079644958
2023-06-13,0.558134481673339,0.5893959951745039,0.7620726746826336
2023-06-14,0.5089023584537951,0.5321756921767707,0.6765684171184673
2023-06-15,0.45771018613537123,0.48208599796212825,0.6109893447849647
2023-06-16,0.4303795046519651,0.44477790365394143,0.5418023141147797
2023-06-19,0.3969743295567918,0.41123401272480875,0.48183962304179195
2023-06-20,0.47498950084633995,0.526805095074243,0.6014393624365542
2023-06-21,0.44723223783372257,0.4977134839636418,0.6011926983356914
2023-06-22,0.4166626346364036,0.46343212391291844,0.573295583141843
2023-06-23,0.5027469814267435,0.5882045150262143,0.7118821389610491
2023-06-26,0.5121203913016746,0.607589299027359,0.7772432909644886
2023-06-27,0.4656212053029502,0.5486496924045695,0.7230754633761669
2023-06-28,0.4232957034358825,0.49561117418618195,0.6388947171635191
2023-06-29,0.4291615712658912,0.46150960119322587,0.5688103715961688
2023-06-30,0.4293193618576055,0.4705987187345949,0.5987873336066908
2023-07-03,0.49594924150465997,0.4556433043279192,0.5402706842940528
2023-07-04,0.4484097503520033,0.4224984358107949,0.49663231135644864
2023-07-05,0.4128443909435289,0.3974848683766876,0.4670684776386687
2023-07-06,0.5911631646755013,0.6657900033432097,0.6863201063138266
2023-07-07,1.434676112728178,1.9078758360297945,1.4266052718339493
2023-07-10,1.1947117300721384,1.59801925802485,1.3521622925410315
2023-07-11,0.9957111115713521,1.3319867754732013,1.1846561165573073
2023-07-12,0.8393453323997694,1.1213018959092929,1.0366097488849808
2023-07-13,1.2743631158229045,1.0665618158980696,0.9156532840318662
2023-07-14,1.0698865169856104,0.9153419079169584,0.8111370052563369
2023-07-17,0.8992914262141187,0.7919901896916355,0.742298583914728
2023-07-18,0.797766170150812,0.7346583518164315,0.7634319019840572
2023-07-19,0.745376732929233,0.6574925845865448,0.677345782826303
2023-07-20,1.1752327039696506,0.6890359138417355,0.6041899033353082
2023-07-21,1.0681072017768751,0.6287107112142635,0.5409236988715483
2023-07-24,0.9042873753053102,0.5611401176629996,0.4853999534028486
2023-07-25,0.7741072148892114,0.5071375192955804,0.43769913420106416
2023-07-26,0.6690368410632765,0.4622911724859106,0.3940030610094649
2023-07-27,0.5948386849610671,0.4386533076311932,0.3961906834057863
2023-07-28,0.5276581384242747,0.40709393997440824,0.35686953157681245
2023-07-31,0.47128558853418945,0.3809394698408516,0.32267448515906816
2023-08-01,0.4281286311773186,0.36095925993844985,0.2940752854171269
2023-08-02,0.43778784689977085,0.4029091836213215,0.3517126561321703
2023-08-03,0.764923365227126,0.9078595718823408,0.6736996764406787
2023-08-04,0.6979700291846216,0.8352086995511154,0.7137918858769442
2023-08-07,0.6384004120164997,0.7312969339680573,0.6356147874726663
2023-08-08,0.5670643349090991,0.6493313406998169,0.6037722231428837
2023-08-09,0.5336470043611407,0.6155191350878855,0.6297742788674
2023-08-10,0.5780429189490032,0.5705136587653565,0.5630675906945362
2023-08-11,0.5365029283956652,0.518744267972723,0.5043718475094439
2023-08-14,0.7743687653208223,0.8986668406832252,0.7930469771441314
2023-08-15,0.6828210022658832,0.7992060537856307,0.7765902579266728
2023-08-16,1.0682849575337878,1.393781350534574,1.2325717211707916
2023-08-17,0.9361824832326625,1.2252004208009806,1.2272109286779838
2023-08-18,0.8750576820575382,1.1526111963082326,1.2954151544570836
2023-08-21,0.8332044804466309,1.1032593718476,1.367890991277359
2023-08-22,0.715279479976493,0.9418987433163076,1.221017645728491
2023-08-23,0.6249293626983607,0.8126839101099494,1.0706554097163494
2023-08-24,0.6201244823436407,0.7213267272615138,0.9390966768593223
2023-08-25,0.5497410079631962,0.635800462463813,0.8305902896463605
2023-08-29,0.4919477429448732,0.566152532928919,0.7392612540206924
2023-08-30,0.9239353204041194,0.60069096984407,0.656718613622786
2023-08-31,0.787257527837551,0.5411942902114142,0.5915286048273014
2023-09-01,0.7268236999941146,0.5544891483024397,0.647025073219798
2023-09-04,0.649518555190138,0.5069623204278242,0.5798124263402977
2023-09-05,0.582367884762343,0.47427954243262976,0.5611978942027254
2023-09-06,0.5325369843857068,0.4522444254512121,0.5511189443268834
2023-09-07,0.48939532573584826,0.42991045083962043,0.5313677897412136
2023-09-08,0.45010056677562943,0.40272639958700535,0.47608412170270153
2023-09-11,0.4473885963968549,0.386174843755387,0.4279643103259868
2023-09-12,0.4196355882411673,0.3680230519977069,0.38590378161591277
2023-09-13,0.4122419974223904,0.35608914637943523,0.34787916941754643
2023-09-14,0.38451105242139694,0.34122013971578374,0.32093362685093996
2023-09-15,0.9674191482450977,0.43492209155853806,0.2968561577501978
2023-09-18,0.8554573148665621,0.4115559228376876,0.26959666456467474
2023-09-19,0.8492642955835329,0.5566851355541705,0.3973789364331813
2023-09-20,0.7318342043534078,0.502210583300707,0.3605686213492802
2023-09-21,0.7726574168249974,0.4893040540971361,0.32801367514783025
2023-09-22,0.7640552641100281,0.5871768368151457,0.4417832295110752
2023-09-25,0.6651150247540779,0.5279648604009134,0.40026901527306163
2023-09-26,0.7016394570735471,0.65218049030287,0.5393378239940422
2023-09-27,0.6150732563787377,0.5803019346042297,0.48592002039261434
2023-09-28,0.5844055232370161,0.5766763638315665,0.5349234173647965
2023-09-29,0.5217535812267313,0.5205565589093145,0.481624737094236
2023-10-02,0.470559706021824,0.47500907186082275,0.43480750405889784
2023-10-03,0.7285305219652758,0.8832492253971364,0.7299920647532446
2023-10-04,0.6944510491123196,0.8484221300399665,0.7938158138341573
2023-10-05,0.7225033941840069,0.9043267024518343,0.9279618806021919
2023-10-06,0.6726344513285984,0.7956721213939285,0.8217123769614484
2023-10-09,0.6376402097907531,0.7075455609252814,0.7305158918402828
2023-10-10,0.5693307389327573,0.6315362476808593,0.671509923049638
2023-10-11,1.0195416347835957,0.6552455788880284,0.5922001409476492
2023-10-12,0.8716960580546862,0.5896060178226376,0.5631897601929763
2023-10-13,0.7655338503500029,0.535564362429351,0.5065208434129219
2023-10-16,0.7366071390392939,0.5875066264463538,0.5959636642950918
2023-10-17,0.6653603018614985,0.5348580061326053,0.5339694741271447
2023-10-18,0.6337169010948536,0.49666761065027554,0.47788974216907487
2023-10-19,0.7931377173920265,0.8040730550529757,0.7187438686345042
2023-10-20,0.9335847910601911,1.0766555170762904,0.9892759191673851
2023-10-23,1.109917930708399,1.3975062581065036,1.3357645777126976
2023-10-24,0.9681629633350816,1.2200740720898877,1.3011081922520331
2023-10-25,0.8322825636204859,1.0414302882463042,1.1464260259060175
2023-10-26,0.7360279002066402,0.9012756966764621,1.01496748468537
2023-10-27,0.7663877675857006,0.9646397381011816,1.1613001650705994
2023-10-30,0.8032164966963456,1.037869100595427,1.3178783659433202
2023-10-31,0.7326867280912512,0.90273395271664,1.1600842078889342
2023-11-01,0.6442360672857018,0.7888232506988373,1.0586239149407835
2023-11-02,0.5795834272317478,0.6955291949330185,0.9394668439287926
2023-11-03,0.8203787390420373,0.6721391657637583,0.822265093061011
2023-11-06,0.7449239767269638,0.6444007112647006,0.8455409484839718
2023-11-07,0.6550234930349141,0.5797163505508912,0.7650943685616532
2023-11-08,0.5843980050448228,0.5294972711955916,0.7171548436601022
2023-11-09,0.5287410726696482,0.4890117993802617,0.6751481082587215
2023-11-10,0.5549287159837356,0.4661788007467702,0.6029851023231665
2023-11-13,0.7866904305627802,0.8626959145881515,0.8995616194014876
2023-11-14,0.7953930739703483,0.7742550272165296,0.7941255854540463
2023-11-15,0.6958215193817863,0.6840347360349819,0.7117559224851977
2023-11-16,0.6643659725023187,0.6198942344616667,0.6343831753005242
2023-11-17,0.7683869542611818,0.8241406872118618,0.8387745200111926
2023-11-20,0.8993199259489746,0.7649842680693094,0.7382406925656408
2023-11-21,0.7833772870769439,0.6828804826968836,0.6973054707324182
2023-11-22,0.6970733748050565,0.6248233443532799,0.6809738114336045
2023-11-23,0.6226954774264568,0.5718766324975896,0.6570727197668282
2023-11-24,0.5602005627267306,0.5218541046244861,0.5932198166594596
2023-11-27,0.5047231282527238,0.47845176639875586,0.5355571833330953
2023-11-28,0.48720184577373304,0.4805426939770686,0.5661204413924849
2023-11-29,0.4471387042603049,0.4462590807789555,0.5293463899736115
2023-11-30,0.44955798829899885,0.46657479440422356,0.5750926286221735
2023-12-01,0.4355693846734113,0.4372539054683512,0.5164610340162776
2023-12-04,0.5480414607032187,0.434881042431991,0.46378285613519216
2023-12-05,0.5076332471685325,0.4232656821084233,0.47048665343858426
2023-12-06,0.4817639435804458,0.4228965481598708,0.48940828792647556
2023-12-07,0.4544649960466759,0.39954434984548326,0.4430923093648831
2023-12-08,0.41977384130572165,0.3779645516895855,0.40956546044540815
2023-12-11,0.43005821165910557,0.3679518510207214,0.3720842758985727
2023-12-12,0.404953108018983,0.3577769637476822,0.3651824813124833
2023-12-13,0.3777569566707444,0.3423777663563065,0.3393676419225416
2023-12-14,0.35475739103283843,0.32880316678873045,0.30731786861212695
2023-12-15,0.6008350114070607,0.36931037091680247,0.2846380505263733
2023-12-18,0.7032426602611446,0.6001941227246588,0.45483780325029033
2023-12-19,0.6500088686392812,0.546913510672053,0.4112348558712677
2023-12-20,0.5860463215782512,0.5002202105586441,0.37434053789455696
2023-12-21,0.6695864789538244,0.48724144364647437,0.3380788862431496
2023-12-22,0.6078112616732688,0.4713312730257549,0.35994894814174916
2023-12-27,0.5434686566517047,0.4387306098234196,0.3323997400292556
2023-12-28,0.5081429294119574,0.41492902973351925,0.30450116108016423
2023-12-29,0.461755716128345,0.3896319408816679,0.28613057377160306
2024-01-02,0.4232048338104603,0.3678343567925263,0.2607928030909143
2024-01-03,0.399419284653594,0.3589679816846585,0.26582699324677095
2024-01-04,0.4271804678463282,0.41819983752687484,0.3343815867043067
2024-01-05,0.43263650024256206,0.39936176437318943,0.30474844594946143
2024-01-08,0.44049256563171235,0.4308188484007527,0.35747486500358117
2024-01-09,0.40576778643908384,0.4016721876225369,0.3253913001343125
2024-01-10,0.382989637497984,0.3839915507562473,0.322261607084869
2024-01-11,0.396397887701764,0.4129772972512641,0.37133579447546045
2024-01-12,0.552884112323623,0.646337192503173,0.5587330105193423
2024-01-15,0.5511292523201573,0.5875504262484916,0.5010236297157175
2024-01-16,0.5265430201531255,0.5728252297319874,0.5394749899158592
2024-01-17,0.5210835342518095,0.5809310013919302,0.5965432384023837
2024-01-18,0.8746855944772475,1.1062654228468358,0.9777848223458162
2024-01-19,0.7486302763203051,0.9454068167064004,0.8630059442505775
2024-01-22,0.6521051061265196,0.8216094614691826,0.769568241831504
2024-01-23,0.5906647481698131,0.7245998445733641,0.6868437241013742
2024-01-24,0.5264791510530292,0.6415910463784008,0.6251402197882939
2024-01-25,0.5151361684188595,0.5808316608443634,0.5602061867955462
2024-01-26,0.4664610938445166,0.5242846829301229,0.5013768385738151
2024-01-29,0.7202619235434049,0.5355366304112393,0.4592076255901399
2024-01-30,0.6342055523880472,0.4910963564323627,0.42947668497495617
2024-01-31,0.5855118757476296,0.45576610293651315,0.3886827547979465
2024-02-01,0.56819249504157,0.48270581129077617,0.4463692106733775
2024-02-02,0.5120807356082758,0.44811769527955636,0.42950192527962244
2024-02-05,0.4684950383204713,0.4206638780813701,0.4115188004394807
2024-02-06,0.42840541704048396,0.3933692152896321,0.38324910575086885
2024-02-07,0.5120123618378766,0.39425351295059785,0.35040538695066514
2024-02-08,0.5517605242546715,0.49632866209482507,0.4554993751146038
2024-02-09,0.5362807184526854,0.5095375555746199,0.5059954377530879
2024-02-12,0.5027699170592083,0.49232576651641485,0.522113011297941
2024-02-13,0.4581006461134333,0.45360962449463216,0.4746025190763639
2024-02-14,0.5409418927643116,0.5918441747688061,0.6137636041637294
2024-02-15,0.5655949245850925,0.5486964758375402,0.5509847749494585
2024-02-16,0.5244239014763805,0.5022914369002515,0.4968105476036208
2024-02-19,0.811367952084499,0.5202873438881402,0.4480459938036047
2024-02-20,0.7076072638657281,0.47633465270697534,0.4064749691795118
2024-02-21,0.6290223607444014,0.44656275254660616,0.40008052714309905
2024-02-22,0.658211698653065,0.5595131565716719,0.5192097794894385
2024-02-23,0.5900648917186184,0.5093809560975685,0.4673823719304068
2024-02-26,0.5365078192987185,0.4695525464604541,0.4246764738328229
2024-02-27,0.5042179146865688,0.4599616387156196,0.44697285291357947
2024-02-28,0.4601069285975929,0.42793820991639164,0.4142787073224538
2024-02-29,0.5299210695494639,0.5521506675596848,0.5385748963857729
2024-03-01,0.4791100400424972,0.5017627266924444,0.48611256259923324
2024-03-04,0.5042456700383553,0.47290576102714,0.43865514428995295
2024-03-05,0.5161469252102089,0.5179879048615712,0.5129444416226377
2024-03-06,0.4692099919457404,0.475212711786923,0.4658533267772639
2024-03-07,0.4555087969399668,0.4458095648105136,0.423414156545377
2024-03-08,0.4214736381451662,0.41505115798091774,0.38419811001894455
2024-03-11,0.42879902060561514,0.439483009345905,0.4321896324224533
2024-03-12,0.3966515242778722,0.4079423304906571,0.39155063554143177
2024-03-13,0.5232350890280317,0.40867571976048733,0.35285100769514616
2024-03-14,0.4839688608481368,0.38539348727379175,0.32065304294750924
2024-03-15,0.4723636944802731,0.4046811064607682,0.36204126743880755
2024-03-18,0.441817052929772,0.39233621785805256,0.36899186150114593
2024-03-19,0.40897853948631235,0.3712524447031423,0.35050963463113616
2024-03-20,0.3851880202171331,0.3533181977113739,0.3194500868101752
2024-03-21,0.3590614381816688,0.3360561128247051,0.3018428518652025
2024-03-22,0.8603275938452118,0.3994698158419777,0.28034922212516056
2024-03-25,0.7946680522580347,0.38605616156784545,0.2541179671168081
2024-03-26,0.6998907577290246,0.37126361472862496,0.2587373687301196
2024-03-27,0.620202126292694,0.35113686944871153,0.23446589577804375
2024-03-28,0.5553732855485657,0.3348291798688989,0.2157116147341685
2024-04-02,0.5089712602121504,0.3233119572559946,0.19698361593757902
2024-04-03,0.47662162424841203,0.328607202986249,0.21568507968888342
2024-04-04,0.43831112118860416,0.317517645214065,0.19828931034566846
2024-04-05,0.435305405957946,0.3135215632470597,0.18257468920149703
2024-04-08,0.5215035326815146,0.481697213635768,0.3110376306383757
2024-04-09,0.4948593499093496,0.44856996023226603,0.2820767569690267
2024-04-10,0.4585491612264577,0.4234854296003111,0.2795469449190968
2024-04-11,0.43601369059061823,0.3992578998258766,0.2542465132239127
2024-04-12,0.4472578504919021,0.4371008350098778,0.31380149582623895
2024-04-15,0.5267095514468295,0.4233093350519829,0.2850988841177391
2024-04-16,0.5062554115019747,0.4357642124961031,0.32731527837938407
2024-04-17,1.0154207378104458,1.2671290962686728,0.8315528729104358
2024-04-18,0.8846608837267534,1.0867600194123868,0.7318918435827089
2024-04-19,0.7841474491756815,0.9441625976558589,0.6486598187066936
2024-04-22,0.6959849824945481,0.8297345905649081,0.5800889390762655
2024-04-23,0.9913676561095565,0.7811962404677187,0.5267366796855388
2024-04-24,0.8650022143318616,0.696166121437358,0.4718310312935204
2024-04-25,0.756026854543564,0.6247325553620463,0.4394776449678467
2024-04-26,0.693117652887473,0.5672727613380673,0.3963174526790994
2024-04-29,0.6877831399079066,0.5253434238505136,0.3590782369558053
2024-04-30,0.6119120495730428,0.4822791216860218,0.32514545586299404
2024-05-01,0.5506982361423968,0.44714952834068095,0.3060881697609092
2024-05-02,0.5148404725924719,0.43915544767981113,0.3321866340072067
2024-05-03,0.5202525687284505,0.4171972141106976,0.3014754882010154
2024-05-07,0.5027229112794751,0.39503841265721973,0.2734375593676746
2024-05-08,0.6652670637106867,0.40255380438816335,0.2552188025345084
2024-05-09,0.6178023200755354,0.3831539569543766,0.23443719316301503
2024-05-10,0.5641073321289581,0.36592719280761304,0.21592881292112862
2024-05-13,0.5597126547781595,0.35776257408057743,0.20238919047912435
2024-05-14,0.5208100769044975,0.35951108394200953,0.22069559416333523
2024-05-15,0.47866062091131956,0.34534466381806467,0.20090036388862492
2024-05-16,0.44231411777780755,0.33217955614302663,0.1829267723467651
2024-05-17,0.4139466011712728,0.32486879692515774,0.18219447219975365
2024-05-20,0.3973258247745624,0.3297484907725473,0.20085514374835783
2024-05-21,0.36994319829547895,0.31695892297356504,0.18366807128564727
2024-05-22,0.3546128715597064,0.3119135958597349,0.18824528620825212
2024-05-23,0.3974935359983032,0.38951472039873464,0.2655639299624304
2024-05-24,0.4002454196528891,0.40770079681424987,0.3095516356643784
2024-05-28,0.39147728922657693,0.4049104304611129,0.34239977152110324
2024-05-29,0.4734904729655115,0.5389024550166089,0.47760206510890996
2024-05-30,0.5711961958078462,0.6975962481788066,0.6650834122025806
2024-05-31,0.5576746120047986,0.6264457979016618,0.5875317965114794
2024-06-03,0.5391445971994187,0.5674521686589097,0.5212533176961625
2024-06-04,0.49370872349802586,0.5221447336591551,0.5031738702673276
2024-06-05,0.479522320784928,0.5180558685890361,0.5397306217969811
2024-06-06,0.4430774966226058,0.47533973103113747,0.4855433652809378
2024-06-07,0.43740528778587145,0.4431459647725612,0.43547232721304585
2024-06-10,0.4502431598869517,0.47756806183296563,0.5000371721108985
2024-06-11,0.4274003435469716,0.4554288377931681,0.5020434641324633
2024-06-12,0.5654860748456149,0.6798500237020013,0.7057950427769203
2024-06-13,0.6049836686437233,0.6192468376271024,0.6257684096378936
2024-06-14,0.6146900789370623,0.6667705107721601,0.7256380462002062
2024-06-17,0.5595743890146836,0.6099493868515,0.7066942547408983
2024-06-18,0.5091231872464977,0.5543085773566673,0.6570969569194243
2024-06-19,0.5119884221694772,0.5100994174127154,0.582811598846261
2024-06-20,0.46928131221330033,0.4685860568953821,0.524148987141924
2024-06-21,0.5233064891660347,0.443991917427618,0.46535410846346503
2024-06-24,0.5101518970593908,0.46290369212214816,0.514006785158703
2024-06-25,0.4998674612364002,0.43239817059597624,0.459343912830591
2024-06-26,0.4893136883192546,0.45053065389779706,0.5058370802135069
2024-06-27,0.4636824930925903,0.44015204162471033,0.519659882550823
2024-06-28,0.4852220153104962,0.4958311828186765,0.6012791522829939
2024-07-01,0.4542374071725529,0.46775458151382066,0.5899215162652899
2024-07-02,0.4201962772348941,0.43312543740609977,0.533142971257865
2024-07-03,0.4497338922156318,0.4898123394466739,0.6125685471316826
2024-07-04,0.4683126023650383,0.4590704211021603,0.549774929703458
2024-07-05,0.5328800469881998,0.4373265605572096,0.4877414866496285
2024-07-08,0.5225525488178552,0.4652217217524336,0.5429493994650627
2024-07-09,0.479132201780536,0.43553534011813555,0.5218526182421007
2024-07-10,0.516441522122508,0.5216619276206867,0.6258577863539756
2024-07-11,0.5258572823020763,0.4827450036487472,0.5563820857602328
2024-07-12,0.49203954996978316,0.4462116686050496,0.4996631280945306
2024-07-15,0.46493219614190257,0.416507889594881,0.4502751582763019
2024-07-16,0.5506658936941096,0.5776019694380742,0.6026254053910622
2024-07-17,0.5093057426552828,0.5380086768417334,0.5982432377684765
2024-07-18,0.4710446806672619,0.4907591898660809,0.5376100552180677
2024-07-19,0.43604744392640243,0.45146033517954826,0.48470500079986045
2024-07-22,0.4659032284353109,0.5118945994608992,0.5739140396307344
2024-07-23,0.46264643504077047,0.47315573148046297,0.5133265266094446
2024-07-24,0.45250943725176956,0.47570093643415257,0.5494842538152088
2024-07-25,0.4244134582878225,0.4477236800663726,0.5368812014916324
2024-07-26,0.4146093823521768,0.4191891979296831,0.48336804300276365
2024-07-29,0.5816146857330367,0.4115283892720921,0.4283753789288969
2024-07-30,0.5238241409770341,0.3860753653806868,0.3900981877341786
2024-07-31,0.48608281988241514,0.3775784891993213,0.39775787405450425
2024-08-01,0.611177501212764,0.3741948116555861,0.3531118142436822
2024-08-02,0.7206364303950169,0.6155779307846653,0.5304412385760761
2024-08-05,0.9219594547012131,1.0015060871807153,0.8187964119589275
2024-08-06,1.495019369649544,1.989409759352587,1.4560575681294097
2024-08-07,1.2581395738828203,1.6692102835610116,1.2858196249601832
2024-08-08,1.5145421011651212,1.4737465236927503,1.1136812655888606
2024-08-09,1.2821329139530457,1.2757941070039136,1.0759109975941548
2024-08-12,1.0919412313087375,1.0963714777876645,0.9591527778240133
2024-08-13,0.966667842709706,0.9534230421654717,0.8471315724948836
2024-08-14,0.8440162756302623,0.8338268957676734,0.7584676546015209
2024-08-15,0.7729767301429141,0.7390892550101948,0.6775709548548454
2024-08-16,0.762992928471417,0.6667128081775159,0.601014224050238
2024-08-19,0.7072055409977165,0.6504103508987267,0.6480702815063465
2024-08-20,0.6641058428163007,0.5893897228855497,0.5810921951735868
2024-08-21,0.7603547248646298,0.7945762902654318,0.778343054979251
2024-08-22,0.6715769561921808,0.7049869124057511,0.7047353943391489
2024-08-23,0.5956162582636343,0.6288276066913869,0.6401330847050214
2024-08-27,0.56053919829671,0.5682889311724838,0.5742831934814606
2024-08-28,0.5115433196696614,0.5175653477279436,0.5232344120559962
2024-08-29,0.46487715058935253,0.47252108666977427,0.4875869591274835
2024-08-30,0.450829864598572,0.4399186151631979,0.4407736973874503
2024-09-02,0.4159626887873736,0.4083527349952214,0.41460607292681373
2024-09-03,0.39427835721294463,0.39043539809342054,0.41138736755331284
2024-09-04,0.48210385523508753,0.5354313076613478,0.5424631859576083
2024-09-05,0.46567605476439966,0.5222980500791967,0.5710953207345888
2024-09-06,0.4530253322338901,0.5110559936033338,0.598083616508538
2024-09-09,0.5136863095004818,0.6120670343078042,0.7195655368828278
2024-09-10,0.6385397752699128,0.5708722365245171,0.6319892051731405
2024-09-11,0.6770606301999866,0.6819382615562162,0.7680335195017798
2024-09-12,0.6034957267683907,0.614437162797368,0.7346305396014242
2024-09-13,0.5844746408952916,0.5598392684174842,0.6564783242152505
2024-09-16,0.5414276546193763,0.5095025971613947,0.5885460248145983
2024-09-17,0.48932171480248093,0.4661155530574092,0.534535333041778
2024-09-18,0.4646042676344019,0.43279571652381654,0.4804405291052871
2024-09-19,0.5080763985350069,0.5240778831446682,0.5866463368075394
2024-09-20,0.573009870883867,0.4895557534012764,0.5176140480945648
2024-09-23,0.7523337724656407,0.8148797598726116,0.7692722205101618
2024-09-24,0.6728117572104133,0.7186536909352128,0.6887882503761024
2024-09-25,0.6038869052467064,0.6403971179051958,0.619930277269573
2024-09-26,0.5487618006369456,0.5844860003900886,0.6042826788765737
2024-09-27,0.4971899375633655,0.5272105016779374,0.543369216320278
2024-09-30,0.47490460526141115,0.48245450984035315,0.48766311510938704
2024-10-01,0.6006688375157244,0.7008278828707912,0.6864488327510234
2024-10-02,0.5651749106954899,0.627550873150633,0.6118665922746088
2024-10-03,0.5119705692981225,0.5668919784353903,0.555211661594504
2024-10-04,0.4696950156623338,0.5195419405018576,0.531574054835128
2024-10-07,0.43360763233544014,0.4774924900626285,0.49257748478445945
2024-10-08,0.40868118746663307,0.4406586435640902,0.44483407882991893
2024-10-09,0.6818053789543806,0.8704849940182388,0.7494185807392263
2024-10-10,0.6583854309268213,0.7737254006953578,0.6656206869632691
2024-10-11,0.5891483532650995,0.6915148645935925,0.6258336724893051
2024-10-14,0.5320120680400938,0.619760887329306,0.5640932898626115
2024-10-15,0.5104305417869598,0.5635608401711295,0.5054829686615475
2024-10-16,0.5132704449708624,0.5830572946195733,0.5756313554172674
2024-10-17,0.5902128014645438,0.5393841792924189,0.5067461287301216
2024-10-18,0.5852209023725717,0.4964589482586036,0.4502052886150245
2024-10-21,0.5473429537360784,0.4852255245417884,0.47791362685343386
2024-10-22,0.5376237490836634,0.5076714417709113,0.5392646688250341
2024-10-23,0.4950892295371288,0.4736935398065868,0.5252685790169656
2024-10-24,0.5096841821974909,0.5218361118060867,0.6067657560703105
2024-10-25,0.464400800670875,0.4774675345217722,0.549117796736566
2024-10-28,0.43989406321386837,0.4576857007918342,0.5552792511180625
2024-10-29,0.4292568581915784,0.4255449244172179,0.4976418801321641
2024-10-30,0.5063780187569207,0.557939310985398,0.6375071184785086
2024-10-31,0.5518200203011171,0.6426846673989154,0.7609813844560221
2024-11-01,0.5636985915068167,0.6723777634659276,0.8474354300789811
2024-11-04,0.5981876454397478,0.6110063928344132,0.7455049930616435
2024-11-05,0.5355983018706795,0.5519904147981497,0.6725311431072211
2024-11-06,0.4898817077462444,0.5089782621090301,0.6447479798752506
2024-11-07,0.45117541490751756,0.46999641411350535,0.6055415367482943
2024-11-08,0.4362521938035453,0.46153139856856007,0.6227473477517267
2024-11-11,0.5202044717482331,0.6020670453017214,0.7733853568228449
2024-11-12,0.5263620948408995,0.5491415823264258,0.6859885201343422
2024-11-13,0.7222658495054303,0.8749065978722687,0.9629861655032593
2024-11-14,0.6338764150582946,0.7678803995567409,0.863506967563508
2024-11-15,0.5953616500615893,0.6847418879031093,0.7670654295957164
2024-11-18,0.5361410032673124,0.6164713880888446,0.7183796748139022
2024-11-19,0.5260133204144994,0.5615785383142994,0.6414374584242566
2024-11-20,0.4815638059947801,0.515800450248593,0.611699626218386
2024-11-21,0.44957391071588404,0.4823801220184153,0.595785900024484
2024-11-22,0.49645697953437806,0.4531028570048524,0.5301500613793854
2024-11-25,0.7068245534918614,0.4417280271007209,0.4643784250369355
2024-11-26,0.638271135995257,0.4122491300724311,0.4186759883739724
2024-11-27,0.5981041510159893,0.42633607831735604,0.4599005961008992
2024-11-28,0.5407750223504503,0.3990814634963233,0.41898298878278584
2024-11-29,0.4908276579863503,0.37547391623806164,0.38353864749942657
2024-12-02,0.4511784359358822,0.35758490496507006,0.35322382159023036
2024-12-03,0.4250198128106282,0.339935294159146,0.31913784271042533
2024-12-04,0.43209073928877034,0.32879274469463204,0.2885710670475683
2024-12-05,0.41886470983552826,0.338144804971417,0.3124666805214817
2024-12-06,0.3899512039521158,0.32226411319021847,0.28355549654678475
2024-12-09,0.4081990832497958,0.37170969177810936,0.3445880554023639
2024-12-10,0.412940831883585,0.3546700157942326,0.3093359812425982
2024-12-11,0.5111096341971086,0.5283629796355453,0.45249904696177035
2024-12-12,0.4710140103066489,0.48305753475960184,0.409837023695617
2024-12-13,0.4322459707777574,0.44236710807904045,0.3724202405416309
2024-12-16,0.4044897068095343,0.4154795553867995,0.3663113501959558
2024-12-17,0.41596898044815206,0.44300262635489407,0.4213101614001011
2024-12-18,0.49889744902817995,0.5778747621068433,0.5572775872896714
2024-12-19,0.453760338817795,0.5215998144123217,0.5033175180884736
2024-12-20,0.6366269655055414,0.8080656363088801,0.7379028220992504
2024-12-23,0.5788065729635422,0.7287695469919366,0.7251079625346023
2024-12-24,0.524156233007968,0.6476588302951353,0.6493545344681046
2024-12-27,0.49791486841612925,0.5849830309622287,0.584574289562526
2024-12-30,0.45632940270622846,0.5300808823080845,0.5291568533452656
2024-12-31,0.44406700213473355,0.516448115637688,0.5538836317202187
2025-01-02,0.46151611740019927,0.4791764901402657,0.4969963216382463
2025-01-03,0.5724405845568178,0.45935713745923373,0.44463768882552157
2025-01-06,0.546022460262146,0.4719221164422137,0.49094330275849285
2025-01-07,0.5032193257003968,0.437622327188281,0.4446139378784451
2025-01-08,0.4612594637839404,0.4090709272595281,0.41890939963865387
2025-01-09,0.42588752114476003,0.38367209870536356,0.38326998050453204
2025-01-10,0.4753545027826219,0.3713582348112302,0.3454158635320318
2025-01-13,0.542479969048979,0.5148865980674352,0.4757595951108836
2025-01-14,0.5091530037816718,0.49448528471958236,0.49164329905906523
2025-01-15,0.48024507697137975,0.4751277553494804,0.5031928559159932
2025-01-16,0.6155170101463734,0.459709637278107,0.44881874958952594
2025-01-17,0.6990158975122323,0.44487440568861586,0.40139535047326996
2025-01-20,0.8526918254425643,0.4473681838549624,0.3598930905657184
2025-01-21,0.7537676642237134,0.4152055833763224,0.32818815490438136
2025-01-22,0.6805294249336573,0.390256109688652,0.29899360268908654
2025-01-23,0.6103140778308593,0.3681992163723344,0.28451124831845026
2025-01-24,0.5567203399731644,0.3486727275960859,0.25947934339003226
2025-01-27,0.5888745314707953,0.46316586678544686,0.3599165672234953
2025-01-28,0.5323846936991501,0.4284773418736803,0.3316879959895122
2025-01-29,0.49892973336619256,0.40180641140600815,0.3026502068890092
2025-01-30,0.46573519605752267,0.37837436829207954,0.27695605485888647
2025-01-31,0.5582523800472639,0.3734815271523731,0.24884434589481197
2025-02-03,0.5173519496134484,0.3546947616752719,0.22941138169731268
2025-02-04,0.6205600627116226,0.5816292834837,0.37268025200587046
2025-02-05,0.5621283655291599,0.5308472282961206,0.3658193105936575
2025-02-06,0.5457843453391206,0.4900733771261097,0.3315850907199655
2025-02-07,0.624149784447248,0.47026340831648245,0.29796580135039097
2025-02-10,0.47386629410106723,0.45650379734604113,0.31773534714400564
2025-02-11,0.47659224773051784,0.43180756359022215,0.29006029812410655
2025-02-12,0.4657590752495782,0.4042269991207359,0.26892019015912993
2025-02-13,0.45772776276930854,0.3823724121529934,0.24848015625938535
2025-02-14,0.45581813763126916,0.41021539321760725,0.29202420285967845
2025-02-17,0.4513104149811248,0.41465604247342863,0.3198753628951282
2025-02-18,0.44576713019194875,0.3929138561233146,0.2958546746001686
2025-02-19,0.4371479514192019,0.3729561018434175,0.2834083618103799
2025-02-20,0.4409265890021385,0.42749282751851486,0.34344422218504295
2025-02-21,0.4431184725021154,0.4649007357222849,0.3985651128244899
2025-02-24,0.43483876020849543,0.43588977770690346,0.38206828754790356
2025-02-25,0.42604434989393297,0.4102588229236241,0.36371728933832986
2025-02-26,0.4179338332760802,0.38884200902735205,0.34163207184785255
2025-02-27,0.4233522095780497,0.375155475951695,0.313222044337456
2025-02-28,0.4158218428271712,0.35810917919975727,0.2929786671185616
2025-03-03,0.41625520178569153,0.3463582643070566,0.27074857911704475
2025-03-04,0.4202900062715409,0.33785498778891976,0.2500915159258186
2025-03-05,0.4702726364979096,0.6100030129766456,0.40342378835497616
2025-03-06,0.45977374262956533,0.5595297614961238,0.38547938950758387
2025-03-07,0.46782629574772777,0.6406761021080034,0.4732216780502371
2025-03-10,0.45877682829453587,0.5892829149060416,0.45393622541193795
2025-03-11,0.48186165857383007,0.6972006459165646,0.5713487387154248
2025-03-12,0.4834943648597177,0.9353942213055385,0.7402466430519885
2025-03-13,0.4811642373927255,0.8359241313330186,0.6813100986683132
2025-03-14,0.4701809944521188,0.747014074998889,0.6189641725667495
2025-03-17,0.4873218285749738,0.6946023856101811,0.5819098191468584
2025-03-18,0.4824533453870408,0.6350215257586411,0.5329042934921899
2025-03-19,0.4761238287007289,0.5789823898540273,0.49695026343875043
2025-03-20,0.46842071507649635,0.5295943521701857,0.46868971063249004
2025-03-21,0.4588691699358134,0.4897583503385971,0.44460496670712285
2025-03-24,0.4414996648466136,0.5351051553644252,0.5155411634255286
2025-03-25,0.4309500095612301,0.4983801528715242,0.5024828197197192
2025-03-26,0.4256198605489383,0.46254181763223395,0.4665437245157393
2025-03-27,0.41943743632201586,0.426564620821506,0.43016591246796676
2025-03-28,0.4042981039511222,0.41501880017041104,0.44142208702393804
2025-03-31,0.3827090128952382,0.3908457555213898,0.42551988612013125
2025-04-01,0.45762000055237845,0.5309391191124169,0.5446231445856083
2025-04-02,0.4591525066995308,0.49332414813308256,0.4998021128521868
2025-04-03,0.44109773877841507,0.47561324722138815,0.5111518866224481
2025-04-04,0.7022715505796123,0.9574517680136302,0.8259896273729325
2025-04-07,3.9382838903217707,6.748462153427477,3.4419197880909214
2025-04-08,6.40430253993658,10.660311766778642,6.496000143077727
2025-04-09,6.26844860766808,8.928897251867763,5.4857703054731095
2025-04-10,6.447251245845542,9.468220303079239,6.804883527983261
2025-04-11,6.560932795291594,7.975235317345178,5.767161629882677
2025-04-14,5.243518575809306,6.449081394968334,4.633475004501076
2025-04-15,4.847221767377667,5.365582871960204,3.826740758700073
2025-04-16,4.126133089427065,4.3846145518919,3.1479493794722617
2025-04-17,3.2910174780644805,3.5472145430019952,2.606461185431026
2025-04-22,2.6012853111017447,2.8433198005232496,2.1393812800385796
2025-04-23,2.099400288900821,2.2631652545276206,1.768538921637568
2025-04-24,1.7731869908608036,1.82902549256081,1.480187051138896
2025-04-25,1.3732722125815418,1.3981482396116613,1.20639982116618
2025-04-28,1.0577587286005332,1.0576243075066354,0.9831872736440671
2025-04-29,0.8247234342347396,0.808051457218449,0.8030021363287385
2025-04-30,0.7098818384154725,0.6581948075782885,0.6504536816752899
2025-05-01,0.6026888284873765,0.5460777626539403,0.5325379973503098
2025-05-02,0.5131570807668561,0.4665263517426711,0.453433568965569
2025-05-06,0.698775552382598,0.4906263603142291,0.44723372588867777
2025-05-07,0.5958639753366705,0.4369543114116987,0.39337896671741024
2025-05-08,0.5667099771796876,0.47225016146119386,0.46734309753799935
2025-05-09,0.5235609642234132,0.4662789192877603,0.49859708860364466
2025-05-12,0.475347792178213,0.42634711719301627,0.44155871215094183
2025-05-13,0.4839058222843636,0.40612437261246215,0.39585500234223214
2025-05-14,0.4432175938573938,0.38336737551207717,0.36054534624105766
2025-05-15,0.4217963533461127,0.3799082749609556,0.37454745575395515
2025-05-16,0.4419278499338463,0.3724211669855408,0.339905462463089
2025-05-19,0.46133412149587677,0.3664750384408829,0.31258728760902665
2025-05-20,0.42490670100551386,0.3514992687982382,0.2853848552729733
2025-05-21,0.5395804561800633,0.3677099660977894,0.26907636617284214
2025-05-22,0.4777429362645422,0.3510743906914093,0.24669872263323409
2025-05-23,0.4994733865884892,0.4396347724289742,0.34692753738681215
2025-05-27,0.4669498856096081,0.42875364003565114,0.3723501015436509
2025-05-28,0.49941888126992906,0.41028084381568874,0.33620381743680416
2025-05-29,0.5287471996113429,0.5046607413731061,0.45720120685154764
2025-05-30,0.47741353604493286,0.46016331000577015,0.4396646685093318
2025-06-02,0.49609915118784487,0.4313049019786679,0.3927983842737213
2025-06-03,0.45117915866077235,0.40157869732963203,0.35840746675907753
2025-06-04,0.4173099723522554,0.3782713010576078,0.3264196588485832
2025-06-05,0.39650212977740285,0.3628882307572151,0.3001827964025306
2025-06-06,0.37602712495524265,0.3490348710798468,0.27601077327746837
2025-06-09,0.3760533086897302,0.34351629308858656,0.25641975310742016
2025-06-10,0.3631122852047658,0.3370226968295876,0.25412522475652644
2025-06-11,0.36053595907137376,0.33435322977765,0.23680668609774533
2025-06-12,0.3499469794761424,0.3271623091310662,0.21962547160781995
2025-06-13,0.3474472464416661,0.3230758610814608,0.20523787534982343
2025-06-16,0.383273746426534,0.37991262102454965,0.2760573995453134
2025-06-17,0.37326268990674083,0.3603611484552132,0.2533140499012113
2025-06-18,0.4115660974749245,0.426184304466802,0.3407755204520101
2025-06-19,0.3848200836751008,0.3927455521575229,0.3089889218503249
2025-06-20,0.4472359225424603,0.49297592793338624,0.4292116540198857
2025-06-23,0.4213753632383062,0.45715884736690543,0.4358078147189071
2025-06-24,0.40631689164132717,0.4338864878968441,0.44292564157706116
2025-06-25,0.37901676089598985,0.3955462443702391,0.39417190212423375
2025-06-26,0.4133076575292951,0.4504195073385451,0.4730644834494157
2025-06-27,0.3882216779492123,0.40873694429362384,0.41849044784300293
2025-06-30,0.45664509831267897,0.3943934973166975,0.37581575681661267
2025-07-01,0.45992357292766456,0.4400289446435048,0.4479173509643445
2025-07-02,0.4265730421650458,0.40330484945990314,0.3994050177175181
2025-07-03,0.40058963469226466,0.3829420182871331,0.38988736866215795
2025-07-04,0.42586891500998014,0.3709329124685576,0.3531335579687646
2025-07-07,0.3957654279055083,0.35404943738897143,0.326021715142804
2025-07-08,0.38416322711901274,0.35638819190105797,0.34054352420791806
2025-07-09,0.4130355106303935,0.35235972593658543,0.31157796925727294
2025-07-10,0.3862278008969227,0.33948316172531395,0.28366553424891416
2025-07-11,0.63598941490195,0.37784545613587145,0.268008414581238
2025-07-14,0.5752031716142816,0.4176253705934542,0.33592745511820776
2025-07-15,0.5640026623235254,0.3991523591626194,0.30928444282562395
2025-07-16,0.5916859341419016,0.5397092148754554,0.45827336051597783
2025-07-17,0.5131756136986898,0.47843625044696286,0.44072126650716004
2025-07-18,0.4940185025850739,0.43505882135152213,0.39285905339896193
2025-07-21,0.443947931434779,0.3981894445917775,0.35100556774090785
2025-07-22,0.41223936645894177,0.373665381355355,0.31858933693762126
2025-07-23,0.3828469269879136,0.3536826073316109,0.2889483005792453
2025-07-24,0.3902388286249024,0.3466246443529904,0.26796804045144834
2025-07-25,0.4885942787321993,0.3568225986650048,0.25170958235493357
2025-07-28,0.4461076686258652,0.3597293494362847,0.27521682006174114
2025-07-29,0.45072544428708666,0.41524974754674265,0.351278614264053
2025-07-30,0.46738120174580877,0.3957193297085163,0.32598164069849767
2025-07-31,0.42180576559968963,0.37060514597945127,0.30349272501229874
2025-08-01,0.3936141694335274,0.3553999175051909,0.29160377943035903
2025-08-04,0.4850353097598052,0.5252766348864032,0.4472374979997304
2025-08-05,0.5023867629651529,0.4707323447524755,0.39986246015878213
2025-08-06,0.4471010476774343,0.4224389864125917,0.35948803579163097
2025-08-07,0.41104571581809585,0.3872391283098213,0.32371151875156257
2025-08-08,0.4919911526474965,0.5430078088869278,0.47891513511183903
2025-08-11,0.44006537763718606,0.4739772042544543,0.4443127657062142
2025-08-12,0.4223847437089302,0.4273300740275331,0.39684254085523796
2025-08-13,0.39551889143683755,0.3925581950018425,0.3561081169831459
2025-08-14,0.3773184229678451,0.3690891750749074,0.3226515848444919
2025-08-15,0.3603840619685764,0.351339616497322,0.2934952289035433
2025-08-18,0.3934647620936491,0.41083470049584303,0.37020453608043746
2025-08-19,0.3738364355016543,0.37987237041824107,0.3329480907584308
2025-08-20,0.37446417033697554,0.36206618851948313,0.30348961858370205
2025-08-21,0.5571273332507007,0.37965161171500156,0.28371343882879085
2025-08-22,0.4870238239465821,0.3605703347881931,0.2619237493958637
2025-08-26,0.43576598443010356,0.3468532837590563,0.2426993288042007
2025-08-27,0.4822809345856124,0.4763022098767448,0.37177602228843326
2025-08-28,0.4363373458892819,0.4308204863157185,0.3655376095757246
2025-08-29,0.44351169341582086,0.46388109237048,0.4377765665761091
2025-09-01,0.43368944748917415,0.45902413648815654,0.47555038861496
2025-09-02,0.3997089315222064,0.4134104446184783,0.41974436447886604
2025-09-03,0.5414070752264221,0.6598555827174643,0.6376232439252265
2025-09-04,0.5423827148727487,0.559097744057221,0.5506527052732266
2025-09-05,0.49921501339627544,0.48586305210314007,0.48222900847501227
2025-09-08,0.4470805573022118,0.4364661558457956,0.4541858983046442
2025-09-09,0.4114937828494232,0.3991510557485742,0.40270360822420814
2025-09-10,0.3889376320551664,0.3728258821571588,0.35951657253750685
2025-09-11,0.37948102582515125,0.37020464357701344,0.37165874450705977
2025-09-12,0.4597292374613569,0.3684289077099174,0.33795427933106975
2025-09-15,0.42546964361263523,0.3636623945581733,0.3469431142142772
2025-09-16,0.39458989649614923,0.35030607931280516,0.3341682345764335
2025-09-17,0.5397048681571734,0.6162271850609216,0.5542150859755882
2025-09-18,0.4687897623902945,0.5167375565185969,0.4796139061673888
2025-09-19,0.4231418045685727,0.44819040203940474,0.4185941351405737
2025-09-22,0.39521318422964463,0.4120058475952141,0.40732278085723606
2025-09-23,0.37182985434840604,0.37973872772214157,0.3632120875774664
2025-09-24,0.35798452612993487,0.35927979290780193,0.3412184758077102
2025-09-25,0.3557679724286805,0.34415994709873066,0.30861854369224984
2025-09-26,0.3856862770386613,0.3950909081336343,0.3770817553663683
2025-09-29,0.46296729324404323,0.38460649881135256,0.3446748076607766
2025-09-30,0.4177523102294672,0.36079568611890345,0.31110372675395714
2025-10-01,0.4302495549262712,0.3516264463849592,0.2859717491082884
2025-10-02,0.5714115984027766,0.3683894317033585,0.2697118460583774
2025-10-03,0.5003449694088338,0.36721440419577184,0.2925621484027636
2025-10-06,0.5095051537936143,0.36002203624698187,0.2707281342918155
2025-10-07,0.4533049029946978,0.35116520181814664,0.27763666161894573
2025-10-08,0.4093953919040171,0.33586222064336296,0.25348942465298846
2025-10-09,0.44924651726021103,0.3379418002416352,0.2367370933441558
2025-10-10,0.4460224121798821,0.3897389228876738,0.30646555725914804
2025-10-13,0.5559959060518103,0.612287229336786,0.5029004761140546
2025-10-14,0.4814047231524656,0.517778667961795,0.44057854814236086
2025-10-15,0.4310302660982864,0.45445877673959983,0.39578773125132116
2025-10-16,0.41824186646358275,0.44384082499648897,0.42733838678937536
2025-10-17,0.3857710529114851,0.40147805036117273,0.38068389862841995
2025-10-20,0.513465640101882,0.6147740886569529,0.5691604237376771
2025-10-21,0.49049098905798827,0.5295038903101928,0.5047485224580084
2025-10-22,0.4404124213709676,0.4618116140975075,0.44241169715355133
2025-10-23,0.5325776145699764,0.43675615171038634,0.3931894378553585
2025-10-24,0.5274747854374658,0.4083018231838713,0.3562586820297952
2025-10-27,0.5300008191708245,0.3896011942990608,0.326869272604154
2025-10-28,0.46513450725196526,0.3712379652015302,0.3157283736314523
2025-10-29,0.4416021910355825,0.35440443178869213,0.28564092831099275
2025-10-30,0.45245099535642397,0.34720059724812935,0.26124544107346204
2025-10-31,0.409516479280224,0.33333977961389916,0.23381038972096102
2025-11-03,0.42735137199818835,0.39556229081751143,0.3063006628614468
2025-11-04,0.4033270744241221,0.38132207506914906,0.31833566074619823
2025-11-05,0.3751386804406243,0.3586187526556511,0.2929185944071589
2025-11-06,0.4142573505090799,0.3456884653390247,0.2579944638363736
2025-11-07,0.4223277188483847,0.4030083920060405,0.33985457187433654
2025-11-10,0.45509990127869066,0.48282296356513243,0.452901142704229
2025-11-11,0.5966150212526845,0.4308415194782488,0.3641043696400019
2025-11-12,0.714468923110344,0.3951881312718687,0.2951219449628872
2025-11-13,0.5738198237994836,0.3693125776522852,0.27655421905670174
2025-11-14,0.7152750121420789,0.7284634441135137,0.5565551517232169
2025-11-17,0.8380661602328981,1.024961912496708,0.8775842122932644
2025-11-18,0.6672520831193044,0.8082362513807947,0.82622547695726
2025-11-19,0.8809933635263186,1.2009834792415086,1.1979215531807228
2025-11-20,0.7311987913574148,0.9839281810275115,1.1645526843046732
2025-11-21,0.5868754028172961,0.7584086108706697,0.9512393714980526
2025-11-24,0.49166739630576306,0.6104860470745987,0.8030465033371111
2025-11-25,0.43239455743028204,0.5146996520695297,0.7158248851407107
2025-11-26,0.48813458199951854,0.44946984661941264,0.5815288941802613
2025-11-27,0.5419363521551416,0.404872295002398,0.4747978269323996
2025-11-28,0.4623299285405105,0.37908755314167014,0.4340281591604793
2025-12-01,0.4204203532498734,0.35941256653312803,0.38720351702534717
2025-12-02,0.39750671611540694,0.36358900623587,0.40819210029109637
2025-12-03,0.37091920947011137,0.35008841898865495,0.38511834355428537
2025-12-04,0.3587343523893973,0.3473016361479179,0.3853127557641657
2025-12-05,0.3476666545855023,0.33784998669778055,0.34955706591001945
2025-12-08,0.386441484471641,0.40701465167244294,0.4394961951866402
2025-12-09,0.37643964123609397,0.39902262632818725,0.4609248751348086
2025-12-10,0.35616440546505634,0.3733734959323397,0.43301307090348007
2025-12-11,0.3431053343882207,0.35520349733285383,0.3892885513715444
2025-12-12,0.3664922329938894,0.3418723066907047,0.3420881545161091
2025-12-15,0.41834833956115186,0.4427983200228287,0.4585968083688253
2025-12-16,0.5641087453577355,0.401861630923167,0.3770609346834663
2025-12-17,0.5772509370871464,0.5325934384346427,0.5253640329294283
2025-12-18,0.6195104992959426,0.460911963986588,0.43189721531943603
2025-12-19,0.575502715934578,0.41510049794537257,0.377163356541472
2025-12-22,0.5342736701964825,0.3810652130894116,0.3257808827445473
2025-12-23,0.4807914401536862,0.39792538473634315,0.3776601522240232
2025-12-24,0.42377989410643785,0.36847517604440494,0.3409102512699106
2025-12-29,0.3954997086652145,0.3663155551818767,0.3654020346931177
2025-12-30,0.3664653139113129,0.3501062039030165,0.35709935617405225
2025-12-31,0.4355620752727732,0.34043545368575656,0.3072036669981854
2026-01-02,0.3978010647985376,0.33733500988613685,0.31631416026839565
2026-01-05,0.36945293464978024,0.32796192418197495,0.2924248130286217
2026-01-06,0.39027724333002506,0.32307076391579437,0.2592524461047258
2026-01-07,0.5934926033438642,0.3217638810263851,0.21345930388690268
2026-01-08,0.6109777946767456,0.5072646720940592,0.38633605774408114
2026-01-09,0.5014377888068411,0.4428032397945604,0.37019835312723987
2026-01-12,0.531690337032862,0.39987391865525157,0.31659639224606334
2026-01-13,0.4510131222706418,0.3703173779472097,0.2936362457867945
2026-01-14,0.40172263393191876,0.35332144993835995,0.2935252923229395
2026-01-15,0.3996490201753655,0.34066107069623147,0.26497543686502484
2026-01-16,0.4090369721829275,0.33199514443759476,0.2379854241014487
2026-01-19,0.37462362931750015,0.32749118326200294,0.24406146193356462
2026-01-20,0.39033204010728445,0.3812790801528743,0.32225306730029263
2026-01-21,0.4637321334011099,0.5177401787052814,0.47460938700324096
2026-01-22,0.40664279959607075,0.4461201247205916,0.4249855687196711
2026-01-23,0.371906040052238,0.4007448090936596,0.38625964622356507
2026-01-26,0.3503381224878505,0.3735509303193528,0.3786833871811644
2026-01-27,0.33547086820634153,0.35307026354161175,0.35100388564852736
2026-01-28,0.375191888120024,0.33925541238872003,0.30726131216266994
2026-01-29,0.4155268233252456,0.42904676764039706,0.4198004918927206
2026-01-30,0.3781993743783264,0.38921062116280103,0.37777460457519035
2026-02-02,0.3895014525323077,0.36334328235139585,0.33131003588949365
2026-02-03,0.5799151679828036,0.34724804105371143,0.27222203898610026
2026-02-04,0.4995125748288229,0.36350724585156957,0.3180243296094097
2026-02-05,0.5407828310084322,0.34595260253489324,0.2710366616451579
2026-02-06,0.6271055204950935,0.595510224460541,0.4883268400616925
2026-02-09,0.5588195375331365,0.498657215879289,0.4147863570673634
2026-02-10,0.4690011972963906,0.43447161697164194,0.3735071012535442
2026-02-11,0.43413840284750266,0.4281794250593544,0.4225767973799454
2026-02-12,0.5923474607315095,0.38748303010377383,0.34349719824949154
2026-02-13,0.5879502201422188,0.5103191233434414,0.49416164481090075
2026-02-16,0.5075861868430862,0.4411987921130781,0.42574612255527006
2026-02-17,0.44024795638362774,0.3955271866686659,0.37853872499578844
2026-02-18,0.4859017169112118,0.3666492644948226,0.3240800811197729
2026-02-19,0.6639568884306983,0.3472554341410161,0.2689798702363385
2026-02-20,0.6027297591318467,0.44029948975342187,0.39138356822072773
2026-02-23,0.5366877060346502,0.39380076319746327,0.3411446863793906
2026-02-24,0.4516675016682627,0.3638356032864282,0.3274418982586763
2026-02-25,0.3948646391221727,0.34383398064397236,0.3212927359321043
2026-02-26,0.5784675600416256,0.33016476809151235,0.27207510402337093
2026-02-27,0.49471656367746186,0.3204225141347594,0.24813149390534253
2026-03-02,0.471418536506926,0.31363840352700295,0.22544418095632515
2026-03-03,0.7008757356907375,0.7706238684107598,0.580145791897278
2026-03-04,2.087807271649736,3.1035050683743695,2.07343843381365
2026-03-05,1.52886001922424,2.121013679151788,1.4900950460717057
2026-03-06,1.5410009307422565,2.200283100255057,1.8435631194438624
2026-03-09,1.4165093097115582,2.0630933462376375,1.9770306506982949
2026-03-10,1.0355195537214663,1.5014609382804225,1.617231491780816
2026-03-11,1.2024549131581013,1.1005513844416988,1.19403152044235
2026-03-12,0.9489803313666565,0.9402052707682654,1.1588073835408235
2026-03-13,0.7652904678800465,0.8011795823370983,1.0933367165502086
2026-03-16,0.6403083675280736,0.6978032377172894,1.0297279806580346
2026-03-17,0.5586177796967827,0.5620224909365423,0.8101065514707494
2026-03-18,0.5719342188898184,0.47389394490253,0.6519831594503528
2026-03-19,0.669567533882905,0.7223284639318822,0.8828149264766826
2026-03-20,1.686307788714906,2.409892692466079,1.939908360932218
2026-03-23,1.6403469921082983,2.3975569792643925,2.180802006442374
2026-03-24,1.1640400133414988,1.6951168412646354,1.713594791470744
2026-03-25,0.9283362049338858,1.2164745764650335,1.2674610253991425
2026-03-26,1.052361359023101,0.9140950166801967,0.9695121279128465
2026-03-27,1.1669597325862537,1.3056164234154632,1.3461796491311608
2026-03-30,0.8524835443106296,0.9704139408173345,1.0796082294879301
2026-03-31,1.1093613492259768,0.7533911196695136,0.835441018062021
2026-04-01,0.8477013797736231,0.5989627766865186,0.6747968809073114
2026-04-02,1.2578843615532742,0.5117599601101724,0.546717567127221
2026-04-07,0.990758268675055,0.4441040907076565,0.46273712667359046
2026-04-08,0.9059238162030145,0.6371363013504238,0.6756254775969053
2026-04-09,1.830493885970183,0.5346763225975957,0.5566090347667705
2026-04-10,1.2939934345674056,0.4627563410355088,0.4949799246020776
2026-04-13,0.9475878834164447,0.41166820327437137,0.44521176838359566
2026-04-14,0.7288140997007233,0.3891506877140813,0.4412968236989453
2026-04-15,0.5785714496955885,0.3596146869198848,0.3871017451600944
2026-04-16,0.5301696292471817,0.4203383492285215,0.4760790734712275
2026-04-17,0.4481918326778786,0.3798811433494643,0.4147230991883633
2026-04-20,0.4787847487824941,0.351702147695183,0.3595034016719294
2026-04-21,0.4863992297670337,0.4463929565456834,0.4788856268004172
2026-04-22,0.662171830024126,0.7800797913436156,0.7755578078194127
2026-04-23,0.5442596533585107,0.6388379968088213,0.7166176631814014
2026-04-24,0.46705702533332166,0.5435535462962907,0.6672188829136285
2026-04-27,0.5306146216300162,0.6570219695246506,0.8172187223337128
2026-04-28,0.519256681117359,0.6515431771398124,0.8722116908942191
2026-04-29,0.43918860930334214,0.5369141369051423,0.7158872909275527
2026-04-30,0.6666696647815973,0.9010230280664273,1.0347065571870264
2026-05-01,0.9913273087519165,0.7116877467858607,0.7970469475980977
2026-05-05,0.757552576057508,0.5888644696928504,0.71804669851185
2026-05-06,1.007998274909848,1.1423591822895496,1.159528089766608
2026-05-07,1.5948861166393666,0.8806235307458337,0.8643313911093273
2026-05-08,1.6741534750975353,1.526450328706868,1.402895035168068
2026-05-11,1.2217103256176467,1.1945587222580865,1.2722640376200067
2026-05-12,0.9006984216714148,0.8987263768741031,0.9971555396098092
2026-05-13,0.6780308264340921,0.7012452279971723,0.8374374625049273
2026-05-14,0.5896043488289693,0.5679322757238384,0.6791160910395264
2026-05-15,0.5069857738624725,0.47531777280090115,0.5630681130171749
2026-05-18,1.0708703850470178,1.4136663136496086,1.2035440487881734
2026-05-19,1.073776333626273,1.0595494037335402,0.9248661396299495
2026-05-20,0.7995563325176424,0.814799691888212,0.763705121272005
2026-05-21,0.7834685464995714,0.6485652068066466,0.6152168055769758
2026-05-22,0.608936447990468,0.5335658763501223,0.5269228652029955
2026-05-26,0.49799410684819667,0.45430114386535914,0.4549200153110231
2026-05-27,0.4262517439439809,0.39994503499915707,0.39764207576017635
2026-05-28,0.37424399594315333,0.36281497733544443,0.3544617420470382
2026-05-29,0.4770434388391584,0.5428054469295023,0.5398382583551031
2026-06-01,0.4189078034066267,0.47443200948589276,0.5219894768519784
2026-06-02,0.4805111253952956,0.5803111719854488,0.6671504169297622
2026-06-03,0.42654081142856815,0.4876959680624257,0.5615698109482465
2026-06-04,0.4188702840917906,0.4856801370132506,0.6092478311529462
2026-06-05,0.38019422851268325,0.4226195440330425,0.5172424730903653
2026-06-08,0.34660248830535173,0.3800106290565498,0.4510517294291695
2026-06-09,0.3245964532776317,0.35098810858455254,0.39886628542924457
2026-06-10,0.742716497065828,1.0044006443276292,0.8674327680272805
2026-06-11,0.5888024938967524,0.7721983994159614,0.7118172522704792
2026-06-12,0.5162231392593521,0.6190322635269984,0.5897175009786301
2026-06-15,0.9002807475692455,0.5170914811070224,0.46594328776733185
2026-06-16,0.726006662917188,0.5029115354497442,0.5245266944681848
2026-06-17,0.6290864107492798,0.4348275489714027,0.44383937300999815
2026-06-18,0.5086856951351642,0.38741094445146534,0.3932595704803415
2026-06-19,0.6694768404066228,0.7280553640954918,0.6855941639395242
2026-06-22,0.5678976454554098,0.6351710242443417,0.6959097528810475
2026-06-23,0.5520371423873328,0.5254034752280321,0.5702495447790961
2026-06-24,0.4634982899444103,0.4553662455021691,0.5268937820196017
2026-06-25,0.4125912215799868,0.4022534697263204,0.4537291676381121
2026-06-26,0.4346517845847918,0.3666288058001798,0.3879150503483205
2026-06-29,0.3955628988571157,0.3605450032133775,0.4067406517757283
2026-06-30,0.37257083718893497,0.35982322129109023,0.42765348113328305
2026-07-01,0.3424315256586108,0.3369745251612773,0.38116161047175406
2026-07-02,0.33161044833006315,0.3352824119220519,0.39255246045615644
2026-07-03,0.8047551190259703,0.3230911973884621,0.31734784662163396
2026-07-06,0.6280149482002364,0.3126470759590016,0.2890359991355883
2026-07-07,0.5284847259584174,0.33205245563435914,0.3310961631412432
2026-07-08,0.44605584851677255,0.31893710580811835,0.30347141836640656
2026-07-09,0.9708503936382746,1.2469406328097616,0.9152874783774069
2026-07-10,0.7392328184645177,0.9443754699396155,0.8132470247492818
2026-07-13,0.5891430452541262,0.7347784800982714,0.673756161538341
2026-07-14,0.48526797539936883,0.5940183947329901,0.5840529210171058
2026-07-15,0.4287546698871024,0.5004198480401346,0.5018182729073609
2026-07-16,0.38329551502426445,0.44110722882656817,0.48153763630422464
2026-07-17,0.3928050868711631,0.39613862776214764,0.4141857621109909
2026-07-20,0.3630735069838698,0.36198399282603755,0.3676511989294179
2026-07-21,0.45155276423575824,0.5152061185512994,0.5301352836522677
2026-07-22,0.4444864663386851,0.44506149144312784,0.4513129329826337
2026-07-23,0.6492055964148585,0.39839479454907584,0.37444356751643976
2026-07-24,0.6424678054970504,0.5455354281684617,0.5404900219022004
2026-07-27,0.6539126183511376,0.46661707774728545,0.45242614982835244
2026-07-28,0.5486125489132876,0.4114184918629187,0.3935581497358718
2026-07-29,0.5672860072510174,0.3745661360374185,0.3402415015674007
2026-07-30,0.48436870025995116,0.34886482776578276,0.3059595531201668
2026-07-31,0.4223949082600866,0.3381611068777001,0.312764689801823
2026-08-03,0.39703222115717735,0.3537681129630655,0.3549931593301589
2026-08-04,0.3642000684957312,0.34050973021973124,0.35286351431286916
2026-08-05,0.3412714506747477,0.325322952931522,0.31926280480453406
2026-08-06,0.32229869815161055,0.3143006694645063,0.293868549833103
2026-08-07,0.32140870610565003,0.3224178554766989,0.3187623882131404
2026-08-10,0.3195953664470734,0.31164811939692105,0.2881464303570156
2026-08-11,0.34185827392561186,0.3529019795244501,0.3529336830933402
2026-08-12,0.33179071237066904,0.34610613931315115,0.3665194995646686
2026-08-13,0.318953756911776,0.3334772456612538,0.36189603281921034
2026-08-14,0.3831690664364251,0.4315382152917988,0.47884584503473254
2026-08-17,0.36152138987464094,0.40535621436516167,0.4830128784436831
2026-08-18,0.3550529011980505,0.3989733203010791,0.5033552909569825
2026-08-19,0.3265201373444309,0.36235021766420505,0.4437607327958633
2026-08-20,0.3107636816226136,0.3380963025673041,0.39058541093452853
2026-08-21,0.29887594794557876,0.3211716238788567,0.34945691201177526
2026-08-24,0.35673225411866705,0.31000604925262376,0.3082499942460448
2026-08-25,0.34512472457546345,0.3018636139642573,0.27817922092670305
2026-08-26,0.33181605303059797,0.2960375522957815,0.25424937257594626
2026-08-27,0.3158936874827073,0.29570584878771183,0.2583339855098878
2026-08-28,0.44570519436047334,0.508263355419616,0.4496924809266604
