Date,GARCH-t,GJR-GARCH-t,EGARCH-t
2000-01-04,1.6406428501312667,1.6353717569783517,1.6276746066882903
2000-01-05,2.0143374633243756,2.2646650917796367,2.0938895693493915
2000-01-06,2.008899018486427,2.303370273102849,2.2242664567938513
2000-01-07,1.9478298973720456,2.258643984684708,2.262880522629296
2000-01-10,1.8557711481595218,2.1400702725673892,2.1172901383244445
2000-01-11,1.8189092447356179,2.028154175425729,1.9768219080877827
2000-01-12,1.7740935111529148,2.00715908377793,2.033601920777512
2000-01-13,1.6728408249709394,1.9027366868248725,1.9113936811327372
2000-01-14,1.577120452513788,1.8042739728476174,1.8034048544468784
2000-01-17,1.6100525571066449,1.7113696967636696,1.6832200558841324
2000-01-18,1.5187142229215302,1.6237796494137744,1.587218594605005
2000-01-19,1.6585351502993217,1.8724332394023377,1.8394433684472045
2000-01-20,1.5947159553312678,1.818058540233703,1.8491458236232297
2000-01-21,1.5881233819108622,1.8408419589142995,1.9376971594814387
2000-01-24,1.4978267984680502,1.7459715340493842,1.8299379309728212
2000-01-25,1.4219001772736115,1.656398857626413,1.720093147718249
2000-01-26,1.454979634374488,1.7252855283984334,1.8407478115203608
2000-01-27,1.4655121893142726,1.636897625295845,1.7206043560458752
2000-01-28,1.4195087711013075,1.5535896317955695,1.6143731002811808
2000-01-31,1.3843713437148115,1.5381873097029832,1.6554132242579536
2000-02-01,1.4257018573753548,1.6288203454266759,1.784691640724716
2000-02-02,1.349404354191127,1.5459780979764266,1.6796633037077051
2000-02-03,1.2749458417971238,1.4679290425491247,1.5837463277081016
2000-02-04,1.208339420922839,1.3944263147920684,1.4933595333299088
2000-02-07,1.3636337634762752,1.6284930193688045,1.713408314884881
2000-02-08,1.3390015825857229,1.6129195967021834,1.7546343063795804
2000-02-09,1.5352556438109453,1.5309950053632988,1.6312201545151384
2000-02-10,1.4548352130598503,1.45381627158855,1.5362973719207504
2000-02-11,1.3871673367556363,1.4024280999400742,1.5238214389229465
2000-02-14,1.390935596957349,1.4579333615697527,1.6213369635343868
2000-02-15,1.4793154642586148,1.6327807834693688,1.801584362081591
2000-02-16,1.441027313421693,1.6133201481931645,1.8321557933195325
2000-02-17,1.5549643017671049,1.53137242672319,1.7061904776378194
2000-02-18,1.4999477659093041,1.4541717563487029,1.6011672795405156
2000-02-21,1.4367331661132727,1.4152134859166168,1.60333453203233
2000-02-22,1.432043649623489,1.464722850779988,1.6911029895612502
2000-02-23,1.4030185535893787,1.4693516430101472,1.7375977133246732
2000-02-24,1.490765304971093,1.395765758037871,1.6203886569822288
2000-02-25,1.442799120304651,1.385884185812569,1.6501564349597673
2000-02-28,1.4801789545660635,1.317197943118288,1.5420354752390082
2000-02-29,1.4969893711011275,1.4258566865860374,1.6676338792877874
2000-03-01,1.573547752114229,1.3548186504274125,1.555229176733587
2000-03-02,1.6304421217646692,1.287967529616851,1.4513423139924146
2000-03-03,1.5724285035868153,1.2250896560933568,1.3640051235568715
2000-03-06,1.5068250949481565,1.165982924278984,1.2844225959985869
2000-03-07,1.4739097414398912,1.1104560563830073,1.2069804344311148
2000-03-08,1.4861260530133793,1.248224135759095,1.3539604804662868
2000-03-09,1.4329289753557128,1.2433127503385206,1.3930647941483787
2000-03-10,1.4790527430849172,1.1831093808921578,1.302562698468879
2000-03-13,1.405665281747874,1.126541445612942,1.2298349423845136
2000-03-14,1.4274201406892888,1.2627230279917456,1.3759705220593232
2000-03-15,1.3499653580506317,1.2013549592830322,1.3004049187913471
2000-03-16,1.2929944351769271,1.1743437241091632,1.3119524034476573
2000-03-17,1.336468613535916,1.118308226270503,1.228526593267642
2000-03-20,1.2619785993801576,1.065697153323112,1.1656850572365909
2000-03-21,1.2337168955522764,1.016337466080211,1.0981627334158757
2000-03-22,1.1667540652902926,0.9711776778209483,1.0571827421208775
2000-03-23,1.1046034513948648,0.9295391596157708,1.022102103976884
2000-03-24,1.0489115785333911,0.8944536196508005,1.002098082292172
2000-03-27,1.2119459320099757,0.8559943480922956,0.9350845323316328
2000-03-28,1.1756811039195152,0.8830728441710399,0.9915922940592184
2000-03-29,1.1288197661253392,0.8786701910771844,1.0162193535134372
2000-03-30,1.1009471156185826,0.9043481111729422,1.0683823769411263
2000-03-31,1.305652873740233,1.3227933460255565,1.3520472411164663
2000-04-03,1.3183212554761548,1.2578413110751243,1.2679349454456157
2000-04-04,1.3102060255028174,1.3018773040542155,1.3599781371016855
2000-04-05,1.2522872439706814,1.260217265797926,1.357518556304454
2000-04-06,1.211097011980616,1.2408193936644787,1.3813100879669782
2000-04-07,1.1979786224086917,1.1807658848875549,1.2982213296380551
2000-04-10,1.2745786118480436,1.1243402161211258,1.2145997722618935
2000-04-11,1.2200199670696168,1.0979048695910854,1.2239918943454944
2000-04-12,1.402222596954999,1.4576560754338244,1.4955434949144368
2000-04-13,1.3331696021460575,1.3981464165078028,1.470814519919945
2000-04-14,1.2589771591496248,1.3287376203791752,1.3905605820017353
2000-04-17,1.5228741259394578,1.750636121897323,1.7176047569399133
2000-04-18,1.7523825877269483,2.096655607644251,2.034071510012022
2000-04-19,1.7036066582361085,1.9871833940757688,1.9021058947185945
2000-04-20,1.7073291235576782,1.883890477826392,1.7756411777478194
2000-04-25,1.634086100322009,1.7864532888555884,1.6664178572714157
2000-04-26,1.5542584381348306,1.6945661935922038,1.5672179407474285
2000-04-27,1.473799815569345,1.6183317340292607,1.5343480771739468
2000-04-28,1.452990897606035,1.6247970252821364,1.6111801260033538
2000-05-02,1.5692370300187066,1.5421868704142692,1.5009666727837585
2000-05-03,1.496721273890639,1.464357931621553,1.413036432567367
2000-05-04,1.730206938349756,1.88693835003168,1.7614006047596733
2000-05-05,1.6320344308432528,1.7893279858868125,1.6591138469334359
2000-05-08,1.5507862310438032,1.6972767395696366,1.560768398683771
2000-05-09,1.4686090297671446,1.6181435159827404,1.5206220258707739
2000-05-10,1.475170009394973,1.6633385959392146,1.6338904826704652
2000-05-11,1.398611791297859,1.5870222420157465,1.5905489849732364
2000-05-12,1.522288184121798,1.5065945519397521,1.4819482745118016
2000-05-15,1.4475313850253149,1.4308355813651836,1.3964532038976192
2000-05-16,1.3806890917061343,1.3815829950517493,1.394840388016829
2000-05-17,1.3509000633369799,1.3131504372791076,1.310764158621163
2000-05-18,1.4338162857533938,1.4996778887528943,1.5070766576811974
2000-05-19,1.3650282606099493,1.4243219319648843,1.4198874392018335
2000-05-22,1.6416937180952975,1.8745281687828963,1.7758547597554952
2000-05-23,1.5492783214772758,1.779147632321841,1.6955118952187718
2000-05-24,1.4848254340265912,1.6876778226026528,1.5926334654404524
2000-05-25,1.4096016980012411,1.6014477429706377,1.5000137375357356
2000-05-26,1.4529440713955686,1.5201858764809926,1.402467551782098
2000-05-30,1.3738468624204998,1.4471518638844647,1.3568491367895352
2000-05-31,1.4887064306135747,1.3748650024062148,1.2653179561351335
2000-06-01,1.4045406860556096,1.306841102603365,1.2012692198082342
2000-06-02,1.4369479604936575,1.2428379474946682,1.1249947003303389
2000-06-05,1.5581278266995053,1.1826631122890827,1.0480706859738664
2000-06-06,1.5259333189090207,1.2387805805560512,1.158533232295938
2000-06-07,1.4393928543660743,1.1788553575083118,1.1010668184343368
2000-06-08,1.3776646390828233,1.1576834096406188,1.1317683046646945
2000-06-09,1.3014645693806837,1.103848518019251,1.0899494107863448
2000-06-12,1.2610847972435677,1.1086592133281454,1.1424980095779054
2000-06-13,1.1940792231329898,1.0603896341657761,1.111170661963602
2000-06-14,1.130844181259584,1.011360107751229,1.0539742621327617
2000-06-15,1.1555109982053982,0.9654011415317919,0.9905362622757742
2000-06-16,1.1194736736671358,0.9698565683808957,1.0342370533703187
2000-06-19,1.071605070117536,0.9265287219186639,0.9794644050426154
2000-06-20,1.0328457390935788,0.9171332638568621,1.0040837300701988
2000-06-21,0.9930364089677869,0.8771964281291177,0.9510413637024924
2000-06-22,0.9768086958638085,0.9000999422273689,1.0051819864706732
2000-06-23,0.9863461708161524,0.9601187143699564,1.0882563903325773
2000-06-26,0.9435845685185953,0.9298604022490843,1.0793091765880751
2000-06-27,0.8967362682884036,0.8890995852355752,1.0245297634886534
2000-06-28,0.8676813771954949,0.8746913110832852,1.0353137454268604
2000-06-29,0.889307344178847,0.9353106570649828,1.1135194475377743
2000-06-30,0.93593711339448,1.0276464183015086,1.2155734019737305
2000-07-03,0.9624274668685359,0.980663217411708,1.1432635427814561
2000-07-04,1.2108684098191935,0.9366472457837326,1.0643786447286303
2000-07-05,1.1796542350542873,0.9631997748160961,1.1204823219801947
2000-07-06,1.1315069641027193,0.9491734396975269,1.1340442869979759
2000-07-07,1.0847087118832037,0.9071689717696685,1.0724232127743818
2000-07-10,1.095331559704239,0.8678798100835771,1.009274586775015
2000-07-11,1.05076295745241,0.856937618368567,1.0230401218519942
2000-07-12,0.9955092556573912,0.8209506096723829,0.9724898268046447
2000-07-13,0.9646913848476912,0.7873718118490797,0.9206284405068337
2000-07-14,0.9431643336787959,0.8072924707255942,0.9637899949091161
2000-07-17,0.8947107500945558,0.7746634446090441,0.9197177619353966
2000-07-18,0.8824391792859424,0.7442429110720487,0.870169894118877
2000-07-19,0.9258004299830402,0.8694329908848573,0.9870156795488012
2000-07-20,0.8806060250496716,0.8326184477383011,0.9380210635535345
2000-07-21,0.8363437291471267,0.7982546288734271,0.8937229890121038
2000-07-24,0.927250558307457,0.9737531494371207,1.0464546507925319
2000-07-25,0.8797540845727236,0.9301769265191392,0.9953145536475086
2000-07-26,0.8362474282483893,0.8893956627557692,0.9465510489163423
2000-07-27,0.7957516573862559,0.8517327692613031,0.9099678316877623
2000-07-28,0.782013182398948,0.849737273444441,0.9391805655130537
2000-07-31,0.7512576702928112,0.8221241467581355,0.928524047989163
2000-08-01,0.7295696417722735,0.7884662015594494,0.8811389285812372
2000-08-02,0.698578107353117,0.7570961192131929,0.8388946435118076
2000-08-03,0.6690971286931315,0.7278944297475971,0.7995619731406683
2000-08-04,0.7534464960105735,0.8598344378793568,0.9239319984133698
2000-08-07,0.7530195105244998,0.8236552018715185,0.8744665449316796
2000-08-08,0.726387062550587,0.78989406201942,0.8312048266580669
2000-08-09,0.7129903521611861,0.784722070006348,0.8545075951803183
2000-08-10,0.7335888982989021,0.7536088814470404,0.8080683488511567
2000-08-11,0.7159228259167493,0.7468563471778698,0.8263891459393821
2000-08-14,0.684067708854548,0.7187342286501057,0.795725107136601
2000-08-15,0.6751264463928723,0.6922380653976969,0.7557325351299659
2000-08-16,0.6995668980753309,0.6676498018435538,0.7153732952667259
2000-08-17,0.7214495870036484,0.6448644137518426,0.6773222981308178
2000-08-18,0.6936886158219688,0.6308858749934896,0.6770317615427556
2000-08-21,0.6726699090699151,0.6108619600705507,0.6454942966768349
2000-08-22,0.6438456724326435,0.5925451186065183,0.6229295204201466
2000-08-23,0.6482017737674318,0.5754986490067301,0.592160436853113
2000-08-24,0.6300255303096614,0.5733731926725654,0.6060089453231758
2000-08-25,0.6071166905966668,0.5614747645707817,0.6005047962120428
2000-08-29,0.5833764746233796,0.5469272634099422,0.5759025454806918
2000-08-30,0.5698613264146459,0.5335801470463216,0.550489167592868
2000-08-31,0.5638282361996831,0.521353153587805,0.5256342765366997
2000-09-01,0.6069387949994839,0.5101691961634719,0.4982673233276167
2000-09-04,0.8238241148461426,0.4999544165834776,0.4639676434240348
2000-09-05,0.7835454404498844,0.49063823229290776,0.4472256020418916
2000-09-06,0.7822533828525857,0.5621356121041159,0.5253773521905588
2000-09-07,0.8016643848723345,0.6596814629139124,0.6258475168987648
2000-09-08,0.7640640957983253,0.6386840774600955,0.6118374553287477
2000-09-11,0.8565321000824523,0.8392126677159161,0.7793426099378229
2000-09-12,0.8209625138277648,0.8139569544361593,0.7820091602821819
2000-09-13,0.7944940148896011,0.8002117798393706,0.8001777419804154
2000-09-14,0.857139677671486,0.9197726996179044,0.9272504054500388
2000-09-15,0.8968385961570491,0.879664684073468,0.8735430544685168
2000-09-18,1.1107918390626585,1.2366766270439262,1.143610972206429
2000-09-19,1.0521489814529639,1.1779825683121457,1.1009984906658659
2000-09-20,0.9973688308920919,1.1227759784752211,1.060441177399579
2000-09-21,1.1491776241941953,1.3533385074473312,1.2801213563716825
2000-09-22,1.1719420807855574,1.3997603816857422,1.38401167956441
2000-09-25,1.1082801254383792,1.3302565564842905,1.3097038503553942
2000-09-26,1.0793262266896906,1.264861268954567,1.2341579706776895
2000-09-27,1.0505558805024184,1.240714757469132,1.2614365334304993
2000-09-28,1.0336537301923863,1.1806675388551993,1.1884813241100292
2000-09-29,0.9798076717346104,1.1249383095668641,1.139439047944013
2000-10-02,0.9397227270472356,1.071920092281597,1.0783539345239388
2000-10-03,0.8937093038457151,1.024537262711563,1.0454819438291296
2000-10-04,0.9001635852606211,0.9777492543416989,0.9862758031007686
2000-10-05,0.8571016760942656,0.9366667385520673,0.9600248545721441
2000-10-06,0.8460965713594331,0.8954667271542961,0.9082094018202884
2000-10-09,0.8049312436521281,0.8569411876868286,0.8649739250546746
2000-10-10,1.0174544904618656,1.1812004091339652,1.1137669625640987
2000-10-11,0.969391713033693,1.1311237458434038,1.093560896017361
2000-10-12,1.1581172644438382,1.4005522544753446,1.3341756619425207
2000-10-13,1.0969438892346284,1.3310018106238355,1.2621798408766005
2000-10-16,1.1121749390447278,1.2655622849620518,1.185986451979854
2000-10-17,1.1207443541664817,1.2040241329742558,1.1152647311863009
2000-10-18,1.1506695268293272,1.276774669183113,1.2360132750196617
2000-10-19,1.1306304285401878,1.2731353385164164,1.2882381859395107
2000-10-20,1.1288573842884717,1.2111438730761137,1.2113044096808552
2000-10-23,1.1058658754256778,1.1528785435742739,1.14154299706444
2000-10-24,1.0638975112410636,1.0981504658070127,1.0789886337130012
2000-10-25,1.180896886832777,1.046780722412541,1.0091074780356495
2000-10-26,1.1780288898050375,1.1039804364451349,1.1073283451010816
2000-10-27,1.1684764225304562,1.1411852174179997,1.1884525808177522
2000-10-30,1.1500217814540714,1.0871715975673004,1.1193629412812538
2000-10-31,1.0920148108695886,1.0364802079251234,1.0608243382507148
2000-11-01,1.0613480478039492,0.988943275571341,1.0022101027145165
2000-11-02,1.0082670842495425,0.944401536821673,0.9516605423737878
2000-11-03,1.0170660675884304,1.0025766861354937,1.042723239973168
2000-11-06,0.9646561024723529,0.9583752551540509,1.005816356730198
2000-11-07,0.9405915972753882,0.9157809694044157,0.9513484282413043
2000-11-08,0.9079953655731678,0.875931897968131,0.9017198901028599
2000-11-09,0.8627187074175079,0.8386886030608306,0.8587261906805678
2000-11-10,0.842078321394909,0.8375070846482993,0.8907426551409848
2000-11-13,0.8325333479336711,0.8505692668508972,0.9353200224586421
2000-11-14,1.0329246350584338,1.171356711640207,1.172931012280882
2000-11-15,1.2032547101934554,1.1155028410908163,1.0946294967885268
2000-11-16,1.140522330497566,1.0630642104401644,1.0380660255599963
2000-11-17,1.0789747998338381,1.0140075369377015,0.9923111653527643
2000-11-20,1.02185266616355,0.9678817722642672,0.9437077885208857
2000-11-21,1.0905109708276328,1.1209344824819745,1.103659915020529
2000-11-22,1.0472264168260697,1.0681620686961344,1.0439897267306941
2000-11-23,1.3070971433547631,1.4873149874313207,1.3633028705731949
2000-11-24,1.278284322569906,1.4126800167338012,1.2820337912911004
2000-11-27,1.223259996813641,1.3424161006887934,1.209989251840477
2000-11-28,1.1785887771474097,1.2762995405186637,1.1418867906226142
2000-11-29,1.2968695425907133,1.4771332194928146,1.3580674887028827
2000-11-30,1.309451105920091,1.5193450946111247,1.466143353238074
2000-12-01,1.2440103421918813,1.4517267918723014,1.4337203659512572
2000-12-04,1.1833272743081356,1.3791719920551817,1.3528550077760673
2000-12-05,1.1213107414231303,1.3136082218695253,1.3058984553524402
2000-12-06,1.285070653778041,1.249202298026782,1.217997818954626
2000-12-07,1.222859200105708,1.201788181052555,1.2080077473969097
2000-12-08,1.1791117436748992,1.1797280229090021,1.232668568458274
2000-12-11,1.1504717761391514,1.1233653767402174,1.1615616275976588
2000-12-12,1.163329667645998,1.0704437018947917,1.091762117601232
2000-12-13,1.1036105442342894,1.0207890979778984,1.0352842809418963
2000-12-14,1.0454666824797878,0.9742366101361581,0.9835111022796467
2000-12-15,1.233257285308934,1.3185321342910172,1.2513766724981412
2000-12-18,1.2597648449313952,1.3912098070714876,1.3746705422726337
2000-12-19,1.2433284766959387,1.3222096287107348,1.291871043361236
2000-12-20,1.1990469062541815,1.2572922790514638,1.2179657389567968
2000-12-21,1.3000068596806318,1.4428973549341426,1.4145103290240355
2000-12-22,1.2742510754539216,1.435383017009786,1.4673827259008665
2000-12-27,1.208810168350255,1.3698731984274646,1.4255404366771
2000-12-28,1.3044337470905223,1.302131928639529,1.3319809757146157
2000-12-29,1.2320232791922596,1.2384092716110962,1.2614981478494232
2001-01-02,1.1643693398578185,1.1785355754497966,1.198702150968123
2001-01-03,1.132934950140213,1.1699009356242926,1.2374143304468568
2001-01-04,1.301458747638917,1.4564129592914257,1.479281459844622
2001-01-05,1.4496061470243107,1.3835838371982419,1.3782594466883973
2001-01-08,1.368841521422781,1.3150332530449795,1.303513808610457
2001-01-09,1.3205176032559385,1.2950533151901917,1.3365815030429582
2001-01-10,1.293563151127742,1.3044762781009742,1.3965622951560999
2001-01-11,1.2330688704401833,1.2567433087789435,1.3811930372591656
2001-01-12,1.198987746497665,1.1957336857279617,1.3000202043171847
2001-01-15,1.1620149529466506,1.1384003811106218,1.2251120077695508
2001-01-16,1.0988563972299703,1.0845571522376287,1.1619009754436858
2001-01-17,1.145285921363216,1.1980037703759243,1.2932518053638689
2001-01-18,1.2362941928680824,1.1405330168367636,1.2096734478562123
2001-01-19,1.1693918129765617,1.0865592933667276,1.1463950904931823
2001-01-22,1.1058222610555999,1.0359398246828289,1.0911066025106422
2001-01-23,1.051638167399924,0.9884367291911467,1.0342128405571926
2001-01-24,1.0012668525603508,0.9517653745286032,1.019865857645656
2001-01-25,0.9804739373697321,0.9095945948833104,0.9637427474435228
2001-01-26,0.9312882556923181,0.8724813318000694,0.9365822650079002
2001-01-29,0.9033876341244338,0.8354655425466053,0.8873482512844072
2001-01-30,0.8638401841993588,0.8009107993897983,0.8434783118584669
2001-01-31,0.8243269246456428,0.7686903918246261,0.80305656005692
2001-02-01,0.8106953854674995,0.7805207154541166,0.8442947216041892
2001-02-02,0.8118018308965145,0.81218006631568,0.9022353461578964
2001-02-05,0.7724446608223234,0.779194166953657,0.8600040176521708
2001-02-06,0.7377628777494485,0.7484611812498677,0.8192152851317284
2001-02-07,0.7126323112011169,0.7198630497092433,0.7793006616288571
2001-02-08,0.7740502986997405,0.8330149544587884,0.8925257293368087
2001-02-09,0.7466417249327935,0.810407449562942,0.8921529147028022
2001-02-12,0.7499691727808534,0.8299253004299587,0.9395849257555426
2001-02-13,0.8163864004956299,0.7957423084847223,0.8846005483329691
2001-02-14,0.780942784616078,0.7693740678580466,0.870837737724504
2001-02-15,0.7985550000266411,0.822747138736296,0.9428599276461507
2001-02-16,0.7667767662988132,0.7890471943718652,0.8956039456092958
2001-02-19,0.9451584652629891,1.0724359323726713,1.1062163998805863
2001-02-20,0.8965899643874267,1.0226576427636005,1.0507551743011345
2001-02-21,1.0609551610515142,1.2634889586077933,1.2617110698199625
2001-02-22,1.0059920147752237,1.2035128619014017,1.213420922315104
2001-02-23,0.965547018672241,1.1457087609316925,1.1471216671723359
2001-02-26,0.9766722904504505,1.1712287590037438,1.219812021053234
2001-02-27,0.9400212441516751,1.1325055823068846,1.2154462375772999
2001-02-28,0.8998335732297178,1.0790233381779544,1.1499110481682608
2001-03-01,0.8661102696846391,1.0428734029166757,1.1425362051536818
2001-03-02,0.8254632634986474,0.9974549386375873,1.1058024823088324
2001-03-05,0.8379414103030454,1.0194890357741837,1.1617857053755274
2001-03-06,0.8873619964100091,0.973018294249137,1.0925360993288107
2001-03-07,0.9458145912565415,0.9294888913002365,1.0267938970441925
2001-03-08,0.8997513264386207,0.8920075275976237,0.9992434365228294
2001-03-09,0.854174550102879,0.8537083503256421,0.9513372322993661
2001-03-12,0.9466678795550292,1.022725011633369,1.1036245554255029
2001-03-13,1.0383456602039813,1.1773723292812948,1.258273144782843
2001-03-14,1.160069510294883,1.3654894696273396,1.4415043599642756
2001-03-15,1.2325198842939005,1.4796959414712496,1.5851776133146211
2001-03-16,1.3023134574738677,1.4055057161945326,1.4816488052874068
2001-03-19,1.573570731389763,1.8300839890959848,1.8131362967757951
2001-03-20,1.4861212542377977,1.738017264919705,1.7347003401958316
2001-03-21,1.503918838044365,1.6488999891085938,1.621461586070648
2001-03-22,1.55499264663935,1.7605741176744945,1.7821140585741782
2001-03-23,2.013967182001149,2.430012258550484,2.2732673419079714
2001-03-26,1.9673936886179029,2.301854832589865,2.1203481376759123
2001-03-27,2.1193781432058265,2.180860612781381,1.9655997630340565
2001-03-28,2.175504453848704,2.0666515266297303,1.8267915215336394
2001-03-29,2.1566115333168576,2.137497855244156,1.9859823704293573
2001-03-30,2.0373263341839363,2.0353452071024973,1.9264362810459497
2001-04-02,1.9351407897133266,1.9293305972539563,1.8069849522299355
2001-04-03,1.8258235428129295,1.8331542737936568,1.7375060322118727
2001-04-04,1.9579070771402383,2.1072853109036194,2.02005435268817
2001-04-05,1.8913620062207017,1.9972144012567385,1.8891021692450893
2001-04-06,1.8487124535955757,1.8933541914899084,1.765935294839777
2001-04-09,1.7469248800790715,1.802259526999724,1.7108998488611065
2001-04-10,1.682431324758797,1.7094701828351324,1.604694914649351
2001-04-11,1.7700079043348995,1.6219890984712517,1.4943450923130563
2001-04-12,1.6709738867422073,1.5436868446146024,1.4458742897899608
2001-04-17,1.581109541150378,1.4746660120447947,1.4153014252946519
2001-04-18,1.4917105825613162,1.401481769388615,1.3523046286088323
2001-04-19,1.577790747879963,1.3318766107958044,1.26155240206337
2001-04-20,1.492569185269177,1.2738925419283245,1.2367813187780607
2001-04-23,1.4084375332208885,1.2118557781062196,1.172235368135873
2001-04-24,1.3307178727573714,1.1554058054731904,1.1319468211634647
2001-04-25,1.270504435662324,1.1239426778663781,1.143454231663998
2001-04-26,1.2032997664986043,1.0753799637092725,1.1144539874466026
2001-04-27,1.1575268173046571,1.0254190013094215,1.0530710463681208
2001-04-30,1.182569224114612,0.978575621891177,0.9894080507037413
2001-05-01,1.120315928181005,0.9346924051788351,0.9399972823393227
2001-05-02,1.084347092438931,0.9369659175053685,0.9814214903405838
2001-05-03,1.0365908540498572,0.9125815213002036,0.9865316044100303
2001-05-04,1.2617022135647809,1.3332051458401077,1.2829474212011174
2001-05-08,1.32368604779604,1.2676348548027006,1.2006141226954576
2001-05-09,1.252276803608034,1.2059725910396357,1.1372966882077096
2001-05-10,1.1834753636922508,1.148019756152593,1.0795205405462114
2001-05-11,1.1800914953607533,1.0935883535882955,1.0160913944820438
2001-05-14,1.180556332674024,1.14922308344152,1.1181085316923298
2001-05-15,1.6263552523344094,1.8656360757058825,1.604728608639354
2001-05-16,1.754959121196655,1.769236600756324,1.4925729087604451
2001-05-17,1.6680226647466132,1.6783331635200884,1.4054397477075635
2001-05-18,1.5756936711352194,1.5926400608848734,1.3275024898045333
2001-05-21,1.486592245839035,1.5118874006275294,1.2564751018992082
2001-05-22,1.4087997947670503,1.435820200693262,1.1878498745009294
2001-05-23,1.3416038303909155,1.3641975255983936,1.122595266904171
2001-05-24,1.3447387345120467,1.4156861849609392,1.2445758037470587
2001-05-25,1.2727380380430495,1.3452455622084432,1.1779734698426974
2001-05-29,1.2127958726305412,1.2931957027207581,1.1750119705674156
2001-05-30,1.1571856636708238,1.2447059806069702,1.1720665595567876
2001-05-31,1.1621060491034925,1.2819314277436975,1.2642744907831487
2001-06-01,1.099027470592752,1.219450415079069,1.2013911209669925
2001-06-04,1.0417935807899923,1.160683689376323,1.1384045786478458
2001-06-05,1.0177008065163455,1.10547960568959,1.07450222620266
2001-06-06,1.0271382845534593,1.0536579138515432,1.0119606260678111
2001-06-07,0.9816607072459779,1.0169723338035583,1.009186470368432
2001-06-08,0.962238497979716,0.9706599175517145,0.9538068302440228
2001-06-11,0.9123493434163226,0.9272808398868967,0.9086517127579603
2001-06-12,1.0073537837447157,1.0992321773248745,1.0775777335973888
2001-06-13,1.0104973941334507,1.1266553464523705,1.1519067165682475
2001-06-14,0.9604712380853132,1.0735317779085571,1.091784749127245
2001-06-15,0.993659403033271,1.1386069096790856,1.1928868987351584
2001-06-18,0.9593173775657949,1.1073408294944616,1.1984299275679335
2001-06-19,0.961040925762168,1.123755215903368,1.2547589792079537
2001-06-20,0.9119791078126364,1.0708096102551834,1.1888630719954074
2001-06-21,0.8709264147063018,1.0211322850033835,1.1257639076206176
2001-06-22,0.8986669271467217,1.0686530991288918,1.2044556412231369
2001-06-25,0.8625566115296376,1.0191097119292827,1.1394933725104295
2001-06-26,0.8203374291188532,0.9732120938985981,1.0917456470589437
2001-06-27,1.0063623354448414,1.229935451433177,1.299720417422477
2001-06-28,0.9974790092020897,1.1705367986775508,1.2238485092770357
2001-06-29,0.9593293950359327,1.114732798396982,1.1565864834830002
2001-07-02,0.9096910102307678,1.0623415184836307,1.097992501460753
2001-07-03,0.9578930421671085,1.0131905250565132,1.032291510810319
2001-07-04,1.017216775329816,1.1258754241976836,1.1645839656012313
2001-07-05,0.9940446872622892,1.1141866062477341,1.1964031634426995
2001-07-06,0.9928505023817578,1.1313619261278225,1.2543445482524156
2001-07-09,1.0357580998325682,1.207595852255063,1.357935876656031
2001-07-10,0.9838242820126668,1.1526029040722667,1.3104250574438252
2001-07-11,0.932682397022664,1.0979577248145653,1.245166842618428
2001-07-12,1.0035072012730128,1.204590335871026,1.3668119039711724
2001-07-13,1.087384026441808,1.1467210762203115,1.2800399651849177
2001-07-16,1.0765352616062518,1.0923690169053677,1.2048810531452545
2001-07-17,1.0274957552491244,1.0530668075234495,1.1895533644691556
2001-07-18,1.1176798883468664,1.2212527162346003,1.3493133579592418
2001-07-19,1.068618830771928,1.1770856991604435,1.3326898036276618
2001-07-20,1.028277182743906,1.1208835595808673,1.2574945542082294
2001-07-23,1.0248526572248438,1.1396601456514182,1.3131477931872686
2001-07-24,0.9755352312465352,1.0857398260454194,1.241666379993467
2001-07-25,1.0682898988526581,1.2360847766734104,1.390412404462495
2001-07-26,1.0519400021624483,1.2300568858465557,1.4243293669555683
2001-07-27,0.9972896933021352,1.1706509201538393,1.3464363829179522
2001-07-30,1.1787837273568766,1.1148399799348565,1.256322846218567
2001-07-31,1.1421227414525221,1.0624421091651484,1.1845561851669872
2001-08-01,1.1815956692487937,1.0132848576806623,1.1114261441700157
2001-08-02,1.1208359555569827,0.9672046125954197,1.0535904595824315
2001-08-03,1.0804878139691563,0.9240459749016193,0.9963694346943621
2001-08-06,1.048546282331149,0.9284035324821063,1.0348770724166816
2001-08-07,1.0026119020218782,0.9031735906036842,1.0339354171609523
2001-08-08,0.951183302519578,0.8641447764774149,0.9823293196773536
2001-08-09,0.9762897522096884,0.9505927329259949,1.0815436162285228
2001-08-10,1.0326272700549617,1.07605308635697,1.2098475867872098
2001-08-13,0.9870260888174252,1.0260503748669336,1.1443562747750737
2001-08-14,0.9355021304416465,0.979167353098712,1.086579174813898
2001-08-15,0.9933525862159893,0.9352464986656328,1.0207751866765828
2001-08-16,0.9851519696275932,0.9641222657938322,1.0818747637142514
2001-08-17,1.0357829600522996,1.0801560626477398,1.2058706935117205
2001-08-20,1.0274814996785055,1.0978821876975255,1.2598649599881209
2001-08-21,0.9765050476705831,1.0465289992815217,1.1924413671550582
2001-08-22,1.0202397029630699,0.9983636807553776,1.120126674475162
2001-08-23,0.9772159557731935,0.9687789264927321,1.1154892441065323
2001-08-24,0.9304894394034364,0.930888566858188,1.0891612488809088
2001-08-28,0.9869979996638374,0.8900613418641511,1.0233199553506103
2001-08-29,0.9652055394462796,0.9008242198387271,1.0625336947868114
2001-08-30,0.9226179042014534,0.8728652202885286,1.0510582704463654
2001-08-31,1.0246497032235398,1.0727500032437256,1.2152273261089117
2001-09-03,0.9724947465314986,1.0229522200858334,1.1513195729278942
2001-09-04,0.9470236508402359,1.0117176581530887,1.1730213493790473
2001-09-05,0.9834078499826494,0.965736157862159,1.1027668925948566
2001-09-06,1.0157692021422284,1.0525927271308062,1.205714003315214
2001-09-07,1.1968316767367084,1.3506416434800022,1.438149595935872
2001-09-10,1.4273064116045864,1.6958177780434036,1.7213620724308918
2001-09-11,1.3702947491194257,1.6388528867720231,1.7156701797615936
2001-09-12,2.3365667641347536,2.939127447915366,2.5225469897686454
2001-09-13,2.3819622860293213,2.782691965092857,2.339832754467678
2001-09-14,2.277069196013333,2.634920363536623,2.1851296414930412
2001-09-17,2.4995087307724564,2.987433706840698,2.5825500531450536
2001-09-18,2.5405503849301785,2.8283265351654077,2.393923445390702
2001-09-19,2.4168653651845307,2.713931292775937,2.3752328525461537
2001-09-20,2.4411242468897587,2.8062368979326933,2.575782184312928
2001-09-21,2.5830824713947145,3.054800060027569,2.8852860816089123
2001-09-24,2.5970306679137862,3.117311649811368,3.0516420853157187
2001-09-25,2.765377452563721,2.9510289302082784,2.8165729123158747
2001-09-26,2.623815507113676,2.793935055916784,2.625932065777349
2001-09-27,2.478631269249021,2.6455401307923943,2.4537104352057195
2001-09-28,2.376804668842484,2.5053812521754364,2.2886262372248636
2001-10-01,2.4250550290355437,2.373021054754549,2.123508563139016
2001-10-02,2.422848405577515,2.4740007205170755,2.3155601914388177
2001-10-03,2.3008621713254134,2.3433895542633785,2.1651977659393817
2001-10-04,2.1896758407775327,2.2200713207592586,2.025931471627677
2001-10-05,2.2407001327810114,2.103660773268714,1.8823052999490193
2001-10-08,2.112773862790402,1.993793983169874,1.7697736151596655
2001-10-09,1.989896154349753,1.890398657558656,1.6777900906921475
2001-10-10,1.881431018986103,1.8034090618108298,1.64109425341066
2001-10-11,1.9932960466284464,1.7105541323487503,1.5247892571922066
2001-10-12,1.8784792055389978,1.6230108663256768,1.4395744592655495
2001-10-15,1.7751253210974265,1.5491552176373093,1.4099760025312142
2001-10-16,1.7508459260931113,1.6089948688568367,1.5367831050793075
2001-10-17,1.652296028648935,1.5272969416650193,1.4500750193831897
2001-10-18,1.7319399502661128,1.4503331902589527,1.35139755033294
2001-10-19,1.7290457315849799,1.555030776701658,1.5062408042845572
2001-10-22,1.7548223661888305,1.691307986965959,1.683128062812818
2001-10-23,1.6862359372234101,1.6048693939037848,1.5793916176218432
2001-10-24,1.767155935600832,1.5234098006575139,1.4712093522890215
2001-10-25,1.674762821753996,1.462437580790765,1.4545803225116811
2001-10-26,1.6661957923154573,1.5435098861176368,1.5845282531804723
2001-10-29,1.695513378400872,1.4656041270654496,1.4795554460197964
2001-10-30,1.7333211289255692,1.6316151211978158,1.6676559159531799
2001-10-31,1.723618149638709,1.6971747418043905,1.7872171805824197
2001-11-01,1.6396793376631953,1.6103992702683352,1.6788020909245656
2001-11-02,1.557604082719638,1.528620226539484,1.57910296326989
2001-11-05,1.5127566856900083,1.451579538882174,1.4819476400521534
2001-11-06,1.50924843423975,1.379033362024605,1.3881509783894326
2001-11-07,1.4238081785378922,1.3107512411447706,1.31366453980841
2001-11-08,1.3436874724303969,1.2465153144180294,1.2447743682369437
2001-11-09,1.3222756652708398,1.1861195404351308,1.1704739623781535
2001-11-12,1.2688519305917443,1.1628117503055326,1.1943798285847353
2001-11-13,1.3556398282401618,1.3675303764539082,1.3915059704636437
2001-11-14,1.5149191867779486,1.2999275296938935,1.295464986591617
2001-11-15,1.4491197432989649,1.2713441727201127,1.3165449454743678
2001-11-16,1.3677227806271843,1.2097244162476652,1.2547193054079602
2001-11-19,1.3291038884223212,1.151544836234959,1.181295829727776
2001-11-20,1.2850973680413589,1.0968981666410367,1.1138407990853378
2001-11-21,1.2406858834513803,1.0925699887523437,1.1543052488054544
2001-11-22,1.1750217815949173,1.04154484196111,1.093972592539738
2001-11-23,1.126035586947247,0.9936910022940281,1.0347783716818217
2001-11-26,1.1178796847227224,1.0390178355229478,1.115331969872468
2001-11-27,1.0584637912657064,0.9913220664430342,1.058541029781602
2001-11-28,1.0305983497888156,0.9919753614458885,1.096446933832589
2001-11-29,1.0530506735551954,1.0690296261899617,1.1962020115919414
2001-11-30,0.9970624126816375,1.0194628484596064,1.1350560174852202
2001-12-03,0.9458762652785041,0.9739936650723839,1.0909513431566948
2001-12-04,0.9342794068213631,0.9847221486833666,1.1348295397212504
2001-12-05,0.931462071249438,0.9404482836307796,1.0701737960820117
2001-12-06,1.1537429068021243,0.8990046914737762,0.9975158412914292
2001-12-07,1.1108384649963852,0.8602479378730665,0.9438744833902922
2001-12-10,1.2425357514322921,1.1770189889467457,1.1801948014933417
2001-12-11,1.2819323989917868,1.295447525945582,1.3252429790914588
2001-12-12,1.222448418381938,1.248604643703733,1.315359523624773
2001-12-13,1.1874513345206203,1.235790336620741,1.3486447090469333
2001-12-14,1.1631087637751665,1.2354680852998225,1.391589212732007
2001-12-17,1.1047258573809828,1.1818776344948123,1.352507617170703
2001-12-18,1.1464066935471342,1.125384467545481,1.26824313386523
2001-12-19,1.0871931869089124,1.0723388720190405,1.2002540027174335
2001-12-20,1.0499062440222118,1.0540072667847473,1.215444448897141
2001-12-21,1.0311722270432744,1.0611082400136018,1.2557475838771652
2001-12-24,1.093786170853757,1.0120339886158103,1.177482440483357
2001-12-27,1.0400387048150248,0.9660325532449832,1.1150100520852024
2001-12-28,1.0074970421297735,0.9229487426369909,1.0536669894666357
2001-12-31,0.9694469910808879,0.8826349525571462,0.9974821774352104
2002-01-02,0.9348207142549556,0.8698215954264334,1.0114010453963007
2002-01-03,0.8868432596283026,0.8329813835400623,0.9627707943159846
2002-01-04,1.0411261531811848,0.7985932152420262,0.9004609872342512
2002-01-07,0.9860558112588773,0.7665307616012248,0.8581572757113427
2002-01-08,0.9558606963946571,0.7763279371130997,0.8934288252588691
2002-01-09,0.9495470737680738,0.8242325859101622,0.9605107146284902
2002-01-10,0.9131264342848016,0.81091740278821,0.9690405985903072
2002-01-11,0.90254265916935,0.8379598244056529,1.0178988411947203
2002-01-14,0.8575021152327404,0.8032380154023205,0.9676455531455018
2002-01-15,0.9863318968194201,1.0429341437352566,1.1501941604123551
2002-01-16,0.9884797407592681,0.9949934426393748,1.0835859109826798
2002-01-17,0.9719235296833147,1.0024831499547762,1.1271520319084904
2002-01-18,0.9230573459419904,0.9570843408954556,1.069255597919552
2002-01-21,0.8803404975010206,0.92010378273755,1.0462567006356644
2002-01-22,0.8382983343246615,0.8799743051375711,0.9934985008904299
2002-01-23,0.7988410292044539,0.8424648770161985,0.9443072311115641
2002-01-24,0.7828103793335517,0.807441788062093,0.8946483954918518
2002-01-25,0.8098087312903959,0.7747772362217094,0.8445681716812868
2002-01-28,0.8151012489366445,0.813767428771677,0.9078842685418955
2002-01-29,0.795660387545548,0.7806740393433972,0.8607238106015055
2002-01-30,0.9653442408703773,1.0659390773792063,1.0745079120386447
2002-01-31,0.9584135892709342,1.0760407560768335,1.129218542528473
2002-02-01,1.0228427247511294,1.0260388102844786,1.0600033889807132
2002-02-04,0.979479447075627,0.9791565146663175,1.0040990932302
2002-02-05,0.9414291816153063,0.9538045963032105,1.0116422032035846
2002-02-06,1.0170386676633794,1.0988095264887554,1.1585845868427842
2002-02-07,0.9736381754552028,1.0606922309195042,1.1496719975929284
2002-02-08,0.9796517162991742,1.011643870412426,1.0829068316708932
2002-02-11,0.9286043210164132,0.9656670194166429,1.0296140671586833
2002-02-12,0.9036543247128445,0.9226065508218104,0.9741228861211505
2002-02-13,0.8765450663747488,0.9090240394041399,0.9934002576935737
2002-02-14,0.8387972619781898,0.8696141241242156,0.9429136715032572
2002-02-15,0.8645033141994031,0.832787616649037,0.8893452685249758
2002-02-18,0.8408801285603742,0.8277523112129501,0.9141695738632816
2002-02-19,0.8223833955657524,0.8278054156528905,0.9425871166988089
2002-02-20,0.8831146284559064,0.9459530494524742,1.0609217187726177
2002-02-21,0.9551977591780187,1.0717582797298826,1.1905178344327398
2002-02-22,0.9558328449289082,1.0220220555737862,1.1216678060279368
2002-02-25,0.9203741921120757,0.9941729018336218,1.1228494181643853
2002-02-26,0.9263059451443476,0.9492997408162588,1.058382364362436
2002-02-27,0.9088660640906199,0.9072871656922538,1.0002066787046546
2002-02-28,0.8945222655452475,0.8679903074246343,0.945633401183324
2002-03-01,0.9897793053666755,1.049912667199609,1.1081725314151896
2002-03-04,1.0280370012693882,1.0015361086825563,1.0416484335855123
2002-03-05,1.0711222925667714,0.9561971421773968,0.9787561477332986
2002-03-06,1.031516643467867,0.942455231288308,1.00150462854041
2002-03-07,0.9940701938212987,0.9008824842090322,0.9482846917051643
2002-03-08,0.9660757268314611,0.8620031352618786,0.8976145085150885
2002-03-11,0.9159627236208365,0.8256801392063292,0.8557194871936892
2002-03-12,0.8878557588034232,0.8215998348564707,0.8830461245876344
2002-03-13,0.8448058399013051,0.7899518558407295,0.8586231280364436
2002-03-14,0.8102249563114078,0.7584799773084364,0.8164321611338748
2002-03-15,0.7750592090444526,0.7346473812033897,0.8062063221667961
2002-03-18,0.7600679151548116,0.7070212219891778,0.765222383948206
2002-03-19,0.7250196925663068,0.6813642510885692,0.7307927405525797
2002-03-20,0.6972471580043075,0.6575692392890224,0.6968855648475919
2002-03-21,0.7387205950560884,0.7496684221152057,0.7942395784915998
2002-03-22,0.7114902319588775,0.7298925585954175,0.792731922299801
2002-03-25,0.6801059573819894,0.7031161029815397,0.7652923003413422
2002-03-26,0.71982068793871,0.778893486118431,0.8527115788585216
2002-03-27,0.690166227082878,0.7514680215562765,0.8344634518505188
2002-03-28,0.6682894689891542,0.7226593772258946,0.793767308605155
2002-04-02,0.7258491426107142,0.6958834283762158,0.7491200953119773
2002-04-03,0.7069241826165914,0.691817582391095,0.7672879417417274
2002-04-04,0.6761377739937523,0.6680912309940509,0.7432883119176262
2002-04-05,0.6949405064217332,0.7176865815985249,0.8088627661607607
2002-04-08,0.6781553960938057,0.6912652151169518,0.7688935292149597
2002-04-09,0.7421426024032935,0.8050654587144426,0.8792470905321368
2002-04-10,0.7078002539502715,0.7725623455643758,0.838929937847094
2002-04-11,0.7388198746902285,0.7422869688694496,0.7927702913468406
2002-04-12,0.9221009512463115,1.0375512505650764,1.012193937529872
2002-04-15,0.885533896038625,0.9899472663532609,0.9595728334637899
2002-04-16,0.8750360935411724,0.9453418624646097,0.9074391513419939
2002-04-17,0.9030563478608973,0.9035835022224035,0.8555695594026624
2002-04-18,0.8572974100559079,0.8645279598740305,0.8162041827779246
2002-04-19,0.8464558717048885,0.874889118536038,0.8663459206649675
2002-04-22,0.8080663474022073,0.8377145441691903,0.8245686631791005
2002-04-23,0.7839110896010839,0.8235904596995741,0.8425190903985833
2002-04-24,0.7744664289406153,0.8290969266230119,0.8811225360160858
2002-04-25,0.7543616772816022,0.79496959767886,0.8361858077615072
2002-04-26,0.733450209132921,0.7823951580512701,0.8501156084766592
2002-04-29,0.7457708020430271,0.8162753880458419,0.9097441249026949
2002-04-30,0.7126366010065843,0.7843710545318571,0.8807837886703058
2002-05-01,0.6831163383875385,0.7532819751228573,0.8385123500504109
2002-05-02,0.706668124938295,0.7976276638431276,0.9039276549041327
2002-05-03,0.7368833799009459,0.7656310714918253,0.8538268160674569
2002-05-07,0.7230279280950559,0.7358357310943872,0.8102479996786366
2002-05-08,0.8781494109774834,0.9860438578546514,1.0022514915442644
2002-05-09,1.0006997286999617,0.9416860829690267,0.9390210544696134
2002-05-10,0.9521430959240327,0.9054599018131697,0.9235979210643532
2002-05-13,0.9209314295900448,0.8937099465216992,0.9465522734016952
2002-05-14,0.8961506115556899,0.8552993303537735,0.8964157099986865
2002-05-15,0.874942981433654,0.81942113865833,0.8492659814793776
2002-05-16,0.8381285319441956,0.7859455582933047,0.807624185616681
2002-05-17,0.8008640654621769,0.7600547079058777,0.7980050732064541
2002-05-20,0.7893851351827614,0.7725065175532668,0.8391723225237269
2002-05-21,0.7554328498103573,0.7470454165241007,0.8260908908462749
2002-05-22,0.724815965109844,0.7245311950855361,0.8163184215860493
2002-05-23,0.7545047410708589,0.79184725112824,0.8968448940723039
2002-05-24,0.7317309814303249,0.7602456138578619,0.8515530736088024
2002-05-27,0.7001489132962202,0.7328922065220416,0.8288488215122223
2002-05-28,0.7050595998149761,0.7565850412458257,0.8752593970057283
2002-05-29,0.7901226441969689,0.8935013096530132,1.0005747640766751
2002-05-30,0.7534727274215903,0.8551043466422039,0.951242061409292
2002-05-31,0.7737148715609481,0.8936299203476762,1.0161521207580497
2002-06-05,0.7860399142437295,0.8552245412505621,0.9595702409239967
2002-06-06,0.9840920401191751,1.1519110211869275,1.1825364628486439
2002-06-07,0.9589014192507422,1.1307131088268492,1.2044151576731024
2002-06-10,0.9460194335644752,1.1246938786545875,1.24032783421706
2002-06-11,0.89804049893222,1.0716906616554123,1.1753751208113454
2002-06-12,0.8530841088161417,1.0219586347543275,1.1149885355180817
2002-06-13,0.9918897575101737,1.213900981618831,1.2911800286531359
2002-06-14,1.093323575418013,1.3540038792259286,1.4460575864459997
2002-06-17,1.4383629897998467,1.8110301950962644,1.7901924371548448
2002-06-18,1.610692292112799,1.717740539479538,1.6642873774001101
2002-06-19,1.5691003968127362,1.7031385065499083,1.7198577714735972
2002-06-20,1.5234257745634996,1.6782834971103577,1.7580897516842464
2002-06-21,1.5304544955704795,1.7258504561516594,1.8606675833137443
2002-06-24,1.4530088792736444,1.637430176933135,1.7483845790904533
2002-06-25,1.4492640124467282,1.6628900807388878,1.8281754056518609
2002-06-26,1.5030366544874771,1.5780851234447257,1.7059873961949639
2002-06-27,1.5950223741208127,1.7621610681827287,1.9001074327560439
2002-06-28,1.5051082429053042,1.6716621617464729,1.7878513287516427
2002-07-01,1.6355725677513753,1.5863526031582276,1.6635901180866952
2002-07-02,1.554039642183081,1.5059636566460946,1.564930694957313
2002-07-03,1.7756755264077442,1.9181027710844472,1.897203595814848
2002-07-04,2.0284744317864085,2.3346013552930502,2.261230146932068
2002-07-05,1.9931816215196536,2.211774646133397,2.108002031785978
2002-07-08,2.1413858892674704,2.0958296949758073,1.954141893950408
2002-07-09,2.019792636110254,1.9910875769513974,1.8789611544896176
2002-07-10,1.9510578524215272,1.964573385092505,1.9334846892149375
2002-07-11,2.052363842227314,2.196086647222648,2.1873455867073064
2002-07-12,2.42003535584362,2.792997069145822,2.66523901711204
2002-07-15,2.2787533445147417,2.6454369488428062,2.514066675039496
2002-07-16,2.8318403508024867,3.447558368922449,3.141739715579994
2002-07-17,2.672879633026007,3.263072877636553,2.9280994784585226
2002-07-18,2.8475237996226275,3.088749047835975,2.701957839551751
2002-07-19,2.7994537432876316,2.9240434543973266,2.507809303942814
2002-07-22,3.066734044875129,3.4211426311355377,3.0023728792437003
2002-07-23,3.3385764519995544,3.8874662224179017,3.491765940580863
2002-07-24,3.157956147546898,3.7019712573013632,3.37454052943613
2002-07-25,3.0544300349978073,3.61743599542918,3.4145076834441617
2002-07-26,3.2827509900446246,3.4236068597856404,3.141845920247878
2002-07-29,3.1143588190906906,3.240439739632286,2.923038035876304
2002-07-30,3.2788276133618064,3.067363732119828,2.693682918919198
2002-07-31,3.08991128509032,2.9124892559318063,2.5867257406975077
2002-08-01,2.9487438086120745,2.757527764887063,2.4101335413346745
2002-08-02,3.20840378705039,3.327722859593664,2.9357710582548524
2002-08-05,3.027564306007138,3.149836163115062,2.7381721790084095
2002-08-06,2.923437138813504,3.096308395236722,2.812640963590004
2002-08-07,2.952601558668074,2.93118535347947,2.6027036886999544
2002-08-08,2.794805482662738,2.801187140970011,2.5493938941715037
2002-08-09,2.865021851731459,2.652390214145564,2.3586599509957153
2002-08-12,2.764768739252436,2.511850703218459,2.196703270741604
2002-08-13,2.718479127983277,2.5816980485244336,2.3721196226620624
2002-08-14,2.58522685469652,2.445088879257945,2.2155507715940876
2002-08-15,2.560010865604044,2.5276974941346624,2.392578905021699
2002-08-16,2.6891033873575,2.394094165475316,2.2125657533199075
2002-08-19,2.530561455002367,2.2679421031647613,2.0781616987483633
2002-08-20,2.4859885421088297,2.1488473048745984,1.9350057327990147
2002-08-21,2.3821536859139893,2.112610293999643,1.9905880977971722
2002-08-22,2.242836845261216,2.0027235258581775,1.885729252720522
2002-08-23,2.1717612434781963,1.898551850328429,1.7624126515078409
2002-08-27,2.0743334032119045,1.852037476688593,1.7917277190541225
2002-08-28,2.000466337222909,1.756411641948402,1.677371192038956
2002-08-29,2.3100090343854465,2.386447193774046,2.1602692060988837
2002-08-30,2.2347499197409704,2.352186545792019,2.225112067734984
2002-09-02,2.107814113102632,2.228376405016137,2.0864922740942884
2002-09-03,2.020274808411217,2.16343188002929,2.101775755379026
2002-09-04,2.266385424268507,2.5840676296662863,2.4831379258641455
2002-09-05,2.1339119005997182,2.4474269837768916,2.334206741046519
2002-09-06,2.014614478023801,2.3247223727438957,2.2405634649196546
2002-09-09,2.04550927869299,2.2024483264472408,2.0836961927418534
2002-09-10,1.9624365599390716,2.138909658510583,2.0982994781152233
2002-09-11,2.0504918931707152,2.0270588494912007,1.9489648517692715
2002-09-12,1.948776636793374,1.921512150338319,1.827555415067256
2002-09-13,2.0950410145903287,2.2308583013185057,2.1353596729379283
2002-09-16,2.0734757914707216,2.263084108291887,2.2527788036369762
2002-09-17,1.9729584685462087,2.1442615450163,2.10785646192036
2002-09-18,1.8661105668166296,2.0423791835727956,2.041074543544095
2002-09-19,2.212855295132328,2.5882507274895965,2.4823086245405523
2002-09-20,2.1331749069787054,2.5180678705507646,2.4979922748024896
2002-09-23,2.0452247283466405,2.3850008908444584,2.33131172575945
2002-09-24,2.1970394170655845,2.630983187372238,2.610358381008498
2002-09-25,2.1592965793532692,2.612085560751368,2.679928865805384
2002-09-26,2.04410654534551,2.473786287877573,2.503555597261255
2002-09-27,2.3389941106587924,2.3431870808110156,2.311344628769219
2002-09-30,2.250438457554129,2.219880170676046,2.1570198584452283
2002-10-01,2.660881171962118,2.944657471624433,2.713470730600582
2002-10-02,2.586062813112191,2.7879160545823196,2.5228035337493377
2002-10-03,2.5968623583544157,2.6398548146569785,2.3402918651872144
2002-10-04,2.4542672850181724,2.5151973278305473,2.276640977930812
2002-10-07,2.382123409850543,2.4932527448085597,2.358992008134206
2002-10-08,2.262125982705294,2.3905016756933106,2.3222029685047123
2002-10-09,2.177686766109553,2.3356663221526524,2.349669528319
2002-10-10,2.05248844812829,2.2127800428831272,2.2024170484617267
2002-10-11,1.9547525779488655,2.0967786621268476,2.06111424650407
2002-10-14,2.363454356506699,1.9872995215272513,1.8988324095269808
2002-10-15,2.233409342969866,1.898999399073569,1.8579367195249548
2002-10-16,2.6449323104124587,1.8007039965935636,1.7075462112368536
2002-10-17,2.5594640790582255,1.8672090006776099,1.8435067633428823
2002-10-18,2.5671706119446682,1.7707200734700643,1.7131527439916467
2002-10-21,2.4387662667329857,1.7300003687888466,1.7398006608775294
2002-10-22,2.2955632656754044,1.641342296671152,1.6404964607440997
2002-10-23,2.1651738504164886,1.565675019868429,1.5945602391163887
2002-10-24,2.2362633331943838,1.8919817154684595,1.8843392766132319
2002-10-25,2.241694081825866,1.7940848520832167,1.754123132026307
2002-10-28,2.1554141431017455,1.7884356764453926,1.8202252303896826
2002-10-29,2.0521873030188975,1.696435380191303,1.7071962465460413
2002-10-30,2.3174060947172683,2.293735849473336,2.1572230814636737
2002-10-31,2.247075987351223,2.1731962073037234,2.0127309187705134
2002-11-01,2.135125664340624,2.0594177410036196,1.8858487077050388
2002-11-04,2.043022409415423,2.0041004601419843,1.9115100778557397
2002-11-05,2.2424936170391345,1.8998509512118824,1.769123350280588
2002-11-06,2.1114270017062213,1.8015071896169679,1.667407587245561
2002-11-07,2.019128135020983,1.764281246788769,1.7053674013934834
2002-11-08,1.9115538641818897,1.6901957468513946,1.678208474588446
2002-11-11,1.8429286587903306,1.6773306797713095,1.7316474972128122
2002-11-12,1.7446495033149743,1.6047127106087353,1.6930060924175838
2002-11-13,1.7336102536976603,1.5232621695776944,1.5826464443913615
2002-11-14,1.6987282653693565,1.5603621067944176,1.6735397435528925
2002-11-15,1.6111714878690695,1.481478554574735,1.5745439006016808
2002-11-18,1.547822191870689,1.407184243799456,1.4794579318401795
2002-11-19,1.471034104675083,1.3372435251623103,1.394187264605756
2002-11-20,1.398266199002827,1.2878842017297079,1.3803423295047383
2002-11-21,1.3200473653785334,1.2251884836603868,1.3128319940924227
2002-11-22,1.4494647290694982,1.1660757980318461,1.2240793174113433
2002-11-25,1.3738880736798722,1.1211681950653332,1.2066480875364294
2002-11-26,1.3674316076737185,1.1992263480941816,1.3141269409410135
2002-11-27,1.3588364299965223,1.259968130792963,1.4092883247536585
2002-11-28,1.4041942280268775,1.1987651620153899,1.3184212181874564
2002-11-29,1.3612612230140864,1.1412483181909694,1.2407967089237124
2002-12-02,1.2927093528283566,1.09987960320172,1.2259361677333618
2002-12-03,1.2282241669799876,1.0602099715795565,1.2095215350230832
2002-12-04,1.3270819410932915,1.2990050855261357,1.40991227372821
2002-12-05,1.2741842260846503,1.2675549794427332,1.418779543171647
2002-12-06,1.2124379365254079,1.218373429409119,1.3937738604234633
2002-12-09,1.1582024032413274,1.177311641199977,1.3793082519886057
2002-12-10,1.2847195111219314,1.4079144928331049,1.5767857609241824
2002-12-11,1.2167293026880404,1.3416714395922218,1.5186230949151052
2002-12-12,1.2177437061212624,1.2755990195205118,1.4246873965970017
2002-12-13,1.2008074042852195,1.2866744753492345,1.477528038562324
2002-12-16,1.2381308842980068,1.3736151614739704,1.5894238741625948
2002-12-17,1.458163758708128,1.3056528840176835,1.4779105508475063
2002-12-18,1.5175649427006441,1.483354574728806,1.6526748171320431
2002-12-19,1.5668654561960424,1.6238487882431458,1.8108536987680575
2002-12-20,1.4781915764427394,1.5412933416875083,1.705638396521586
2002-12-23,1.4502485092724542,1.4635162912406776,1.598426181475449
2002-12-24,1.420287876654175,1.3902715867569095,1.4993841173935596
2002-12-27,1.3407125334513128,1.3213267004014362,1.4168187686235931
2002-12-30,1.5924271744890257,1.7591673785406376,1.7481980731398883
2002-12-31,1.6136349146157822,1.6688396814348725,1.632732160921661
2003-01-02,1.5546288409365179,1.5836924479560581,1.5328787817847433
2003-01-03,1.5683179302135872,1.503457439027589,1.4337527670352812
2003-01-06,1.4799110667140654,1.4288209301619152,1.3715525627579852
2003-01-07,1.396900684753822,1.358269303290012,1.3109136838762676
2003-01-08,1.3713174085877515,1.3747880191045407,1.3864957141692753
2003-01-09,1.3256594735125888,1.3539117003882428,1.4190114997098278
2003-01-10,1.2533977418314473,1.2871142556490986,1.3411574864033788
2003-01-13,1.2264093523745827,1.2242873254203865,1.26175791426515
2003-01-14,1.1811578630809396,1.1983563515747857,1.280134375316768
2003-01-15,1.1172795595763956,1.1413485599378606,1.2231084004334436
2003-01-16,1.1686144498815658,1.2559311169593212,1.3574065117317484
2003-01-17,1.1068545477417513,1.1969978222658826,1.3057362335655016
2003-01-20,1.1762895140058296,1.3252712307276198,1.4493958691414466
2003-01-21,1.1742421309557907,1.345628546046972,1.51436517941516
2003-01-22,1.1734555687198827,1.3650015161803752,1.575661817184389
2003-01-23,1.2311869189130422,1.4621953878059337,1.6961273497924492
2003-01-24,1.2726618436979278,1.534004596570739,1.7992180852014075
2003-01-27,1.2159479537334936,1.4733065279362405,1.7606199363042436
2003-01-28,1.6278786061141226,2.031156237450758,2.142905593350666
2003-01-29,1.5365659221121089,1.9253781500245586,2.01198960021855
2003-01-30,1.4510950178419533,1.8273169907953042,1.9158183185348614
2003-01-31,1.621285525474951,1.7330988881809262,1.7806459452835832
2003-02-03,1.5332011953001823,1.650051541229517,1.7188444204825233
2003-02-04,1.810785564267687,1.5659856494872273,1.5922085828983967
2003-02-05,1.9335964503942504,1.8847905010336912,1.8778900418151918
2003-02-06,1.9839323007871061,1.787302173163318,1.7477051401809431
2003-02-07,2.014038254176231,1.9455166895591696,1.9471207567221247
2003-02-10,1.8969539319511732,1.8445827034775366,1.8327245186717662
2003-02-11,1.7980322579845982,1.7659308021036273,1.797693146402178
2003-02-12,1.8746147350434765,1.6752163494183259,1.6729747998519335
2003-02-13,1.8335455961027805,1.706670158427448,1.7682270549393002
2003-02-14,1.7287692196444147,1.6207085989103291,1.6863207373595763
2003-02-17,1.629417927823125,1.5383343580376696,1.5913294111594314
2003-02-18,1.692229313499973,1.4607291674195968,1.4839694825189425
2003-02-19,1.6258041215204748,1.3876474889862986,1.394796792683416
2003-02-20,1.6637350563097864,1.552819132669123,1.579750615704493
2003-02-21,1.5875007697147259,1.4743730671579998,1.4856718115797471
2003-02-24,1.5347838441847617,1.400493742049021,1.395727274066342
2003-02-25,1.466984492233427,1.3626935361958614,1.4083992993480645
2003-02-26,1.5666294994422225,1.595809872217249,1.6313847711790588
2003-02-27,1.5020294244061305,1.5514692004887913,1.639823625688299
2003-02-28,1.435236698282223,1.499602386155582,1.6310546650614655
2003-03-03,1.5553508549457782,1.4242508320144702,1.5193874870551864
2003-03-04,1.4874166553515165,1.35330707937555,1.4295539405792514
2003-03-05,1.506261289594044,1.4607366917686329,1.5679808121936543
2003-03-06,1.5341037209177961,1.5687076537354852,1.7081085860893785
2003-03-07,1.449698821335842,1.4927321555704576,1.640591333875919
2003-03-10,1.4971069436984878,1.6135059980758473,1.787442513500234
2003-03-11,1.5120189120440761,1.6765674529723475,1.8931477457711705
2003-03-12,1.4335666245170486,1.5909758514403363,1.7790364770812028
2003-03-13,2.1169782702296165,2.574292763436531,2.398633779257903
2003-03-14,2.7704617225448507,2.438095616831736,2.198906521435585
2003-03-17,2.8105329471768052,2.3094871123904634,2.0376102297081955
2003-03-18,2.8514127491369115,2.1880656527466407,1.8880919246395707
2003-03-19,2.6908417366247543,2.073451845904145,1.7726990174037442
2003-03-20,2.536289688027808,1.9652873086299694,1.6674391264735762
2003-03-21,2.387109708431736,1.8632337464219735,1.574009096918561
2003-03-24,2.387634046164958,1.7669709052440845,1.465273225476594
2003-03-25,2.472740691542877,2.130437809126705,1.8227081100449365
2003-03-26,2.3322252002039665,2.0190636318079687,1.7136431290346268
2003-03-27,2.2104280112701797,1.9139685442078591,1.609657431806391
2003-03-28,2.1585352979965404,1.9539536072442245,1.743807663815467
2003-03-31,2.0419301122759563,1.8678476970666134,1.714639104439596
2003-04-01,2.109768078650266,2.087394077452198,1.9689561012463537
2003-04-02,2.084009222923622,1.978443681124214,1.8362094038766117
2003-04-03,2.0497822438100464,1.8756452186266055,1.7142932204267405
2003-04-04,1.9355791589478788,1.7786766369247144,1.6133797966149008
2003-04-07,1.8586901151615944,1.6872337355920266,1.5137943803569096
2003-04-08,2.0238235899933437,1.601029170449884,1.4037995762176356
2003-04-09,1.9917093396607222,1.6862787922968527,1.557476456410486
2003-04-10,1.8775702186765386,1.6024009782753565,1.496341644977741
2003-04-11,1.8414418782620117,1.652424915261926,1.6139297751488346
2003-04-14,1.7352733816452897,1.5682223449607953,1.5232914008568557
2003-04-15,1.6704934552086386,1.4888831911738134,1.4306562911120624
2003-04-16,1.6702566087207271,1.4141567202227388,1.3386919763586658
2003-04-17,1.6638497052608219,1.505711518987422,1.4805010871295494
2003-04-22,1.5927920451024926,1.430003986285609,1.3925786765532016
2003-04-23,1.5188269039705729,1.358722520293696,1.3121549987247865
2003-04-24,1.4854262321645897,1.291640415130079,1.2327589057211763
2003-04-25,1.5156733151171833,1.4292411575430182,1.401144704223566
2003-04-28,1.452695612826256,1.3947221954165228,1.421299388137712
2003-04-29,1.486540793021952,1.3255150726802003,1.32948564781755
2003-04-30,1.4074116539392107,1.2680115137068504,1.30020598908454
2003-05-01,1.3286539373854744,1.2065594861349738,1.239031560789805
2003-05-02,1.3168470187543153,1.2533896327425884,1.3298035611400432
2003-05-06,1.3780153054303823,1.1925811822168833,1.2437968894282763
2003-05-07,1.369976130984667,1.135438846468799,1.16802342654324
2003-05-08,1.2992998498920856,1.0917305408175286,1.1523327699532366
2003-05-09,1.3424838726807897,1.2475005367749818,1.3129771062663698
2003-05-12,1.307980392895407,1.1870455914830693,1.2354026974298296
2003-05-13,1.2425819803489402,1.1302388356961983,1.1681641649680186
2003-05-14,1.1774574569443799,1.0768955148722266,1.1066595088959217
2003-05-15,1.134557102570136,1.061353363822472,1.1323989354734172
2003-05-16,1.1097704016852703,1.0122638568140292,1.0680046850472693
2003-05-19,1.0905636014887727,0.9662479372479996,1.0074972336269543
2003-05-20,1.3686427176278995,1.470555127538083,1.356460635630671
2003-05-21,1.3136729655103054,1.396898899688935,1.2782096603395703
2003-05-22,1.277836337693941,1.3811227419408378,1.3270740880227545
2003-05-23,1.282750256920013,1.3127173377031756,1.2455380608861826
2003-05-27,1.2159723377574445,1.2539180293752763,1.2158259845678192
2003-05-28,1.1527282052709444,1.1930778746107358,1.1511147895976552
2003-05-29,1.26067956334177,1.1359054449131025,1.0760603674797384
2003-05-30,1.1937292499726928,1.0822149491248736,1.0208427943878629
2003-06-02,1.1677844800831794,1.0973995219657455,1.0861605793750995
2003-06-03,1.2752064487893382,1.0460761255985038,1.0152409043727821
2003-06-04,1.2108098112122205,1.0082540321155642,1.0087774528812679
2003-06-05,1.1467162857533941,0.9624909112844863,0.9581047885244803
2003-06-06,1.101341150950325,0.9488192510851231,0.9830758381669761
2003-06-09,1.1011847027991397,0.9068375209634825,0.9263737300898741
2003-06-10,1.058451527155398,0.8965303164061104,0.9511221112589913
2003-06-11,1.0121229348047056,0.874532078171705,0.9567162308555421
2003-06-12,0.999338046157886,0.8373810402030877,0.9036908262090969
2003-06-13,0.9497946298849756,0.8026979814298428,0.8596359008419359
2003-06-16,0.9294680408679495,0.8202480150005546,0.9065699905892826
2003-06-17,0.8920832560666494,0.7867166230653974,0.8606679532024116
2003-06-18,0.8924332717332503,0.7554665216016766,0.8136408066996509
2003-06-19,0.8552141599180495,0.7263785062312618,0.7739740473976616
2003-06-20,1.0152252295750601,1.0404284543359998,1.002524978991772
2003-06-23,0.9849344730930087,0.992644435283449,0.9484607956267497
2003-06-24,1.103613699575533,1.2055367097497098,1.1484033472625446
2003-06-25,1.0695967830191386,1.1823789158791755,1.176279754801819
2003-06-26,1.013375371271409,1.1258553180008064,1.115490519997403
2003-06-27,0.9862860975868656,1.1081238491960783,1.1434841478547044
2003-06-30,0.9553574028588858,1.056139274987352,1.0806707737457588
2003-07-01,0.9577233314891869,1.0790206920847805,1.14584255190587
2003-07-02,1.0704065399155118,1.253722915417671,1.3170723888340101
2003-07-03,1.0688140379739788,1.1928944672848887,1.2387463150780076
2003-07-04,1.020367149786412,1.1357331483555677,1.171342468820022
2003-07-07,0.967410813051538,1.0827560724403478,1.1233273930102885
2003-07-08,1.008011040496107,1.0323379732818758,1.0558767221196654
2003-07-09,0.9553136120381013,0.9852032461071633,1.0089574278751436
2003-07-10,0.921094824378571,0.9621340481678364,1.0204113128801107
2003-07-11,0.9023518041468069,0.9596574506709432,1.0542957613155917
2003-07-14,0.8853415709561034,0.9169811142445723,0.9965929110840488
2003-07-15,1.0010668926495865,0.8770541525138139,0.9339799260030398
2003-07-16,0.9724309443386496,0.879756965283959,0.9696589675850924
2003-07-17,0.9472389297924312,0.8835744736818154,1.0043913622942862
2003-07-18,0.9161198220605831,0.8733540960785705,1.021263868617073
2003-07-21,0.8776386409866916,0.8362807334370868,0.9685062391970112
2003-07-22,0.8696030140776876,0.8579106214716739,1.0155662617211563
2003-07-23,0.8700010456770627,0.8218590206781793,0.9590312327924506
2003-07-24,0.827431086795339,0.7882189525604565,0.9124229688481291
2003-07-25,0.9264474067148404,0.7568658207315483,0.8565812223153957
2003-07-28,0.8934244209392473,0.7526584408732608,0.8753724403877184
2003-07-29,0.857503234153407,0.7237665556598806,0.8316617958287573
2003-07-30,0.8219054360696333,0.7079961240958126,0.8312094375326893
2003-07-31,0.7820010201824906,0.6822690553911446,0.7931072460031353
2003-08-01,0.7529422841427034,0.6584077979608088,0.754811166659586
2003-08-04,0.863475057576664,0.8779119867257709,0.921853402257331
2003-08-05,0.8204006105743027,0.8405382792117235,0.8786838205298111
2003-08-06,0.7952029595338621,0.805643960466554,0.8340244033380506
2003-08-07,0.8654469280449557,0.9355867909218543,0.9656176877750287
2003-08-08,0.8435870274472688,0.8944563988873806,0.9145481054254583
2003-08-11,0.8969048559682907,0.8559969436454776,0.8609236922222998
2003-08-12,0.8779625300798772,0.820072406666134,0.8157014736909743
2003-08-13,0.8357459244296244,0.7865528658447395,0.7775439083784631
2003-08-14,0.79635063424179,0.757231755343228,0.7590253426756094
2003-08-15,0.8721349217591219,0.7280206105224505,0.7140849857003082
2003-08-18,0.8305893791897796,0.7008636419903078,0.6818883787725936
2003-08-19,0.809445115153295,0.675650489610361,0.6483538128435463
2003-08-20,0.7905044058502011,0.6870278750894236,0.6879822908136594
2003-08-21,0.8005633696645515,0.7440198630300285,0.7654974439063692
2003-08-22,0.7626766421715958,0.7157333559245711,0.7309741779134922
2003-08-26,0.7268060803902643,0.6894515763817359,0.699287220033146
2003-08-27,0.7971068414359692,0.8276219810235772,0.8301792220614265
2003-08-28,0.7880893396019732,0.7935938153696346,0.7868608353383343
2003-08-29,0.7545752669839964,0.7670378533562688,0.7782793129841881
2003-09-01,0.7808024449542186,0.8283060586953439,0.862667564621282
2003-09-02,0.8118473008314788,0.7942318934087766,0.8143069869309443
2003-09-03,0.7725469061951475,0.7624793632331469,0.7789435138170682
2003-09-04,0.8540874250067447,0.7329029101060933,0.7327578250379523
2003-09-05,0.8200012145995146,0.718489053433615,0.7420542973206871
2003-09-08,0.7816487243568749,0.6920103897255715,0.7084484415391199
2003-09-09,0.7865300075181243,0.6674386717018407,0.6712813992075004
2003-09-10,0.7835474454464727,0.704110862909676,0.7315311761485536
2003-09-11,0.7534952892739596,0.689459409020015,0.736283054592609
2003-09-12,0.7239588726314774,0.6729880205926536,0.7350455704036463
2003-09-15,0.6925868343543081,0.6515943506142962,0.7173948658891288
2003-09-16,0.6820138957060385,0.6300046602254797,0.6821399340034188
2003-09-17,0.7089855167045045,0.610047996976361,0.6458429689856175
2003-09-18,0.6796978060655569,0.5950149473125248,0.6379809006127185
2003-09-19,0.6674033996204569,0.5777733281141726,0.6076573490354211
2003-09-22,0.7846611130037329,0.8031115919373817,0.7780018712039372
2003-09-23,0.7838130013400855,0.8240075605096098,0.8336847373614996
2003-09-24,0.7491772161573785,0.7932632544771128,0.8163703718804959
2003-09-25,0.7212575801049916,0.7615647595194575,0.7769655265431632
2003-09-26,0.7432003622985387,0.8102052676063525,0.8511567945560232
2003-09-29,0.7986673570080463,0.9036422247001858,0.9582879070993761
2003-09-30,0.7708654477080257,0.8776853145840645,0.9577561937418743
2003-10-01,0.8478981773435476,0.9948011279452028,1.081012999396645
2003-10-02,1.007806687436152,0.949888188277274,1.0113065863419846
2003-10-03,1.0004453479758484,0.9078378449750267,0.9543474756381625
2003-10-06,1.0663196021849712,0.868505135246576,0.895895441551953
2003-10-07,1.010379778307078,0.8328588152449843,0.8668505665316707
2003-10-08,0.957229930909715,0.7984788680639868,0.8270735380605497
2003-10-09,0.9085676256676897,0.7673650954810072,0.800829346871667
2003-10-10,0.9242439402243589,0.7374494912088271,0.7560531219124956
2003-10-13,0.8776949215448367,0.7103810548091232,0.7325596445244688
2003-10-14,0.9138033373485746,0.6844826982546218,0.6907221139350881
2003-10-15,0.8964160811957181,0.716832738874648,0.7481510912718576
2003-10-16,0.8863777840684787,0.6904723706010903,0.708819340086129
2003-10-17,0.8734554178832586,0.725220307544178,0.7677788758923999
2003-10-20,0.8298897034588982,0.6982621927504166,0.7335280999400413
2003-10-21,0.7892906644451997,0.6732371085336553,0.7014563618051021
2003-10-22,0.7517859617441639,0.6500391316585145,0.671038959904319
2003-10-23,0.8860102676569306,0.9096786892165807,0.8671545101696304
2003-10-24,0.9165581039440416,0.9819100584393577,0.9709952596862317
2003-10-27,0.8701085044141657,0.9379562110831362,0.9293878011092712
2003-10-28,0.8305402643081495,0.8966731054723943,0.8835236265911931
2003-10-29,0.8043466560783928,0.8580686923093942,0.8385795099560546
2003-10-30,0.7685900451230931,0.8254798461825679,0.822835072054382
2003-10-31,0.7756528784822557,0.7915958192219626,0.778805711044856
2003-11-03,0.7478227997082676,0.7719640736168707,0.7848832382970988
2003-11-04,0.7851464267256532,0.7417300595535459,0.7411686708186916
2003-11-05,0.7482936150404772,0.7141066449297947,0.7167945294474815
2003-11-06,0.7461768324522355,0.7382636549805306,0.7689242712673756
2003-11-07,0.7259784371225184,0.7103822628983416,0.7311710962396964
2003-11-10,0.7919104678074471,0.6844838196982755,0.6891635359113262
2003-11-11,0.8036314737287742,0.7450933166206413,0.7689440206251137
2003-11-12,0.7648695527550624,0.7167314156097883,0.7348307191889816
2003-11-13,0.7515296423036307,0.6903782878441146,0.6980368967371072
2003-11-14,0.7164586603852096,0.6659252555439057,0.6684410735111083
2003-11-17,0.7037507988092215,0.6432675732275628,0.6359930997319656
2003-11-18,0.8092734019842651,0.8418555189475443,0.8006600494187746
2003-11-19,0.7771993145444356,0.8068731464811483,0.7620635798407076
2003-11-20,0.7723796847790212,0.8200840321750144,0.8119383510349458
2003-11-21,0.753299780830792,0.8102235028303952,0.8342690883596636
2003-11-24,0.7214743439643045,0.7773702072914949,0.7946038899912627
2003-11-25,0.8305471054490255,0.746762917476328,0.7466456279167552
2003-11-26,0.790518684886347,0.7182838476667553,0.7132311020740822
2003-11-27,0.767794107921784,0.7153655231170547,0.7379642468005428
2003-11-28,0.7363336751039924,0.6955481341788349,0.7340406505557233
2003-12-01,0.7189615592393066,0.6955351537125479,0.7581263477280896
2003-12-02,0.8441656853085241,0.6707075847603425,0.7116171013113927
2003-12-03,0.839394655112566,0.715352453466629,0.7759156271977432
2003-12-04,0.8024281522122994,0.6890979159283009,0.7393866955974608
2003-12-05,0.7726284865080616,0.6787953733143935,0.7485561388538875
2003-12-08,0.7425251222874083,0.6648040932205609,0.7495481642087326
2003-12-09,0.7113857948492359,0.6464914678891046,0.7387859136590016
2003-12-10,0.6925150074103928,0.625285067618426,0.7030822075735063
2003-12-11,0.7472517366129342,0.7447699476590642,0.81247963838572
2003-12-12,0.7139157791707036,0.7178011355554721,0.7890064603538732
2003-12-15,0.690329728227997,0.6913715879516934,0.7510033697586287
2003-12-16,0.6598960942012212,0.6668464384078706,0.7185594475719383
2003-12-17,0.6444157196391672,0.6614674296628272,0.7330680630499027
2003-12-18,0.6344860267087563,0.6391406563866766,0.6973889562083733
2003-12-19,0.682385741261601,0.6184892791274897,0.6593657984281358
2003-12-22,0.6597494907653474,0.5994163340209784,0.6292911386829065
2003-12-23,0.6357533050100451,0.5818281465045206,0.6016074353294902
2003-12-24,0.6194765854980941,0.5656342294377901,0.574431878027787
2003-12-29,0.5945928561834172,0.5507472275964141,0.5514250559641242
2003-12-30,0.5771591254934394,0.5370829001987324,0.5278566081639189
2003-12-31,0.5613712165589784,0.5245601327631525,0.5055491025998764
2004-01-02,0.5420811584441513,0.513100972835469,0.48572791349447064
2004-01-05,0.5713742450187147,0.5026306807355694,0.4615967141207262
2004-01-06,0.5502738833709062,0.49307778366238425,0.44476785221954124
2004-01-07,0.5358526897280514,0.4909835854363644,0.4532716423741421
2004-01-08,0.5746278313217582,0.5722522783317723,0.5377056414088762
2004-01-09,0.570932630270994,0.5568283681726167,0.5132151175728721
2004-01-12,0.5915931549224099,0.6051136491780711,0.5791168971558569
2004-01-13,0.5850307904135839,0.6092254102341463,0.6060032528496089
2004-01-14,0.569001730608366,0.598413934903414,0.6099832733743722
2004-01-15,0.5664039847471019,0.5809045431569962,0.58146690271195
2004-01-16,0.5482164192970462,0.5674165879526264,0.5746220050060263
2004-01-19,0.5726809055048889,0.5523845969221808,0.54598695424969
2004-01-20,0.5886825333097183,0.5385847466981856,0.5192763522337942
2004-01-21,0.585857293617153,0.5561098456646149,0.5555808486202439
2004-01-22,0.5681761882492513,0.5420026387732688,0.5319969458999622
2004-01-23,0.6081678518900119,0.6225486556703994,0.6176346710810827
2004-01-26,0.5986416008574591,0.6229504498433439,0.6399653663975827
2004-01-27,0.5890563390875008,0.6218087505398282,0.6590145375135729
2004-01-28,0.5664510307383788,0.6024801128398694,0.6317193663625382
2004-01-29,0.5637090634973915,0.5846515748845074,0.6020267144589486
2004-01-30,0.6943027078497378,0.7863597227615772,0.7612297331450814
2004-02-02,0.6846935749048979,0.7822625166788564,0.7899329377803275
2004-02-03,0.6599111362332575,0.7571764160187568,0.7827165514920402
2004-02-04,0.6340829405884184,0.7279691281240918,0.7465774122968591
2004-02-05,0.609546545742643,0.7008158122546915,0.7128630671720181
2004-02-06,0.597337009335944,0.689985125347424,0.7244996666027514
2004-02-09,0.5870275377644777,0.6655607045676164,0.6899651423433211
2004-02-10,0.6064745171854955,0.6429300400852416,0.6547556184776078
2004-02-11,0.62708867302205,0.684466581542389,0.7169865240448114
2004-02-12,0.6067842908791288,0.6665297817134737,0.7129426833277168
2004-02-13,0.6021568872518055,0.6689836944895454,0.737600533654862
2004-02-16,0.6271379673263844,0.6460996456910874,0.6990436704053561
2004-02-17,0.603018975866965,0.6263136158231151,0.6815874586475341
2004-02-18,0.6934834759193025,0.6066392134661358,0.6425336444917625
2004-02-19,0.6797329685885583,0.615700281406615,0.671367213999331
2004-02-20,0.8316484044844891,0.5968427764522937,0.6291990802962044
2004-02-23,0.7910274215309276,0.5795421566824442,0.6063608373081506
2004-02-24,0.7549924867109552,0.5635313378217742,0.580497702997366
2004-02-25,0.7508441625273168,0.6082364335812739,0.6399121304979313
2004-02-26,0.7187447971742881,0.5899582598409097,0.6118508454060129
2004-02-27,0.6876572082624819,0.5731167132794126,0.5858765302531725
2004-03-01,0.6833366426741876,0.6020147980318875,0.6331643554401373
2004-03-02,0.7239020336268746,0.5842227175518182,0.5987572450600003
2004-03-03,0.6909162491526216,0.5678374805604343,0.5745576010284416
2004-03-04,0.6716352083417827,0.5712947206316993,0.5958407766515147
2004-03-05,0.683035543116891,0.5559482513697591,0.5656980086472566
2004-03-08,0.6607510037935728,0.5540890300755594,0.5785367213616697
2004-03-09,0.6334117439405015,0.5401483853483893,0.5547469787579672
2004-03-10,0.6153056629274826,0.5395615424725613,0.5676754288089852
2004-03-11,0.5906679253254609,0.5268302674340051,0.5451567971451295
2004-03-12,0.9367431829625718,1.0774328661666885,0.8903771491439576
2004-03-15,0.9010877283799803,1.0273445970219066,0.8450853111108423
2004-03-16,0.9515784699335333,1.1114061834880253,0.9745511462742776
2004-03-17,0.9084807842709769,1.0592195483322766,0.9251913406529086
2004-03-18,0.8834238377811152,1.0102628648734515,0.8765717781801574
2004-03-19,0.952345802093056,1.118739799489144,1.0187463652283288
2004-03-22,0.9129377082684828,1.0661022074452426,0.9657862626554217
2004-03-23,1.079182872883253,1.3032982668754944,1.190251955216084
2004-03-24,1.0296799436117225,1.2490249302174754,1.1751075406172202
2004-03-25,0.978713506548426,1.1920771883378742,1.1426312780881136
2004-03-26,1.0402602880719731,1.1349653926953884,1.0724989294306406
2004-03-29,0.9943177019966913,1.0931514673924143,1.0672364510553443
2004-03-30,1.006748119857892,1.042090394828671,1.005162824499652
2004-03-31,0.9543598268107873,0.9942024423889688,0.9558490850957058
2004-04-01,0.9304710408146998,0.9855887703186346,0.9908489994565562
2004-04-02,0.8994657911603254,0.9412598823578164,0.9386110564323938
2004-04-05,0.9395865525615571,0.8997640493976358,0.8837408004109082
2004-04-06,0.8964862485127788,0.8609577092138773,0.8402948888359228
2004-04-07,0.8541453709576138,0.8284753055670521,0.8254379230932958
2004-04-08,0.812921738404657,0.7955580363439395,0.8008063387767963
2004-04-13,0.7859690117779686,0.7637027213645552,0.7612588279395238
2004-04-14,0.7688751207306939,0.7340412591698346,0.7230916386532248
2004-04-15,0.7695273618931754,0.7636768293488575,0.7820738451408819
2004-04-16,0.7450695604122659,0.7340171656249249,0.7438474095917427
2004-04-19,0.7428327760055271,0.7064355443726249,0.7056092987381937
2004-04-20,0.7101842046288555,0.680820707282276,0.6741592272214701
2004-04-21,0.6946051286092375,0.6570655126657119,0.6418035519777454
2004-04-22,0.7004461532664453,0.6918854434236417,0.7012092292272745
2004-04-23,0.7031092118333833,0.6673228064672516,0.665500572444503
2004-04-26,0.6721616997597564,0.6449025107772745,0.643841011802538
2004-04-27,0.643016706654517,0.6238157930524076,0.6173419514471896
2004-04-28,0.6162614306511836,0.6043329328009158,0.591968116734062
2004-04-29,0.7048341551221566,0.7579614123975428,0.7280762552730381
2004-04-30,0.6750936467158696,0.7304876158455411,0.7116966191021465
2004-05-04,0.6858469375389448,0.7583971062501537,0.7695141886235821
2004-05-05,0.769989162527805,0.729104742351006,0.7246925497987592
2004-05-06,0.7480749498203377,0.7018708822363773,0.6894961386785555
2004-05-07,0.8173283424744735,0.8416521177563975,0.8241710675040086
2004-05-10,0.7906645477954054,0.8246837227990949,0.8385336395886117
2004-05-11,1.0809745052577693,1.2640126461192738,1.146222755389108
2004-05-12,1.10878250040135,1.2025673155781134,1.0770173036733053
2004-05-13,1.0977996891460584,1.2137161737786795,1.1478049731936681
2004-05-14,1.0782179831108518,1.155295502939524,1.082231045669116
2004-05-17,1.0256694445499464,1.1067749558473754,1.0636747287484691
2004-05-18,1.017342341207411,1.1196907508470877,1.12646195319474
2004-05-19,0.9663270190148325,1.0669947332692882,1.0681986349858619
2004-05-20,1.0037438520330533,1.0175543915775813,1.0045657492277786
2004-05-21,1.007288562682904,1.0557556078576573,1.0842765289610012
2004-05-24,0.9543657260162035,1.0070146889086857,1.030541473216725
2004-05-25,0.9055961987936169,0.9617427175195199,0.9885988028013675
2004-05-26,0.8648115156314373,0.9253212513511645,0.973211222374498
2004-05-27,0.8329019147639801,0.8848538949272774,0.9230753315215973
2004-05-28,0.7981391306452452,0.8470237759157219,0.8771206812482589
2004-06-01,0.7814709382781493,0.8416063626962275,0.9039931387780084
2004-06-02,0.7478254239780899,0.8106729303584993,0.8856870321637615
2004-06-03,0.713147786359284,0.7777964103036704,0.845664276580913
2004-06-04,0.6855227060396051,0.7471597372083496,0.8050385341096528
2004-06-07,0.6675639563110177,0.7186528366193212,0.765585285658538
2004-06-08,0.6890030959372574,0.6921624828200907,0.7249329540375494
2004-06-09,0.6637044871013866,0.6675797111790939,0.6914760435259332
2004-06-10,0.6475178571029637,0.6616159330076878,0.7069422258739546
2004-06-11,0.6214857022194534,0.6403110818924564,0.6874281239582444
2004-06-14,0.5969986504414491,0.6200402967047531,0.6654294688855265
2004-06-15,0.6926141142840054,0.7729659982130839,0.7970105547126276
2004-06-16,0.6842871882995145,0.7426627215273046,0.7567764374753173
2004-06-17,0.6916365419056147,0.7144716025677548,0.717567155084419
2004-06-18,0.6610162690735766,0.6882800890522883,0.6867391811761029
2004-06-21,0.6374170263596114,0.6639798411660565,0.6556512659837658
2004-06-22,0.6122781481606101,0.6425978857370779,0.6396472310109221
2004-06-23,0.6429837217071573,0.7001855581198765,0.71525130728337
2004-06-24,0.6275569440962064,0.6750213941953516,0.6813492393293794
2004-06-25,0.6112182283760185,0.6516920285580484,0.6497721043065047
2004-06-28,0.5923045090540678,0.6364727969560087,0.6497200032527597
2004-06-29,0.5929061752750602,0.6160237169761016,0.61835593928968
2004-06-30,0.5731088408127589,0.6004899593711044,0.6120585508483133
2004-07-01,0.662827716300181,0.7421846713865077,0.7385881085027982
2004-07-02,0.7039000440744312,0.8085223586997082,0.8264542539394646
2004-07-05,0.6873066213005162,0.7941977985511611,0.840255536366761
2004-07-06,0.6585184406548947,0.7636855629152485,0.8148859367274607
2004-07-07,0.6811359913111869,0.8002038716468503,0.8769265551103897
2004-07-08,0.6599570897683363,0.7779011475302737,0.873230779549533
2004-07-09,0.6508496529265556,0.7472572551457995,0.8288096903321628
2004-07-12,0.6280247273415704,0.7187435160706958,0.7892911645470877
2004-07-13,0.6572139423805579,0.76482470952419,0.855290811462783
2004-07-14,0.629994320384857,0.7355674801779611,0.8239625690797999
2004-07-15,0.6120193878504763,0.7078763276103368,0.7841524767759165
2004-07-16,0.6402460369493272,0.7509724265824759,0.8468277944553578
2004-07-19,0.6140864367406493,0.7224465068103976,0.8137586300367651
2004-07-20,0.6085459921838605,0.7188777354417643,0.8318277313065807
2004-07-21,0.597526703954825,0.6923713303777701,0.7908118686484495
2004-07-22,0.635155630899132,0.6677733834746391,0.7482921428310348
2004-07-23,0.8210177393623035,0.9489356404088569,0.9507028682223905
2004-07-26,0.7930549687701212,0.9069464377423945,0.9019471631343906
2004-07-27,0.8174865066046246,0.9514213396724266,0.9814190408583007
2004-07-28,0.824823021444696,0.9092726272420564,0.9270081968274442
2004-07-29,0.8156788148897348,0.8698465368675958,0.8774250649814279
2004-07-30,0.8984535616929913,0.8330046789059261,0.8247271466919279
2004-08-02,0.8547546571431228,0.8007149743688119,0.8045520595510661
2004-08-03,0.8123091857264537,0.7685079060837575,0.7684512848326175
2004-08-04,0.7780617530671572,0.7385131036601006,0.7322088545414527
2004-08-05,0.7613147520187064,0.7413006882348118,0.7649588132013266
2004-08-06,0.7259746184397082,0.71320537847517,0.7306866342333397
2004-08-09,0.9037618130364057,1.005566122064186,0.9501038557303305
2004-08-10,0.8791718200547722,0.9881017205217062,0.9757905177709096
2004-08-11,0.8753005119319961,0.9436133612555633,0.9220723632741843
2004-08-12,0.8863594932053299,0.9796169257546222,0.9973915552700806
2004-08-13,0.8484389582074101,0.9356674783294467,0.9465226637388433
2004-08-16,0.8349372989413767,0.9329831483253556,0.9822228894153068
2004-08-17,0.8698526062359548,0.8920207052198873,0.9255819173522738
2004-08-18,0.8278482272838007,0.8537206650968332,0.8808019465793256
2004-08-19,0.7882792587543277,0.8187984809186497,0.8510444017614442
2004-08-20,0.7516586796385976,0.7853649422364417,0.8111368545855079
2004-08-23,0.7174624425704841,0.7542076086872413,0.773809192932146
2004-08-24,0.7312174073770608,0.7252074830723082,0.7327247241112941
2004-08-25,0.6976428226809608,0.6982502797695664,0.7009963702738313
2004-08-26,0.6667715976879173,0.6732260575681237,0.670741247928678
2004-08-27,0.7047247950701927,0.6500288957155168,0.6345307686549939
2004-08-31,0.7186432283939319,0.6285566191250154,0.6016745156128979
2004-09-01,0.7267444500675966,0.6766332208662209,0.6708911626868044
2004-09-02,0.7554265885565099,0.6531853181725867,0.6346635471597076
2004-09-03,0.7278426655129647,0.6314764548085972,0.6057686426219179
2004-09-06,0.7282495943981397,0.6114074985511146,0.5754164129060261
2004-09-07,0.6994392906745689,0.5928826905691071,0.5505555500743665
2004-09-08,0.6682289275884352,0.5758095190416739,0.5292726153233879
2004-09-09,0.642761277370124,0.5645899097321235,0.5303424536302471
2004-09-10,0.6366340464246873,0.5830245925709596,0.5703365905551366
2004-09-13,0.6113302438248305,0.5667350221056325,0.5469362485756439
2004-09-14,0.5928170297348523,0.5517584397585418,0.5235304237879551
2004-09-15,0.5798595063743028,0.552156374935565,0.5414322822036571
2004-09-16,0.5580390751494522,0.5383753981057057,0.5204246438990151
2004-09-17,0.5397492348214046,0.5257438225257491,0.49953643641273815
2004-09-20,0.5711833556636968,0.5141833831583279,0.4745618398830626
2004-09-21,0.5584016011245799,0.515577790203917,0.4908819987699756
2004-09-22,0.571694832859241,0.5048924494395887,0.4674826012837161
2004-09-23,0.565384116011818,0.5180487780712005,0.4976477092717342
2004-09-24,0.5755887586326803,0.555209070174444,0.5503467378800249
2004-09-27,0.5569331679323037,0.5411760592242326,0.5274968464809936
2004-09-28,0.6054126618112504,0.6318754753658291,0.620093786172674
2004-09-29,0.6069911593241385,0.6117761002072717,0.5901636099620512
2004-09-30,0.5983971336798636,0.5932226720702992,0.5629684239000414
2004-10-01,0.5913558624245195,0.5990410320805124,0.5912589065636152
2004-10-04,0.8399706410253547,0.5814823400065231,0.5509537132388487
2004-10-05,0.8109560924331611,0.5653160920910882,0.5257430239481283
2004-10-06,0.7886033646756406,0.5504550006900509,0.5013027323466471
2004-10-07,0.7510965290055829,0.536938107018182,0.4859514578098518
2004-10-08,0.719187506310425,0.5294386172156108,0.48988253354019
2004-10-11,0.6866159380304826,0.5175691501519089,0.472479871236544
2004-10-12,0.6651541966448228,0.5219282339145503,0.49358603022419606
2004-10-13,0.6947887714776398,0.6163792758665106,0.58836753324103
2004-10-14,0.6724369215368328,0.6101406199299647,0.602357130925592
2004-10-15,0.6453899418574083,0.5941389221176296,0.5940422840419189
2004-10-18,0.6213609793936928,0.5806805808793413,0.5898094622439931
2004-10-19,0.5963184218367293,0.5645785232003864,0.5659630931052695
2004-10-20,0.6032564314628966,0.549777537849591,0.538651149844471
2004-10-21,0.6474407482494678,0.6449187140165877,0.6345682129147996
2004-10-22,0.6202366966788019,0.6238307750338913,0.6087755192130393
2004-10-25,0.5957943132140088,0.6047705388366423,0.5908419138480427
2004-10-26,0.6857489164516587,0.7533396640533097,0.7241215079206986
2004-10-27,0.6666292185304118,0.7244001696532669,0.6896585595622147
2004-10-28,0.7131163023291798,0.69750036163275,0.6518279926419037
2004-10-29,0.6851004684357954,0.6725304173666652,0.622782506746371
2004-11-01,0.6709930021231807,0.6723203043841187,0.6506287686702721
2004-11-02,0.7246517945698949,0.6491899079431003,0.6145678769904986
2004-11-03,0.7022335083333073,0.627780619687578,0.5863715226915431
2004-11-04,0.6902094578669155,0.6079939207768907,0.5586402073926968
2004-11-05,0.6619090439257681,0.5897346396272565,0.5353998644189718
2004-11-08,0.6369515558546716,0.572910833161644,0.5131014095997486
2004-11-09,0.6351259572353278,0.5963375867532353,0.5600765558163334
2004-11-10,0.6088764426105432,0.5789916611899787,0.538419824916032
2004-11-11,0.5936178796738957,0.5630250016081192,0.5149452178429712
2004-11-12,0.6350396001482815,0.5483507809037945,0.48792972283922637
2004-11-15,0.6173518863369765,0.5348852843560882,0.4671438599483611
2004-11-16,0.5944877083398371,0.5225479303448705,0.44891521858044336
2004-11-17,0.6191051622825593,0.5894079656523684,0.5284732396203309
2004-11-18,0.6155138591389676,0.5726100821876453,0.5039387198655756
2004-11-19,0.5929132749759993,0.5571572561296462,0.48374672679379577
2004-11-22,0.6533688281199035,0.6731292995181952,0.5989444787678363
2004-11-23,0.6585612068357944,0.6967741401781666,0.6534179421105117
2004-11-24,0.6324736449898669,0.671856785698745,0.6249793777954066
2004-11-25,0.6307513331390416,0.6818894815882321,0.66422337422086
2004-11-26,0.6441428160622683,0.6580560097497625,0.6304935601928628
2004-11-29,0.6245136817750295,0.6453318552930858,0.6375820363229578
2004-11-30,0.600586461196286,0.624212782997139,0.6102566909751912
2004-12-01,0.6685531397105546,0.7370252438970248,0.7230088234573355
2004-12-02,0.6739144252326387,0.7092311942683157,0.6861293294509663
2004-12-03,0.6513475878074321,0.6834153870874135,0.6546373250469997
2004-12-06,0.6248871326841835,0.6603309148040888,0.637378219251572
2004-12-07,0.6281940918372887,0.6777768179122508,0.6818722470606112
2004-12-08,0.6030598409513881,0.6542448984563805,0.6524406106021318
2004-12-09,0.6086270982022672,0.6718734222282733,0.6953783370383563
2004-12-10,0.59710475731687,0.6645485332476256,0.7092663586214961
2004-12-13,0.5743937812118597,0.641992922863193,0.6782911167701279
2004-12-14,0.6216177449917676,0.6211257752533692,0.64206075454073
2004-12-15,0.6066669503606312,0.615627867833182,0.6546867528010966
2004-12-16,0.5831101726347062,0.5967759616820252,0.6269136809126036
2004-12-17,0.5620450762089678,0.5793954955406733,0.6004159675179537
2004-12-20,0.6103252496983654,0.6625997415664028,0.6881137336480931
2004-12-21,0.6276586934609234,0.6401888059897808,0.6529203174687284
2004-12-22,0.6019628013631768,0.6194580757715534,0.6259161064041263
2004-12-23,0.6480692247796809,0.6003104261262441,0.5924396246386836
2004-12-24,0.62336245885004,0.5826520227587706,0.5672660462573016
2004-12-29,0.60073708500431,0.5663922254898129,0.543467827271287
2004-12-30,0.5925597301326639,0.5514435275333105,0.5188598227147576
2004-12-31,0.5697883237657781,0.5377241434455787,0.49967396302531913
2005-01-04,0.5513554921469255,0.5280450138038862,0.49753195447642073
2005-01-05,0.5711558261534979,0.5162881296148142,0.4733547050637693
2005-01-06,0.6231021233344196,0.6227423332122077,0.576653597503746
2005-01-07,0.6079388354675671,0.6033419234585831,0.5508724374001671
2005-01-10,0.6133737808476151,0.5854459078280662,0.5243876246985727
2005-01-11,0.5980490770039814,0.5817377578445142,0.5413125347173765
2005-01-12,0.597517359763656,0.5988778696455819,0.5815939949892523
2005-01-13,0.6278749086062282,0.6605042329692554,0.6584494822196619
2005-01-14,0.6104738885547975,0.6382491114679837,0.6283558645311337
2005-01-17,0.5995049257858318,0.6176652857501779,0.5992764868283509
2005-01-18,0.5983638177225139,0.5986559326577725,0.5708448877175563
2005-01-19,0.5992557119321621,0.6158183758378295,0.6114963622467232
2005-01-20,0.5781728686999471,0.599339435908949,0.6026095664627522
2005-01-21,0.5722204899855965,0.6028898998583365,0.6266292698100868
2005-01-24,0.5509925491231542,0.585029269218134,0.6010116918529207
2005-01-25,0.5337590537891335,0.5685796994827158,0.5755771064023649
2005-01-26,0.5512897004323072,0.5534532488487676,0.5475617150342846
2005-01-27,0.5319391960965424,0.5395650893593625,0.5260705903499414
2005-01-28,0.5148828535243093,0.5268335164254261,0.5052937840068387
2005-01-31,0.5216356563304021,0.5471312402111275,0.5436136818587397
2005-02-01,0.5183241038643194,0.533767148573931,0.5194338682543184
2005-02-02,0.6108870461885821,0.5215243322798768,0.4902838625082391
2005-02-03,0.5888945089997126,0.510325654847465,0.4707415314373358
2005-02-04,0.570219145514866,0.5053024179407686,0.4753920096528589
2005-02-07,0.5869674677393858,0.49551412404894785,0.4523980742132974
2005-02-08,0.6132026241066627,0.4865927405385711,0.4297137464682925
2005-02-09,0.5953899102170589,0.4784725960913123,0.4122852625913208
2005-02-10,0.574234227673497,0.4734818735828485,0.41237672824139054
2005-02-11,0.5550072895755888,0.46655964770513203,0.39692369254673093
2005-02-14,0.6016720867382123,0.46028025693741254,0.37605548008880973
2005-02-15,0.5787992073833811,0.45524725791555204,0.3709532408156193
2005-02-16,0.5654305811954596,0.45003478140675734,0.35620086189928196
2005-02-17,0.5471365567260361,0.44834626476236805,0.3604729240925395
2005-02-18,0.528157426146968,0.44379514461086794,0.3485363305519757
2005-02-21,0.5108575052110306,0.43972540739936455,0.3392285619231877
2005-02-22,0.49492119014345615,0.43601226434190893,0.3284011162085837
2005-02-23,0.518553836816008,0.493878167390183,0.39714622338294564
2005-02-24,0.5871913776834399,0.6156854254971748,0.513595040449233
2005-02-25,0.5777748668046476,0.6138621323754572,0.5382453114608696
2005-02-28,0.5959420571831199,0.5951469212587595,0.5117315289768671
2005-03-01,0.6315456696359769,0.6650491368737047,0.5992960978833983
2005-03-02,0.6367015214741029,0.6424563986468019,0.5699132527579651
2005-03-03,0.6137027749039947,0.6254275362254982,0.568236269695595
2005-03-04,0.6033537075075409,0.605821031659221,0.542382483768634
2005-03-07,0.5932180858611869,0.5877312234131278,0.5180435254222868
2005-03-08,0.5749664646413103,0.5767554240424605,0.5227232349656125
2005-03-09,0.5664890517062916,0.5785853753914277,0.5462284574307488
2005-03-10,0.55691646874552,0.5773460976758524,0.5644751965134657
2005-03-11,0.5873865272863158,0.633433560177616,0.6355270128283916
2005-03-14,0.5771103881966471,0.6132155086143808,0.6062564221552037
2005-03-15,0.5587899404683636,0.5980535110610827,0.601045566713443
2005-03-16,0.5596619163843719,0.5805724704085392,0.5727892584046409
2005-03-17,0.6883354560110063,0.77926514391498,0.7326378478725092
2005-03-18,0.6683172042353245,0.7610165698156192,0.7421855516035464
2005-03-21,0.6394941343119781,0.7315418377525449,0.7101280206922457
2005-03-22,0.6152396796871558,0.7041353174556674,0.6783151839010678
2005-03-23,0.590632823733903,0.678686121125588,0.6495199421338381
2005-03-24,0.5998944160028439,0.6960997472838035,0.6954728039083377
2005-03-29,0.5802632292582606,0.67123125334517,0.6641627107334671
2005-03-30,0.5596136941127485,0.6490932272644353,0.6465605406183796
2005-03-31,0.5563833238898244,0.648251889921318,0.6690942627343665
2005-04-01,0.5393983249927177,0.6296576229233419,0.6584773493716074
2005-04-04,0.5339281079381997,0.6097274581745695,0.6279231834351884
2005-04-05,0.5319711855506959,0.6109292578436155,0.648913959999438
2005-04-06,0.5923651156391928,0.5924415987248244,0.6140872082252261
2005-04-07,0.5697054773242581,0.5754033189008025,0.5888249849654456
2005-04-08,0.5780139640281142,0.5597251483235293,0.5604305399112355
2005-04-11,0.5571187888173947,0.5453209362351664,0.5377500864928477
2005-04-12,0.5434432315815448,0.540118251065264,0.5449958043657146
2005-04-13,0.5591028415103338,0.5775096375451011,0.5977849284125208
2005-04-14,0.5452691230718256,0.5616619914773616,0.5715999842506508
2005-04-15,0.5389235299308872,0.5637079471188706,0.5903814285539125
2005-04-18,0.6403504202319019,0.720743144122257,0.7216606352391723
2005-04-19,0.7607874861030391,0.895484666519307,0.8773636492157327
2005-04-20,0.7468659058696265,0.8569579540984857,0.8320700213705609
2005-04-21,0.752105641961717,0.8733948148175719,0.8861811953861937
2005-04-22,0.7176328136445825,0.8367034217859234,0.852569461612875
2005-04-25,0.7102992969994144,0.8020657431007371,0.8085734201035326
2005-04-26,0.6844095003962852,0.7697666887387226,0.7698774201441554
2005-04-27,0.6702381488123744,0.7597212877563353,0.7883050391879375
2005-04-28,0.7537878914166549,0.8833519918961953,0.9131353615186535
2005-04-29,0.7186010938771097,0.8456205146607025,0.870733395831336
2005-05-03,0.6890035630792218,0.81038674201201,0.8289665354137589
2005-05-04,0.7658627499107282,0.7775223793291599,0.7809082236992572
2005-05-05,0.7410325793408246,0.7469045968643795,0.7428587279280362
2005-05-06,0.7166541421208895,0.7184155897433946,0.7073477289167406
2005-05-09,0.6909932975120713,0.6919421702114038,0.6745209713070283
2005-05-10,0.664270152097112,0.6719566713162852,0.6695031331545028
2005-05-11,0.6496708494761857,0.6680009454245887,0.6896291749110828
2005-05-12,0.6353342953763375,0.6627495298232465,0.7062489375285659
2005-05-13,0.6182427241555086,0.6403274660865832,0.6732314437244302
2005-05-16,0.596279687436041,0.6227943126375663,0.6636981332931166
2005-05-17,0.5738384520374562,0.603875930541889,0.6431054766576518
2005-05-18,0.5585164153239098,0.5859381316467036,0.6143912686153952
2005-05-19,0.629067681872768,0.5694161345984836,0.58067305542868
2005-05-20,0.6077939224911442,0.554221830227291,0.5556742710974554
2005-05-23,0.5854933402155856,0.5402702275194655,0.5328146755805263
2005-05-24,0.5728072537355198,0.5274794557960019,0.5095890045630989
2005-05-25,0.5550015693894063,0.5200067497856535,0.5102614648182688
2005-05-26,0.5421459914644151,0.5182504638992323,0.5206386308915559
2005-05-27,0.5418586384084721,0.5073338900155754,0.497093805633111
2005-05-31,0.5278956008561237,0.5033236019353187,0.5018151701357441
2005-06-01,0.5352164045283636,0.5304245658149922,0.5435391462544226
2005-06-02,0.5954788206846408,0.5184651692541303,0.514536923520507
2005-06-03,0.5748244277537142,0.51050031466771,0.5115127851136033
2005-06-06,0.5556949347038209,0.5029175786130182,0.507644947963481
2005-06-07,0.5535596849904174,0.5203201740631309,0.5396644091813955
2005-06-08,0.6031245002098314,0.5092251124295946,0.5112711156076551
2005-06-09,0.5998506144669098,0.5328055080064623,0.5499734771184706
2005-06-10,0.5767882159942309,0.5206441038632648,0.5280860241530689
2005-06-13,0.5689936285270498,0.5095211516507863,0.5045667751357232
2005-06-14,0.5602178818616436,0.49936298898547093,0.4825307407099319
2005-06-15,0.5412688705778791,0.4913101979218206,0.4750249765861146
2005-06-16,0.5567829001542314,0.5363764667891897,0.5318616248249052
2005-06-17,0.5580236170108805,0.5239132451927587,0.507381764473885
2005-06-20,0.5730484017406352,0.5125095025040646,0.4829778213918952
2005-06-21,0.5540238842436759,0.5046730636449296,0.48043872247875524
2005-06-22,0.5367565484663472,0.49494013789037034,0.4614540902458082
2005-06-23,0.5274698551292808,0.4860699791694766,0.44220051928192733
2005-06-24,0.5167203599894934,0.47799712509528614,0.4243125440474179
2005-06-27,0.5556406041455592,0.5571285440213488,0.507540008665291
2005-06-28,0.5888177441270983,0.6207955622627888,0.5854411490338758
2005-06-29,0.6360920910468884,0.6015448866582253,0.5542963146184813
2005-06-30,0.6189428996580894,0.5837896392802435,0.5298598850524325
2005-07-01,0.5940627406325983,0.5674389682977975,0.5093282290550164
2005-07-04,0.6411129599696396,0.5524051588754233,0.4822645092956633
2005-07-05,0.6287773033932483,0.5386036082054676,0.4609186942447645
2005-07-06,0.6034204343574677,0.5259528392586651,0.4437342919211844
2005-07-07,0.6254276915648741,0.5143745322773646,0.4216158102249619
2005-07-08,0.7587745254874392,0.7720303656006031,0.6216947672719726
2005-07-11,0.8533017423958632,0.7417917683265192,0.584121759270789
2005-07-12,0.8124766354279385,0.7136619054847557,0.5595950989217905
2005-07-13,0.7919430679645044,0.7183416549035548,0.6023862851185002
2005-07-14,0.7720162456837498,0.6918735135162217,0.5736670533691854
2005-07-15,0.7389922325189076,0.6673117433530732,0.5491052778654076
2005-07-18,0.7311096496725071,0.686593625832631,0.6020040471409847
2005-07-19,0.7076086866734801,0.6769602637823301,0.6201647172998311
2005-07-20,0.6822099668070641,0.6621341692201174,0.6269966636810399
2005-07-21,0.6562306402048326,0.6397578292528698,0.5994758580482014
2005-07-22,0.6288569810669128,0.6190597183453582,0.5747460804670105
2005-07-25,0.6135144568367916,0.5999427778634097,0.5490155641669191
2005-07-26,0.6120166151878393,0.5823132397536954,0.52322253114208
2005-07-27,0.5967646243956872,0.5788347306558533,0.5400874810409424
2005-07-28,0.5744308328583971,0.5628806642779794,0.5184579363970173
2005-07-29,0.5537087028967203,0.5482182318633725,0.49811304703298953
2005-08-01,0.5374443220655268,0.5347637494599758,0.47794362287795406
2005-08-02,0.5206136069641547,0.5224366644833823,0.4594167257634246
2005-08-03,0.5466424751966805,0.5111595950161371,0.4371118626764045
2005-08-04,0.5277677893134495,0.5008583796740346,0.4213417618358134
2005-08-05,0.5236420783317008,0.5104127947336118,0.4494321794686768
2005-08-08,0.5068340790660026,0.5002743610719775,0.4363077932085177
2005-08-09,0.5190024276736895,0.49092982960493275,0.41639842511695696
2005-08-10,0.513113041651483,0.48241880722843217,0.39920807969726896
2005-08-11,0.501845788324536,0.4746773256032925,0.3838204858495607
2005-08-12,0.5035687440272317,0.4921123835916052,0.41916097959744975
2005-08-15,0.4968716395443965,0.4948662732313105,0.43696659435978036
2005-08-16,0.4826730533410496,0.4862988701384581,0.4265860774413594
2005-08-17,0.4920058241598656,0.5099860402048991,0.4673837618524113
2005-08-18,0.5169406604793526,0.5548640111548935,0.5272265142061571
2005-08-19,0.5251708315708019,0.5738423342939368,0.5666610555484085
2005-08-22,0.5681572015949745,0.5582900118661971,0.5375050331787562
2005-08-23,0.5476907699220585,0.5440035500250866,0.5163001767102018
2005-08-24,0.5434289517096034,0.5514968173064272,0.5426211068604195
2005-08-25,0.551202893714631,0.5752713180650408,0.5852233060154192
2005-08-26,0.5487212532479658,0.5822936506608779,0.6111649967887971
2005-08-30,0.5614364188680878,0.6098941341744993,0.6568659795159845
2005-08-31,0.5640995877357193,0.5914869374181019,0.6252504010048954
2005-09-01,0.594849069753508,0.5745242284659546,0.5931904954848939
2005-09-02,0.5998073572668908,0.5589169045278699,0.5645692382261807
2005-09-05,0.5768194195088683,0.544844707253217,0.5474303071451875
2005-09-06,0.5577386855579213,0.5316711463123615,0.5248279987943294
2005-09-07,0.5503581109516482,0.5196059077664382,0.5016829718090884
2005-09-08,0.5316276391053024,0.5085723858930855,0.4822505462694025
2005-09-09,0.5405366560806223,0.5381108973626022,0.5281025396586311
2005-09-12,0.5313508020845572,0.5255015742863445,0.5052704560065704
2005-09-13,0.5201540495566289,0.5139618489965478,0.48411893255349914
2005-09-14,0.5581867235492255,0.5846437097573293,0.5624468622969813
2005-09-15,0.5398897404098849,0.5682248865034639,0.539282641482759
2005-09-16,0.5608958262222812,0.553127238238596,0.5129152949543381
2005-09-19,0.5570635283084012,0.5392660072022775,0.4899381822629543
2005-09-20,0.549907403295768,0.5265595591942978,0.4686235296290867
2005-09-21,0.5388777714690616,0.526144318200671,0.4845325459773538
2005-09-22,0.5998237868442385,0.6341180554626227,0.5894433886833292
2005-09-23,0.5823826964505695,0.6138479183510585,0.5636969160528302
2005-09-26,0.5815198251553122,0.5951338083455816,0.5374008007005876
2005-09-27,0.6029309917084711,0.5778828100777944,0.5106507574601564
2005-09-28,0.5812615627110244,0.5641657677252429,0.5061212821317219
2005-09-29,0.6214778010613946,0.5493984409225419,0.4797823230443381
2005-09-30,0.6069384228368351,0.5519345926026592,0.502767220632971
2005-10-03,0.5831329077769222,0.5382339877657379,0.4863531603194362
2005-10-04,0.5756228867695152,0.5256143082552849,0.4649291601892967
2005-10-05,0.5570283459518719,0.5175206594954838,0.4660083014339196
2005-10-06,0.6782848558663105,0.7261555778635748,0.6315160871394636
2005-10-07,0.7374253977288984,0.8251474037335128,0.7485873322636395
2005-10-10,0.7074568896932921,0.7957222513482367,0.7408380041736158
2005-10-11,0.6784120591241015,0.7638557211614576,0.7070204203987034
2005-10-12,0.6492067426874235,0.7341836312758586,0.6762298449689624
2005-10-13,0.6700896046247082,0.7708265841214411,0.7444696599750398
2005-10-14,0.8072492836300417,0.9649170623921268,0.9176280013127851
2005-10-17,0.7695896285432386,0.9219044920629753,0.8734289557803829
2005-10-18,0.7354521929590208,0.8816583332198689,0.8316927547505738
2005-10-19,0.7183973246125046,0.8641892921550053,0.8499850436284888
2005-10-20,0.9232482519426596,1.1393075963645636,1.0746438687959525
2005-10-21,0.8768561242666268,1.0859867397963117,1.0319597306416881
2005-10-24,0.8469882284994791,1.0517494215105603,1.036912637853092
2005-10-25,0.8996266865643201,1.0032582690480147,0.9755334830986777
2005-10-26,0.8718038675346125,0.9809809798067812,0.9926059152083857
2005-10-27,0.8723632544806813,0.9369448046272301,0.9375023738974528
2005-10-28,0.8805402469578983,0.9691367459809539,1.0076691027741589
2005-10-31,0.8552663304581793,0.9258548145197666,0.954176434802689
2005-11-01,1.0306410390310272,0.8853529413326287,0.8918313765487268
2005-11-02,0.9879328989462862,0.8474900587115282,0.8463749993327794
2005-11-03,0.939196291863183,0.8121316032633658,0.8058602553364159
2005-11-04,0.990081228899547,0.7791489881474193,0.7580956057320417
2005-11-07,0.9404941471230918,0.751592456728733,0.7452794277961886
2005-11-08,0.9165591629322859,0.7227751087230619,0.7071330260955206
2005-11-09,0.8699009505334734,0.695999895842287,0.6779309872095943
2005-11-10,0.8383307519829897,0.6918627220648257,0.7004599038137661
2005-11-11,0.8049240779866245,0.6800866124689311,0.7101018362603216
2005-11-14,0.8017647917256858,0.6563852192955405,0.6733047526275774
2005-11-15,0.7632139721171135,0.6344371306974488,0.6446849023142491
2005-11-16,0.7534779768900189,0.6593908543229352,0.6924757778338615
2005-11-17,0.7218605023541019,0.6421006664268221,0.6866092009124029
2005-11-18,0.7088920799890958,0.6212253779830146,0.6530810936174337
2005-11-21,0.7115254978090406,0.6019416204037058,0.6200591847601354
2005-11-22,0.6797023295313463,0.5842785819236865,0.5983476634278277
2005-11-23,0.6577884661762898,0.5678888873849229,0.5716307853042537
2005-11-24,0.6338669618704774,0.5528185243815137,0.5471832883215533
2005-11-25,0.6229467410351919,0.5630616869628815,0.5760335089193698
2005-11-28,0.6008454389703431,0.5483844695253116,0.5516180936837818
2005-11-29,0.6464245614607583,0.6454084019189583,0.6474948689426382
2005-11-30,0.6229191410957008,0.624283562462089,0.6189294499427823
2005-12-01,0.7314685087064341,0.8040478843975253,0.7711466168239577
2005-12-02,0.787338128315171,0.7716139599248384,0.7272858817044509
2005-12-05,0.786040468024281,0.7414041574281854,0.6894950737510328
2005-12-06,0.757904931894022,0.7269042492257125,0.7025100660765241
2005-12-07,0.7387560694376961,0.6998265132199373,0.6683888735921889
2005-12-08,0.7084246100685322,0.6795033681815822,0.6644652215638458
2005-12-09,0.6765399985790265,0.6558447408822569,0.6367865014211902
2005-12-12,0.6540554324649938,0.6432760423618447,0.6434329559584797
2005-12-13,0.6356675380861786,0.6350161964763655,0.6550028731497517
2005-12-14,0.6096707956397994,0.6146777639762353,0.6273082913684619
2005-12-15,0.589422801620438,0.5958993821642415,0.5998511829545247
2005-12-16,0.5910810661786409,0.6129824938200891,0.6382440861647536
2005-12-19,0.6031773643306014,0.5943354646208497,0.606526200468461
2005-12-20,0.5804593397117683,0.5771474847558609,0.5811729255996113
2005-12-21,0.5595785662469082,0.5613289501077282,0.5572477062077348
2005-12-22,0.5821085339446436,0.5467933802286167,0.5295784580428172
2005-12-23,0.5616605908720598,0.5334574080656079,0.508235998167607
2005-12-28,0.5417774807069836,0.5214756325217782,0.49374441411853276
2005-12-29,0.5430147615404346,0.510281142528266,0.471471455753682
2005-12-30,0.529750662911491,0.5000565839775064,0.4522642902369884
2006-01-03,0.5277699816618098,0.5133960726683398,0.482832303933599
2006-01-04,0.6189233883625755,0.5029001206386629,0.45556986717213704
2006-01-05,0.6196407705863668,0.49332344328657,0.43443400081869527
2006-01-06,0.6128837539500971,0.5162116482885409,0.4749742664933888
2006-01-09,0.6279108710278863,0.5054713912151102,0.451673644450815
2006-01-10,0.6023994490485893,0.495711154198456,0.43743947166400493
2006-01-11,0.6342085148909672,0.582881590974497,0.5278625968854718
2006-01-12,0.6505678328528764,0.5666034472972739,0.5014395852026454
2006-01-13,0.6231246844834472,0.5516375663616474,0.48256627451173006
2006-01-16,0.6170028953498039,0.5682339290478555,0.5219300600160575
2006-01-17,0.6116978900772545,0.5531355464230985,0.4979534721158826
2006-01-18,0.6384350046597816,0.6215349531669239,0.5794040492592297
2006-01-19,0.6495472204064133,0.65881584792555,0.6405532856176104
2006-01-20,0.6415316023750134,0.6366864572592159,0.6099467555147817
2006-01-23,0.6292128039296269,0.6364381399175408,0.6338129249478974
2006-01-24,0.6087543624702537,0.6225541461158983,0.6347787759401817
2006-01-25,0.6091968502829866,0.6377963662400061,0.672538129567904
2006-01-26,0.7057206099517379,0.617246865916728,0.6336401399803536
2006-01-27,0.6800957746822084,0.5982698228969017,0.605227665871433
2006-01-30,0.7395916856874599,0.5807717667389944,0.5712947164826142
2006-01-31,0.7074382791282143,0.5673842887330097,0.5652976251023789
2006-02-01,0.6870793252429942,0.571649216250051,0.5880714650401331
2006-02-02,0.6928291324949997,0.5562740682786632,0.5586644747283038
2006-02-03,0.7365500936035985,0.6749833608895782,0.6687836196191689
2006-02-06,0.704686345846157,0.651656793980246,0.6393538467936578
2006-02-07,0.6758026348188763,0.6300624230938997,0.611438348407083
2006-02-08,0.6658613468912974,0.6396972708601236,0.6458296768857736
2006-02-09,0.6520066834179453,0.6404467975528969,0.6691564113649464
2006-02-10,0.7769934917546464,0.6196965482521997,0.6286300971069498
2006-02-13,0.786949553756192,0.6857466291872822,0.7080992041518887
2006-02-14,0.7647682936741237,0.6616311681094881,0.6736996110571369
2006-02-15,0.7290272372518352,0.6394258911794235,0.6492400622719761
2006-02-16,0.6958570708519896,0.6188361772712709,0.6253260690273087
2006-02-17,0.6935692785931784,0.5997364749714874,0.5944697610176993
2006-02-20,0.6680122905180873,0.5821231386586257,0.5684546331829843
2006-02-21,0.6441959506748801,0.5659056262927235,0.5439612762568358
2006-02-22,0.6187492718748495,0.5526381154315746,0.5355766375422694
2006-02-23,0.597668942738843,0.5388173050157272,0.5131991639877916
2006-02-24,0.6143701225293067,0.5901641702734564,0.5789610289701043
2006-02-27,0.6025213391926071,0.5733062923100722,0.5527035231655784
2006-02-28,0.5833013285709845,0.557797234982527,0.5292918063635745
2006-03-01,0.7442519752202705,0.8217543212903141,0.7264052835700203
2006-03-02,0.7639755562021712,0.7881213140786171,0.6874061829992976
2006-03-03,0.7319932017539598,0.7615033837099111,0.6835684266163922
2006-03-06,0.7104114973795231,0.7319947895388494,0.6512127588438495
2006-03-07,0.7084862239047234,0.7045562082806134,0.6186971996610029
2006-03-08,0.7177725084850486,0.7404103613953902,0.6865811915181128
2006-03-09,0.7344046324520496,0.7838026110572288,0.7604387021617025
2006-03-10,0.7367345394002622,0.7527525851444727,0.7209160623535209
2006-03-13,0.755077231303392,0.7238541197081171,0.6824175717368997
2006-03-14,0.7569925676939097,0.6969931485214831,0.6472904609625213
2006-03-15,0.72199413977872,0.672355791740111,0.6263747604861398
2006-03-16,0.6922418817547263,0.6492227777157714,0.5990485955464953
2006-03-17,0.6763933055606923,0.6278110209148917,0.5712049705547536
2006-03-20,0.647216309880893,0.6080219961897577,0.5482296301225694
2006-03-21,0.6225286036119144,0.5926680118956058,0.5444618562657497
2006-03-22,0.5974559318187003,0.575656061763811,0.525504078618774
2006-03-23,0.5789955930325518,0.5599575347034137,0.5034934814807432
2006-03-24,0.5678025474904975,0.5601230340450747,0.5234373034149777
2006-03-27,0.5965501544884018,0.5456862113083291,0.49706812308659604
2006-03-28,0.6793447028626871,0.7009557162539404,0.6332211996246048
2006-03-29,0.6843734775178254,0.7253402262261794,0.6895580884545832
2006-03-30,0.6644512022034418,0.6983735887099509,0.6572544613858806
2006-03-31,0.7003904258387678,0.6733404449797004,0.6219704474399246
2006-04-03,0.7299766268469284,0.7442919029650619,0.7127860520645108
2006-04-04,0.7635524834760397,0.7159862853076174,0.6737685078196277
2006-04-05,0.7375888445826226,0.7041842084775387,0.6884223523387369
2006-04-06,0.7316021335713808,0.6787314890973489,0.653868337407679
2006-04-07,0.6980151544791644,0.6551294882278808,0.6269332512635798
2006-04-10,0.6777242279842505,0.6489281811549422,0.644263694337026
2006-04-11,0.6807237016748952,0.6275385517434029,0.6120431081045701
2006-04-12,0.7119370857686632,0.7053098548592309,0.702053592525537
2006-04-13,0.6870709520522708,0.6894078415643216,0.7065373822030784
2006-04-18,0.671984083089982,0.6650254457617888,0.6725267617575956
2006-04-19,0.6462254621404485,0.6424344640189358,0.6425676264055626
2006-04-20,0.6615643325022256,0.6215339609476388,0.6097573653814473
2006-04-21,0.6360017204232854,0.6054812818716684,0.6037601707745804
2006-04-24,0.663461711954144,0.5874180047940533,0.5723605165948076
2006-04-25,0.6646855108838974,0.6189806533865859,0.6247037039487311
2006-04-26,0.6410219221706194,0.6063365608310056,0.6256380607907481
2006-04-27,0.6196384287051298,0.5882065120306301,0.5979309519620516
2006-04-28,0.6461924535332026,0.6513185136836336,0.6732083206714966
2006-05-02,0.6551474546689042,0.6823331907326308,0.7265447448842759
2006-05-03,0.6979530662492138,0.6584672399099573,0.6869089318834851
2006-05-04,0.7804285190178463,0.8147320514572477,0.8247948634675596
2006-05-05,0.7549910044945198,0.7815733810231822,0.7839928630487477
2006-05-08,0.7731737282171558,0.7506766201790235,0.7415794958353795
2006-05-09,0.7510160750456846,0.7429437441831864,0.7624662251186517
2006-05-10,0.7417056311619755,0.7147328668755032,0.7237545901756848
2006-05-11,0.7198527627770889,0.7065073228393719,0.7404068697453787
2006-05-12,0.7272126937790394,0.7413179933144911,0.7992324081786265
2006-05-15,1.0053068498732096,1.1669771719607713,1.0866313183809555
2006-05-16,1.0367760667572221,1.2244651366734085,1.193301653138262
2006-05-17,0.9819462849991949,1.1653960434038477,1.1321665515382202
2006-05-18,1.3563840177036528,1.6774852822955626,1.5097031223713204
2006-05-19,1.2810941802456217,1.5921909955673983,1.4368002812391467
2006-05-22,1.2139511326666745,1.515487313007707,1.3915927587000074
2006-05-23,1.368318659852147,1.7228913629056237,1.6215512758142765
2006-05-24,1.5413683606445472,1.6346406805711193,1.5085295935975909
2006-05-25,1.553565404354736,1.698873537230796,1.640521804892015
2006-05-26,1.5527615001567412,1.6120005425437056,1.5348807298316531
2006-05-30,1.596037222238325,1.5301290226813185,1.4335265977484497
2006-05-31,1.7098380683875738,1.782208701959718,1.6897532785120986
2006-06-01,1.6606500522963523,1.6905640292959323,1.583620660691467
2006-06-02,1.5713024445487445,1.604168164273363,1.4922594389117845
2006-06-05,1.4835313990470915,1.5227490870209692,1.409068663846145
2006-06-06,1.3998981874459602,1.4462273246105983,1.3400970879272391
2006-06-07,1.4289249340675199,1.536344946720395,1.484543759530462
2006-06-08,1.36274028265017,1.4588553243499067,1.3984989344837861
2006-06-09,1.5416348431012772,1.7575623371599092,1.6760451744549323
2006-06-12,1.5463105135012478,1.667326443897739,1.5675266367990313
2006-06-13,1.4739902967152596,1.6037546439236525,1.5582988759507637
2006-06-14,1.518960515612147,1.7076390201164944,1.71327748600649
2006-06-15,1.4356344834843326,1.6235032040121467,1.6459554575073978
2006-06-16,1.502548208708599,1.5409676988558392,1.5362891409470179
2006-06-19,1.4245365882663985,1.472992924365677,1.5015815252842826
2006-06-20,1.3531477315919564,1.399194236748833,1.415494271754858
2006-06-21,1.2891714190583272,1.3297237439236163,1.3349122168093177
2006-06-22,1.2179484051821399,1.2643600866197484,1.2638748674036915
2006-06-23,1.1551126193611023,1.2028939422816958,1.1957465633454598
2006-06-26,1.0928199175536066,1.1451272754726998,1.1339417444948994
2006-06-27,1.0370182449551517,1.0942094714848787,1.1020899609273869
2006-06-28,0.9986910109017862,1.0660396018940907,1.1131143381356867
2006-06-29,0.9563941040442357,1.0166586259860546,1.053895706384016
2006-06-30,1.1055118359318872,0.9703659542837672,0.9852222768809796
2006-07-03,1.0694428359976857,0.9270056220357333,0.9319856326783289
2006-07-04,1.0481742159110636,0.8864293168008934,0.880782475193442
2006-07-05,0.99267057074187,0.8485642585689057,0.843230732321187
2006-07-06,0.9977219590017099,0.9127614153126825,0.9352474246817749
2006-07-07,1.0049339631604155,0.8731084653825343,0.8819750527612212
2006-07-10,0.9523635602207224,0.8361404785088562,0.8447680341451168
2006-07-11,0.9036639402028539,0.8015405101186814,0.8055296258217959
2006-07-12,0.889444162944455,0.8218881346481403,0.8586322835927334
2006-07-13,0.84457065878693,0.788246103280574,0.8192552109852207
2006-07-14,0.975333094802594,1.030973195350757,1.0155564904027528
2006-07-17,0.9859356495816977,1.0726868438102994,1.0989375112801987
2006-07-18,0.9358805490295399,1.0242782513010646,1.0599007763619999
2006-07-19,0.896590198789694,0.98861016667919,1.051666861251612
2006-07-20,1.0068096319675226,0.9440895567145273,0.9856719577080401
2006-07-21,0.9554473446635061,0.9041675446702674,0.9549001918986455
2006-07-24,0.9564628337826045,0.9453692596398517,1.0275049965814222
2006-07-25,1.1071196352247312,0.9036091400971764,0.9604596952065992
2006-07-26,1.0508144725832884,0.8645519262160888,0.9125807485872327
2006-07-27,1.003536874919079,0.8280601386460552,0.866411341044008
2006-07-28,0.9904778844505207,0.7940025081331405,0.819131265328208
2006-07-31,0.9679752655803437,0.7622534746876939,0.775852484672071
2006-08-01,0.9568731278027828,0.8058594814993354,0.8462308021271372
2006-08-02,0.9489969907568544,0.8466092322295093,0.9146035175258783
2006-08-03,0.9399550969571756,0.8113095083856473,0.8645052244708098
2006-08-04,1.040611343083053,1.0321261596688036,1.0479207325741264
2006-08-07,1.0221462812759827,0.9848619967101208,0.9893411107517673
2006-08-08,1.0307173212723586,1.0391800127627253,1.079419344423527
2006-08-09,0.9790239883978561,0.9948617254418745,1.0501783868043477
2006-08-10,0.9547273698191846,0.9499449473737315,0.9927286523225118
2006-08-11,0.9322770026827346,0.9480319351150124,1.0277527540245512
2006-08-14,0.8850354086792603,0.9065421559815132,0.9860210159493341
2006-08-15,0.8831490647785747,0.8672938137406627,0.9314164235948716
2006-08-16,0.8497555856216256,0.8306206429941505,0.883914622522357
2006-08-17,0.8079228069292143,0.7965076273526666,0.8470032551054743
2006-08-18,0.7688090476335225,0.7645874725653855,0.8082677568218705
2006-08-21,0.732482785130546,0.7348645672913914,0.7720145721619562
2006-08-22,0.7007097605798995,0.7072230631305471,0.7366069517737991
2006-08-23,0.6746512481357327,0.6880732764128589,0.7327939518210098
2006-08-24,0.6926839191773575,0.7329067500577503,0.7979544661229548
2006-08-25,0.6630112988669077,0.7054036445694144,0.7613880538368316
2006-08-29,0.6357702064164653,0.6798630832363789,0.7269554304920214
2006-08-30,0.6107566643938573,0.6561780776999683,0.6945337732050009
2006-08-31,0.6241484004015542,0.6342454566932592,0.6592694446036486
2006-09-01,0.6154936873850474,0.6371049168939442,0.6836075547358845
2006-09-04,0.6320404018686108,0.6166078628064283,0.6486794949078138
2006-09-05,0.6356017589617224,0.5976801878655715,0.6166520900638389
2006-09-06,0.6106511942108789,0.5815341192240341,0.6031259023249192
2006-09-07,0.6598786800189467,0.6792543659802476,0.7003905409433885
2006-09-08,0.7533612972305688,0.8339034670154152,0.8394673137601113
2006-09-11,0.7257300398848572,0.7994534455016782,0.7985339348499688
2006-09-12,0.7139582135236274,0.7955124050953016,0.8266099592447814
2006-09-13,0.7213029769686583,0.7636602069192805,0.7828915265217983
2006-09-14,0.6892192070172611,0.7345352863836179,0.7563799291760509
2006-09-15,0.6659777880942511,0.7157551517954579,0.7567321490518456
2006-09-18,0.6374849577045467,0.6894957976418452,0.7252521375895111
2006-09-19,0.6139769891230312,0.6651069975816766,0.6923812271215828
2006-09-20,0.6812136803063203,0.7711918541149435,0.8002189234085376
2006-09-21,0.6755427491297581,0.7410112480936728,0.7596411196957136
2006-09-22,0.6647584828552683,0.7129363087180952,0.7221157641732213
2006-09-25,0.7683080647601013,0.8745884209093373,0.868778057994919
2006-09-26,0.747138829426831,0.8563578800864021,0.8826540087869628
2006-09-27,0.821717918709414,0.8204093706910747,0.8308000805889147
2006-09-28,0.8372740514808745,0.7868670907264984,0.7850809865078364
2006-09-29,0.8241155786553209,0.7556066661830396,0.7444841871625271
2006-10-02,0.7870937851113957,0.7307651837025412,0.7354269173684604
2006-10-03,0.750061596735954,0.7038795135268416,0.7110481224522628
2006-10-04,0.7265039385150658,0.6951654860251268,0.7263448768277221
2006-10-05,0.7089265804521947,0.6703647186730444,0.6910087970208314
2006-10-06,0.704362126330528,0.6473786297859102,0.6564758852477847
2006-10-09,0.673543825503651,0.6267118724752178,0.6372881666896307
2006-10-10,0.661085143042948,0.6070069689165734,0.6070982020079363
2006-10-11,0.6675892102586578,0.5888246206515902,0.5768446979888386
2006-10-12,0.6388669798283422,0.5720730492562021,0.5543584493439812
2006-10-13,0.6588714577272955,0.556663628042158,0.5261813491053827
2006-10-16,0.6555127936601176,0.542510845780418,0.5012923485128119
2006-10-17,0.631149126462541,0.5295323103406938,0.48079708761294804
2006-10-18,0.7016367285492456,0.6818581442998517,0.6139271831246516
2006-10-19,0.7023440342530798,0.6580269666993067,0.5833697591496303
2006-10-20,0.6711026977610912,0.6359563803154428,0.5598200298566799
2006-10-23,0.6422980362390301,0.615624617601793,0.540811541494063
2006-10-24,0.6170323375208785,0.5967729628751515,0.5188157873207702
2006-10-25,0.5966818156764659,0.5793927330072789,0.49720290538516143
2006-10-26,0.594290738207231,0.563393898125271,0.47446819865660944
2006-10-27,0.5965201148535247,0.5866626181260058,0.5224877784997662
2006-10-30,0.590407292228062,0.5943466042745049,0.5544960908795487
2006-10-31,0.6006259139032794,0.6247195386659556,0.6078843982248113
2006-11-01,0.5770799898183331,0.6051673256226271,0.583437585371214
2006-11-02,0.5635223940095245,0.5871285723125254,0.5577112343673739
2006-11-03,0.5432289048495866,0.570547434539278,0.5378071326994709
2006-11-06,0.5248097459974823,0.5554035704985969,0.5208123544173197
2006-11-07,0.6409460188526727,0.5413545335285083,0.49043359626754707
2006-11-08,0.6205775173104701,0.5284728317970946,0.46989878831404697
2006-11-09,0.5968011668500969,0.518089426039685,0.46417989142541854
2006-11-10,0.5760493556129611,0.510180740413294,0.46391850250551747
2006-11-13,0.5709081379926154,0.5253736113888443,0.4972476412244344
2006-11-14,0.5569613479001176,0.5237095175893276,0.5094022798710792
2006-11-15,0.5397279583355326,0.5154011775690429,0.5070378842713398
2006-11-16,0.5635899280521175,0.5047311468548238,0.4821892240407447
2006-11-17,0.5557372650909785,0.49499310915306155,0.46128205424191904
2006-11-20,0.6377276990666132,0.6502272345940727,0.5917619509272912
2006-11-21,0.6134670242867771,0.6287400731673557,0.5667494052283133
2006-11-22,0.589384045086312,0.6091247357125241,0.5495646845566245
2006-11-23,0.6149273913791903,0.6597895129712362,0.6218901291716301
2006-11-24,0.6027822444410714,0.6536313463171335,0.6402333324915283
2006-11-27,0.5893846697140154,0.6446849161233287,0.6524364468373064
2006-11-28,0.6950239213581781,0.8022811589424308,0.7919972541493708
2006-11-29,0.6799071774492983,0.7893498948052594,0.8091844070642616
2006-11-30,0.7173652110814409,0.7579192534848247,0.764698758532529
2006-12-01,0.7151463804239651,0.7709525004769856,0.8084037102233079
2006-12-04,0.7019509940809318,0.7663696453561387,0.8315853684649053
2006-12-05,0.6856649745672304,0.7365230664736581,0.7900821016599902
2006-12-06,0.6799528553103278,0.7087644529638119,0.7500692327063442
2006-12-07,0.6502583138774148,0.6829821719549608,0.7171726187410061
2006-12-08,0.6562256437667272,0.659068734644761,0.6807787130052677
2006-12-11,0.6358548275194306,0.6369205011091568,0.6494748861573162
2006-12-12,0.6100469791861536,0.6164374399937411,0.6219461713689242
2006-12-13,0.5866254322411097,0.5981629886104252,0.6047602549744054
2006-12-14,0.5915988352570603,0.5806733354138744,0.5755855565934274
2006-12-15,0.5946955051439824,0.564571858359445,0.5481448649055362
2006-12-18,0.5920670850090665,0.5497714162587963,0.5227337870323938
2006-12-19,0.5748223498296312,0.5436124697372157,0.5298489053824147
2006-12-20,0.6043003857735927,0.6090887741414239,0.6054754949191175
2006-12-21,0.582017757409625,0.5921752787706772,0.5932388725852321
2006-12-22,0.5676460321650264,0.5848645166526609,0.6014724848619613
2006-12-27,0.5471320911420149,0.5684280835873979,0.5768189832869074
2006-12-28,0.596434970957529,0.5533139394996868,0.5464864137471994
2006-12-29,0.5743593715453945,0.5404316431101783,0.5350266378849365
2007-01-02,0.5659044699053866,0.5462574914624293,0.5577347257595052
2007-01-03,0.712045629695088,0.5329661462232645,0.5235685082281519
2007-01-04,0.6804713472583402,0.5207911353235272,0.5029405018251079
2007-01-05,0.675301798879121,0.5547421760229113,0.5529762588383644
2007-01-08,0.7419846471535123,0.7078906448639103,0.6839521654833106
2007-01-09,0.7235349517274601,0.7057268631395099,0.7101371038269855
2007-01-10,0.6905361380022136,0.6801630310499797,0.6799091013994795
2007-01-11,0.6902347271266398,0.701272472084308,0.7275523683222304
2007-01-12,0.7485541439397221,0.6760297952903416,0.6865659359829571
2007-01-15,0.7144562457257491,0.6526262524673626,0.6567016322884268
2007-01-16,0.6916898680918689,0.6309592487897694,0.6263184277366799
2007-01-17,0.7123676240201607,0.6935823489448298,0.7050228147964334
2007-01-18,0.6841150465196242,0.67373502415584,0.6988865979632687
2007-01-19,0.6542730366995277,0.6505003645848301,0.6687503180991099
2007-01-22,0.6394202507908012,0.6289927102251996,0.6373151724732973
2007-01-23,0.6231483322020698,0.6232530079446652,0.65100014885112
2007-01-24,0.5988041825025404,0.6038133641233745,0.6231355799317337
2007-01-25,0.7258331440955966,0.5858804612047319,0.5857641402825781
2007-01-26,0.7368502761446624,0.6483808182020202,0.6611581257837875
2007-01-29,0.7398247282312226,0.6883044674747829,0.7223475150293136
2007-01-30,0.7072876574465496,0.6640024430742094,0.689963002913325
2007-01-31,0.6754944272396812,0.6414873510164023,0.6608836797062944
2007-02-01,0.6822638944853773,0.6763449264696169,0.7170576863765202
2007-02-02,0.7662282640710114,0.6529182156635052,0.6753842602985812
2007-02-05,0.7425742582279244,0.6312293491005495,0.6433561292117259
2007-02-06,0.7085128598950489,0.611179235537027,0.6162602215284432
2007-02-07,0.6896131182462127,0.5926721562738964,0.5876614203980038
2007-02-08,0.6675770653410853,0.5756156368057138,0.5614081380245216
2007-02-09,0.6525329004699388,0.5817853352497284,0.5878344307741785
2007-02-12,0.648597613985337,0.5655948432625729,0.559715056717761
2007-02-13,0.642807538284724,0.58554003247447,0.5994822318458526
2007-02-14,0.6298880312321441,0.5690497511221604,0.5718583772765077
2007-02-15,0.6326087691221816,0.5538851610744218,0.5442300547190269
2007-02-16,0.6084042074785755,0.5399613419346097,0.5219470192772969
2007-02-19,0.5903100412695513,0.5357130886398505,0.5308442971805343
2007-02-20,0.5787502192578012,0.5233058319657732,0.5074931711027891
2007-02-21,0.5846988170183073,0.5554759028918425,0.5560535085382032
2007-02-22,0.636405710606771,0.655785325403348,0.6547659326084685
2007-02-23,0.6196261524123711,0.6338820379225684,0.6246569679034729
2007-02-26,0.6016099802554745,0.613629856652911,0.5967181891115656
2007-02-27,0.598615558599442,0.5949326438646362,0.5685950118844735
2007-02-28,0.9699036988006124,1.1484974180401686,0.9308493845794208
2007-03-01,1.1078341818318294,1.3451255103079967,1.146647401849214
2007-03-02,1.093209110181997,1.3359584321376567,1.206930348727202
2007-03-05,1.0346064793380114,1.2702281547818544,1.1460248256265098
2007-03-06,1.032021101214508,1.2741132324319107,1.2119695116877105
2007-03-07,1.0620727728898187,1.2120632679984416,1.138714973041767
2007-03-08,1.0088071112321768,1.1537424082689787,1.0793391661254574
2007-03-09,1.0225333415510536,1.098961612624145,1.0162393418858318
2007-03-12,0.9717106994047368,1.047541813395422,0.9649443166987667
2007-03-13,0.9243556082608864,1.0029209585332184,0.9440246216171391
2007-03-14,0.9622629698057381,1.078540762802784,1.0560387164872702
2007-03-15,1.2678849293446035,1.5211382521884442,1.388621542684451
2007-03-16,1.388789339992133,1.4445326781706633,1.295652124483739
2007-03-19,1.311200681219673,1.3725795617178231,1.2343652689059785
2007-03-20,1.2739571364733868,1.3046784369480349,1.162740554314941
2007-03-21,1.2126982163436346,1.2408040765255708,1.0999488367064774
2007-03-22,1.1599146426633857,1.1807514881541605,1.0405170393236625
2007-03-23,1.1385878580944873,1.1243266924382307,0.9814954633150148
2007-03-26,1.081267252408879,1.0713460105866157,0.9319066036152572
2007-03-27,1.0561012655878534,1.071314051260055,0.9869813320818999
2007-03-28,0.9999395569063628,1.0216054054916248,0.9399672076602876
2007-03-29,0.9587913526407472,0.9906528190067108,0.9480852185940126
2007-03-30,0.9522224278738602,0.9460026854414887,0.8955598048661016
2007-04-02,0.9083372386884342,0.9112114027478592,0.8874306990637243
2007-04-03,0.8625059304854881,0.8716592075143478,0.8457140687222823
2007-04-04,0.8561881431425574,0.8346976694739796,0.8005015601817861
2007-04-05,0.8139009051726842,0.8003101774097331,0.7686972358654401
2007-04-10,0.7894349016990801,0.7681306876119369,0.7307009873351517
2007-04-11,0.7571048456775159,0.7381620211339699,0.6966671307179944
2007-04-12,0.7225741937792306,0.711100141064422,0.6770505165870189
2007-04-13,0.689638040424864,0.6851501912792701,0.6485864481073494
2007-04-16,0.6950646520051303,0.6610782830122709,0.6157811750957819
2007-04-17,0.7125842787059876,0.6387804520029685,0.5838067420959309
2007-04-18,0.6887219540815883,0.6304561349018774,0.5981335873010641
2007-04-19,0.7075832088961221,0.6895159253369363,0.6762077849167109
2007-04-20,0.6783156207729159,0.6680151677102909,0.6661793663752424
2007-04-23,0.6851918900849465,0.6452027452419229,0.6323649515123922
2007-04-24,0.6569563745800595,0.6261438684430597,0.6214412094905248
2007-04-25,0.6841975391436899,0.692032496154916,0.702202784708574
2007-04-26,0.6714539448325549,0.6674591711811352,0.6681876573159102
2007-04-27,0.6427953688091305,0.6446878906868986,0.6396388701703583
2007-04-30,0.6733998736093604,0.7089047555370939,0.7203790110622252
2007-05-01,0.6595423550134829,0.683112395589026,0.6855714456359358
2007-05-02,0.6525675691521277,0.6885443676365782,0.7174129086694704
2007-05-03,0.700362322005747,0.6642248638581714,0.6780362009342477
2007-05-04,0.7159231350982015,0.6416932672550099,0.6426138190813544
2007-05-08,0.7526654308586421,0.6208487637303683,0.6075770620723432
2007-05-09,0.7702088860902245,0.6945517607785552,0.6941628815448603
2007-05-10,0.7339968433553513,0.6698625243741599,0.6674589777512294
2007-05-11,0.7144740195220928,0.6687054455425538,0.6910312603960311
2007-05-14,0.7093644455437252,0.6458419687192134,0.6564904065277932
2007-05-15,0.6805233595237361,0.6286027912095726,0.6500297448786316
2007-05-16,0.6528186043607389,0.6087532212255331,0.6217408490423919
2007-05-17,0.6280323061536063,0.593850087387729,0.6153306734053241
2007-05-18,0.6082660816459037,0.5767004466725871,0.5881046933407732
2007-05-21,0.6529839474171206,0.5609178634493823,0.5567563900268183
2007-05-22,0.626250399916751,0.547262848361301,0.5440359032039045
2007-05-23,0.6225706829418289,0.5691535479423088,0.584224748635046
2007-05-24,0.5982802882567005,0.5539805383162758,0.5601116825618757
2007-05-25,0.6341007350874934,0.6334056837025328,0.6446294770836886
2007-05-29,0.6080072058197399,0.6131897538842115,0.6177602617579135
2007-05-30,0.6066978878820262,0.5945266544737711,0.5882136651077617
2007-05-31,0.5837665744825624,0.5782371409792211,0.5743625337325847
2007-06-01,0.5675851489012264,0.5623310492249324,0.5494863169061832
2007-06-04,0.6047678459130286,0.547713526064053,0.5211612982228115
2007-06-05,0.5858385832970485,0.5408968883047139,0.5267184500253073
2007-06-06,0.5881487431967762,0.565892990632047,0.5700415225804574
2007-06-07,0.7983490207316103,0.9005747105404364,0.8020013153036119
2007-06-08,0.7667931552424718,0.8698390778435684,0.8015138140273158
2007-06-11,0.7307423118258126,0.8330088615064019,0.7669253437528738
2007-06-12,0.7587557027043325,0.7986188479060025,0.7250787493442463
2007-06-13,0.7650657896253567,0.8261614140003708,0.7899176999362243
2007-06-14,0.7514424507886265,0.7922315105868836,0.7498734796484507
2007-06-15,0.8379948733978412,0.7606035833804061,0.7053817580699137
2007-06-18,0.8873658286172166,0.7311575865623349,0.6646923751697661
2007-06-19,0.8567982298456017,0.728014141751012,0.6938201768284539
2007-06-20,0.859707329844187,0.7798430532587985,0.7722696733116481
2007-06-21,0.8171048079969633,0.7491326296356445,0.7411169881786336
2007-06-22,0.8255768499097508,0.7987200941483147,0.8170766537869564
2007-06-25,0.8006428278322327,0.789392419228956,0.8371187633959198
2007-06-26,0.7674071308656796,0.757958863833644,0.7967044861270515
2007-06-27,0.7483284118490533,0.7534546983466086,0.8191333805149877
2007-06-28,0.7341671506523587,0.7541149366253859,0.8456725171367969
2007-06-29,0.7297621386430303,0.7251212831428964,0.8016274270568462
2007-07-02,0.716347227252307,0.6981702068913447,0.761256759022573
2007-07-03,0.6911499134715557,0.6829379138007531,0.7622471868957872
2007-07-04,0.6995040738750469,0.6590277142299736,0.7225569439084919
2007-07-05,0.6849631494201958,0.6368825370006789,0.6873869651993395
2007-07-06,0.684982987881817,0.6633958889238324,0.7340685518099748
2007-07-09,0.7032972358964367,0.6409258223351008,0.6953319990637302
2007-07-10,0.6787212552553981,0.6201393375020867,0.6632122569878287
2007-07-11,0.7711839781519307,0.7966159798152977,0.8085282980022587
2007-07-12,0.740455442641402,0.7718937235926363,0.8035635714004218
2007-07-13,0.8083464300905019,0.7416645744927276,0.7569793533381463
2007-07-16,0.773214631036727,0.713543660242652,0.721718738532741
2007-07-17,0.7442918323502768,0.6985372890140048,0.7278705092764128
2007-07-18,0.7382704043828465,0.7177583025930201,0.772829963671667
2007-07-19,0.8472473032185839,0.9110954869419986,0.9339034103488931
2007-07-20,0.8778288966542461,0.8715508295306909,0.8804807798363125
2007-07-23,0.8817670631692025,0.9074054790815113,0.9502036537703548
2007-07-24,0.8567152758928802,0.868100917166541,0.9003191685790064
2007-07-25,1.037308618750294,1.1639965879297032,1.1316018480868502
2007-07-26,1.0110112410625025,1.1469912045429997,1.1636934687253562
2007-07-27,1.4312297800580183,1.742030531870184,1.5772827321319247
2007-07-30,1.3658913250169764,1.6712788104158929,1.5633902270130722
2007-07-31,1.290964536426388,1.5873760609922152,1.4962678897948407
2007-08-01,1.453221634491629,1.5069278999071911,1.3934639998454632
2007-08-02,1.4904263746030362,1.6106507308195601,1.550850716490348
2007-08-03,1.4274230016431753,1.5288571639902762,1.4588019097504474
2007-08-06,1.4087728121473362,1.5413371712911472,1.5377181248329008
2007-08-07,1.344590650331748,1.4837914649982586,1.5253731618737683
2007-08-08,1.4105593661327227,1.4093621333240578,1.425219491830371
2007-08-09,1.3977257145845292,1.3392933140466927,1.3371432164842723
2007-08-10,1.4707116050459161,1.5166864532773203,1.5287795231745425
2007-08-13,1.8717865765055626,2.156654939409042,1.9909783308279212
2007-08-14,2.0049640330767864,2.043806192804554,1.8479348347070914
2007-08-15,1.9334777570172734,2.0061436389591814,1.89749115287906
2007-08-16,1.832022198076209,1.9169187588453678,1.8573664724571526
2007-08-17,2.21484934689899,2.540246664130039,2.342445318086088
2007-08-20,2.3654437287733296,2.4059445258958485,2.1683738698959503
2007-08-21,2.227635436948436,2.2791306550950012,2.035742998859092
2007-08-22,2.097524055783291,2.159409001580724,1.9141812721949314
2007-08-23,2.0568261675731736,2.046405425041779,1.786995372048084
2007-08-24,1.9371083248403358,1.939766499565453,1.6848295767453
2007-08-28,1.8280125685526156,1.839158384004048,1.5869031378276888
2007-08-29,1.8382660382754006,1.9247652971070852,1.752943316812062
2007-08-30,1.7383041775623602,1.8250077045604098,1.6490471556426904
2007-08-31,1.6889722651635666,1.7309211956218824,1.5455741653520698
2007-09-03,1.6586024080619133,1.6422103682948113,1.4480104283796884
2007-09-04,1.5643758008937856,1.5585961807552198,1.3685417268658013
2007-09-05,1.5064656360465836,1.4798150268452337,1.2876462013670924
2007-09-06,1.5291919889756518,1.576582302156743,1.4456323378135767
2007-09-07,1.4573372292150395,1.4967588964595415,1.3619956267873254
2007-09-10,1.5231294828560038,1.6463463773576517,1.5536318212112985
2007-09-11,1.471503140587903,1.6119547217562704,1.5868464184794133
2007-09-12,1.5833575084922755,1.5300858485743616,1.4784246472737093
2007-09-13,1.4978635294318732,1.4529599606646832,1.394905623333308
2007-09-14,1.4414865623381876,1.3803329599938299,1.312721212892535
2007-09-17,1.4181288936583774,1.4051279655242794,1.3982353466117574
2007-09-18,1.4564959870470342,1.5202608096880998,1.5510791629019918
2007-09-19,1.4677155125690795,1.4437062809409664,1.4517754199112782
2007-09-20,1.649585612780665,1.371621296952252,1.349264737969445
2007-09-21,1.5646609363302124,1.3202308223520918,1.3393836627626539
2007-09-24,1.4810772348791277,1.2554310777104913,1.2652846056909988
2007-09-25,1.3976986321162468,1.194500156863075,1.19878993548646
2007-09-26,1.3691139934844363,1.226053809222401,1.278388273187146
2007-09-27,1.3037139833395484,1.1668889765484718,1.2072672181836577
2007-09-28,1.2578954425384254,1.111306950855264,1.1385921796765444
2007-10-01,1.1938202065527974,1.0673603733307047,1.1204453977522109
2007-10-02,1.1437278121547896,1.0178973080100597,1.0594578572262228
2007-10-03,1.0825945922537243,0.9724639499821532,1.0198959559726195
2007-10-04,1.0372289639391268,0.9289698712776774,0.9661071591415616
2007-10-05,0.9835337579815469,0.8882665922514038,0.9187820518489331
2007-10-08,0.959025985637276,0.850212546125213,0.8696651169353357
2007-10-09,0.9539760632223871,0.8898095357583757,0.9407373309487311
2007-10-10,0.9728215840211685,0.8516543441065287,0.8866588252458354
2007-10-11,0.9251138683494172,0.8160185251655899,0.843674972976514
2007-10-12,0.9799567767653474,0.7827728401944508,0.7935119753894507
2007-10-15,0.9290049740426443,0.7517935907966562,0.7577790188783671
2007-10-16,0.9838142392833983,0.908117832614037,0.9041583210788726
2007-10-17,0.9466884917895009,0.8908245504260627,0.9213128214650578
2007-10-18,0.946381167006823,0.8526028526511326,0.8700364524698712
2007-10-19,0.963927214275498,0.9274801089172064,0.9683285129475495
2007-10-22,1.006337742954404,1.0327377317959496,1.0895982210893431
2007-10-23,1.0194282001251793,1.0838128824216215,1.175186878097096
2007-10-24,1.0007923180416591,1.0333293490619597,1.108502347182877
2007-10-25,0.964417150971041,1.008654483057652,1.1168035385151216
2007-10-26,1.0236087404256047,0.9628661045151569,1.0486534174937499
2007-10-29,1.0517418678339472,0.9199845826641695,0.9863535360138785
2007-10-30,1.016808034171737,0.8798628317209579,0.933508143862264
2007-10-31,0.9938599327154702,0.8948003459564461,0.9818223248774133
2007-11-01,0.986390225834269,0.8563183906765343,0.926892946532603
2007-11-02,1.1574573140506967,1.1926987523660078,1.1748549771230345
2007-11-05,1.1327579694299665,1.1919384231640144,1.2253540377194116
2007-11-06,1.1314951782802205,1.222624061887917,1.301898444212747
2007-11-07,1.0716694270990166,1.1636659495410733,1.23232750427627
2007-11-08,1.1190255059988212,1.2579340877231127,1.3545767532243558
2007-11-09,1.0590722507798256,1.1971250215745308,1.2902043682410032
2007-11-12,1.0841725166144782,1.2518111377808916,1.382252763152981
2007-11-13,1.0380853848245175,1.1910974076170149,1.3043874361447303
2007-11-14,0.989507834579874,1.1340449893382103,1.2330716523414218
2007-11-15,0.9987478009578081,1.0804684350466502,1.1603387315043876
2007-11-16,1.0221024155306082,1.138141487870056,1.2512754552785577
2007-11-19,1.0360788946720076,1.1785291265725406,1.328061753607622
2007-11-20,1.3418512078545493,1.6182068387415878,1.6448739908481584
2007-11-21,1.380411406121012,1.5359769935349963,1.5380099946675316
2007-11-22,1.552893129480514,1.8117655872949123,1.7991716410869576
2007-11-23,1.5290220364917682,1.7184339910472133,1.6840477722260232
2007-11-26,1.5437710986119486,1.630438831453535,1.5742966559990723
2007-11-27,1.522385906196511,1.6454183734324164,1.657506087307517
2007-11-28,1.4536896856671027,1.5860987361166738,1.6464907914726958
2007-11-29,1.618416965056724,1.5057244812100208,1.5312045334077649
2007-11-30,1.5401655957989744,1.4300161932958018,1.4415540080574814
2007-12-03,1.5106059780970313,1.3587340114100899,1.3526494373996745
2007-12-04,1.446573051872231,1.327687275566137,1.3730086695387707
2007-12-05,1.4177233030897793,1.3505724239170958,1.4463775679338573
2007-12-06,1.6133148762188543,1.283972668526623,1.344108147812054
2007-12-07,1.5222104364428541,1.2226982199149175,1.2898688454863743
2007-12-10,1.4743771725793071,1.1637356371305057,1.2135364687384012
2007-12-11,1.3915741300128217,1.1083456155840306,1.1503687022092497
2007-12-12,1.322835172442668,1.0730046095060597,1.1483766570498093
2007-12-13,1.2532378296705697,1.0231910246659421,1.0878557709634271
2007-12-14,1.554784398116931,1.6137669720200252,1.482970143403131
2007-12-17,1.474499935450107,1.5317934481064006,1.398166834953775
2007-12-18,1.5277376324325516,1.6600309353168994,1.5760190913030756
2007-12-19,1.4410329352465003,1.5753905100014078,1.4889925269411317
2007-12-20,1.359879145795141,1.495636119195191,1.407595081252283
2007-12-21,1.3192516334092184,1.4205157822047512,1.3240305345685397
2007-12-24,1.321453078089214,1.349791389162243,1.2425255854616568
2007-12-27,1.2664054123780983,1.2832378799567445,1.1726084000174333
2007-12-28,1.1990328639238144,1.220642458879099,1.1110569717862882
2007-12-31,1.1396999628681777,1.170278869804518,1.097244459354289
2008-01-02,1.0841173625103244,1.122652907694604,1.0827107083428678
2008-01-03,1.0491469100582878,1.102952580651127,1.1101219701869918
2008-01-04,1.039218792473813,1.0512866358663886,1.04658495668768
2008-01-07,1.1984385176995829,1.3260608373941356,1.2821231193087903
2008-01-08,1.1356749218967643,1.2640999287900259,1.2415375733565241
2008-01-09,1.078255870881158,1.202649368835851,1.1749953018967099
2008-01-10,1.1152114084188534,1.277019856351653,1.2920041892871987
2008-01-11,1.0907482805788495,1.2622469942595904,1.3278595088543304
2008-01-14,1.0395740674127216,1.2096606317548038,1.3006487715254194
2008-01-15,0.986196479734253,1.1514849050100455,1.2310566546508566
2008-01-16,1.39350911915073,1.714858565326125,1.619301804026792
2008-01-17,1.3959725410146622,1.7303603384925446,1.708518814496902
2008-01-18,1.339030165980647,1.6677229932016293,1.6985613483851705
2008-01-21,1.2644585465700888,1.5826674616207401,1.6051912281279648
2008-01-22,2.214299895379654,2.82216031636898,2.387917084157086
2008-01-23,2.2808887367669763,2.672201027390194,2.215407246182562
2008-01-24,2.2812333429476683,2.713191905471107,2.381326181442774
2008-01-25,2.624797229161579,2.5692758364015944,2.193863430775153
2008-01-28,2.4707255801984678,2.43394130917266,2.0762907945144753
2008-01-29,2.3715782429907657,2.3787716454091887,2.127888762316679
2008-01-30,2.293950134228952,2.2534755767708345,1.985912906081459
2008-01-31,2.177966535178078,2.1636882835838973,1.972034847095882
2008-02-01,2.0629639106101387,2.0504441596062897,1.849911958437992
2008-02-04,2.1047889576176546,1.9435773259777067,1.7211645538436933
2008-02-05,1.9823192036913444,1.842927771621464,1.630790384872899
2008-02-06,2.0672532477080416,2.0810826849276913,1.9022597183839027
2008-02-07,1.9470616307676543,1.9724879837937048,1.7906214197038075
2008-02-08,2.030140252916871,2.173563344065722,2.0388590805033813
2008-02-11,1.9399308668215418,2.059764248051982,1.9089519068520604
2008-02-12,1.8819881010423893,2.032767154100234,1.967822638681454
2008-02-13,2.10215653060647,1.9268981080037806,1.8218490633305053
2008-02-14,1.9878271677582742,1.8400814092247586,1.7809511764179498
2008-02-15,1.8724465046914207,1.7451652417672046,1.6818037335401064
2008-02-18,1.8420243059500983,1.7857936319555658,1.7919996800759996
2008-02-19,1.9439676941369017,1.6939442102431985,1.6657385252131849
2008-02-20,1.833827213124999,1.6073542250412591,1.569479502452104
2008-02-21,1.7781609331492836,1.6142537319324577,1.6428165810024626
2008-02-22,1.68764670817941,1.5322521023729465,1.5454425379804153
2008-02-25,1.6114405821926168,1.4891477162445093,1.5547599557322225
2008-02-26,1.6332495705199932,1.4144058123738732,1.452952414008746
2008-02-27,1.6081059114329495,1.3440404454251575,1.361935266256182
2008-02-28,1.5180658723958147,1.280336879449397,1.3130325292847236
2008-02-29,1.5596415945098545,1.447754845787196,1.4924934497401778
2008-03-03,1.542645075288813,1.4948503024608994,1.5906986181982468
2008-03-04,1.5044341220108512,1.4984834505279454,1.6471619800205577
2008-03-05,1.4510502585720098,1.4720205926507284,1.6670414609998825
2008-03-06,1.4478456940179065,1.3982787227367461,1.560657542093776
2008-03-07,1.456918986803258,1.4742846159845415,1.67067400898822
2008-03-10,1.4302408399486908,1.4853078459689368,1.725910794994841
2008-03-11,1.4148207529301742,1.5081247930342843,1.7888571824049848
2008-03-12,1.3782575438981297,1.4322766940666782,1.6771084544734354
2008-03-13,1.3862042520381601,1.3608618755006723,1.569794205808147
2008-03-14,1.3989217384798835,1.4362647194844955,1.6743360133616838
2008-03-17,1.3701457090343219,1.4393574741650343,1.7176045903940527
2008-03-18,1.8378324113143727,2.157547058965046,2.1797416666544525
2008-03-19,2.065737396434151,2.0446481583421634,2.017885572142052
2008-03-20,1.9800195275627663,1.9921859684667325,2.0354493065772488
2008-03-25,1.8912250750053963,1.9285593109910368,2.030042680972399
2008-03-26,2.1067914435832575,1.8285865594698132,1.879551317846004
2008-03-27,1.9921150180267064,1.7479742186022798,1.8341500564371669
2008-03-28,1.9027123725837212,1.658286918017143,1.7197829633421295
2008-03-31,1.7992528988162624,1.5847830778345142,1.6768641403527031
2008-04-01,1.6959446196192425,1.5044849519289267,1.5813929153350927
2008-04-02,1.8064211255744538,1.428848877206451,1.4712285504129516
2008-04-03,1.7356684659668946,1.3576352006567234,1.3822766639626018
2008-04-04,1.6428140249296685,1.3031884875504218,1.3618505281321476
2008-04-07,1.5767710186296273,1.239402882012155,1.2816629452738495
2008-04-08,1.5293425957744233,1.179434537609227,1.2052761803475052
2008-04-09,1.450148188283113,1.1370557515275406,1.1962860643061983
2008-04-10,1.3692110844333023,1.084394489446822,1.1494805274689657
2008-04-11,1.2978874842341415,1.0429670838409477,1.1321318710570518
2008-04-14,1.289210411077944,1.1139300021654217,1.230853897654811
2008-04-15,1.2731881209689362,1.1590808589001296,1.3103481083355106
2008-04-16,1.2697727344806606,1.1039744692460933,1.2306773351195543
2008-04-17,1.4152911302658309,1.0522455348729292,1.147172892108344
2008-04-18,1.3868631349686966,1.107122750239931,1.2336500368291365
2008-04-21,1.369316630010716,1.055199832253039,1.1593169183964582
2008-04-22,1.2931108423251103,1.006924635751595,1.1093097746667735
2008-04-23,1.226619265075383,0.97031921464459,1.0931446941562428
2008-04-24,1.1860277534843195,0.9269618630662975,1.0321847792285461
2008-04-25,1.1375544317744413,0.9166760115802564,1.0521999127183983
2008-04-28,1.0954962023769028,0.8767688470693579,0.9951148932632585
2008-04-29,1.0368424944216497,0.8395458606001275,0.9505012151493487
2008-04-30,0.982106275095171,0.8047966333859714,0.9087238748029399
2008-05-01,0.9312106069787174,0.7725430438017937,0.8718089346382519
2008-05-02,0.883552490204243,0.7422815138476551,0.832923256584456
2008-05-06,1.073828362545187,0.7141172050973722,0.7771257849726858
2008-05-07,1.0165434810084797,0.6879744446115927,0.7444040944346184
2008-05-08,0.9892520405662075,0.6636964723880441,0.7058719827497066
2008-05-09,0.9382717858029185,0.6412040900806848,0.6747621645151085
2008-05-12,0.9607551760406755,0.7679192470361533,0.7933191274195666
2008-05-13,0.9136933448028882,0.7379652327721573,0.7561142014751775
2008-05-14,0.8692349070505732,0.7130005358487222,0.7419780336713381
2008-05-15,0.8257930131062663,0.686914357358483,0.709558507984975
2008-05-16,0.8045285723690802,0.6627136819823054,0.6744877894157815
2008-05-19,0.8087282466737349,0.6402942817355364,0.6391124815837911
2008-05-20,0.8494807765271206,0.6195555712915841,0.6030682072223614
2008-05-21,1.2696568872682878,1.3858397881652578,1.0893699832585322
2008-05-22,1.1996034695694426,1.3171561621305055,1.034909504775674
2008-05-23,1.1384585691669322,1.2579981561087026,1.0190636444318315
2008-05-27,1.1951571419412403,1.3642090665503783,1.179753941818012
2008-05-28,1.1424371692549522,1.3128922316667393,1.1808096656030773
2008-05-29,1.0814862511312207,1.248528903309213,1.1196225529306323
2008-05-30,1.0238195742153668,1.1881039546756262,1.0679529966232388
2008-06-02,0.9742208244431262,1.1362079141723025,1.046676418704077
2008-06-03,0.9604614768668724,1.1305993335863327,1.094881437932633
2008-06-04,0.9466992813031752,1.0772339147998555,1.0336000330302213
2008-06-05,1.0238944045180798,1.2000190380142917,1.181050261064637
2008-06-06,0.9777642962595661,1.142426306272373,1.1177257112415855
2008-06-09,1.0541062370518446,1.25922581894427,1.262488295436004
2008-06-10,1.013538643856903,1.217018432035043,1.260564479117871
2008-06-11,1.0047980386437272,1.2154079673190836,1.3065993211957663
2008-06-12,1.1280491731241296,1.3875277074993762,1.480851693330916
2008-06-13,1.1291189197813094,1.3187445614499538,1.390417417567017
2008-06-16,1.0695113445063917,1.25403316876127,1.3147402473291248
2008-06-17,1.0142029303919402,1.194907991614748,1.2643888864104462
2008-06-18,1.0278044902802608,1.1376246951121305,1.1889695576790056
2008-06-19,1.147370019709054,1.3288524130287476,1.3747592597216995
2008-06-20,1.1236351294418938,1.3144248401531275,1.410633226264599
2008-06-23,1.1840276748624647,1.4128035492444408,1.5395041012414765
2008-06-24,1.1482374311812513,1.3425323707689578,1.4479915907575325
2008-06-25,1.1046921908896603,1.3002001212302454,1.4431644288974044
2008-06-26,1.058729599722364,1.2365925831112403,1.3607751184544838
2008-06-27,1.3352571654778798,1.6267282543862587,1.6579198164097153
2008-06-30,1.262049868014252,1.5440066836170914,1.5633506320363344
2008-07-01,1.313205622040137,1.466072079654632,1.4622370144275065
2008-07-02,1.518973531043078,1.7850064486498782,1.746161196641641
2008-07-03,1.4718245692508376,1.7445378542760634,1.7721711617694516
2008-07-04,1.4183788331517884,1.655047243544783,1.6630550354134117
2008-07-07,1.3966979314880352,1.6483515678816048,1.7204683174597781
2008-07-08,1.4428034777518688,1.5643835831794055,1.6071317666844607
2008-07-09,1.4328924007929007,1.5880295438360015,1.6886610657141323
2008-07-10,1.4484538270604452,1.5075435740035195,1.5794193152338991
2008-07-11,1.5595805120330501,1.7206174168408248,1.7941896019431207
2008-07-14,1.728304088454435,2.000238855932085,2.05881738852205
2008-07-15,1.6447408994490278,1.8962076455637713,1.930107605985567
2008-07-16,1.7539139260656356,2.0784028293387515,2.1428673532132003
2008-07-17,1.659728839475351,1.978063809833391,2.0658266124280096
2008-07-18,1.775733358936437,1.8752868436991696,1.920211464178806
2008-07-21,1.7586434704356715,1.7783386346813947,1.7934530873442127
2008-07-22,1.6647366235279122,1.6869150437063234,1.6863610789419174
2008-07-23,1.5905304157461075,1.632272720521626,1.6859061891173581
2008-07-24,1.5829905680444527,1.5492313725358329,1.5772101644295988
2008-07-25,1.5894647851918995,1.6246796407531672,1.7027079197282573
2008-07-28,1.5006481037674886,1.544196610855913,1.6298228183816845
2008-07-29,1.4393609267385519,1.501107210908144,1.634277417543037
2008-07-30,1.358513298526353,1.42566795084215,1.5421995093236593
2008-07-31,1.4187178749680627,1.3546409947441225,1.4410809182703006
2008-08-01,1.3406131818565092,1.2898699422159137,1.3845819412143234
2008-08-04,1.31677006457503,1.3081050963874385,1.4487009628063687
2008-08-05,1.2639020561700447,1.2746513420351835,1.4530242734841632
2008-08-06,1.4396789543731014,1.2125691924906459,1.352879227526892
2008-08-07,1.3698521018912961,1.1542177794997694,1.2765427543664563
2008-08-08,1.294834943150215,1.101677134931629,1.2307300489229132
2008-08-11,1.2242645863374946,1.0500898307936037,1.165933314831318
2008-08-12,1.195003047275344,1.0017022164772464,1.0988840378228268
2008-08-13,1.1310757213909735,0.9582371715323222,1.0618591103805042
2008-08-14,1.1928389768264633,1.1322381478360222,1.2227970692905974
2008-08-15,1.161674458253386,1.0787722911366666,1.152490001447476
2008-08-18,1.1311590135728804,1.0815147856123233,1.1956654947705376
2008-08-19,1.070779420663803,1.0319488354975233,1.1463137127643994
2008-08-20,1.2944803286096953,1.4205687486151308,1.4299422127779353
2008-08-21,1.2592985186648684,1.3498412438696956,1.3448804951516058
2008-08-22,1.189978557999019,1.2833961638793319,1.278673671321923
2008-08-26,1.3823314249566745,1.2207912897187538,1.1905394441944555
2008-08-27,1.3237308107889452,1.1936532738915229,1.2119257375518986
2008-08-28,1.2926398483140733,1.1364459823450597,1.1409995627165466
2008-08-29,1.2900516432988054,1.0827223907629977,1.0724285607354616
2008-09-01,1.233666040093322,1.0323063766293672,1.014391111045673
2008-09-02,1.184786811713854,1.018443489963688,1.0434498077957368
2008-09-03,1.1237438151939747,0.9720385101188097,0.9900605254521148
2008-09-04,1.2886159806677648,1.3105876165950876,1.2536041223293921
2008-09-05,1.4821195355199601,1.646640351226635,1.5449486593130644
2008-09-08,1.5942072209705203,1.8409241557012777,1.7694538828163533
2008-09-09,1.9545387714767868,1.7459309645502765,1.6349204162128355
2008-09-10,1.8519108652750493,1.6741520182399483,1.6152359756447332
2008-09-11,1.7730410905854002,1.6363305196321571,1.6424677861895516
2008-09-12,1.699012565185366,1.5995349204278968,1.6648113837118386
2008-09-15,1.70576130814041,1.5183836128649497,1.5554676205788929
2008-09-16,2.0851401554458984,2.2270308893446207,2.050755532731729
2008-09-17,2.280815183878034,2.5783446853168015,2.404713933271725
2008-09-18,2.2784044347164825,2.62678836487563,2.5505578255752135
2008-09-19,2.15743467052074,2.503856071452376,2.4727076727714095
2008-09-22,3.431818010407893,2.3715808693809786,2.2452030763415283
2008-09-23,3.2637024516624122,2.3269494468263705,2.2894497644993015
2008-09-24,3.1378580546060153,2.352671245945055,2.398102505257422
2008-09-25,2.964654579907851,2.254494883655226,2.3487312093497583
2008-09-26,2.8601863441194433,2.1361537407172952,2.187039388568963
2008-09-29,2.7824041751486144,2.2141911348146746,2.3287016002330616
2008-09-30,3.1781041323146684,3.1190523696869006,2.9577811883784024
2008-10-01,3.0401753510409457,2.952673547171493,2.7500304055553895
2008-10-02,2.883571695245559,2.7954887005519864,2.563916776965745
2008-10-03,2.7809801382392063,2.757536311359016,2.6339137261401997
2008-10-06,2.713839416632757,2.6111597404601277,2.4476133426417226
2008-10-07,3.715338263188778,4.255965235030536,3.5356931258810746
2008-10-08,3.4958686921655335,4.027103655169191,3.292349369208837
2008-10-09,3.729427695940921,4.427366452128566,3.7860130748074896
2008-10-10,3.5320226437908215,4.221256113100651,3.6750759616791644
2008-10-13,4.51334414939178,5.598764759441841,4.741615493491832
2008-10-14,4.972666815173395,5.296511194998752,4.328736441809296
2008-10-15,4.787465141747138,5.010754990024673,3.9930812350521316
2008-10-16,5.126415655009347,5.689880398883127,4.723843494376914
2008-10-17,5.151823981307304,5.865120389666502,5.092682695361693
2008-10-20,5.119545366538425,5.548336705900753,4.673149959285189
2008-10-21,5.11005686672272,5.248834862173295,4.289288781827979
2008-10-22,4.8234593249441,4.993998186336653,4.1377555171984834
2008-10-23,4.781247963187098,5.105985628914646,4.436429158581956
2008-10-24,4.510697346366859,4.830634161000009,4.108960874664521
2008-10-27,4.568848512963985,5.061104764799003,4.489270560031228
2008-10-28,4.305158176979885,4.800341766957973,4.264616348573687
2008-10-29,4.094101197030846,4.541692321056463,3.9456152761426027
2008-10-30,4.605791843570832,4.297188762308024,3.603507754787239
2008-10-31,4.346365298437248,4.066069321502087,3.3474343303740772
2008-11-03,4.136213867988104,3.8476139130030185,3.1055564124253983
2008-11-04,3.9190087940175875,3.6411418558562203,2.8877601085601796
2008-11-05,3.9442427037850285,3.446009759464494,2.6630315793298824
2008-11-06,3.793278986988802,3.413848203968854,2.7991256630507477
2008-11-07,4.061387502314732,4.077715388377187,3.4351601118167236
2008-11-10,3.881336605668017,3.8586215166180686,3.184519079488349
2008-11-11,3.6608933107166326,3.6515452954704686,2.965586377107717
2008-11-12,3.6487375680295413,3.7841955873787456,3.24875922386701
2008-11-13,3.4707269057293977,3.6403837224484357,3.2240052982987515
2008-11-14,3.26665322602424,3.447897262394546,3.047583270041862
2008-11-17,3.1109112353916926,3.2633931194066843,2.834321324120165
2008-11-18,3.03538631905607,3.254286059124617,2.9603315424334844
2008-11-19,2.91551430983296,3.080446634363811,2.751413085652654
2008-11-20,3.193916358876535,3.590388305483248,3.248709363889182
2008-11-21,3.2006429155131837,3.678020307940854,3.4606658102245706
2008-11-24,3.120628145773809,3.633788471192966,3.5372199421478383
2008-11-25,4.245141142123346,3.4390605312984306,3.2155704751789864
2008-11-26,3.994313668592884,3.2550427600011917,2.998006709163441
2008-11-27,3.759958124414903,3.087222002724967,2.8573599693889715
2008-11-28,3.580588950982766,2.9226007408293104,2.657446839699853
2008-12-01,3.3995622315335225,2.76707968225563,2.4761024497009854
2008-12-02,3.6515782812567883,3.459028193613915,3.0668232041538603
2008-12-03,3.4633964217912054,3.273911455263278,2.8530144395844466
2008-12-04,3.2774624969867925,3.0989901597187948,2.658844645539931
2008-12-05,3.0837764445383753,2.9345369443700564,2.5096007608091435
2008-12-08,3.0456507809791686,3.0188413360725868,2.7156604105354143
2008-12-09,3.470328689332653,2.8579979526038235,2.4901246110599975
2008-12-10,3.3189626599245754,2.7060533081101252,2.3183087201884964
2008-12-11,3.1243535105413125,2.566338226988797,2.2162437264511525
2008-12-12,2.942942413419797,2.4305837124117655,2.0777548138299506
2008-12-15,2.891841207485192,2.535206918081159,2.2834015231587235
2008-12-16,2.721162231439756,2.401398451453822,2.1528115488504134
2008-12-17,2.570686176505921,2.2748384442464005,2.017000173777263
2008-12-18,2.421475294731872,2.1553572450622953,1.8948292946863035
2008-12-19,2.2795730368899862,2.0425814550587416,1.7835273062147898
2008-12-22,2.1740851716077807,1.9842714393114482,1.8110724296010299
2008-12-23,2.0695495998814697,1.918735652734592,1.8191254454817851
2008-12-24,1.9494037503749866,1.8193200822288302,1.7133178381286494
2008-12-29,1.8638624738322929,1.770801261887262,1.7349121646386454
2008-12-30,1.9201625033570755,1.6798083916194448,1.6154431217927647
2008-12-31,1.8872999372696968,1.5940304961405418,1.5109438380461213
2009-01-02,1.8023133654416774,1.5131974267797372,1.4204013590502664
2009-01-05,1.9302230583331792,1.4370539627551235,1.3195168997744888
2009-01-06,1.821881767878865,1.365358935149887,1.247136892701357
2009-01-07,1.764603952391997,1.2978844170441546,1.1717161201979618
2009-01-08,1.918801631842147,1.7354148635787425,1.5285543096572385
2009-01-09,1.8078461907001642,1.6466218723713117,1.4516010790548752
2009-01-12,1.7572734503010177,1.6540525546174165,1.5389089738523172
2009-01-13,1.665775871014671,1.5846689571339792,1.5182260837302386
2009-01-14,1.5849922626311315,1.527216618985184,1.5130453135825572
2009-01-15,2.253865352275698,2.601921225778238,2.2118141656544226
2009-01-16,2.1765927857943814,2.5387271075848523,2.2602708979567185
2009-01-19,2.058479145720037,2.4045095751223946,2.117174218153435
2009-01-20,1.965023765241955,2.3126091527660493,2.1082388946544266
2009-01-21,1.8571052153154688,2.1984547664745713,2.034397058395797
2009-01-22,1.7701034589199525,2.1094273606431915,2.0111042047745697
2009-01-23,1.669909079778333,2.00102552082663,1.9164799264210808
2009-01-26,1.5742814721299065,1.8969502020880877,1.804837322313447
2009-01-27,1.9277999694929255,1.798771160154245,1.6682340685034234
2009-01-28,1.82055773861139,1.71287577781621,1.61857271496406
2009-01-29,1.878526545012166,1.6251993487192176,1.5077758651744915
2009-01-30,1.9535917452826865,1.8672736967878836,1.7638666625747705
2009-02-02,1.870092400108822,1.8187966935726763,1.786991147708088
2009-02-03,1.8571089844780264,1.878123719737836,1.9124171831996075
2009-02-04,1.8760034571174773,1.7810142578327568,1.7826057826944386
2009-02-05,1.8334384945453017,1.6894378143156594,1.667400471224218
2009-02-06,1.7275910996867194,1.6031071720947392,1.5739810246533552
2009-02-09,1.6951718620677163,1.5217494051025249,1.474230170213193
2009-02-10,1.6014213263584278,1.4451082773237718,1.3913603861919595
2009-02-11,1.6825538025940636,1.6653835461293764,1.6197429582295932
2009-02-12,1.5932398820778715,1.5804351240581767,1.5253573401224454
2009-02-13,1.5253682848774845,1.5354396177767604,1.5389657875358245
2009-02-16,1.4431966579725504,1.4639059562637287,1.4927233224581353
2009-02-17,1.433066203452715,1.4996258009921317,1.5830512280117013
2009-02-18,1.5832510532142399,1.7678477008709947,1.8300057391282774
2009-02-19,1.5117032713885772,1.7021766039495803,1.8103215205808214
2009-02-20,1.428292913150791,1.615114017473213,1.7040158496040463
2009-02-23,1.731920617521964,2.0679015762259447,2.061440719053059
2009-02-24,1.6673396030872631,2.00539610718346,2.064242159495809
2009-02-25,1.6016620318024242,1.9392280892731806,2.0542472179504108
2009-02-26,1.5333883861519542,1.8386504904302912,1.9248602390343617
2009-02-27,1.5470457385053145,1.7437867706594854,1.7975333343889974
2009-03-02,1.6354318195191584,1.901856250021324,1.9870068212952918
2009-03-03,2.3802415092380644,2.9408758080417394,2.671885933235351
2009-03-04,2.4785962626013895,3.0952463882318226,2.9197366358530727
2009-03-05,2.6295551557721235,2.930181992018943,2.697482722743698
2009-03-06,2.6981829159042863,3.094978189867123,2.9495893969179714
2009-03-09,2.539090248897963,2.9299286014296975,2.757399373790926
2009-03-10,2.391583527138898,2.7740020665490577,2.577958912601806
2009-03-11,2.7328772666983077,2.626712314755889,2.3740709766389716
2009-03-12,2.579706338495733,2.49999774209701,2.2996743513601094
2009-03-13,2.4323642604351225,2.3679375178904927,2.154734006052597
2009-03-16,2.3163929929577702,2.243246887541882,2.0154251514436434
2009-03-17,2.373304384222404,2.1255363633995987,1.8710123142098742
2009-03-18,2.2352639333565487,2.01602244641179,1.7854839882300666
2009-03-19,2.1542924065743296,1.9970504422430275,1.8584816543337868
2009-03-20,2.0304671717601663,1.8931995025424946,1.748430793610492
2009-03-23,1.9237265917306585,1.795233468375505,1.6431967406628614
2009-03-24,2.028570735958363,1.7028450906128496,1.5267459828950043
2009-03-25,1.9439681261186772,1.6768636276578441,1.5784223679250686
2009-03-26,1.8344029297093134,1.5962044821846306,1.527656117330235
2009-03-27,1.7394092992454535,1.5152457073894694,1.4386244595022697
2009-03-30,1.656097943589227,1.467655630155483,1.447039385467258
2009-03-31,1.9566892027668363,2.0523700181959366,1.8810106505753548
2009-04-01,2.302289532056092,1.9453945216188684,1.7348468368441032
2009-04-02,2.1797792937808596,1.8444674582587748,1.629983939768766
2009-04-03,2.4635020765306805,1.7492725226129358,1.5025250849654905
2009-04-06,2.446819925084127,1.9339348915129289,1.7380995674540298
2009-04-07,2.3238864975597373,1.8738496056302798,1.7541951307271422
2009-04-08,2.252389721212606,1.9015572918313077,1.860959831108443
2009-04-09,2.1213284635986334,1.8040542103686266,1.769846315922429
2009-04-14,2.0519449851735,1.711162471595506,1.6560619545095137
2009-04-15,1.932734267845597,1.6235843105901306,1.5623416716197056
2009-04-16,1.8299454168977591,1.557141795565164,1.5418987998817137
2009-04-17,1.852937283442005,1.478444987236999,1.4388764189398526
2009-04-20,1.7725836455490631,1.404327813268738,1.3530538397571712
2009-04-21,1.8705056089514118,1.7110430598159478,1.6316640058469594
2009-04-22,1.7628124281044666,1.623973389628697,1.5521016218588226
2009-04-23,1.695705113190903,1.5414107541431308,1.4574404178921532
2009-04-24,1.6026179133642053,1.4699036885431662,1.4182902744010446
2009-04-27,1.8649101697651802,1.3962855391008202,1.312887949869469
2009-04-28,1.7585715807491127,1.326986331242813,1.2420729814773697
2009-04-29,1.7542278991719438,1.4563031741857542,1.408525011966982
2009-04-30,1.805038044158846,1.3834804771254716,1.3136040710834558
2009-05-01,1.7489722121399953,1.3149359899575028,1.2337109191547695
2009-05-05,1.6484499394168788,1.250485619556068,1.1728554202227015
2009-05-06,1.7057134041243194,1.1898514500560946,1.0944956976405207
2009-05-07,1.665352520901223,1.132874556748848,1.0285064338844128
2009-05-08,1.5699701454767416,1.0793697049568818,0.9784835874359895
2009-05-11,1.5491382890842673,1.0291613822730796,0.9193793422204608
2009-05-12,1.4761187940610225,1.015211744007575,0.9544340448517653
2009-05-13,1.395453765006144,0.9741343537724912,0.9386199023773396
2009-05-14,1.5008321476310844,1.3039469077501702,1.2037765376045662
2009-05-15,1.4330549742095755,1.2401161215803136,1.1363011844564843
2009-05-18,1.3579519771890818,1.1889964278780212,1.1221659770579355
2009-05-19,1.4706570139474822,1.1320713729964778,1.0466811633568074
2009-05-20,1.4097608598786269,1.0786157358438209,0.9887839970516435
2009-05-21,1.3355777611067658,1.037366655389561,0.9815789880749393
2009-05-22,1.5666042912106843,1.5432478409313037,1.3507359636876393
2009-05-26,1.483607354710688,1.465357295636052,1.275639050959866
2009-05-27,1.438767364566534,1.3920049301912578,1.2003203119943746
2009-05-28,1.3578335250848828,1.3229578966035718,1.1385550524611379
2009-05-29,1.3020484329030728,1.2888039406631078,1.1657107287922732
2009-06-01,1.2479809556543404,1.2258761362220993,1.1010111943069762
2009-06-02,1.3395491736994316,1.166722011204782,1.0291845943917681
2009-06-03,1.2850946748587317,1.1457169711133952,1.063703624623918
2009-06-04,1.4050141977628345,1.413402710067739,1.3088282022860127
2009-06-05,1.3261483042337707,1.3430963077656914,1.2399327415416437
2009-06-08,1.3059605751450545,1.2769394323402823,1.166012638801466
2009-06-09,1.2608941740901984,1.2571410042061537,1.2049554414855554
2009-06-10,1.1913544557506437,1.196135330743388,1.1456993940616391
2009-06-11,1.1481990525555714,1.1387777031607111,1.0820276621963414
2009-06-12,1.0992963621928116,1.0849113823626615,1.0239518244776773
2009-06-15,1.0525519257683613,1.0522831073006227,1.0320483187005547
2009-06-16,1.3311977134323858,1.506679304690008,1.36898818526029
2009-06-17,1.2570158081778764,1.4309153972551287,1.2961435974476867
2009-06-18,1.2519273899442047,1.447489640423922,1.3808734214331173
2009-06-19,1.1828558094538224,1.3751829904692934,1.307244610553898
2009-06-22,1.2171947926583138,1.3071281401498192,1.2258086176997454
2009-06-23,1.441982713948303,1.664388882839298,1.5319104363217224
2009-06-24,1.3614749509512403,1.5801469074936487,1.4609000152737766
2009-06-25,1.338010628075467,1.5001171194827059,1.3717928366326244
2009-06-26,1.2832227984994145,1.4512189419253134,1.381126801956743
2009-06-29,1.216541993631482,1.3838936021171009,1.3426354751125478
2009-06-30,1.2152890255962754,1.3153247485276036,1.2611210343468575
2009-07-01,1.2031627555271773,1.3286094239015793,1.3327070364263809
2009-07-02,1.3277861075479231,1.2633119272070148,1.2440485669642476
2009-07-03,1.5028786682043207,1.5986616590846874,1.5281818073645725
2009-07-06,1.417735103265974,1.5175608291940823,1.4443395755383506
2009-07-07,1.3796302891042176,1.5010410228987912,1.4931376799771576
2009-07-08,1.3045380612477286,1.4280808954020936,1.436205125632721
2009-07-09,1.2902007401051958,1.4392355292926442,1.5047036965146887
2009-07-10,1.2258118602118717,1.3674125889153117,1.418978276720608
2009-07-13,1.1880322623733977,1.340057852832291,1.440314387465896
2009-07-14,1.262364806952413,1.2740810926234316,1.3471488398052447
2009-07-15,1.221247173158648,1.212033050283363,1.268848032176907
2009-07-16,1.4147046114949924,1.1537140183863326,1.180984930996978
2009-07-17,1.3390052000693162,1.0989349545631064,1.1182862787717032
2009-07-20,1.2782934623384885,1.0475168003514748,1.0573680813748327
2009-07-21,1.2699529473422917,0.9992897957831572,0.9948880865985374
2009-07-22,1.2281067819684217,0.9540928313715364,0.9399535564118726
2009-07-23,1.1631538729940933,0.9117728266315394,0.8935254169819759
2009-07-24,1.194240998954372,0.8721841320337458,0.8394956024213235
2009-07-27,1.133946744211833,0.8351879524499524,0.7985020637592017
2009-07-28,1.073934112621264,0.8006518135561556,0.7614344830043837
2009-07-29,1.10245291711464,0.9370025553592832,0.9026209269584365
2009-07-30,1.0501821842910013,0.8957809002021129,0.8573368244088314
2009-07-31,1.1549541626557236,0.8572348184982685,0.8022577493583641
2009-08-03,1.1067409465828926,0.8493450381831896,0.8322651319469656
2009-08-04,1.1645783480868237,0.8138629718685972,0.7808098369273537
2009-08-05,1.1050187977868113,0.7877524574707625,0.7773990723219757
2009-08-06,1.061826290635176,0.789163182077558,0.8116330152108127
2009-08-07,1.046539973187601,0.7577453338518266,0.7673240854434104
2009-08-10,1.0277143637422648,0.7284983878523906,0.7261852963596352
2009-08-11,0.9766210131739453,0.7068605157759325,0.7211545234004756
2009-08-12,0.9968526866872054,0.8235168034207121,0.8394665001945919
2009-08-13,0.9923826236286313,0.7897649892713773,0.793112523815676
2009-08-14,0.9742026618996299,0.7583059108198954,0.7509214605011931
2009-08-17,0.9715309619044249,0.8198474432043202,0.836424694966255
2009-08-18,1.0470252644306601,1.006367744745176,1.0042150927375755
2009-08-19,1.0283338409288516,0.9607236407340433,0.948401530280494
2009-08-20,0.9740678680575052,0.9179791009612489,0.9031888251006701
2009-08-21,1.0276049364449091,0.8779873923235902,0.8489456037572125
2009-08-24,1.1596082540179002,0.8406087228391552,0.7932323084803085
2009-08-25,1.1345323315141684,0.8057096942446386,0.7500340863894557
2009-08-26,1.0802385736182298,0.7731627956263157,0.7139625749884949
2009-08-27,1.0398052120378127,0.7777304351218397,0.7540634221371202
2009-08-28,0.9970527173499631,0.7704078065513399,0.7781225511578757
2009-09-01,0.9776255674994887,0.7402814503885662,0.7369129650052509
2009-09-02,1.1127092429865424,1.056285140160279,0.9739012958279586
2009-09-03,1.0531156245865316,1.0077679457082298,0.9339990981842463
2009-09-04,1.0092324799289416,0.980106268747976,0.9461941163682025
2009-09-07,1.0215289554087479,0.9361257049779288,0.8917238474300744
2009-09-08,1.1046269893742948,0.8949605698022657,0.8359909317140511
2009-09-09,1.0482210329630874,0.8564681338496162,0.795948502865644
2009-09-10,1.0564965776902837,0.8205123019687013,0.7506685112598258
2009-09-11,1.0077957773815005,0.800183822317506,0.7614386387282412
2009-09-14,0.9653598582176353,0.7680129420497043,0.7241866966237208
2009-09-15,0.915905034758869,0.7380524347433126,0.6920834642849512
2009-09-16,0.8799803576336719,0.7101859348676313,0.6590415712372122
2009-09-17,0.981968390866463,0.6843015827400085,0.6176670309554596
2009-09-18,0.9613359773813291,0.6602916735608634,0.5860631010229037
2009-09-21,0.9124990336730114,0.6380523715794539,0.5616321696307726
2009-09-22,0.9039767414223313,0.6956190855537908,0.6422980826686256
2009-09-23,0.8589424164522422,0.6707854301628654,0.6148236319508833
2009-09-24,0.8169111626881679,0.6484925822421596,0.5989257001168036
2009-09-25,0.8740718653884607,0.8032348051387798,0.7425026912175415
2009-09-28,0.8302701464312995,0.770856188229592,0.7101321087538827
2009-09-29,0.9458998788563545,0.7406988063076804,0.6656603162197219
2009-09-30,0.8986385525164526,0.7146490241660001,0.6536658634996297
2009-10-01,0.8715969304018956,0.7216414340991447,0.6931530029550158
2009-10-02,1.004711028331586,1.0004811667746993,0.9113654796762742
2009-10-05,1.032786976654905,1.0793113238143786,1.0280628007464947
2009-10-06,1.0024381822055748,1.0291066183164153,0.972172766083782
2009-10-07,1.1922027332007328,0.9820318024123216,0.9063687065447089
2009-10-08,1.144691397842747,0.9692901800148004,0.9382918575714798
2009-10-09,1.1178135220918621,0.9259984609395547,0.8865144662503827
2009-10-12,1.0580005634014138,0.8854872933287866,0.8446513510967537
2009-10-13,1.0432737854849805,0.8476155915973165,0.7983178895997107
2009-10-14,1.0544756560115656,0.9341608389998656,0.9098772242212004
2009-10-15,1.1797904122153522,0.8931224121617911,0.8504468764999009
2009-10-16,1.137159174571831,0.8968444759342218,0.8947352347947677
2009-10-19,1.0979975038757372,0.8999349126654516,0.9357756648358594
2009-10-20,1.1795416139762733,0.8611174187246422,0.8766081024694067
2009-10-21,1.1432135223040312,0.881381338053201,0.9317011404763134
2009-10-22,1.083942717887899,0.8437793762094864,0.8858131764695841
2009-10-23,1.0778837601319522,0.9078228690903901,0.973908979679092
2009-10-26,1.0410341866185744,0.8684911331556525,0.9218109324340731
2009-10-27,1.0409454996715328,0.9304208912240414,1.008699446355691
2009-10-28,0.9867586345770251,0.8896238694025704,0.958795840668486
2009-10-29,1.2204052209375762,1.310898903518212,1.2543847052156734
2009-10-30,1.2065200166717849,1.2466541893595597,1.1799340681648367
2009-11-02,1.2953000206615204,1.4185404587137127,1.369732298258111
2009-11-03,1.2791507108557474,1.347932111189459,1.2869006961737253
2009-11-04,1.2892582431562072,1.4008052119929497,1.3949844648669931
2009-11-05,1.2960135283030974,1.3312398777734,1.3085275343929375
2009-11-06,1.2281253657445401,1.2657862206609356,1.2372842556826087
2009-11-09,1.1644993494144404,1.204234656379938,1.1709810577958015
2009-11-10,1.240436767428186,1.146386905200453,1.0962746826019882
2009-11-11,1.1728850811512581,1.0928433261143282,1.0539556301233604
2009-11-12,1.129109945142705,1.0418012909377772,0.9965854147486535
2009-11-13,1.06906149654789,0.9939314151548191,0.947411690240425
2009-11-16,1.0178967836273514,0.9490735468143883,0.8996393712777628
2009-11-17,1.093880702039899,0.9070754925935869,0.8438524357612615
2009-11-18,1.0624247092413241,0.9164027418398344,0.896002484551728
2009-11-19,1.0064803568462188,0.8771875898022218,0.8644319533095306
2009-11-20,1.0650586442335275,1.0307556118802932,1.018576626064733
2009-11-23,1.014865333361308,0.9928541026090769,1.0093344127753707
2009-11-24,1.1496215003084722,0.9480644742807169,0.9435769692552356
2009-11-25,1.106863807066947,0.9410162890468121,0.9759219188936764
2009-11-26,1.0736686571675986,0.8995361329797373,0.9228979108420408
2009-11-27,1.4796252091735234,1.619748214605472,1.3849591371020071
2009-11-30,1.4300675426888663,1.537429401656223,1.3027741649426412
2009-12-01,1.3967298945504667,1.527705501109772,1.371927282895797
2009-12-02,1.5145138831530771,1.4507179953823652,1.2789709713565114
2009-12-03,1.4308593388060462,1.3782222663958392,1.2102729604612754
2009-12-04,1.3541996517601098,1.3153640078862672,1.1832357454978017
2009-12-07,1.2792861486164022,1.2508536391385023,1.1219431055302518
2009-12-08,1.2115083011693666,1.1941758369904545,1.094459944609177
2009-12-09,1.274632570666663,1.3392937546549974,1.2672628878445025
2009-12-10,1.2116137954483683,1.2833866303154289,1.248699849644394
2009-12-11,1.1701305460633944,1.220782323276791,1.1776996330334124
2009-12-14,1.1103220448921949,1.1619352649282908,1.1154328066194155
2009-12-15,1.097963490993824,1.1066549173851534,1.0511662768250682
2009-12-16,1.0574165032410792,1.081661338901362,1.0717692032988255
2009-12-17,1.0208084532355364,1.0313110372883654,1.0135917981588551
2009-12-18,1.1672485422081509,1.2866269911065344,1.2380862840548323
2009-12-21,1.1131846623817219,1.236035438627459,1.2255123064080558
2009-12-22,1.2092778695923483,1.1762696301286266,1.1465497557613737
2009-12-23,1.1604145911097377,1.1201170776967109,1.0834483960124874
2009-12-24,1.1263359931708803,1.0673948710403112,1.023034686566889
2009-12-29,1.0787499626751942,1.017929661904309,0.9688401159705265
2009-12-30,1.0402740240993764,0.9715570075314479,0.917279230765281
2009-12-31,1.0174660003862468,0.9798874436642295,0.9707373226695483
2010-01-04,0.9669174650455117,0.9359207936034609,0.9223734844736682
2010-01-05,1.0498900300555707,0.8947688684920747,0.8652974826697821
2010-01-06,1.0010951826594032,0.8562889717861649,0.8224076149430232
2010-01-07,0.9490631217790081,0.8203450379159086,0.7845343648317444
2010-01-08,0.9006980654575931,0.7873621251400622,0.7583857423716667
2010-01-11,0.8555768454061814,0.7560677440664249,0.7243664860276963
2010-01-12,0.813107349490463,0.7269377774409105,0.6929459215171385
2010-01-13,0.8124775622657091,0.7639599985839726,0.7594305247093701
2010-01-14,0.7903711480858878,0.7606680969180135,0.7864739345702939
2010-01-15,0.7642851310140756,0.7312176100936219,0.7479554161956775
2010-01-18,0.7768984915552684,0.7794405913562338,0.8201112668533406
2010-01-19,0.7719438357683901,0.7486906335000191,0.777222023881927
2010-01-20,0.7418252103520581,0.7200764246258651,0.740247095562715
2010-01-21,0.907383514357626,0.998577156045337,0.9523345675971078
2010-01-22,1.0149907538107574,1.1701448531013434,1.1275915498357687
2010-01-25,0.9846423908792689,1.1442008059067768,1.1491115316832947
2010-01-26,0.9741483401134714,1.1436893443725373,1.1963842737459107
2010-01-27,0.927768587918061,1.0895225870935203,1.1329825163047422
2010-01-28,0.9609814216362752,1.1455645212996506,1.2258102495666976
2010-01-29,1.0247195572515757,1.240782902648143,1.3470394345799848
2010-02-01,1.004283572291258,1.1807315873212034,1.268881739080947
2010-02-02,1.0161450226133524,1.1243080001203691,1.1933879655510804
2010-02-03,0.9852066018197101,1.0713284656750706,1.1269249951668492
2010-02-04,0.9552572324890163,1.0508166628562332,1.1442664539490008
2010-02-05,1.165591783022007,1.3684190109611039,1.393361669644931
2010-02-08,1.2180469579160138,1.4561764741540237,1.5223539305148592
2010-02-09,1.1665849596892075,1.3833611906436791,1.4338545885907383
2010-02-10,1.1086832903101995,1.3148237386918877,1.3536531776312906
2010-02-11,1.055311054302039,1.2503455052868322,1.2788907313880304
2010-02-12,1.0142120655360576,1.1897197445471746,1.2076430202964241
2010-02-15,0.9702481207740011,1.1440381675931315,1.1932419646563268
2010-02-16,0.931202307526306,1.0898500844162953,1.1285380151858344
2010-02-17,1.0002108887548538,1.0389930476910867,1.0593777056868734
2010-02-18,0.9663702249602556,0.9912988298324886,1.0022955318205886
2010-02-19,0.9599001120001456,0.9466077491647782,0.9462456633714723
2010-02-22,0.9296684624229298,0.9047680452628668,0.8963776209960531
2010-02-23,0.8835008393741247,0.8672255368450328,0.8701344215251342
2010-02-24,0.8731482726297645,0.8823164717812944,0.9215262639478217
2010-02-25,0.8441714434371964,0.8446530388447204,0.8740837643038247
2010-02-26,0.9029101978315489,0.9619361339000418,0.9997823642200161
2010-03-01,0.9713664273457595,0.9191140607899507,0.9392856411501406
2010-03-02,0.9683665558554564,0.8790487461714331,0.8868701427066831
2010-03-03,1.0257086635669936,0.8416002165333356,0.8334649680350229
2010-03-04,1.0106800024355134,0.8066349067450029,0.7881702220537196
2010-03-05,0.9587938036820174,0.7756515629174452,0.7679197533486567
2010-03-08,0.9991076364127957,0.7451628218975618,0.7229066166736288
2010-03-09,0.9470866193715775,0.7167960408560533,0.6910979252852408
2010-03-10,0.8991100184349559,0.691457122771927,0.6728591036915782
2010-03-11,0.8789238997744226,0.666925622632265,0.6389594055444291
2010-03-12,0.848115973444527,0.6687094837152407,0.6674968506634918
2010-03-15,0.806881644067695,0.6458457079983,0.638672945414666
2010-03-16,0.7934457816370878,0.6706853785933719,0.6881876710027266
2010-03-17,0.768408925641751,0.647675612383558,0.655269342863636
2010-03-18,0.7430471735360745,0.6263801236829593,0.6246297143818775
2010-03-19,0.7090601468377453,0.6070075454718973,0.6048137227204262
2010-03-22,0.6777749494442112,0.588825151843268,0.5796940536231747
2010-03-23,0.6498707035516197,0.5739406020034878,0.5704393685028869
2010-03-24,0.6414000685092767,0.5583803504522271,0.54379594261107
2010-03-25,0.614723771817572,0.5440864707157782,0.5225519536733808
2010-03-26,0.6499984017430446,0.5309762099687773,0.4952937839824777
2010-03-29,0.6417690796242049,0.5516736900897949,0.5351781037815591
2010-03-30,0.615713703779157,0.5379326479003109,0.5138657123708709
2010-03-31,0.63614133288056,0.5999266237548563,0.5873428748086043
2010-04-01,0.6104323064224083,0.5822983539374192,0.5632338507839307
2010-04-06,0.68848450503677,0.5660668314140587,0.5313763135528741
2010-04-07,0.6844855083269243,0.5511446122759255,0.5059429757227566
2010-04-08,0.6649694858314903,0.5549907854735656,0.5293870071848518
2010-04-09,0.7021069577148671,0.6545720019043582,0.6297348357202104
2010-04-12,0.7428187249311337,0.6327593944228328,0.5953168230664768
2010-04-13,0.7087949749975585,0.612592672713218,0.5708783314422446
2010-04-14,0.6849808252390764,0.6062978684102455,0.5852356756714184
2010-04-15,0.6798236844369862,0.5881708393525256,0.5570201969169464
2010-04-16,0.6667588593948712,0.5714712056690501,0.5312929274013277
2010-04-19,0.7946130855473152,0.8156265091161427,0.7199510231138893
2010-04-20,0.7638276270741846,0.7920230173059853,0.72587315266394
2010-04-21,0.7888811027676461,0.7604093539555891,0.6863241342227263
2010-04-22,0.832059093375204,0.8571531541549093,0.8021544294744208
2010-04-23,0.8647115296819997,0.9296805215112882,0.9045787000751375
2010-04-26,0.8826344523728085,0.8889313259381267,0.8537108202032754
2010-04-27,0.8531212328507314,0.8508336964882187,0.8104307907802054
2010-04-28,1.1990554874660218,1.3890902840906065,1.1825065504919696
2010-04-29,1.1390463053554802,1.326805336058149,1.1613242233060426
2010-04-30,1.090481672461041,1.2616149689035452,1.098102346383875
2010-05-04,1.1042923924171741,1.297531452469892,1.1968118542462038
2010-05-05,1.356749574511029,1.654214122051184,1.5043113111249327
2010-05-06,1.3532379289826642,1.6630538210236534,1.5896882502776015
2010-05-07,1.3774814218532356,1.7067830920546743,1.7010572797158607
2010-05-10,1.5737526747402706,1.973974781680245,1.9652504206226822
2010-05-11,2.2102205248971067,1.8714292241186112,1.8060306341259214
2010-05-12,2.108570182264245,1.8246689931023496,1.8286798751527022
2010-05-13,2.0064100064695003,1.7306017868132497,1.7154529498740805
2010-05-14,1.9120114809995468,1.6419092582747452,1.610410216726602
2010-05-17,2.0911795451653377,2.0652307100631746,1.9662858962870382
2010-05-18,1.9693868413633158,1.9575442054087613,1.852713859215135
2010-05-19,1.8737851568225288,1.8559288658359956,1.7383574907754502
2010-05-20,2.004755737862309,2.136161790328852,2.02783842546489
2010-05-21,1.9693585255642623,2.1444263301472373,2.1218297653887195
2010-05-24,1.8567574900647874,2.034232670256981,2.0202320126145525
2010-05-25,1.749666934086835,1.9282808739471458,1.8997414788070743
2010-05-26,1.859501668978131,2.1305048224346645,2.1327961043815677
2010-05-27,1.8607423785571735,2.019126875285829,1.9877968000189106
2010-05-28,2.0152975613447066,1.9140282172082794,1.8439268765017578
2010-06-01,1.8989808183541494,1.8158618839601632,1.7545251825244883
2010-06-02,1.797380462942926,1.7349849176699126,1.7158225442834454
2010-06-03,1.6961491963636843,1.6492441587475182,1.6483775453208278
2010-06-04,1.6400784566941742,1.5652247632993617,1.546158878353425
2010-06-07,1.6428953664278034,1.6433593529251576,1.678148530735231
2010-06-08,1.5949451793548772,1.6308373301858814,1.726985992647453
2010-06-09,1.5298114305924724,1.5862952101190382,1.7319331369172932
2010-06-10,1.4873203857710877,1.5059095847778432,1.6238184357009848
2010-06-11,1.4318917743052635,1.4301905141695535,1.5255135389427616
2010-06-14,1.36385341119772,1.3588981022293658,1.436901693040692
2010-06-15,1.3078046981163167,1.2918056104409499,1.3533076755461924
2010-06-16,1.2380306933744345,1.2286986651655936,1.2793958620006447
2010-06-17,1.1752215700694477,1.1693744972481561,1.2097905641903766
2010-06-18,1.1144696376713632,1.1136412082513854,1.1455823660548934
2010-06-21,1.0549072611839743,1.0617207961718553,1.096432642816453
2010-06-22,1.03906963058679,1.0126084243999056,1.0342941410739606
2010-06-23,1.0405278955047768,1.0547802564286326,1.1145170752374396
2010-06-24,1.0813174989654557,1.1515372926520224,1.2345414306262759
2010-06-25,1.145288432968536,1.2743967605076483,1.3747525508566614
2010-06-28,1.1418779555870882,1.2938680582842828,1.4390671957864178
2010-06-29,1.0902811388305584,1.2306380687456389,1.3574741666338082
2010-06-30,1.471751424577727,1.77875750471457,1.7372342593291799
2010-07-01,1.3885869996393672,1.6873099829154456,1.6383376962118272
2010-07-02,1.5172171552191545,1.8725659746122536,1.8534688324071449
2010-07-05,1.44589825296808,1.7757724448256897,1.7406265953767346
2010-07-06,1.3690587385681956,1.6896714605103467,1.6800182683912692
2010-07-07,1.5952273264426784,1.603326864492167,1.5602962934377176
2010-07-08,1.5365920697898718,1.5219564017430045,1.4657568277735422
2010-07-09,1.5589818556585977,1.4453032340624452,1.3708698956755558
2010-07-12,1.4791547209639457,1.373124673104593,1.2936723762368862
2010-07-13,1.4102528597182886,1.30519135678433,1.2206316731483198
2010-07-14,1.4769266390492986,1.2412864479975072,1.1407680509195552
2010-07-15,1.398859363672094,1.1900692825040293,1.1262851840503327
2010-07-16,1.3494298106150002,1.1845751119416155,1.1749366893181323
2010-07-19,1.3201352848975425,1.2077439498795397,1.2477703729604566
2010-07-20,1.249313197261016,1.1533047087647021,1.2100125082907975
2010-07-21,1.1824852058683382,1.1012231357374573,1.1704829583910963
2010-07-22,1.2096962210268438,1.0496638303802226,1.0987363935024863
2010-07-23,1.293361228449313,1.0013028015229843,1.0278894087184682
2010-07-26,1.221789826229188,0.9560790650420615,0.9819320947772447
2010-07-27,1.1760083783173927,0.9136318000936255,0.9288939384730415
2010-07-28,1.114429030948735,0.8739222962601363,0.8832151139571589
2010-07-29,1.0952679514042303,0.9143601824580904,0.956826429186717
2010-07-30,1.037614511238146,0.8760120846269407,0.92592789992907
2010-08-02,1.0471034647915152,0.9530107557151902,1.0244103597082592
2010-08-03,1.301477518213187,0.9107601183675025,0.9520058695065171
2010-08-04,1.2293218529378998,0.8712838934280028,0.9094790416646538
2010-08-05,1.1642384230642944,0.8386780293903963,0.8921331362216058
2010-08-06,1.1095578439453022,0.8206317232437891,0.9001067414168602
2010-08-09,1.0723815763426834,0.8315907749764289,0.9400308440194786
2010-08-10,1.1158027950424698,0.7972959325430005,0.8831523107349184
2010-08-11,1.0786177947502753,0.8121379425358657,0.9252894385877789
2010-08-12,1.3125401350119337,1.306997183945602,1.2467377229974739
2010-08-13,1.2450115240832578,1.242984733795414,1.1792231574231202
2010-08-16,1.1771998424827734,1.1828010747580129,1.118200532888261
2010-08-17,1.113027576636892,1.1262518521048221,1.0626702483397914
2010-08-18,1.143687298454596,1.073153038136632,0.998421350997956
2010-08-19,1.124648613726635,1.0926910204074753,1.068451525671672
2010-08-20,1.2145698851390585,1.278547198250091,1.2555686459614985
2010-08-23,1.1536554450382286,1.223633543079408,1.2300965725949515
2010-08-24,1.115929145897053,1.1646145748557697,1.160505983210391
2010-08-25,1.173280970676791,1.2835288452506792,1.3059574800430875
2010-08-26,1.1523661189745233,1.2811942327023096,1.3551459724166302
2010-08-27,1.1258630574394923,1.2187209160852353,1.2757614528213657
2010-08-31,1.100279577085892,1.1599981970660802,1.2019654310653527
2010-09-01,1.0497922301282039,1.1048358907949278,1.1369662642970746
2010-09-02,1.3152062891694323,1.053053867726833,1.0567559195483076
2010-09-03,1.2421201659304622,1.0044813620882762,1.004589191804246
2010-09-06,1.220202235160432,0.9589563423472661,0.947111775634341
2010-09-07,1.1543750280349216,0.9163248671444256,0.900913295481446
2010-09-08,1.1105608932963982,0.9111841269113954,0.9346743279954411
2010-09-09,1.057409149528112,0.8716337052719515,0.8874560360000151
2010-09-10,1.0685581858284812,0.8346738508532241,0.8362736878700008
2010-09-13,1.011962999240144,0.8001721735480432,0.7975652829245078
2010-09-14,1.0258582484010166,0.7680020877767703,0.7521061149982133
2010-09-15,0.9716713751402593,0.738042332635243,0.7193723957868023
2010-09-16,0.9249287368831186,0.7163781629037644,0.7164609456159067
2010-09-17,0.8839337779574328,0.700837779548898,0.7224261866218532
2010-09-20,0.8633364104018802,0.7191127977129916,0.767133699204861
2010-09-21,0.9828399387032258,0.6925896209248444,0.7187488187799119
2010-09-22,0.9466566850900426,0.6982419743987445,0.7498970747057047
2010-09-23,0.9115134449080939,0.6992591251675015,0.7745288843469197
2010-09-24,0.8661376731872846,0.6754011948499744,0.7523380953702177
2010-09-27,0.872071420099833,0.6520438853694346,0.7116463094194121
2010-09-28,0.8439889752453016,0.6597082668558335,0.7403948828874776
2010-09-29,0.8024319316170152,0.6375123982461344,0.7078560414237117
2010-09-30,0.7666620450159425,0.6213317249963474,0.6993666543922719
2010-10-01,0.7430791271208551,0.6234086764217035,0.7186039657475072
2010-10-04,0.7504518411306977,0.6039570770887804,0.6810322689700344
2010-10-05,0.7519096169301626,0.6513422944729457,0.7410024976973708
2010-10-06,0.8485436566449488,0.6297715002451014,0.6965150817784707
2010-10-07,0.844531264645738,0.609832639580372,0.6601370201527326
2010-10-08,0.8125667762810563,0.6097274185953544,0.6775250141962892
2010-10-11,0.7741271305027508,0.5925491732300896,0.6602023871914058
2010-10-12,0.7408938450716103,0.5755023825445442,0.630791765405222
2010-10-13,0.7107359871627924,0.5662209341299198,0.6303352451277029
2010-10-14,0.8311042505177529,0.5512861755888001,0.5915545819360581
2010-10-15,0.8008580302212701,0.5589915876332462,0.6146581171104136
2010-10-18,0.776967831798768,0.5737659191946296,0.6450356778407512
2010-10-19,0.769337710030266,0.5582197627332207,0.6127104789019627
2010-10-20,0.76983395843486,0.6162309876001703,0.6791634938630947
2010-10-21,0.7447840504545369,0.5973324427103354,0.6470828172350245
2010-10-22,0.7262369998359626,0.5799081521685581,0.6162356827726198
2010-10-25,0.7014207186625538,0.5777090836840955,0.629208586562582
2010-10-26,0.671676001721057,0.5618454100415095,0.6022524342971178
2010-10-27,0.6970177260200402,0.6413043122575193,0.6847841273518204
2010-10-28,0.7611159928097526,0.7730571866968294,0.8055608379281057
2010-10-29,0.7452152184176928,0.7427476081026751,0.7648813175109483
2010-11-01,0.7112221938445978,0.7149679376589851,0.7384004180676734
2010-11-02,0.686165996576602,0.6887409074136996,0.7037213317801204
2010-11-03,0.741621302291527,0.664407085315836,0.6643368422986471
2010-11-04,0.7099809040678525,0.6452534684922132,0.6562085605785493
2010-11-05,0.9251007913757653,0.624140305588932,0.6119463390953112
2010-11-08,0.8795666375782483,0.6046325359845398,0.5856900808671592
2010-11-09,0.849846605895082,0.6158939810555385,0.6201477047661733
2010-11-10,0.817667620309447,0.5970214934388854,0.5914977586785755
2010-11-11,0.8494262910372826,0.7194238476673447,0.7075935183020529
2010-11-12,0.8076821976895773,0.693079028431962,0.6822213257423884
2010-11-15,0.7774752491355097,0.682453193328134,0.6949543664410375
2010-11-16,0.7499858686202455,0.6585784595660366,0.6622530114660602
2010-11-17,1.0763361064268708,1.204864696403808,1.0171167373460566
2010-11-18,1.0198921364614213,1.1469788455835708,0.9665913240063444
2010-11-19,1.0542088202783062,1.0926110365134607,0.909151982676178
2010-11-22,1.0218431370770718,1.0756038348698511,0.9484435870870885
2010-11-23,1.0172986176681285,1.0971871275910496,1.0243105254713194
2010-11-24,1.1320474006334071,1.2880278371873128,1.2193609453407552
2010-11-25,1.153462545896817,1.2251463636340794,1.1452542923216662
2010-11-26,1.1143068710705972,1.1660362142407252,1.0815025407115466
2010-11-29,1.0709291421239102,1.1338845475194137,1.0967216220737939
2010-11-30,1.2334635874051296,1.4008820373325157,1.3360324656900604
2010-12-01,1.1750032841620752,1.34311223593567,1.3179733173677652
2010-12-02,1.2907501461015907,1.2769544176438596,1.2310741880151095
2010-12-03,1.408727535236641,1.2147345370464588,1.1487533671710115
2010-12-06,1.3370401683862623,1.1684194636426504,1.1407443148039742
2010-12-07,1.268995620539293,1.1127442876728904,1.079975147639674
2010-12-08,1.2158087893166323,1.0604753188561784,1.0211817098593732
2010-12-09,1.1528487022835867,1.0170202239652437,1.0030270504463414
2010-12-10,1.092014807177731,0.9707047936502137,0.9530063411757672
2010-12-13,1.0335090038931727,0.9273228545242775,0.9074774047376336
2010-12-14,1.0114296660042927,0.8867260368902005,0.858264743216385
2010-12-15,0.9707972208250348,0.848773039376353,0.8147842768496042
2010-12-16,0.9225597800407485,0.8162491334981141,0.7985125480199904
2010-12-17,0.8756167856277594,0.7830832354308757,0.7664207254514221
2010-12-20,0.8343037098782159,0.7554506763526393,0.7537806758636384
2010-12-21,0.799130777081826,0.7263637667724314,0.7182318954727791
2010-12-22,0.8250699518104998,0.6993244114582523,0.6787120217285154
2010-12-23,0.8009222797182278,0.6742224947893887,0.6458170183548037
2010-12-24,0.7642616160215269,0.6509519354577535,0.6176854800341302
2010-12-29,0.7304109414824335,0.6294104095363522,0.5911199435017106
2010-12-30,0.7017400468509066,0.6164627479614572,0.5952442066020862
2010-12-31,0.6876673113086225,0.6251952762328427,0.6279150737936604
2011-01-04,0.773245739322558,0.7924055973677799,0.7721331359624648
2011-01-05,0.9590682473205355,0.7607657620528099,0.7214989695587966
2011-01-06,0.9215752803112882,0.7313084797000825,0.686414943981837
2011-01-07,0.886700859331187,0.7254485862593739,0.7107411308231969
2011-01-10,0.8669585978321218,0.7426772082447217,0.75821064128728
2011-01-11,0.8405862973084811,0.7426799705396447,0.7866232410784696
2011-01-12,0.8544429401016312,0.7144876390259018,0.7435150262558526
2011-01-13,0.8329672314130432,0.688294978062365,0.7061438305979824
2011-01-14,0.8079804695599293,0.691219653402,0.7345110592119128
2011-01-17,0.78024752283282,0.6850949632335264,0.7502672092659582
2011-01-18,0.7503032130225789,0.6718394573615868,0.7534165716066437
2011-01-19,0.8060088676850821,0.648744524193566,0.7104239778259308
2011-01-20,0.8886622346063003,0.8440560760923093,0.8667822162235659
2011-01-21,1.0453620080173305,1.1247280777831974,1.0890214119409776
2011-01-24,1.0003542909193137,1.071722762085285,1.0312134141257516
2011-01-25,0.9802765700070442,1.0219887427007404,0.9742943337349201
2011-01-26,0.9426661695107491,0.9939197313407923,0.9850149509600946
2011-01-27,0.9341146076961379,0.9490626032838742,0.9304969374710731
2011-01-28,0.8868997362146096,0.9076790503772911,0.8964641075706907
2011-01-31,0.9683027991048019,1.056652300702854,1.049356895848391
2011-02-01,0.925477079234457,1.0172019187290058,1.0387418038468526
2011-02-02,1.0170046069856606,0.9708750559394066,0.9742421933778835
2011-02-03,0.9878174977393389,0.9274822608930889,0.9218222326706773
2011-02-04,0.9421759376213549,0.8953524795038031,0.9150789671267705
2011-02-07,0.8958923830235007,0.8568344114841497,0.8705970191717856
2011-02-08,0.8948577016596848,0.8208542561735569,0.8230403514048145
2011-02-09,0.873720145489101,0.7872819586776357,0.7804059884436242
2011-02-10,0.8598432448331909,0.8048028541627354,0.8308876783833391
2011-02-11,0.8387426433613024,0.8060268262812087,0.8634335536785764
2011-02-14,0.8269578708934173,0.7734583790129475,0.8179166908322961
2011-02-15,0.7869964140353534,0.7435036563563211,0.788061428476235
2011-02-16,0.762097980043228,0.7340740338136031,0.8027908133591819
2011-02-17,0.7671189217214045,0.7064883930309468,0.760211650241755
2011-02-18,0.7309153016436032,0.6808697532840834,0.7269922878485431
2011-02-21,0.6983786220678646,0.6580368492027613,0.705861801173035
2011-02-22,0.7698955748809535,0.7975249350498046,0.8320841613846478
2011-02-23,0.7420431470426767,0.7766778607797787,0.833529725960922
2011-02-24,0.8217356730171368,0.9120486239575579,0.9643257245005635
2011-02-25,0.7823177052050398,0.8729342419069028,0.9269575373638137
2011-02-28,0.861787740208774,0.8358885741507361,0.8717096061351309
2011-03-01,0.8205706615932977,0.8031971146280488,0.847777499594697
2011-03-02,0.8490868708133833,0.8764066048142096,0.9402550127456482
2011-03-03,0.8173892608905737,0.8530582499729817,0.9416370242771106
2011-03-04,0.915257350438723,0.8173290356683451,0.8841325585861656
2011-03-07,0.873705196502339,0.7913967000467763,0.8752701051527663
2011-03-08,0.8365412241671112,0.7695090875696088,0.8711230512822311
2011-03-09,0.7954066014307327,0.7394449435419416,0.8313312847007529
2011-03-10,0.7886538905944684,0.761215618420402,0.876625927703192
2011-03-11,0.9171344680280753,0.9886904151631611,1.0541111908388747
2011-03-14,0.8769277909086772,0.9523516486606841,1.0392696497660798
2011-03-15,0.8910799447389168,0.9919094161969754,1.1099869454564633
2011-03-16,0.9684869974619709,1.117827291630356,1.2417491017016538
2011-03-17,1.085188531166385,1.2923411133527256,1.4098160513960023
2011-03-18,1.1674363902041032,1.2292022181702187,1.3193387143746482
2011-03-21,1.1095837590500603,1.1698477221226362,1.2470060610623848
2011-03-22,1.1144643136997197,1.1140856421602554,1.17251648758915
2011-03-23,1.0645735768972828,1.0761779289463589,1.1651795446706759
2011-03-24,1.0228012762793464,1.0261674751432457,1.1015461723652071
2011-03-25,1.0741533080600973,0.9792771029755013,1.0342926171660365
2011-03-28,1.0213417185216183,0.9353492672779449,0.9813261074437428
2011-03-29,0.9674766118284583,0.8942341904844493,0.934210553139242
2011-03-30,0.9277984306583068,0.855789271896348,0.8864512445530854
2011-03-31,0.8834505815158586,0.8198785297279234,0.8434325572663735
2011-04-01,0.87065225049996,0.8368149420157327,0.8929060766111615
2011-04-04,0.9893317017022579,0.8021697955417961,0.8368295669044767
2011-04-05,0.9379295384918286,0.7698636577954453,0.7982354069087121
2011-04-06,0.8922979993194436,0.7434633787029805,0.7844716518492333
2011-04-07,0.8643524375365275,0.7152159754056643,0.7450532363446554
2011-04-08,0.8446585670723814,0.7298864988136106,0.7865437887869245
2011-04-11,0.8407497036428573,0.7025972255597188,0.7448781915602283
2011-04-12,0.7997285166148332,0.6775868180877144,0.7186031847096637
2011-04-13,0.9104939436484363,0.9082272983271246,0.8988428650373299
2011-04-14,0.8962310198903618,0.868869236095308,0.8506330393707291
2011-04-15,0.8925281140707129,0.8964563036404788,0.9150545610387315
2011-04-18,0.8629168297738335,0.8578660625375937,0.8678668417276294
2011-04-19,1.0849384096031096,1.220210240176651,1.137199515141022
2011-04-20,1.0357090282744716,1.1613976843438767,1.0764744411616471
2011-04-21,1.1916456885045739,1.1061500933909951,1.005146346858321
2011-04-26,1.1270561412127431,1.054785290237889,0.9660809104348773
2011-04-27,1.0982237914060038,1.0061048438483462,0.9129511061651806
2011-04-28,1.0394100204212644,0.9605609238248796,0.8739489815490309
2011-05-03,0.9843222783272758,0.9178267914178764,0.8338815159145535
2011-05-04,0.9346255060845379,0.877844961544199,0.7946078930758254
2011-05-05,1.044155721124262,1.0918831373086635,0.9923557830925689
2011-05-06,1.0548251647790803,1.1379577071647,1.0882303702630232
2011-05-09,1.0426203354509194,1.084141572507846,1.026279240302249
2011-05-10,1.0077188019697774,1.0625860807972987,1.0506421540758135
2011-05-11,1.0367914904020181,1.0134198719233352,0.9883035684232327
2011-05-12,1.0128959434833087,1.0148440240012562,1.034423029411309
2011-05-13,0.9771920537590139,0.9942977332691196,1.0513711653533744
2011-05-16,0.933977382784,0.9597462498731514,1.0414862105390432
2011-05-17,0.8864052967315544,0.9172826177444527,0.9964472370486626
2011-05-18,0.9167777059631748,0.9880405368759808,1.0901910867912659
2011-05-19,0.9319769104021486,0.9435560591713967,1.0271739466612932
2011-05-20,0.8995318017124851,0.9019125070113725,0.9727996432207414
2011-05-23,0.855738773751884,0.8648867428837341,0.9432335766577231
2011-05-24,1.0356403408940944,1.1604616865027368,1.1690781196171363
2011-05-25,0.9872034893373541,1.1052711320579804,1.1068733259355288
2011-05-26,0.9370345982712126,1.0534622852194748,1.0504232848959492
2011-05-27,0.8901027556413701,1.0048643137640023,0.997774655117038
2011-05-31,0.8994036831187812,0.9593151138562077,0.9414387377072978
2011-06-01,0.8946693330276599,0.9166606812718464,0.8897638078085732
2011-06-02,0.9195405084233064,0.9810317446469244,0.9868638460970552
2011-06-03,0.9882088539157388,1.1041177940740514,1.1255931595707036
2011-06-06,0.9369120184383792,1.0523800232102776,1.0686114569321845
2011-06-07,0.8893260823628314,1.0038495389577005,1.0151902977336609
2011-06-08,0.844467344746762,0.9583644183500009,0.9662423419179826
2011-06-09,0.8670775719927162,1.0028346771605423,1.0470580225097499
2011-06-10,0.8616581695760429,0.9574136601804535,0.9890407879370995
2011-06-13,0.9726888111880219,1.1299139419558715,1.1554415364314619
2011-06-14,0.9225698918633346,1.0765905382022762,1.096381046409052
2011-06-15,0.8888139433019699,1.0265544971027687,1.0378382248104325
2011-06-16,0.9167611587167636,1.077061599733752,1.1261702477741273
2011-06-17,0.9095414454655444,1.078157942234241,1.1693355404244916
2011-06-20,0.866836148967898,1.028024723148045,1.1080282158613861
2011-06-21,0.8349614666156643,0.9945899485400425,1.1014263713266121
2011-06-22,0.914948419802512,0.9496903793957557,1.0344247669185396
2011-06-23,0.868719900236822,0.9078992990784491,0.9901763364606005
2011-06-24,1.008393076404659,1.136537358646936,1.1816819100935076
2011-06-27,0.9629480426118997,1.0828081717873685,1.118417043661356
2011-06-28,0.9218582240762319,1.032386845689959,1.0591478113050077
2011-06-29,0.9072847026982955,0.9851063428393998,1.0006709321256804
2011-06-30,0.9904500486709875,0.9408080840672033,0.9392521830460638
2011-07-01,1.0565356313164234,0.8993413298739894,0.8818384565387655
2011-07-04,1.0260735307178663,0.86056259198884,0.8349290554988101
2011-07-05,0.9815405835689843,0.8243350731627792,0.7933774106836098
2011-07-06,0.9305862403969164,0.7905281326774111,0.7575107010698529
2011-07-07,0.8922590227575375,0.7742313209865755,0.7702981289731876
2011-07-08,0.8884063649428517,0.7438406277863018,0.7291141651468186
2011-07-11,0.9183019044894084,0.8473437561767947,0.8436109749743916
2011-07-12,0.9398872981450428,0.9235919824930966,0.944251899133468
2011-07-13,0.9573879778945219,0.9849828181169369,1.0357986925626321
2011-07-14,0.9284334200121218,0.9406924012202839,0.9800853358774058
2011-07-15,0.9462900808822818,0.9975635932509281,1.067550837354642
2011-07-18,0.8980772436828092,0.952892862787016,1.0232100079855555
2011-07-19,1.003159350610516,1.1290719003428915,1.188098786553944
2011-07-20,0.9708145996516607,1.0758001228842635,1.122319180479543
2011-07-21,0.9831325791123928,1.0258131006447058,1.0568881010860158
2011-07-22,0.9631116856286978,0.9789449758870948,0.9984860199613015
2011-07-25,0.93087117924115,0.9350382647297901,0.9455404716045088
2011-07-26,0.8857154861263187,0.8969599259683482,0.9224340245774719
2011-07-27,0.8411531211613599,0.858336765347192,0.878934481003347
2011-07-28,0.9037755726764656,0.977735997264976,1.007499336473195
2011-07-29,0.8615186675114406,0.9339061986130577,0.9567428322625037
2011-08-01,0.886289358588916,0.988492270346237,1.04338285125187
2011-08-02,0.8765873658778177,0.9911536413619234,1.084138769447071
2011-08-03,0.8970450000890053,1.034076072211164,1.158777721831096
2011-08-04,1.1628079022301903,1.409522390370282,1.4344305879774055
2011-08-05,1.597379860787845,1.9957607311186965,1.8595308040328355
2011-08-08,1.762650477571071,2.2224411926596694,2.1213885893480295
2011-08-09,2.018609773205203,2.5649032455516596,2.4618074200547713
2011-08-10,1.9940249138160668,2.429228590080215,2.2921736225205076
2011-08-11,2.1429426839661785,2.6508409603114758,2.5640242668328765
2011-08-12,2.247879287823478,2.510387532629267,2.3760224814039965
2011-08-15,2.3282941238885893,2.377748409871454,2.2032276372198707
2011-08-16,2.1987520837195844,2.252509514918504,2.0649865946140338
2011-08-17,2.070460152355796,2.1342796659520316,1.9411434426768719
2011-08-18,1.9575971626305788,2.033570657967492,1.8886790272510465
2011-08-19,2.390977427751024,2.7402857431722456,2.437018922638057
2011-08-22,2.2772644996957863,2.6308200383948113,2.4128899443313054
2011-08-23,2.1705751467521606,2.491479253689094,2.2540728857980556
2011-08-24,2.0540671384936964,2.359893757474948,2.111116318920664
2011-08-25,1.9912320550101719,2.2356527363172547,1.9718980585939845
2011-08-26,1.938259041580353,2.206253725779561,2.0416377563673502
2011-08-30,1.8259877647931018,2.0906669220725584,1.9243412581728014
2011-08-31,1.9245692946221626,1.981532107430534,1.7886930654668447
2011-09-01,1.9660757481647155,1.8785588960562332,1.665740407791667
2011-09-02,1.856716141788073,1.781424698614362,1.5685351447755322
2011-09-05,1.919737290061008,1.966157986161894,1.8020573972622247
2011-09-06,2.176112756905328,2.421728394502959,2.207120103827665
2011-09-07,2.075868355182702,2.2940333227415453,2.0643289854952998
2011-09-08,2.19590460277296,2.173477025017115,1.914558449297703
2011-09-09,2.071081191875586,2.0596827791031838,1.7995052294916485
2011-09-12,2.1065720340473875,2.198933413442545,2.013816011020047
2011-09-13,2.059686631054119,2.198245527209785,2.1067708662285223
2011-09-14,1.958581542204423,2.0830600523097975,1.9732706647887823
2011-09-15,1.8722345707981871,1.9743539028245076,1.8485177145390541
2011-09-16,1.8878489112234227,1.8717868827976212,1.7235264970854443
2011-09-19,1.7872146030809102,1.775037647660631,1.6209992791753671
2011-09-20,1.8185831205930638,1.8954662414590226,1.8032126079478366
2011-09-21,1.8255299151291122,1.797371469929436,1.682702699105704
2011-09-22,1.7853349124423012,1.8081468759343005,1.7711908150307223
2011-09-23,2.309909960710247,2.6543730461095065,2.3679128194270085
2011-09-26,2.1797243583263457,2.5137233646688038,2.21766063246724
2011-09-27,2.0566486170262257,2.3808983996275117,2.079449226982855
2011-09-28,2.32185459257287,2.2554835040875716,1.9211075184746498
2011-09-29,2.240427486441548,2.225208380890706,1.9960620569988816
2011-09-30,2.114354033241275,2.1156177730325085,1.9285515135492175
2011-10-03,2.0408960939282927,2.0828723787701353,1.985200189699335
2011-10-04,1.9546442855620494,2.0234308264457135,2.0000034323840716
2011-10-05,2.037701232246201,2.216757897072003,2.2297022548977408
2011-10-06,2.172062971885413,2.1005332803684693,2.0669299280842326
2011-10-07,2.3614822992458815,1.9908426424800114,1.912174741608628
2011-10-10,2.2238223714099936,1.8873427537300678,1.7988954097512715
2011-10-11,2.1706262722817047,1.7897094148348558,1.6802229743987
2011-10-12,2.044148467646599,1.697904479495629,1.5942062651778819
2011-10-13,1.9433805268438615,1.6110871142162482,1.4985577288758563
2011-10-14,1.847175778736168,1.5591637542576897,1.5072629484184779
2011-10-17,1.7786047963474891,1.480349687847932,1.4150460334432666
2011-10-18,1.6871896896218568,1.425583787476748,1.4086803658186282
2011-10-19,1.599835725152467,1.3706571353436645,1.3950906116813269
2011-10-20,1.525759885396282,1.3028695550611482,1.3144196581780563
2011-10-21,1.4971626180781021,1.343048477978715,1.404681641812818
2011-10-24,1.5400422149802013,1.2768944382285616,1.3129827112962733
2011-10-25,1.4916557986373518,1.2146781424229238,1.2349580003133906
2011-10-26,1.4149813135475175,1.169664844859873,1.223716028511355
2011-10-27,1.3438379738857538,1.1139138905410988,1.156839191327581
2011-10-28,1.5683412502106113,1.0615729785053225,1.0737051746416275
2011-10-31,1.4812587050807584,1.0164860989849323,1.0472915225505344
2011-11-01,1.6821737055296706,1.5376571621699067,1.410378680676262
2011-11-02,1.7532945414391645,1.7420531162093569,1.6396275290536033
2011-11-03,1.6916448147363996,1.6527047514435589,1.5381238633999321
2011-11-04,1.6330136775098292,1.5684860681833463,1.4441193481805337
2011-11-07,1.5445716440984527,1.4961640441691748,1.4086475685346602
2011-11-08,1.4610531421464317,1.4269479505322362,1.3712467662489292
2011-11-09,1.415402842200246,1.3558458503298119,1.289728488692505
2011-11-10,1.4857395879492343,1.5300455227754166,1.4858681328867551
2011-11-11,1.405828803677706,1.458317713641689,1.4416293806121392
2011-11-14,1.4508790791892863,1.3853771243909285,1.3480886175506623
2011-11-15,1.379627509630544,1.3327637603847264,1.3377999878553732
2011-11-16,1.30253978705361,1.2673280645774578,1.2719828564972997
2011-11-17,1.2318528873907169,1.2076431843635838,1.225917698736024
2011-11-18,1.2789859460774124,1.3301211198082004,1.373778494373711
2011-11-21,1.266627321553257,1.3515183291851292,1.4460026822567058
2011-11-22,1.4878028073048337,1.7082146107436549,1.7349579449227872
2011-11-23,1.408191311899099,1.6262106285528637,1.6748606583001484
2011-11-24,1.399726685939233,1.6393057208266049,1.7479018183669455
2011-11-25,1.3243413047496013,1.559386667658666,1.6787280014370063
2011-11-28,1.2702521542636245,1.4805596750001866,1.578169077408888
2011-11-29,1.508438573102824,1.406319016930624,1.4662925734993455
2011-11-30,1.4293492210094498,1.3364291984283292,1.3831859311282728
2011-12-01,1.6825379529326367,1.270667631187833,1.2825228871967358
2011-12-02,1.5898946114121955,1.2156023014871078,1.2533501487355243
2011-12-05,1.542005680088925,1.1570677694166067,1.1787959718077083
2011-12-06,1.456513368243315,1.1020841196911584,1.1168576471456877
2011-12-07,1.3743465205048997,1.0504717194356898,1.0614218402176545
2011-12-08,1.305213618940338,1.0164170208378271,1.0599187876804272
2011-12-09,1.2927730221516491,1.086081386761479,1.1600822590447841
2011-12-12,1.2477311511598015,1.0354574485909478,1.0945661576961165
2011-12-13,1.3324524511166087,1.2627989722852242,1.2954585220188282
2011-12-14,1.3088355025537213,1.2014263537749086,1.218053193349787
2011-12-15,1.4511279939223285,1.4970497596085108,1.4721542682468185
2011-12-16,1.382930367135603,1.421847002721231,1.3870513830213782
2011-12-19,1.3089997032379694,1.355593382351005,1.3455098888216275
2011-12-20,1.245317205166994,1.301174450997486,1.3274258318723424
2011-12-21,1.2189772969640609,1.2375088478875416,1.2489800097600883
2011-12-22,1.1685218966066,1.2015278984552105,1.255462168653844
2011-12-23,1.1728028230696905,1.1438438689738757,1.17988335958419
2011-12-28,1.153946399525779,1.089667664808206,1.11135996475667
2011-12-29,1.0922074944690543,1.0397961088368264,1.0690779910313009
2011-12-30,1.0874956298955336,0.9920516466491139,1.0073277202428472
2012-01-03,1.029356167227909,0.9473128580991035,0.9582292387211172
2012-01-04,1.2174503296897523,0.905427862559312,0.8930768259143589
2012-01-05,1.1670694587392365,0.8983468918413524,0.9238089330106083
2012-01-06,1.1362939946315864,0.9227613488547576,0.9836665163344411
2012-01-09,1.0830753478340054,0.8824596935645502,0.9329360257927842
2012-01-10,1.0509922908767162,0.8916502908267354,0.9759863883530672
2012-01-11,1.1030858283923224,0.8533745084419224,0.9164964521885988
2012-01-12,1.056487478958857,0.8410384321320441,0.9328590359711266
2012-01-13,1.0022066088403825,0.8088913904732461,0.9086273613018812
2012-01-16,0.9636468514100764,0.8008592298953193,0.9256364094892932
2012-01-17,0.9198946382996479,0.7686423350855073,0.8793051613468629
2012-01-18,0.8950068829533108,0.7386382201506103,0.8333907127682889
2012-01-19,0.8504311985795981,0.7107304236534779,0.7947433932537291
2012-01-20,0.8347546623662604,0.6848069971823876,0.7536928164736274
2012-01-23,0.7983584029602746,0.6678780293713175,0.7496748604951989
2012-01-24,0.8147771158174264,0.6450757534551141,0.7089996860096771
2012-01-25,0.7977845144852214,0.6648371311340673,0.7491556268450645
2012-01-26,0.7802510257552489,0.6780500386932492,0.7828214549998342
2012-01-27,0.8427387090197065,0.6544980585243855,0.7373715095927603
2012-01-30,0.8804928572239054,0.7805287276285234,0.8523446110118165
2012-01-31,0.9157244556069157,0.883365565210807,0.9616024538239918
2012-02-01,0.8702759685853155,0.8456331962713438,0.9146446071967386
2012-02-02,1.0276117580495903,0.8103985798148167,0.855406699739457
2012-02-03,0.9734447735132518,0.7775334135193404,0.8158971461214608
2012-02-06,1.0874455700531311,0.7469148724657482,0.7636719563281799
2012-02-07,1.0311038556482262,0.7216506842660341,0.7502672556498325
2012-02-08,0.9768703041358064,0.6951784802181794,0.7227528290833363
2012-02-09,0.9307784215359239,0.6789963376006085,0.7238426371367297
2012-02-10,0.8881686070111824,0.6553749033932921,0.6900949917215354
2012-02-13,0.8810335380800595,0.7073573620875226,0.7595854758180274
2012-02-14,0.8834878397341805,0.6816762173137515,0.7186031868405585
2012-02-15,0.840290013840093,0.6594559870873478,0.7012328870560941
2012-02-16,0.800866123639566,0.6400551864716331,0.6889777090076602
2012-02-17,0.7639884872887592,0.6216116505160797,0.6755277519011935
2012-02-20,0.7342703508978168,0.6022981734208003,0.6445817476616187
2012-02-21,0.7308975503015156,0.5844838884045296,0.6123248958750395
2012-02-22,0.705738340974075,0.5819154211346028,0.6256683978316122
2012-02-23,0.6785854013527617,0.5723899563818775,0.6261932868835632
2012-02-24,0.6572255545544254,0.5569549184103756,0.5978352852874745
2012-02-27,0.629916356491584,0.5433200616676886,0.5809974263782136
2012-02-28,0.6162425941441044,0.5493520898198748,0.6016519249700766
2012-02-29,0.5939253230793259,0.5358034459070006,0.576034400038994
2012-03-01,0.6583256404048815,0.6640532344726511,0.6870855047925786
2012-03-02,0.7062055006477979,0.6415343739308097,0.6494075728289788
2012-03-05,0.6861493156678096,0.6382452147720016,0.6675615384406192
2012-03-06,0.6906487885595746,0.6720613219108077,0.7220060335001017
2012-03-07,0.9116096263394876,1.0274089104391786,0.9676382001028591
2012-03-08,0.8751146411946511,0.9804406140950207,0.9179931838103768
2012-03-09,0.9102030631427136,0.9364387921541039,0.8649864710037897
2012-03-12,0.8753703597220057,0.8952534731883711,0.8214859649422669
2012-03-13,0.831609730419215,0.8567418800927498,0.7840791582514329
2012-03-14,0.8590533753682152,0.8207678693041037,0.7402260175096375
2012-03-15,0.8194500738834779,0.7911504550226239,0.7314833607060536
2012-03-16,0.7805046167971023,0.7605344945004865,0.710936657556545
2012-03-19,0.7534835192926062,0.7310933043466885,0.6771813611295278
2012-03-20,0.7193137401329304,0.7046505595554716,0.6593696047953194
2012-03-21,0.7946601554132732,0.8444449194594825,0.7972121658194402
2012-03-22,0.7565377821344391,0.8092896006561092,0.7619925205134013
2012-03-23,0.7710284813184071,0.8468826186629438,0.8341959305938482
2012-03-26,0.7354992223607326,0.8115646632903369,0.7954112437331904
2012-03-27,0.7457938534538672,0.7786204591403717,0.753117703900833
2012-03-28,0.7383465129670236,0.786159333704191,0.794475969163046
2012-03-29,0.7884984758533757,0.8754796215513727,0.9000548082522329
2012-03-30,0.8482156107410194,0.9735212672235823,1.0150935624374493
2012-04-02,0.8177943669788397,0.9299598169408256,0.9622676388226707
2012-04-03,0.9739182743192156,0.889192579660672,0.900692684320638
2012-04-04,0.9488816453253688,0.8924752861872127,0.9406491719162408
2012-04-05,1.1902569826536966,1.307695060176474,1.2359790534436652
2012-04-10,1.1296537229631385,1.2436410574080414,1.1696281948237177
2012-04-11,1.3095124021523192,1.5249529009099791,1.4272868217645
2012-04-12,1.2551892684901138,1.4481254500111296,1.34475645352739
2012-04-13,1.2596279379020243,1.3757815576273749,1.262264040624433
2012-04-16,1.2413430690006058,1.3801709927643944,1.3316448308610702
2012-04-17,1.1750432733255582,1.311821742197187,1.259619936511663
2012-04-18,1.2460384436652765,1.2475221110650028,1.1791687893347613
2012-04-19,1.1853699934450892,1.198310793921979,1.1677592775104972
2012-04-20,1.1207660927452345,1.1408606913778787,1.1113636055896148
2012-04-23,1.0699050068728633,1.0868669226339545,1.0521255514512655
2012-04-24,1.1905442200704157,1.3047001487037293,1.2594330162204719
2012-04-25,1.1506310127959791,1.2408244952133298,1.1877387520880864
2012-04-26,1.0888939777664397,1.1807706792148875,1.1262554458835117
2012-04-27,1.0423287584212393,1.12434471792366,1.0656795844614804
2012-04-30,0.9980337935937773,1.071362929826671,1.0093016118438265
2012-05-01,0.9752168951011625,1.0628502971470808,1.0495506857888313
2012-05-02,1.0108376266460197,1.0136676511070186,0.9871566059019709
2012-05-03,1.0100083606724353,1.0469417513012076,1.0635147914049383
2012-05-04,0.9575024372225769,0.9987506546015344,1.010357181977977
2012-05-08,1.1194715480035107,1.2643528070417636,1.235704731373006
2012-05-09,1.218477925905573,1.4243659888797546,1.4151376479780853
2012-05-10,1.1625079936607594,1.3668681962159033,1.3956159915018025
2012-05-11,1.1013828965073975,1.2993044777954883,1.319233868560132
2012-05-14,1.0562534077654022,1.235750322451686,1.2452999607406845
2012-05-15,1.202648353905271,1.449389181489509,1.4536441087047574
2012-05-16,1.1512460915386322,1.3945608570487318,1.4402801948619195
2012-05-17,1.1087174438138894,1.3499232449923098,1.4386713352455038
2012-05-18,1.1310010171072504,1.3889207926590619,1.5234906237373234
2012-05-21,1.161477356986772,1.4374911261193326,1.6139156389060376
2012-05-22,1.1191669358897889,1.3657704639450945,1.5182107273005327
2012-05-23,1.212915629120902,1.2982716229667917,1.4191782030365794
2012-05-24,1.430913042826594,1.6469550309076462,1.697841427082314
2012-05-25,1.4411871603440263,1.5630674879204292,1.5883560491906372
2012-05-28,1.3599704232630072,1.4840270912578875,1.5004308688805374
2012-05-29,1.2840248336909554,1.4095840046092805,1.4181615585039355
2012-05-30,1.2289777673209517,1.3395021362623436,1.3367035680343538
2012-05-31,1.3027190288175756,1.4763542661269833,1.5016719136700973
2012-06-01,1.2374087410421355,1.40235920344261,1.4161715147378255
2012-06-06,1.2327855196742026,1.419802338343646,1.4893669594160108
2012-06-07,1.3856022558133296,1.3491198570316716,1.3881250408788655
2012-06-08,1.359814480083701,1.2826061166604765,1.304062976451695
2012-06-11,1.2869761183094686,1.224391343987995,1.2659247653066872
2012-06-12,1.2160069241723017,1.1656019636375952,1.2075561726420414
2012-06-13,1.1729631825353106,1.1100982896488707,1.1394764074616652
2012-06-14,1.1100016278067204,1.0579921517638735,1.0810174789268252
2012-06-15,1.0563871512479184,1.0178810055168304,1.0670194283446266
2012-06-18,1.0017293737801298,0.9715114121835412,1.0130424963978557
2012-06-19,0.9510330100774605,0.9280780467444789,0.9624558390749406
2012-06-20,1.0564876613438048,0.8874324084100621,0.9018274700934589
2012-06-21,1.0194348108689595,0.8494330709784373,0.8545383121822836
2012-06-22,1.0244417440770992,0.919142981869434,0.9498733282149356
2012-06-25,1.0237191951064772,0.9685938572411782,1.031237258128203
2012-06-26,1.0456121264308955,1.047270940899515,1.1343528088925072
2012-06-27,0.9907622528935641,0.9996053138879238,1.087045407138554
2012-06-28,1.0395547239506995,0.9543883990166935,1.0212149387077651
2012-06-29,1.0040661528351185,0.9433084394667794,1.0442006125688976
2012-07-02,1.0521513220581609,0.9016808129232756,0.9810607977884781
2012-07-03,1.0706863639467987,0.8627493697998438,0.9235000948833512
2012-07-04,1.0460594060473472,0.8263769371114298,0.8731746058058326
2012-07-05,0.9910469806726802,0.7929311957581997,0.8411786449086371
2012-07-06,0.9397725393656671,0.7612554079844929,0.8021004546117676
2012-07-09,0.9109088660452782,0.7664080776997361,0.8356394898046724
2012-07-10,0.8919071975452436,0.7840852782678241,0.8800615378505982
2012-07-11,0.8701395511423168,0.7530158310400583,0.8340381854114103
2012-07-12,0.826681298199442,0.724100175900655,0.7966108918294812
2012-07-13,0.8570787977747848,0.8171093709943015,0.8960879329580855
2012-07-16,0.8760049904353868,0.7837899433941266,0.8457498583433877
2012-07-17,0.8328090372558796,0.7534182354582548,0.8165743296601711
2012-07-18,0.8186519755208261,0.7676451593409279,0.8574534028061241
2012-07-19,0.8400290130198276,0.7377101417853973,0.8097060187598317
2012-07-20,0.8124858385049901,0.709867779585774,0.7693577632244435
2012-07-23,0.8589145891292657,0.8292275030662275,0.8858344224747268
2012-07-24,1.0791244046457045,1.1979477135540697,1.1505609940798776
2012-07-25,1.044898139727421,1.1720933883284699,1.1738412780995804
2012-07-26,0.9896209721047066,1.1162512684673365,1.1175569713085083
2012-07-27,1.0318054959615481,1.0637666243007495,1.050163539383418
2012-07-30,1.0229702033542807,1.0145269801514534,0.9906002204611042
2012-07-31,1.0375912003087628,0.9683685033897138,0.9330075901912885
2012-08-01,1.043703011446552,1.0243023085843421,1.0266481227169575
2012-08-02,1.079550834531918,0.977529057573826,0.965043759600864
2012-08-03,1.066450841513517,1.0080383748299115,1.0364573742988168
2012-08-06,1.2300563898705146,0.9622888604627792,0.967021717228048
2012-08-07,1.167376975589022,0.9194442361580387,0.9180600875335603
2012-08-08,1.1166063206469656,0.8793575138563133,0.8705262047366207
2012-08-09,1.05644787209477,0.8418886651033146,0.830199978185038
2012-08-10,1.0003615537325072,0.8069040774915122,0.7922107333494708
2012-08-13,0.9486759955145915,0.7751184850386579,0.7675397019863374
2012-08-14,0.905188938387979,0.7534053292307363,0.7679051193172892
2012-08-15,0.8759973606804573,0.724461246733105,0.7294944824542746
2012-08-16,0.8540153640040488,0.7358523513473438,0.7698633957399598
2012-08-17,0.8116232453617452,0.7081410836427873,0.7361470079465898
2012-08-20,0.7770479998980152,0.6824035959890727,0.7019140685082018
2012-08-21,0.7597101784150252,0.6903525453368862,0.7353600506423204
2012-08-22,0.7441949213653701,0.6659013863793072,0.6988429728489205
2012-08-23,0.8590743363770822,0.8866153351875291,0.8735226017651324
2012-08-24,0.8163082500162311,0.8486696010003828,0.8333599447272032
2012-08-28,0.7766893258625008,0.813243952811949,0.7968363436155239
2012-08-29,0.7400337644061007,0.7802621437920734,0.7644585708827802
2012-08-30,0.7329177596401489,0.7871897031552346,0.8046237661380612
2012-08-31,0.7154255245626281,0.7773771445369371,0.8233751188068064
2012-09-03,0.6856430840895773,0.7494658136906074,0.8049423331181309
2012-09-04,0.7031258405170102,0.7207973057212214,0.7620322980428157
2012-09-05,0.8434614230401922,0.9467450958951273,0.9429758611362309
2012-09-06,0.807483099070381,0.9115091862410436,0.9308489299826309
2012-09-07,1.0204404027263836,0.8719376324864717,0.868960422070976
2012-09-10,0.9703685910306727,0.8349577191633338,0.8267421310098405
2012-09-11,0.9202142538365691,0.8005966751155753,0.7940398556681635
2012-09-12,0.8734224854294892,0.7684854063751289,0.7620395883543658
2012-09-13,0.8327088576972845,0.7426141392708188,0.7517339542830314
2012-09-14,0.8166423880213524,0.71442643631482,0.7134901265493149
2012-09-17,0.9356054459941299,0.6882381573930394,0.6688102773665875
2012-09-18,0.8980236317213517,0.6835699516583125,0.6901888555668516
2012-09-19,0.8665553202867411,0.6854148099541322,0.7177207253770408
2012-09-20,0.8292394904947972,0.6613235762774198,0.6842218763676283
2012-09-21,0.8144122314690893,0.6856384445190695,0.7321880625359597
2012-09-24,0.775212227267907,0.6617969084968924,0.70598384768332
2012-09-25,0.7440621802350134,0.6478751923224241,0.7069610605782833
2012-09-26,0.7170168828370749,0.6265646969359817,0.6739840940451153
2012-09-27,0.8664068789796734,0.9045645575269514,0.8749741803882437
2012-09-28,0.8246594390523484,0.865445061884923,0.8333400719853994
2012-10-01,0.816377650182289,0.8743335851381722,0.880935370204494
2012-10-02,0.8882764873136793,0.8371956338243962,0.8286053873290848
2012-10-03,0.8468967424271356,0.806943316025029,0.8160851435419559
2012-10-04,0.8087539190287463,0.7743126124722943,0.7773011168187103
2012-10-05,0.7695523587928838,0.7439163046608346,0.7430620528152005
2012-10-08,0.7679285586947782,0.7156370738915951,0.7045562617130556
2012-10-09,0.7530530448699145,0.7223926572637819,0.7406420540754532
2012-10-10,0.7428201424126877,0.7333965398028565,0.7796391228489352
2012-10-11,0.7372746936474217,0.7487008396282447,0.8216400017201043
2012-10-12,0.7593131860401582,0.7200859161975744,0.7768540804161415
2012-10-15,0.7564177596691257,0.7441928588821107,0.8256174773950965
2012-10-16,0.7231311864664683,0.7158941981920695,0.7868641140564675
2012-10-17,0.7742391647511045,0.6896009182603224,0.7424305842205549
2012-10-18,0.7671384935512057,0.6652044651720567,0.7044322923886724
2012-10-19,0.731213786623894,0.6426002093772893,0.6738701277150879
2012-10-22,0.709669403490201,0.6404732716082866,0.6922182377361514
2012-10-23,0.6833966152472921,0.6277112281733442,0.6926955426679821
2012-10-24,0.8177496255552755,0.8682835800259417,0.8717607315269292
2012-10-25,0.7783052221006921,0.8315449830543153,0.8310130078833008
2012-10-26,0.7413880698944211,0.7972560369498795,0.7939940168443336
2012-10-29,0.7070770898043386,0.7652848013327256,0.758812325137058
2012-10-30,0.6799720695177935,0.7408663600692253,0.7519519421801497
2012-10-31,0.7139981266801534,0.7128016193967487,0.7111155155962853
2012-11-01,0.7869862959116347,0.8453904823561001,0.8411375341701719
2012-11-02,0.8652070714497885,0.8101720590231549,0.7912156564910766
2012-11-05,0.8223472738562021,0.7773222516788487,0.7554228098716682
2012-11-06,0.8024846354770929,0.7777437109033782,0.7887142064517902
2012-11-07,0.801291134477984,0.747110670836346,0.7471065515772248
2012-11-08,0.9336140074155986,0.9895579178364142,0.9435627246972298
2012-11-09,0.8915294007695842,0.9522751734046384,0.9338348924848522
2012-11-12,0.8479971075931252,0.9115110534072711,0.9048515756116908
2012-11-13,0.8064833225741758,0.8722146589171081,0.8690613228341032
2012-11-14,0.7731705649883871,0.8352164649861775,0.8266002099625454
2012-11-15,0.8291371276379432,0.9319947060630487,0.9413056013888564
2012-11-16,0.8329534320451811,0.9510500288371597,0.9989159009449742
2012-11-19,0.9031729071402587,1.0601340187067767,1.1233652247972419
2012-11-20,1.139460177362041,1.011120406463369,1.0470002797269249
2012-11-21,1.0786803835951346,0.9651765471716403,0.9946125516417292
2012-11-22,1.0209949784599515,0.9221474027276073,0.9466039939955717
2012-11-23,0.9892059660307241,0.881885509719321,0.8962140303359
2012-11-26,0.9486170557714807,0.844250403368833,0.8506856411489517
2012-11-27,0.9210288514020601,0.8440918924952993,0.8850395143727606
2012-11-28,0.8759940970192851,0.8089601409436264,0.8425255890389461
2012-11-29,0.8320691264744062,0.7761925346567135,0.8040856981325657
2012-11-30,0.8704187309924731,0.7456664662932531,0.7582944525315537
2012-12-03,0.8275396536657493,0.7178722755677196,0.7337158443096826
2012-12-04,0.7870684016563485,0.6914376475855752,0.7017037446221629
2012-12-05,0.7498781751420834,0.6672123458764154,0.6777054187928128
2012-12-06,0.724109050932038,0.6444593356308046,0.6461078210602551
2012-12-07,0.6920881844102996,0.6234060269956105,0.618433400328937
2012-12-10,0.6639892976552778,0.6039546306381717,0.5917645863665217
2012-12-11,0.6359992751200997,0.5860106756909196,0.5674728453458838
2012-12-12,0.6096677260377097,0.5694828995272173,0.5451028454505498
2012-12-13,0.5941461194771589,0.5542831818110546,0.5212968453186321
2012-12-14,0.580530758699157,0.5535845942097241,0.5381422134802063
2012-12-17,0.5615332167061328,0.543009727921569,0.5353443335175453
2012-12-18,0.5453430147147029,0.5349846987197173,0.5366485582146553
2012-12-19,0.5392659412753219,0.5226389460316878,0.5128686700988049
2012-12-20,0.536242623156469,0.5113445081357388,0.49007535769065846
2012-12-21,0.5190187876691625,0.5017941556080785,0.4801490451893217
2012-12-24,0.5152688532182288,0.5103379957977935,0.5037969173430626
2012-12-27,0.5029952950386999,0.5001084731571359,0.4832247381376425
2012-12-28,0.48784922176579654,0.49079185842192313,0.46649260602555365
2012-12-31,0.50470424842843,0.5260767738385356,0.5158579766482281
2013-01-02,0.5170182738728468,0.5526497433749954,0.5593163731435595
2013-01-03,0.8600807055551547,0.5388279762721125,0.5186099917594427
2013-01-04,0.8226552027105275,0.5261583425553291,0.49643171969198435
2013-01-07,0.8116954586135998,0.5145624730179457,0.4721031050561502
2013-01-08,0.7867309595663118,0.5350489986676245,0.5109609215011629
2013-01-09,0.7527091565347661,0.5289526149787124,0.516123355138345
2013-01-10,0.753403469457153,0.5171184149951988,0.49037731337271273
2013-01-11,0.7181952060692559,0.506299679643002,0.4722561692358166
2013-01-14,0.6919909617379875,0.49642375180690934,0.4525250508391349
2013-01-15,0.667108654058297,0.49739040843162197,0.4664924378531237
2013-01-16,0.6393918419727804,0.4883018812398053,0.4486405716966326
2013-01-17,0.6187029733556076,0.4896066694004851,0.46196757706876695
2013-01-18,0.6096255860028897,0.4812146206204327,0.44155075484366235
2013-01-21,0.5944471576379899,0.47358284617982327,0.4231329177460995
2013-01-22,0.5854659810007455,0.46665129794757615,0.4049852030827202
2013-01-23,0.563637191958375,0.4606635786698205,0.3961137810714455
2013-01-24,0.5495074138960881,0.45493766633678406,0.3805132828206154
2013-01-25,0.630102491180562,0.44975468632657406,0.35866791425390915
2013-01-28,0.6106666914015839,0.44506792209334906,0.34473856212749654
2013-01-29,0.587525209542566,0.44083389180489035,0.3328695342742864
2013-01-30,0.6059231554949103,0.4370122447714364,0.31657946196844317
2013-01-31,0.5900564884118878,0.4477679928777697,0.34195848585425853
2013-02-01,0.6219126283082783,0.5435162632941849,0.43857445639205567
2013-02-04,0.6925538227805144,0.5304536442018583,0.41355292752082706
2013-02-05,0.8525344807737472,0.8541410046091343,0.659145259366838
2013-02-06,0.8288329012431226,0.8183397951824235,0.6269858143562291
2013-02-07,0.7898627005011284,0.7849372347570908,0.6000265318578301
2013-02-08,0.8357702086498671,0.8811253459655095,0.7264245839627133
2013-02-11,0.8131659958631551,0.8435402158593285,0.6904187204893326
2013-02-12,0.7756050340554117,0.8084453001370429,0.659721903039142
2013-02-13,0.7992648365430717,0.7757126292908882,0.6239869517579428
2013-02-14,0.766404634848752,0.7452196730329377,0.5960524274132764
2013-02-15,0.7516363727116705,0.7485992122221076,0.6390107868076936
2013-02-18,0.7166171928793937,0.7199914087350309,0.6130330346565559
2013-02-19,0.6873379824277112,0.6971204722835981,0.609628901307513
2013-02-20,0.7226543252456359,0.6721780352839639,0.5768395051887126
2013-02-21,0.6932299333552719,0.6490581291614848,0.5521707756874318
2013-02-22,0.862084936402641,0.9380797822148426,0.7803355399090314
2013-02-25,0.8470591746024011,0.896788715743122,0.7399543391774231
2013-02-26,0.8099223930738754,0.8581767456655307,0.7054595413251564
2013-02-27,0.8954191508407108,1.0025902006572904,0.865740292104555
2013-02-28,0.8935720782086671,0.9571846286764206,0.8185586575842414
2013-03-01,0.8646031910894171,0.9146665632106667,0.7772101043718423
2013-03-04,0.8251196835510988,0.874889848313312,0.7407762983001975
2013-03-05,0.8060884548195841,0.8670741558535312,0.7770129941281997
2013-03-06,0.8793352541467475,0.8304155096291118,0.7310370860923648
2013-03-07,0.8359481823935249,0.796893809122599,0.7091812193516688
2013-03-08,0.7960939064736616,0.7649472940814664,0.6776632063787031
2013-03-11,0.7867719445865802,0.7351994094690693,0.6434347684815396
2013-03-12,0.7541889071438048,0.7075342519516877,0.614561292173277
2013-03-13,0.7192384517923845,0.6818403872228325,0.589123001475525
2013-03-14,0.7051804812523321,0.6859567358459376,0.6253831548217244
2013-03-15,0.7109848750976515,0.6618259372427068,0.5936963352469458
2013-03-18,0.7118914636901768,0.6911724537738858,0.6522461811406333
2013-03-19,0.701970641032512,0.6995872302355193,0.6904456388797008
2013-03-20,0.6777616223753049,0.6838970938151631,0.6951199140388507
2013-03-21,0.6507655224108887,0.6627136573572273,0.6836068846728173
2013-03-22,0.6678045628673546,0.7051101525768478,0.7470581159012702
2013-03-25,0.6390376032570455,0.6795907261676202,0.7143400063385986
2013-03-26,0.618741061254165,0.6634595040051153,0.7134492614453831
2013-03-27,0.6011278756044101,0.6409847137595029,0.6803497272569629
2013-03-28,0.5823350419727333,0.6256409766740891,0.6762157943685256
2013-04-02,0.5708922117494679,0.6060181115141985,0.6448496841518675
2013-04-03,0.6728773575551634,0.5879129186713269,0.6077185491654683
2013-04-04,0.7434216507265791,0.736959495525485,0.7368911452544342
2013-04-05,0.8169186352959512,0.8731354234346735,0.8705569104672736
2013-04-08,0.9271060816391834,1.0515708179378105,1.038703322828458
2013-04-09,0.8888878955962629,1.0030908054436096,0.9846064658111504
2013-04-10,0.8620507869445511,0.9576536083640614,0.9326927244590929
2013-04-11,0.8985819843980715,0.9151055174139932,0.878801165047526
2013-04-12,0.8633938668949703,0.8753002985757574,0.834671320837539
2013-04-15,0.83911269618364,0.8649445544305783,0.8616426970794827
2013-04-16,0.8287193710765823,0.8730352976370237,0.9064434408199099
2013-04-17,0.8172676976117731,0.8770310239697614,0.9448974824550851
2013-04-18,0.8445819192170061,0.9351278283214209,1.0282305766120279
2013-04-19,0.8030065197742955,0.8940601662516334,0.9804548824855059
2013-04-22,0.792743392312743,0.8556266338102493,0.9278428153275445
2013-04-23,0.7560441899984649,0.8209446050844555,0.8973156818821177
2013-04-24,0.960786581951056,0.787366214648961,0.8384842151805681
2013-04-25,0.9185324164481825,0.756071553192179,0.7972608932499905
2013-04-26,0.8726027124112881,0.7269413208409412,0.7606232076190296
2013-04-29,0.8345039107049964,0.7085789614025534,0.7603115212237808
2013-04-30,0.8069729338694842,0.6828100074291783,0.7229971583267448
2013-05-01,0.7836008368016206,0.6850543139495993,0.7488297498289144
2013-05-02,0.7521029512389725,0.6609894082099005,0.7136418980985102
2013-05-03,0.7177853379563387,0.638698187777275,0.6821748075348547
2013-05-07,0.7454014101280348,0.6180803297484553,0.645462287294046
2013-05-08,0.7298381819953792,0.5990389394943374,0.6143267097888108
2013-05-09,0.7061051503162575,0.5814804087091866,0.5862826746744642
2013-05-10,0.6751455105174894,0.5653143151678026,0.5621329515798957
2013-05-13,0.6621667872712702,0.5504533684632485,0.5361730995815406
2013-05-14,0.6340928693902865,0.5368133914400551,0.5150991109047469
2013-05-15,0.6586976041480354,0.5243133353476236,0.4887540504731437
2013-05-16,0.6309974040983442,0.5128753121578319,0.47011893573201907
2013-05-17,0.6065257485478805,0.5040932065421578,0.4652291484393396
2013-05-20,0.6037658749764175,0.49441133939206916,0.44408501041756493
2013-05-21,0.597648924559754,0.48558841231335576,0.42442128668980894
2013-05-22,0.6149825430941421,0.47755915650915404,0.40368674650901787
2013-05-23,0.6118889936827944,0.4702617024942289,0.38558606384570193
2013-05-24,0.9214564461017196,1.0134258329145962,0.7608982426760897
2013-05-28,0.9023397914179441,1.0052890233345977,0.8119211192705953
2013-05-29,0.998440047860181,0.9597130105612223,0.7616089856195523
2013-05-30,1.162177194479063,1.2545203668942546,1.026333408340279
2013-05-31,1.106999183155421,1.1936440761544869,0.9728908432565289
2013-06-03,1.1143465470892564,1.2322968459995811,1.0758680303933401
2013-06-04,1.0973494085347129,1.2323671139100512,1.138807200290799
2013-06-05,1.0497635068206894,1.1728220572483197,1.0774726065415818
2013-06-06,1.2265659864201883,1.4421939032695315,1.3265177019115302
2013-06-07,1.2406179543488556,1.4787612165674051,1.4282999475717353
2013-06-10,1.2313624811086379,1.404625575055915,1.3413258041007738
2013-06-11,1.1658994802266005,1.3372451696231633,1.2938852079766117
2013-06-12,1.1493948782469108,1.3344968974248497,1.3493746970047311
2013-06-13,1.1100188802909274,1.2985333147322637,1.3603408236675978
2013-06-14,1.0502980540935072,1.2350251278911908,1.287906202843786
2013-06-17,0.9944843291170932,1.175320103859114,1.2206235459109116
2013-06-18,0.9478377007701264,1.1192252568806869,1.1552773206450047
2013-06-19,0.9235489254633846,1.06655783753742,1.0912914758487688
2013-06-20,0.88823065385097,1.031786895835234,1.0886923490166998
2013-06-21,1.3140054884608376,1.6186097820679892,1.4836569463352838
2013-06-24,1.2649782300332317,1.5658964053324929,1.49310299687469
2013-06-25,1.289644462145602,1.6073626117839948,1.5996038849885137
2013-06-26,1.2760146460393014,1.5257589730561454,1.500484698940095
2013-06-27,1.2487773618614122,1.4488846474013533,1.4098243529674528
2013-06-28,1.245263935533993,1.3764962874119369,1.3235602478052146
2013-07-01,1.1875805431670878,1.3226334916051397,1.311238875369166
2013-07-02,1.2170452051413778,1.2576909553524918,1.229820853030484
2013-07-03,1.150742017899336,1.1970123995605215,1.1753911039273066
2013-07-04,1.1599951398077517,1.2459960789830267,1.2717597153007416
2013-07-05,1.4718054901083506,1.1856314966365875,1.1793558363388257
2013-07-08,1.4111333841451,1.1706298356622917,1.2129147237347324
2013-07-09,1.3816894145828398,1.1148201763964682,1.1408804866085078
2013-07-10,1.339457913518284,1.0624235235873365,1.0753253407556664
2013-07-11,1.2659207522887632,1.0148665810540898,1.0389280208661094
2013-07-12,1.2092866174118937,0.9686867192675763,0.9834280465704305
2013-07-15,1.1429959017983524,0.9254334983488638,0.9365347067261617
2013-07-16,1.0979418283589755,0.8849588796755121,0.8872075379565785
2013-07-17,1.051553029737294,0.8693870907570823,0.905001429963003
2013-07-18,0.9976654625115543,0.8325755797430755,0.8611417974901564
2013-07-19,0.9908378950292438,0.7982146380186721,0.8136625577742802
2013-07-22,0.9395622976586283,0.7666860194375326,0.7852610021167962
2013-07-23,0.8926868716597856,0.738663042110035,0.7657760459530312
2013-07-24,0.859406752852451,0.7306642418867783,0.7832380412184671
2013-07-25,0.8227467170665484,0.7033198661420836,0.7458286453789719
2013-07-26,0.8018787127991847,0.7102546915228055,0.7779415457091982
2013-07-29,0.7840646072842062,0.7182541664278136,0.8099428369843477
2013-07-30,0.7467524162536129,0.6917922707148181,0.773291487743676
2013-07-31,0.7131252067968139,0.6672364057990642,0.7381369842794783
2013-08-01,0.720408450053112,0.6444816148103474,0.699734816206726
2013-08-02,0.7449439371640484,0.6234266270193687,0.662192546690519
2013-08-05,0.7332823073460717,0.6430450947912639,0.7025494286257128
2013-08-06,0.7163061773830686,0.6489564231514974,0.7288209806024123
2013-08-07,0.689788548036725,0.6359338829546167,0.7280119304815876
2013-08-08,0.8152362499183553,0.8625228893802375,0.8974613637095402
2013-08-09,0.7795947180075938,0.826165458737972,0.8536454379840326
2013-08-12,0.7850017454460262,0.7922352833215063,0.8077600472340164
2013-08-13,0.749855326951979,0.7631969985222437,0.7900772560674438
2013-08-14,0.7355880798651291,0.7335706706299253,0.7502695144026298
2013-08-15,0.7147157870207351,0.724221219366177,0.7661880943547962
2013-08-16,0.8682335370980229,0.9726842358113087,0.9597446359872602
2013-08-19,0.8278292716991565,0.9291761187589683,0.9122581180989875
2013-08-20,0.8093233194817614,0.9172767623530397,0.9386025835481012
2013-08-21,0.7738162174150004,0.8813620199016975,0.919131651437601
2013-08-22,0.8094527318583392,0.9413121263217833,1.0063179045853452
2013-08-23,0.8171119336016168,0.8998129307077339,0.9503745943599152
2013-08-27,0.8065867484977882,0.8610033992545195,0.8995428586981276
2013-08-28,0.8147674252872845,0.8915389494196054,0.9621437157065406
2013-08-29,0.7782494586151893,0.8566443160151874,0.9387074823071518
2013-08-30,0.784018169381821,0.8206767836792346,0.8875231916614542
2013-09-02,0.8338455192914567,0.9141284482644815,0.9931998611806351
2013-09-03,0.9166972477087082,0.8743866837218708,0.9330417236864306
2013-09-04,0.8938127176469556,0.8739984675457507,0.9651331809563164
2013-09-05,0.8488141218892505,0.8368826106770437,0.9187357252195835
2013-09-06,0.8530715370268295,0.8022329307054368,0.8682135131498679
2013-09-09,0.8130027886625777,0.769922495261339,0.8267091275973264
2013-09-10,0.7795914080254384,0.7482132200367594,0.8225783183808508
2013-09-11,0.7843406616791173,0.7196324655005777,0.7786443388416132
2013-09-12,0.7469279909519418,0.6930722128014605,0.7440328403954222
2013-09-13,0.7122779679984766,0.6684235090041296,0.712003232877814
2013-09-16,0.681275335273719,0.6466811682231258,0.6925926010636365
2013-09-17,0.6759454449842441,0.6254604901672121,0.6583497916490193
2013-09-18,0.7030493556559211,0.6958371225370128,0.7394788839521488
2013-09-19,0.675309617942392,0.6754797410661648,0.7304259135123792
2013-09-20,0.7197988229437451,0.6521166535611874,0.6902462959302607
2013-09-23,0.7049954157050203,0.6584564781694094,0.7189121720645896
2013-09-24,0.7049485861227229,0.6855982643903263,0.7667343817363946
2013-09-25,0.6756914672184879,0.6614936351603591,0.7315067163004763
2013-09-26,0.6562621685548455,0.6529057701528747,0.7398684234279088
2013-09-27,0.6308793345236149,0.631217835303991,0.7062350183361188
2013-09-30,0.6663923311721454,0.7025634952446181,0.7853182473980101
2013-10-01,0.6923008505886179,0.7549291109666724,0.8543818407813557
2013-10-02,0.6621057568037718,0.7261198136506929,0.8207848417954701
2013-10-03,0.6466311648482914,0.7154094078126261,0.8293362422496854
2013-10-04,0.6210547764922035,0.6891507964550118,0.7906576498369585
2013-10-07,0.5959796917310737,0.6647871183753817,0.755242194524935
2013-10-08,0.5812189073336799,0.6521229233519473,0.7560057626764362
2013-10-09,0.6764781978533968,0.7904650446016203,0.8764022830064716
2013-10-10,0.6660569374009966,0.7824059765163545,0.8932245506016059
2013-10-11,0.7872772913788583,0.7514519526151563,0.8392994800405751
2013-10-14,0.798174286756793,0.7226444327647671,0.7937685190652821
2013-10-15,0.7649868254755059,0.69586954701542,0.7560171562074528
2013-10-16,0.7543496778814369,0.6710177368898954,0.7176749004540769
2013-10-17,0.7257980570020279,0.647983435754553,0.684199912885003
2013-10-18,0.6926784830558783,0.6266648023651463,0.6551275452182704
2013-10-21,0.6965718099117497,0.6069635032789994,0.6220498181103101
2013-10-22,0.6806094276287142,0.5887845446053075,0.5928788637423734
2013-10-23,0.6780122312222604,0.5720361562530784,0.5640339941707601
2013-10-24,0.659086096048174,0.5735908606255266,0.5840904965208542
2013-10-25,0.6549722978624355,0.5580588319656895,0.5561224361165283
2013-10-28,0.6276688185759709,0.5437913563369494,0.5338032285589959
2013-10-29,0.6020244280415881,0.5307057476760635,0.5131793194011746
2013-10-30,0.6201537634586219,0.5187224620148454,0.4877492332096618
2013-10-31,0.5950498226429426,0.5077651394499962,0.469780832816219
2013-11-01,0.6198763994266792,0.5782369681435494,0.5481093423725881
2013-11-04,0.594797862594636,0.5623308901954025,0.5268728803636186
2013-11-05,0.5855612712436186,0.5477133795551121,0.5033659015726073
2013-11-06,0.5712926541752801,0.5454082556682227,0.5177930506227655
2013-11-07,0.551499861161597,0.5334239029073771,0.5089498052463787
2013-11-08,0.5801237727496863,0.5937761522930096,0.5809454568948768
2013-11-11,0.5597314755472766,0.5766323531796661,0.5568436782401716
2013-11-12,0.5459866693259225,0.5608552468175427,0.5328889615670793
2013-11-13,0.5273884338652577,0.5465474122187332,0.5166951084013224
2013-11-14,0.7070361651682059,0.8158234991939589,0.7160492866766682
2013-11-15,0.694944480987342,0.7825910010982,0.6808784916613655
2013-11-18,0.6748549403155293,0.7516242537129926,0.6489554633646529
2013-11-19,0.6591216433890812,0.7228046815033912,0.6185054841574924
2013-11-20,0.6460454299306301,0.7153192850440867,0.6437274552345645
2013-11-21,0.6264537688072869,0.6979778581293312,0.650568406168911
2013-11-22,0.6009930485534671,0.6729802417957843,0.624492232902958
2013-11-25,0.5794414649141089,0.6516199298713414,0.613424679456154
2013-11-26,0.5641582802298619,0.6300283220534326,0.586285004686337
2013-11-27,0.6216462027540046,0.7160721436933932,0.684328909354351
2013-11-28,0.5986628014607466,0.6897661399662692,0.6540775175162925
2013-11-29,0.575372780713558,0.6653576586478502,0.6266915983763296
2013-12-02,0.554873100382208,0.6434007973984487,0.6096650831339829
2013-12-03,0.6076936598169619,0.7177948529051137,0.699728290643245
2013-12-04,0.6697059971154787,0.8036251469752104,0.8010626311864294
2013-12-05,0.6531632254817071,0.7855972344022277,0.8101524879190747
2013-12-06,0.6297278475697082,0.7586963594676409,0.7975912308068493
2013-12-09,0.6559476460943091,0.7293831471885963,0.7550784767384624
2013-12-10,0.62848887917506,0.702129549563859,0.7214465084823797
2013-12-11,0.6336845327364823,0.7175840966582246,0.7636688313428561
2013-12-12,0.6145288059211176,0.6991885001874929,0.7615782228260991
2013-12-13,0.6760286306909521,0.7899645244438532,0.8588696334730295
2013-12-16,0.6478868033913471,0.7594992516705328,0.8309991373979158
2013-12-17,0.7396099953634669,0.7301301234453936,0.7825094218794914
2013-12-18,0.7320478642143103,0.7421680568649996,0.8207262832819985
2013-12-19,0.6985876778388932,0.7140117246975538,0.7833572130215085
2013-12-20,0.8054678141473516,0.6878531310472972,0.7364365044979053
2013-12-23,0.7723604790863431,0.66358400116072,0.7019559903275084
2013-12-24,0.8112865775719356,0.6410999689824216,0.6627882045225388
2013-12-27,0.7744329110267191,0.6203003151569062,0.6334804171173595
2013-12-30,0.7831262511579458,0.6010877733215568,0.6003810293667713
2013-12-31,0.7537450212537198,0.5970963067151482,0.6147897350026454
2014-01-02,0.722178970996736,0.5796906094694719,0.5879294714177017
2014-01-03,0.7089973898876313,0.5982025386705166,0.6263785514674577
2014-01-06,0.6788041409030636,0.5807097740245156,0.5995291482797054
2014-01-07,0.649303616032553,0.5646218286229353,0.5767066267184899
2014-01-08,0.6310085405872605,0.5498173126103055,0.551032738701781
2014-01-09,0.6307303058077522,0.5780451052280964,0.5969141947822253
2014-01-10,0.6264432482855987,0.5955684798375434,0.6336219681154968
2014-01-13,0.6410838459127243,0.5782831912389383,0.6015826099647844
2014-01-14,0.6183287286829089,0.562373401450982,0.5755311307900549
2014-01-15,0.5942911236524318,0.5477524160912394,0.5519413099488403
2014-01-16,0.6204363344335881,0.5343366553715007,0.5239292830716734
2014-01-17,0.5963767541452034,0.5230396518810906,0.5135361791289885
2014-01-20,0.5756063173369333,0.5117108226233911,0.49276283827863193
2014-01-21,0.5545104626860532,0.501361553489881,0.47395146172848673
2014-01-22,0.5353531248053737,0.49229395894313754,0.46231557513587784
2014-01-23,0.51985881361911,0.4866495526028792,0.4617450855399594
2014-01-24,0.5708496400370845,0.5835674997790913,0.5550805752692403
2014-01-27,0.777249230842461,0.8966099438090918,0.7815962719442303
2014-01-28,0.9376150095199359,1.1250906512303227,0.9925946319300897
2014-01-29,0.8943668820602605,1.0720630852689579,0.9423786948513616
2014-01-30,0.863015136772215,1.0388955952115704,0.9532709708024392
2014-01-31,0.8211045046954429,0.9920890724281066,0.9202828908265943
2014-02-03,0.7963211781925132,0.9655297088958458,0.9331160391934037
2014-02-04,0.7951333713625243,0.9687249705545207,0.9795063966486762
2014-02-05,0.7631377605066079,0.932190788736609,0.9656703779134185
2014-02-06,0.7278269930053601,0.8912794852484424,0.9189175274516413
2014-02-07,0.8513414309728914,0.853027988374658,0.8625785065370826
2014-02-10,0.8108527556030106,0.8173007852498446,0.8216337178552392
2014-02-11,0.7761927189858919,0.7839684211717522,0.7823141609977062
2014-02-12,0.8346745301082046,0.7529070032424905,0.7371678201068443
2014-02-13,0.7936309960569881,0.7239977442562913,0.7053163163939091
2014-02-14,0.76094383178629,0.70473632430742,0.7060629491625754
2014-02-17,0.7252155325305809,0.6792438241141923,0.6757815761858281
2014-02-18,0.7714052190617915,0.6556042347257902,0.6381580157682429
2014-02-19,0.7860729170643881,0.6337144761766781,0.6043551239214897
2014-02-20,0.7485982975357769,0.6134799015010849,0.58071426293374
2014-02-21,0.7166612902447111,0.5947943103042945,0.5559727099360066
2014-02-24,0.6924347514214527,0.5775701044313962,0.5314355162499259
2014-02-25,0.6723977397382654,0.5617175989404904,0.5078855163487979
2014-02-26,0.6689432210915123,0.590837527848099,0.5589126970904397
2014-02-27,0.660907930980542,0.6073133202722422,0.5986178673992133
2014-02-28,0.6338603283779969,0.5891070838229502,0.5735711472714433
2014-03-03,0.6079114074493386,0.5723894758520843,0.5532845362975544
2014-03-04,0.7725193406339178,0.8471203499387888,0.7562999685064046
2014-03-05,0.9162638650326268,0.8117865447956991,0.7084403072850755
2014-03-06,0.9040989099061629,0.8365674327763528,0.773536812818133
2014-03-07,0.8596190848539049,0.8019388626602835,0.7380967145082328
2014-03-10,0.9019666726821515,0.9066835797071062,0.8608814790040491
2014-03-11,0.8656739973893108,0.8804296781123427,0.8665334548782786
2014-03-12,0.8231326385406253,0.8434102616029177,0.8353885003770352
2014-03-13,0.8506643458473792,0.9086472572904523,0.9281242393902341
2014-03-14,0.8803419165580766,0.9721155664071496,1.0206284327306878
2014-03-17,0.8483939156263771,0.9444028664403129,1.0223246485648159
2014-03-18,0.828236726631962,0.9027048651055486,0.9676269250638553
2014-03-19,0.8057586436026226,0.8637066191971469,0.9169377889522822
2014-03-20,0.7863488723021711,0.8537603081332813,0.9376174892603293
2014-03-21,0.7672909181491335,0.8426385590617974,0.9542247597510078
2014-03-24,0.7335426542377181,0.8076038666437301,0.9073669373476179
2014-03-25,0.727462576938041,0.8119482265240057,0.9385307721447255
2014-03-26,0.8055184344512087,0.7789780344231251,0.8832177576870894
2014-03-27,0.7666371994532288,0.7482619806824565,0.8428793101742582
2014-03-28,0.7370857429876392,0.7285445284954758,0.8382308773153074
2014-03-31,0.7135365644094429,0.701350394796772,0.796905500541932
2014-04-01,0.6884898604880928,0.6857175814227201,0.7954622790168342
2014-04-02,0.7056106688689425,0.6616042413314842,0.7531215223177002
2014-04-03,0.6741655332316648,0.6392672949315401,0.7197698513712741
2014-04-04,0.6479209066655977,0.6222504229627858,0.7087263685966061
2014-04-07,0.6567488072754439,0.6028878230733642,0.6726089889854141
2014-04-08,0.7310146932351309,0.7484084501891012,0.7964639429610352
2014-04-09,0.7187007085366529,0.7497740365489706,0.824665169555284
2014-04-10,0.7171404872783768,0.7210839450165565,0.7817969268099211
2014-04-11,0.6848331214365712,0.6944202078080983,0.746730425761443
2014-04-14,0.7742327694402645,0.8471366422089857,0.8829514335157975
2014-04-15,0.7437784263164144,0.8118017489849448,0.8395663989058985
2014-04-16,0.7441255010726846,0.8264030561251869,0.8861299706427653
2014-04-17,0.7369915610137904,0.7924568912984542,0.8397553234856371
2014-04-22,0.7282797659702266,0.7608135449035169,0.796472829977941
2014-04-23,0.7436401727195359,0.731352938281965,0.7537942553275063
2014-04-24,0.7108295401805818,0.7056825229550983,0.735341615935894
2014-04-25,0.6901580624933068,0.6801218830515319,0.700110064717241
2014-04-28,0.6670067992406437,0.6661793125231502,0.7043381622033407
2014-04-29,0.6408068787133439,0.6435028058277453,0.6727765131821023
2014-04-30,0.6951096967530953,0.622521649196086,0.6357322358024035
2014-05-01,0.6651427127849121,0.603138199624799,0.6087251817491909
2014-05-02,0.6488128785062725,0.5852581297944777,0.5807564785351342
2014-05-06,0.6235553039143265,0.568790315421338,0.5563859526235114
2014-05-07,0.6118705279481098,0.5741678644013085,0.5812384767681269
2014-05-08,0.587939504168138,0.5588792731700029,0.5634709437530396
2014-05-09,0.5973037093679928,0.5445444402166671,0.5361793386965233
2014-05-12,0.5891740362495432,0.5542030616385569,0.5639050438881338
2014-05-13,0.5900065539868036,0.5402530077633393,0.537349296514324
2014-05-14,0.5740844904859792,0.5274636810471085,0.5143380543376752
2014-05-15,0.5528201218820028,0.5157563667056514,0.4946529716502254
2014-05-16,0.5673623044612305,0.5575462558832173,0.5510109484204578
2014-05-19,0.5495351219807019,0.5433208950484504,0.5280954561370125
2014-05-20,0.5344865214244628,0.5353398878282851,0.529964116299881
2014-05-21,0.5609035126122456,0.5878203308635569,0.5949354810940571
2014-05-22,0.5461403654020862,0.5711485564945397,0.5690511326285167
2014-05-23,0.527318701081966,0.5558553885384683,0.5486470444510693
2014-05-27,0.5112103340471769,0.5428406748137065,0.5374643900682107
2014-05-28,0.5108981636720797,0.5298345438236778,0.5134070609294246
2014-05-29,0.49513500779961506,0.517925301993212,0.49364983661789286
2014-05-30,0.48747812677317937,0.5070368150337327,0.4731248225845936
2014-06-02,0.4944446506779176,0.5252366915369467,0.5085949088278144
2014-06-03,0.4864766039936196,0.5137196238689146,0.4873430502102739
2014-06-04,0.4950182915818791,0.5330797557189448,0.5240452852505186
2014-06-05,0.4905099661351727,0.5332176126832079,0.5387022998231611
2014-06-06,0.47785172253632746,0.5222608572144136,0.528623624856162
2014-06-09,0.5062463328685712,0.5109988865436048,0.502999137867981
2014-06-10,0.4950889148602652,0.5007116881537979,0.48241611568680215
2014-06-11,0.48090653042310527,0.4914983828899664,0.468482408906123
2014-06-12,0.501055042634778,0.5300230438545963,0.5205210785498406
2014-06-13,0.48593495744446824,0.5180977741472439,0.5006606952884035
2014-06-16,0.5750204874256065,0.6517291899746386,0.6185997932179113
2014-06-17,0.567940649780445,0.6477304723042225,0.6390434624800297
2014-06-18,0.548924552201612,0.6264308582534396,0.6115661493092722
2014-06-19,0.5313866088779519,0.6067474746341166,0.5856953845496056
2014-06-20,0.5294233930154469,0.5885853657422937,0.5589283574614292
2014-06-23,0.5163297385048627,0.5718527971436019,0.535281441833072
2014-06-24,0.5170938986014353,0.5781982547178216,0.5629633471718333
2014-06-25,0.5067534656505946,0.5691961568780327,0.5674540761053504
2014-06-26,0.5622390488763712,0.6495415102721587,0.6542589127831764
2014-06-27,0.5418694673813965,0.6281058193037573,0.6273393256278316
2014-06-30,0.5319856500066278,0.6082942469528845,0.5991221241278257
2014-07-01,0.5205597572266097,0.5970499449411072,0.6024815628930632
2014-07-02,0.5724035147113113,0.5796478993730494,0.5708766003695811
2014-07-03,0.5535138780396132,0.5636286011069805,0.5470489318406855
2014-07-04,0.5774512581982443,0.5489051010186424,0.5198990215074328
2014-07-07,0.5558693027957311,0.5353935619924599,0.5005088769616202
2014-07-08,0.5787330711138201,0.5874857634496838,0.5672429014669375
2014-07-09,0.700867193282394,0.782051165479554,0.7266440525944623
2014-07-10,0.6791849920272633,0.7628393521491156,0.7352880773522656
2014-07-11,0.6915842149992044,0.7893938663822131,0.7942177789577094
2014-07-14,0.6650340851722883,0.7579602118174278,0.7568791195551029
2014-07-15,0.6871666549554234,0.7286982902171684,0.7167211062427914
2014-07-16,0.6831634425487093,0.7376543079051083,0.7559368911283261
2014-07-17,0.739614821057084,0.7098158841517896,0.7134561194109823
2014-07-18,0.7448843144110219,0.744704130411949,0.7746100526810556
2014-07-21,0.7114541619715763,0.71636955830291,0.7393487540457048
2014-07-22,0.689305226118857,0.7034630585438898,0.7483125146165442
2014-07-23,0.7284699918981254,0.6780623217063347,0.7072632328143168
2014-07-24,0.6950944232367671,0.6545094384802987,0.6770951716962574
2014-07-25,0.6714470172497722,0.6327015084226215,0.6459872133373726
2014-07-28,0.6615465978391954,0.6413677976534375,0.6775138449422977
2014-07-29,0.6339689407482044,0.6210971497097673,0.656682110080299
2014-07-30,0.6131678905704907,0.6018232597671609,0.6272166339562814
2014-07-31,0.6156053927164322,0.6236136003749553,0.669125775238134
2014-08-01,0.6320739929974254,0.6640340110303042,0.7270095791056483
2014-08-04,0.6607120120068023,0.7193448215413678,0.7974960925349773
2014-08-05,0.6328391905476438,0.6929691660008787,0.7663035609761103
2014-08-06,0.6068280163198032,0.6683277895860065,0.7323581616860249
2014-08-07,0.6311112414930248,0.7111310915087823,0.7934703059767179
2014-08-08,0.6393973776546702,0.7301734907023377,0.8354262092619229
2014-08-11,0.6342422375190051,0.7299762549300671,0.8570930667385604
2014-08-12,0.6830698979639932,0.7026806214541804,0.809468332504186
2014-08-13,0.6532898351867296,0.6773710551395018,0.7751437627013484
2014-08-14,0.634520017759772,0.6538689375131156,0.7380609112183578
2014-08-15,0.6213463679840081,0.6321089145456332,0.7026185076953606
2014-08-18,0.5961660707490118,0.6119917481718073,0.6725941649621682
2014-08-19,0.6216624064245398,0.5934215809202179,0.6378529325410685
2014-08-20,0.6203344758233525,0.5763058030479989,0.6070182776350258
2014-08-21,0.6091257349595038,0.5810793366828552,0.6291392610746465
2014-08-22,0.5923556702721331,0.5649453470675404,0.6008956960228998
2014-08-26,0.5700514913365249,0.5504526948195038,0.5824146449761944
2014-08-27,0.5897120167152161,0.5368127740829709,0.5534615231868358
2014-08-28,0.5675534324051225,0.5243127693834264,0.5313312041263167
2014-08-29,0.5628530314815521,0.5368941142491144,0.5598086895461172
2014-09-01,0.5450195017877537,0.524387254441725,0.5365223339655635
2014-09-02,0.5262000465658513,0.5129428997842376,0.5156280035538473
2014-09-03,0.5088622519197433,0.5024863568226451,0.49606771780410025
2014-09-04,0.5315567986180971,0.49294620195487293,0.472226103729909
2014-09-05,0.5137838319122433,0.48425433482423064,0.4548896501142767
2014-09-08,0.5125927660425251,0.49803736048246994,0.48352357662036155
2014-09-09,0.5087486632245973,0.505818841510355,0.5054862299789342
2014-09-10,0.4946832429641359,0.4976132184312598,0.4984857490961871
2014-09-11,0.4801713894181153,0.48850487380305924,0.48020710225915914
2014-09-12,0.4938390462801612,0.5177785289785604,0.5231797823052806
2014-09-15,0.479815358607242,0.506902724085573,0.502748770763005
2014-09-16,0.46737863216549486,0.49744792967654966,0.4903520694767757
2014-09-17,0.4609256446671317,0.4946992174377058,0.4959885835634333
2014-09-18,0.45464018487005475,0.49156634707525954,0.500012463174194
2014-09-19,0.4756748798134078,0.4829981770896528,0.47670957850300616
2014-09-22,0.46891231465322625,0.4752039863926876,0.45725639063895884
2014-09-23,0.5599971876338861,0.6183224070227538,0.5773098244820327
2014-09-24,0.7289439796956492,0.8605557679504391,0.7686658501546079
2014-09-25,0.7083532560529905,0.8243287015410956,0.7312039610790138
2014-09-26,0.7578292194746186,0.8982306813743055,0.8359330663495275
2014-09-29,0.7230932199081044,0.8595244849941821,0.7971433756386361
2014-09-30,0.6906763743865815,0.823663010502335,0.7680422972148606
2014-10-01,0.6732395451397266,0.8052919683119047,0.7813989550666214
2014-10-02,0.7276684539273925,0.8808821282663662,0.880928877424474
2014-10-03,0.9014506596315437,1.1134989856146584,1.0810703395656969
2014-10-06,0.9439263204306546,1.0611835908207676,1.0169156258113763
2014-10-07,0.9104601365819722,1.0121046489458927,0.9632023595654764
2014-10-08,0.9347058033577811,1.0638598747364554,1.0564880824873157
2014-10-09,0.8904600276314252,1.0187464784291616,1.0316199550999487
2014-10-10,0.8874750436989006,1.0280336142716018,1.0833128476859741
2014-10-13,0.9730091088516978,1.1568301578790885,1.2239699449442185
2014-10-14,0.9303380635922115,1.1018609987403443,1.1578555879950712
2014-10-15,0.8910699950500889,1.0502623567095968,1.0961225566801382
2014-10-16,1.277602563549863,1.5786045136085154,1.463314139812218
2014-10-17,1.2107580197344152,1.5027958211538182,1.416537144408219
2014-10-20,1.2859144058066576,1.4272581613711282,1.3247505636444228
2014-10-21,1.2380186037350172,1.3878290328984,1.3432958930896344
2014-10-22,1.285302793100555,1.3190281231226828,1.25800824720589
2014-10-23,1.2206725804042065,1.2542998726061614,1.1894539746957242
2014-10-24,1.1568138654541895,1.1934368095474142,1.1266110685782214
2014-10-27,1.1071160267081117,1.1547250172411088,1.1315726631832308
2014-10-28,1.0573256980000585,1.113173499553125,1.125733512856382
2014-10-29,1.01798514622371,1.060878126100533,1.0644218644772023
2014-10-30,0.9962048465791813,1.0118181953130259,1.005355320312498
2014-10-31,0.9446709779971656,0.9658303584142628,0.9559231609697545
2014-11-03,0.9829841032813804,0.922759459767143,0.8996318427304946
2014-11-04,0.9814731970721524,0.9623893683755828,0.9771786626551427
2014-11-05,0.9487785415599101,0.9470387213581856,0.9986917412477627
2014-11-06,0.9913114019123128,0.9051713324609655,0.9393719262742601
2014-11-07,0.9406078870129709,0.8660122936154971,0.8938181962593487
2014-11-10,0.8946382761120304,0.8294238735704142,0.8505847104597639
2014-11-11,0.8739427313665845,0.7952745725430392,0.8062206169550207
2014-11-12,0.8327437741955116,0.7634386188591429,0.7683652340715977
2014-11-13,0.7975487492665707,0.7418637014892094,0.7670615777654602
2014-11-14,0.766707647183311,0.7137287782532529,0.7304241557455557
2014-11-17,0.7348278883120627,0.6875904415959124,0.6967250341980152
2014-11-18,0.7047434802038771,0.6633404620287868,0.665180306978089
2014-11-19,0.6937880284067917,0.6408745105850057,0.6328551433947347
2014-11-20,0.6672539055964528,0.6256479438482533,0.6317516795478867
2014-11-21,0.6464025034511677,0.6170762923608684,0.6408746172959179
2014-11-24,0.70523212447534,0.5981124254764751,0.605333853222292
2014-11-25,0.6835457466405795,0.5963645612106664,0.6222062509996367
2014-11-26,0.6535791132965193,0.5790165098275455,0.5971336928113424
2014-11-27,0.626293522226849,0.5632823377248158,0.5779633094924922
2014-11-28,0.6021918838230448,0.5501012380039003,0.5671639540705
2014-12-01,0.5787958503068866,0.536571787200839,0.5476155869870343
2014-12-02,0.6519779731209244,0.6734505590102805,0.6663812274757012
2014-12-03,0.7447318257441005,0.6502368563016477,0.6275365170496675
2014-12-04,0.7235137446950369,0.649937611510054,0.6520663314944883
2014-12-05,0.717864825561897,0.6724689297738449,0.6991086090300888
2014-12-08,0.7465116542621546,0.6493275744506914,0.6613435916511531
2014-12-09,0.7974334625647957,0.7722422926877978,0.779950875772423
2014-12-10,1.0487032856550917,1.1810002715837167,1.0681068807760532
2014-12-11,1.00621129702069,1.1414879177889294,1.0739948122779583
2014-12-12,0.9757635423990901,1.1167920290086069,1.0975708718191786
2014-12-15,1.2512905295919305,1.5107886208060124,1.4056152498995869
2014-12-16,1.341536993375754,1.644379358746864,1.5839759493032404
2014-12-17,1.4814155269421474,1.5606401988437757,1.4755731510135384
2014-12-18,1.3976703008795022,1.4817405225453193,1.3951935956208905
2014-12-19,1.4706929565762747,1.4074309184439386,1.3031831338414104
2014-12-22,1.4403106139011126,1.3374756895735755,1.2245657035182624
2014-12-23,1.3666517171921386,1.2716520482495846,1.1578227252090294
2014-12-24,1.2935398671853204,1.2097493308568186,1.0968845843961545
2014-12-29,1.2225672225593818,1.1515682451404048,1.0412880196218866
2014-12-30,1.159975247973809,1.0969201462062896,0.9877044604891015
2014-12-31,1.18365651481346,1.1859196407975825,1.1178537514335118
2015-01-02,1.1219935980431262,1.129181182509161,1.0598645093672039
2015-01-05,1.0666472740044954,1.0828392341101927,1.043970012036379
2015-01-06,1.2147406306237192,1.3414704896329457,1.275639436332181
2015-01-07,1.180402758256801,1.319909116887563,1.311739799283805
2015-01-08,1.1457906388812442,1.2551284950482633,1.2359482362020087
2015-01-09,1.315100770203308,1.1942157264645412,1.1522494183042697
2015-01-12,1.2930762780992702,1.2228826446324783,1.2327975990588913
2015-01-13,1.2213995088087195,1.163911334103903,1.1699921407957234
2015-01-14,1.1700556915970965,1.1085106117288728,1.1055849784677128
2015-01-15,1.3619564701135807,1.461577784590797,1.3885382968203257
2015-01-16,1.3976548233974966,1.3884464643135268,1.2997245957712404
2015-01-19,1.3417785294168363,1.3196091556451768,1.2251445075502008
2015-01-20,1.277210357928686,1.254846364448803,1.1578529030938418
2015-01-21,1.2167978807812678,1.193950517544529,1.0951535062944413
2015-01-22,1.2607420160128613,1.1367252195469222,1.0268983597586134
2015-01-23,1.2330681299626254,1.0829845315954199,0.9683891958641301
2015-01-26,1.1761963462596612,1.0325522850583315,0.9179102503122618
2015-01-27,1.1149240904986715,0.9852614127548417,0.8727945897205198
2015-01-28,1.0755080748322403,0.9753984336972013,0.910896752316542
2015-01-29,1.019476374142566,0.9317174240886273,0.8669057388899161
2015-01-30,0.9696835585945485,0.8963461955932571,0.8564851010429282
2015-02-02,0.9702398964554556,0.9406704119072432,0.9379128688414201
2015-02-03,0.9314896262463551,0.8992125181281501,0.8897188279074765
2015-02-04,0.9762424961384503,0.8604421927369995,0.8372837541737087
2015-02-05,0.9280747000352652,0.8278122748004845,0.8220280606137808
2015-02-06,0.8806360287854708,0.7937713113133873,0.7846242755198112
2015-02-09,0.8396134048965002,0.7663723878938179,0.7739254795856221
2015-02-10,0.80346328806232,0.7438901588842806,0.7708498876717694
2015-02-11,0.7664629212288777,0.7176815326784466,0.752913310351253
2015-02-12,0.7333167190898048,0.6949875788374638,0.741276803259786
2015-02-13,0.7003910114181577,0.6701997131972804,0.7081877363361101
2015-02-16,0.699379632067881,0.6472258104308929,0.6724071632857833
2015-02-17,0.674532010978354,0.6347686816568239,0.6757565386612047
2015-02-18,0.6702990754511354,0.614449065325209,0.6424511391203664
2015-02-19,0.6414489375097274,0.5957039833405884,0.6172085994362058
2015-02-20,0.6173842455870772,0.5815910706649492,0.6102022216386578
2015-02-23,0.6028229527302007,0.5654161216969722,0.5825483462433776
2015-02-24,0.579787446944113,0.5510132223068038,0.5660901684892561
2015-02-25,0.5812895706277733,0.5373268610134969,0.5394576874051606
2015-02-26,0.5651627054969233,0.532586171788351,0.5460361813981569
2015-02-27,0.5471428951324864,0.5204433509464547,0.523495383750667
2015-03-02,0.5287469822438322,0.5098376727746665,0.5102436234913953
2015-03-03,0.512958604689269,0.5013699694075986,0.5033640771963269
2015-03-04,0.5599657900299677,0.5864977648034922,0.5880827323939478
2015-03-05,0.5549719239338229,0.5699312033653983,0.5611680642582432
2015-03-06,0.565973589686636,0.554695147181439,0.5342305210536709
2015-03-09,0.5987092776759647,0.6207737696887297,0.611551158540421
2015-03-10,0.6034362227825949,0.6408027445380353,0.6552170479229298
2015-03-11,1.031968289226439,1.2509992591597665,1.0419811074656178
2015-03-12,0.9804319248011243,1.1903342566351836,0.9890469970799043
2015-03-13,0.9463550465900398,1.1333280951860014,0.9367545484701583
2015-03-16,0.9047177365806293,1.0879263703193092,0.9320383300169313
2015-03-17,0.9076346642653377,1.037188292976693,0.880235185840552
2015-03-18,0.8739781576497088,0.9896070293740695,0.8356342914901976
2015-03-19,0.9683541070971847,0.9450231996685492,0.7842714700138116
2015-03-20,0.9204694719918873,0.9032853205806575,0.747714900623207
2015-03-23,0.9138078514070388,0.8642492211483499,0.7078434029713504
2015-03-24,0.8691060514804776,0.8277774706636476,0.6760810100653422
2015-03-25,0.8314395910160264,0.8016911268430291,0.6814487286006817
2015-03-26,0.8044401954347148,0.7896509893250326,0.7067753199198411
2015-03-27,0.8964437263354952,0.9590925868873956,0.871995085765235
2015-03-30,0.8757423062477263,0.9505368284331716,0.9086665200126123
2015-03-31,0.8470291999795801,0.9084448612759506,0.8619567180049484
2015-04-01,0.99393419940057,1.13974278892055,1.067927811735497
2015-04-02,0.955795819676686,1.085817412742005,1.0110063300747085
2015-04-07,0.9120097592619215,1.0352098088001331,0.9594111594077671
2015-04-08,1.0512366966779185,0.9877524337503504,0.8977314688362465
2015-04-09,1.003701509035295,0.9555859539562832,0.9016546579284535
2015-04-10,1.0144046813028564,0.9131702762316629,0.8501481974954842
2015-04-13,1.016809841464804,0.8734907583550235,0.8023807835937962
2015-04-14,0.9722655125507246,0.8509653818786636,0.8135883777593723
2015-04-15,0.9224389957021615,0.8153754174285036,0.7760724731827161
2015-04-16,0.8794487563852459,0.7821732237271927,0.7394920765703447
2015-04-17,0.8549249475901466,0.7831325425237282,0.7750145411436807
2015-04-20,0.8738593197180545,0.8523381763962815,0.8675419236849374
2015-04-21,0.8682688176264438,0.8166568580066058,0.8208053468232271
2015-04-22,0.8256544780996226,0.7833680153662193,0.782874261034337
2015-04-23,0.8046517745576501,0.7818206987367148,0.8128472069793349
2015-04-24,0.7728885343356344,0.7509069248691604,0.7735255317184779
2015-04-27,0.7391270470941879,0.7221375355436828,0.7376595326125294
2015-04-28,0.7187773887468903,0.6953987423673597,0.701872712400225
2015-04-29,0.7726901558047936,0.8043805213590245,0.8152086776380323
2015-04-30,0.8423099978203447,0.9273807439945927,0.9438156030085683
2015-05-01,0.802508931967347,0.8867801830840355,0.8977961104834371
2015-05-05,0.7710105490370016,0.8488236328992299,0.8532394713678189
2015-05-06,0.7895275957463205,0.8892439889380271,0.9260054480034203
2015-05-07,0.7518467954866996,0.851125863433167,0.8821585690139419
2015-05-08,0.754548755855146,0.8656117299009797,0.9302765216588829
2015-05-11,1.031188408842329,0.8290498126723632,0.8666224350288927
2015-05-12,0.9810395710298888,0.8019457029490006,0.8582276539401393
2015-05-13,1.0400161420116125,0.9676831528773957,1.00896718451071
2015-05-14,0.9867461486789039,0.9244939714925489,0.9586117273302157
2015-05-15,0.9401416732120964,0.884080148460175,0.910492050698363
2015-05-18,0.894734161883708,0.8500930663789356,0.8916110993660769
2015-05-19,0.8498670952683258,0.8145611789814975,0.8496190183243523
2015-05-20,0.8150931882587144,0.781414070132325,0.8079388729938408
2015-05-21,0.7766374206613281,0.7505282686398992,0.7705979003486013
2015-05-22,0.7398917807659124,0.7217853778193021,0.7362737850600668
2015-05-26,0.7092440563591309,0.6950716660391214,0.7024563055915093
2015-05-27,0.7877823693920851,0.8390760439576218,0.8374873956420656
2015-05-28,0.8416641590969772,0.804279531835036,0.7891558935789461
2015-05-29,0.8004101338452159,0.7718298530693282,0.7535430004390076
2015-06-01,0.8110961437529282,0.8179764119510242,0.8287310486667708
2015-06-02,0.7879442498409941,0.8075730808660767,0.8490029905126023
2015-06-03,0.7620395100050541,0.7909430723796022,0.8577962843203797
2015-06-04,0.7318820297328935,0.7594033194144569,0.8161091292796989
2015-06-05,0.8296268782168909,0.9223039483249706,0.96235727161724
2015-06-08,0.835927432929387,0.9461496534534403,1.0217283695870123
2015-06-09,0.7992696953036367,0.9093330682062691,1.0001786226718994
2015-06-10,0.7839789410422755,0.8999058402682568,1.0213480463394973
2015-06-11,0.8269655433855627,0.8610902433172917,0.9622037998850818
2015-06-12,0.7891225561739904,0.8248277458492606,0.9147174725441951
2015-06-15,0.8133837407971714,0.880962529373085,0.992434153699135
2015-06-16,0.8603207202713796,0.9658553557268303,1.091942756734792
2015-06-17,0.8176227323149573,0.9228081426030259,1.0397797787232046
2015-06-18,0.7937933277284511,0.9028697864495622,1.0459855137624903
2015-06-19,0.7651064608313639,0.8638607844690998,0.9916402144748144
2015-06-22,0.7290453427759492,0.8274147496635548,0.9440815929618352
2015-06-23,0.8835287534338319,0.793400523470032,0.8847590310227513
2015-06-24,0.8395984883194145,0.761692642666331,0.8430659261232677
2015-06-25,0.7989059386517662,0.7321708862360552,0.8038512079362625
2015-06-26,0.7842465988241365,0.7424236315804826,0.8391108857954256
2015-06-29,0.7961265521801065,0.7918204207078056,0.9070667272074889
2015-06-30,1.0101029013678395,1.1380687238941585,1.150013418032263
2015-07-01,1.0848836113075182,1.2615248145805362,1.295998858083178
2015-07-02,1.1108613576834478,1.2002285462033342,1.2168501445792408
2015-07-03,1.055258668545963,1.1426231360777703,1.1519390764214255
2015-07-06,1.0266013794403905,1.1266049049313953,1.181389270858011
2015-07-07,1.007732078618905,1.1222797811324483,1.2203402003408903
2015-07-08,1.0958875121859508,1.2670618122939925,1.372261780114834
2015-07-09,1.0749984060179245,1.2054338604386496,1.2916880988171442
2015-07-10,1.1095817793037792,1.1475135968769756,1.212334872100163
2015-07-13,1.1385543123339337,1.0931131162286172,1.138378958043933
2015-07-14,1.118482610770977,1.042054412864337,1.0730651438262138
2015-07-15,1.0599945235626915,0.9941687101969869,1.0185128032660389
2015-07-16,1.0036171670160765,0.9493055983313248,0.9703765148389669
2015-07-17,0.9702876850357218,0.907292647126136,0.9188892251081429
2015-07-20,0.9273252741432568,0.8788514907487569,0.9168297318255494
2015-07-21,0.8813486202411566,0.841415941152032,0.8725500952447053
2015-07-22,0.8440803142292334,0.8163416492048668,0.8700730560476145
2015-07-23,0.9514777331429598,1.0146965866800957,1.0410021866526729
2015-07-24,0.9054001362027734,0.9720277777133876,1.014393437297438
2015-07-27,0.9425296370553736,1.047600256510145,1.1170052116994413
2015-07-28,0.974861257803644,1.1118383238049898,1.2124269675998047
2015-07-29,0.9543534567056434,1.0596250966708964,1.143920652769255
2015-07-30,0.9750460743391909,1.0106431642840883,1.076604606209256
2015-07-31,0.9403514405680503,0.9647293877531835,1.0188301906677701
2015-08-03,0.9000711793781068,0.9217288056821703,0.9662141406018482
2015-08-04,0.8560148738383874,0.883084510542006,0.9356979293339994
2015-08-05,0.8138117057896933,0.8455407248152007,0.8965217365025272
2015-08-06,0.8330502483520102,0.8103122762898816,0.8465659707696315
2015-08-07,0.7931145877847278,0.7783579662675628,0.8189871449459212
2015-08-10,0.7704590912069765,0.7699895596831263,0.8376170054468871
2015-08-11,0.7375673216902963,0.739892151869527,0.7976748852237994
2015-08-12,0.7926828802652599,0.845940388609444,0.9077372264411295
2015-08-13,0.8926176596288943,1.0089715290704275,1.0591403472406427
2015-08-14,0.8479903731775933,0.9634373623895276,1.0138244541664754
2015-08-17,0.8124391489637489,0.9280268136854863,0.9995810271340457
2015-08-18,0.7731353775228397,0.8874112765890595,0.953411192921405
2015-08-19,0.7486674574428569,0.8642736877356265,0.9557930279772995
2015-08-20,0.9570414788295587,1.1566448731826728,1.1784625646765843
2015-08-21,0.928638920826965,1.127554086799272,1.1904215599420351
2015-08-24,1.300256173990775,1.6245754924049833,1.5443377328359942
2015-08-25,2.003430499169254,2.5461771061488085,2.178403289927892
2015-08-26,2.128881070858328,2.4115447871613966,2.0203844113695184
2015-08-27,2.0840877736837506,2.3953536284006685,2.1192606559821034
2015-08-28,2.266675450426299,2.269131222798024,1.9617925214769656
2015-09-01,2.1524246481951748,2.1499697922970595,1.8389054657320665
2015-09-02,2.2709707649534376,2.420369686207728,2.1523623886024197
2015-09-03,2.141403979223087,2.292750457314323,2.019452130321924
2015-09-04,2.097782078508635,2.172265993742599,1.8842864692403294
2015-09-07,2.1409305766570106,2.3107195373037737,2.103712257065499
2015-09-08,2.02211962575925,2.18922909444423,1.973493732387251
2015-09-09,1.9402566021274568,2.0745499438015518,1.8473288446495704
2015-09-10,1.8766736876724717,1.9663234980072715,1.72903237087715
2015-09-11,1.8132242475127813,1.931229477927517,1.7826824913469248
2015-09-14,1.7223523526793891,1.8503595774507722,1.7589204478757776
2015-09-15,1.6347833597155585,1.770426503561293,1.7273860133043093
2015-09-16,1.5649067753415387,1.6794550518630655,1.6220160344119547
2015-09-17,1.5495636856874992,1.5936974648218099,1.5188189191187784
2015-09-18,1.4805776310254384,1.5407771014482308,1.5223592556174523
2015-09-21,1.4696358707519823,1.5719397503091397,1.614770635268655
2015-09-22,1.386641467256873,1.4923852250677163,1.5245230077551917
2015-09-23,1.6211107337311674,1.8694271199419192,1.8393271373115285
2015-09-24,1.6128719007253718,1.7728120582005602,1.719233682712946
2015-09-25,1.5727589974803502,1.755321881496749,1.7732296808388517
2015-09-28,1.6796544090737142,1.6652141515857222,1.6506653647026752
2015-09-29,1.7879922321383155,1.9009785648989856,1.8944039412795344
2015-09-30,1.7095268876648508,1.8378925147162168,1.8901660342473947
2015-10-01,1.8088453999033463,1.743071962616599,1.7581264898710514
2015-10-02,1.705083826244322,1.6536652681861677,1.6566041219677727
2015-10-05,1.6341230444814898,1.5693912792623617,1.5556804186660544
2015-10-06,1.7734023434013007,1.4899843975443356,1.44635281038078
2015-10-07,1.6761496749622231,1.4151936807592724,1.3648342539630776
2015-10-08,1.580566743186635,1.3447820041220009,1.2913768036821265
2015-10-09,1.5018682142122597,1.2785252324597207,1.219006395156469
2015-10-12,1.4306246795314925,1.2162114368815098,1.1511369193176975
2015-10-13,1.3721228766233489,1.1963910083906357,1.184276074101809
2015-10-14,1.3055469401915585,1.1558645959999574,1.18249078677456
2015-10-15,1.2939428318129258,1.205880875627672,1.274414228572484
2015-10-16,1.2701258263625932,1.1479335859771365,1.1988352641653575
2015-10-19,1.2146447669478004,1.0935074469179058,1.132574889375565
2015-10-20,1.1572999738428364,1.0570287563832976,1.1277651238244397
2015-10-21,1.095587787737817,1.009563095043924,1.0865400775561267
2015-10-22,1.036751408525189,0.9637174140955439,1.0327373143968976
2015-10-23,0.9903921420639021,0.9207814862859128,0.9789729474840535
2015-10-26,0.9959770315124464,0.8806080873482244,0.9231420881521628
2015-10-27,0.9560115323402214,0.8625999577515853,0.9345759093572154
2015-10-28,0.9486606849987926,0.895949527454583,0.997265894147566
2015-10-29,0.9682180306890363,0.8573924186820361,0.9396073691255944
2015-10-30,0.9460159137010696,0.8681699836480237,0.9808957568806754
2015-11-02,0.9176636821377263,0.86385651013804,1.0046155868859559
2015-11-03,0.870888181902797,0.82741075832861,0.9564760583335485
2015-11-04,0.8331143128117032,0.7933967987715923,0.9084382849446091
2015-11-05,0.8038205304772935,0.7616891727634626,0.8623821256027734
2015-11-06,0.8081387107141096,0.7998919577221095,0.9222296476900894
2015-11-09,0.7722734045698213,0.7717076466842158,0.9019891495992025
2015-11-10,0.801527510884637,0.8407257071714408,0.9834292183751345
2015-11-11,0.7718981937487555,0.8175907837036369,0.9773477409347813
2015-11-12,0.742160306915779,0.7842388236698258,0.9279311057854542
2015-11-13,0.9525917175213068,1.1045105364209518,1.1536018949228353
2015-11-16,0.9639787448426467,1.133382844459389,1.2241566615356743
2015-11-17,0.9240948816279551,1.079846851980281,1.1576222011686357
2015-11-18,1.0815775449407654,1.0296089625191778,1.0821366155153789
2015-11-19,1.0244230966171628,0.9825026335208464,1.027633099706248
2015-11-20,1.0022719850460242,0.9383697507845288,0.9709147874386724
2015-11-23,0.9497251477501856,0.8970600040310277,0.9243576675443435
2015-11-24,0.9157004795222188,0.8812120035933708,0.9408269671054909
2015-11-25,0.8839042051918838,0.8657714638128354,0.9548159422543377
2015-11-26,0.891516161005526,0.8291989760312132,0.9014023829561929
2015-11-27,0.8891775766127672,0.7950647889085604,0.852096819364118
2015-11-30,0.8509416815172456,0.7730765771340591,0.849786121437464
2015-12-01,0.8165311410808886,0.754269568287287,0.8501589933286927
2015-12-02,0.7996407823246074,0.7252651153441352,0.8062504875733585
2015-12-03,0.7697380928224478,0.6983038160111963,0.7670501523766176
2015-12-04,1.0622171368747713,1.1861672944938373,1.0816923531092335
2015-12-07,1.0265843116678244,1.1572808502065914,1.104159102265318
2015-12-08,0.9766833530843,1.1072533090816017,1.080060944222695
2015-12-09,1.0442495261812892,1.2183206357425533,1.2195110848104362
2015-12-10,0.9906147314680137,1.1613297197764079,1.1752961077072213
2015-12-11,0.964563691650977,1.1389576970957507,1.1972408324346369
2015-12-14,1.1838027867013616,1.4454722445798418,1.4494715635226743
2015-12-15,1.206553987236734,1.48583614517112,1.5451735711391117
2015-12-16,1.3812764576378918,1.41128747542496,1.4392244401245158
2015-12-17,1.322616231275908,1.3411054342797166,1.3556660702626402
2015-12-18,1.2663237197548625,1.275066566366509,1.2782388010565469
2015-12-21,1.229694977022934,1.2632865352446643,1.318295267720565
2015-12-22,1.1672134289384655,1.2086282095403176,1.2864451342278551
2015-12-23,1.131102983683522,1.1505148650912738,1.2126977867250395
2015-12-24,1.352374582992895,1.0959310806904994,1.1283686488440086
2015-12-29,1.2781124056167126,1.0446983338013347,1.0703445731367074
2015-12-30,1.2439046112732406,0.9966473754695248,1.0095585507663942
2015-12-31,1.196724279127604,0.9909692092158302,1.0445425292395776
2016-01-04,1.1455892102482175,0.9713671534789826,1.059237906532294
2016-01-05,1.3506387820242802,1.3830452847209138,1.3536902430748126
2016-01-06,1.2942231964502506,1.3145264662818263,1.2760691368701296
2016-01-07,1.273474882374135,1.3273634570447308,1.3460118498436302
2016-01-08,1.3746525925920947,1.5180447854056482,1.543669760298136
2016-01-11,1.3205389070788776,1.4728314289486426,1.5483737048454354
2016-01-12,1.2699466982917802,1.429967762864231,1.550950066493703
2016-01-13,1.237943933283842,1.358688422728659,1.4572955711135192
2016-01-14,1.180878258843729,1.2916083340682274,1.3741047505030448
2016-01-15,1.1441861538955937,1.266806899983048,1.3934971984955853
2016-01-18,1.263899787151707,1.4621045369745627,1.58138207447727
2016-01-19,1.2035719621813838,1.4006926592035842,1.5468760437820217
2016-01-20,1.2557733145207592,1.3311339510130806,1.4474280252816936
2016-01-21,1.665617635291771,1.957138094763154,1.876048795554335
2016-01-22,1.6673053272374874,1.8555457561422466,1.752024694211088
2016-01-25,1.7188935583005711,1.7597202820291615,1.633473155809989
2016-01-26,1.6263836522198816,1.67794723665613,1.591755747720559
2016-01-27,1.5437584150717911,1.592276317909065,1.498629818041595
2016-01-28,1.5157295325385578,1.5115446950540532,1.4055492141140795
2016-01-29,1.4688750661321721,1.4957180130675047,1.4573913793455588
2016-02-01,1.6085369918052308,1.4205929031246187,1.3566162693418542
2016-02-02,1.5233653392122697,1.3604535728420555,1.3346389313426283
2016-02-03,1.6305425350727238,1.6222839914577578,1.5817789425762723
2016-02-04,1.6129320855030462,1.6581396316661479,1.6824859927412743
2016-02-05,1.5564756051276396,1.5736080618603148,1.5787368974222018
2016-02-08,1.4977520611244222,1.5389604807869544,1.6017381652667322
2016-02-09,1.684449676080325,1.8707899881743701,1.889922852223039
2016-02-10,1.625057508172772,1.8258748223047832,1.9084499470283234
2016-02-11,1.547758504996108,1.7317388982089472,1.7911964696729796
2016-02-12,1.6677150968586467,1.936766840222551,2.0109466562325298
2016-02-15,1.8537135692383129,1.8363287540472855,1.8656605450221344
2016-02-16,1.8637271951894363,1.7415972624429916,1.7400034702582363
2016-02-17,1.767186260790938,1.6522749963045473,1.6356493541214638
2016-02-18,1.8997542643653,1.5680810613334701,1.519673867962892
2016-02-19,1.820436697456649,1.545577439963362,1.5613904000931011
2016-02-22,1.7205879329319986,1.4761401133049576,1.5217534921477334
2016-02-23,1.687142847378504,1.4021575606126213,1.4258647301561442
2016-02-24,1.6465853375977897,1.4362349056799864,1.5132312165398183
2016-02-25,1.6441988875166809,1.5266183006459515,1.6422623470192919
2016-02-26,1.740124764434946,1.4496940084865624,1.529100573980944
2016-02-29,1.6973036984517738,1.3772582466500876,1.4334480162328418
2016-03-01,1.5999370663989332,1.3090808900253992,1.356511472839052
2016-03-02,1.5353555717265317,1.2449443846724566,1.2769712466176129
2016-03-03,1.4488534617752755,1.1854673177766781,1.2233610640450197
2016-03-04,1.3709942540436104,1.1349798921470455,1.1954025439119054
2016-03-07,1.3414856560759332,1.0813460758322615,1.124942214455842
2016-03-08,1.270902709350758,1.038029086287023,1.104151669929893
2016-03-09,1.2420016078853833,1.0666723423018616,1.1706736686661574
2016-03-10,1.1776346997896279,1.0172520366533697,1.1087563607183004
2016-03-11,1.2669536802882428,1.236339370035602,1.3007234163325678
2016-03-14,1.3138490066705315,1.1765552769450627,1.218087724602182
2016-03-15,1.252570320229794,1.1203853667681787,1.151009429263079
2016-03-16,1.1999713695812348,1.094732254550098,1.1654527139507616
2016-03-17,1.147727275207249,1.0435735365694332,1.1017830003071034
2016-03-18,1.0922579679250706,0.9955928690825744,1.0437568296215234
2016-03-21,1.0363494866201333,0.954231455520239,1.0170907692115088
2016-03-22,0.9822910526977539,0.9127146852890422,0.979042267917337
2016-03-23,0.9314893293467116,0.8730647714552993,0.9314617008596122
2016-03-24,0.8839256074941899,0.8360104922506787,0.8871355386017711
2016-03-29,0.9811758544352739,1.0261975197744853,1.0548845095740444
2016-03-30,0.9301584838748415,0.9793418635443845,1.005610253925061
2016-03-31,1.0167189370646137,0.9354099104225081,0.9434545148363861
2016-04-01,0.9770195469726214,0.9158902741398854,0.9582460420899466
2016-04-04,0.9411398427163837,0.8990350965560937,0.9733996639237823
2016-04-05,0.8967464081147584,0.8602763570036238,0.9246464348848464
2016-04-06,0.9439399046282262,0.9699991900185254,1.0434392079445238
2016-04-07,0.9661660083521151,0.9266622479814941,0.9826715529707158
2016-04-08,0.9275457874393347,0.9030728704014968,0.9876199128780893
2016-04-11,0.9452646414260443,0.8640506250229566,0.9309184914491784
2016-04-12,0.8972856881980551,0.828275249003359,0.8969356693272224
2016-04-13,0.8771653795549144,0.7942031547720623,0.8496160656443262
2016-04-14,1.03470235146246,0.7624404095685507,0.7943113096674237
2016-04-15,0.9799218176052277,0.7328666628758697,0.7590474739866625
2016-04-18,0.9370733052011742,0.7203384258856671,0.7696826696848231
2016-04-19,0.8896374997480959,0.6937278290289081,0.7348353547492836
2016-04-20,0.8818265097142485,0.6690313675638719,0.6961466746031414
2016-04-21,0.8375443849472309,0.6461437940535717,0.6663225439131071
2016-04-22,0.8126671971696997,0.6548117564244039,0.6982747465920625
2016-04-25,0.8620658824470571,0.7929384321432287,0.8238313379660349
2016-04-26,0.8632253282866056,0.8326936146381384,0.8914311369400572
2016-04-27,0.8274462164046859,0.7983247520814877,0.8471627963268066
2016-04-28,0.805144849534313,0.766280607442827,0.803967577351133
2016-04-29,0.7661969907945333,0.7364402042806955,0.7680759659427941
2016-05-03,0.8496281669775871,0.894842336207294,0.9123665559926952
2016-05-04,0.8654865544284334,0.9399800473795719,0.99016205521551
2016-05-05,0.9174399804559717,1.033526850305826,1.1033485507392442
2016-05-06,0.8707380482726131,0.9861749044207454,1.0481369310119075
2016-05-09,0.8277381836178888,0.9418088099299907,0.9960675932962835
2016-05-10,0.790508566676362,0.9037940598078937,0.9715511508204978
2016-05-11,0.7814021933038471,0.864724789919157,0.9195207644432088
2016-05-12,0.7443515811798007,0.8282215608544223,0.8760252035428107
2016-05-13,0.7810897647503072,0.8920953122152402,0.9627872247317623
2016-05-16,0.7630327822424995,0.8537903870646335,0.912403409035961
2016-05-17,0.7291921351030648,0.8180124869087648,0.8683163886728095
2016-05-18,0.6996243738715751,0.7846320359994094,0.8264617572278963
2016-05-19,0.6688532116473648,0.7537406758996146,0.7943752330765941
2016-05-20,0.8895694480093361,1.0666139118612827,1.0253130478324992
2016-05-23,1.0021520314883765,1.0171972392640924,0.960972799423684
2016-05-24,0.9571425888070615,0.9810940611539516,0.957272878587937
2016-05-25,1.0028073706776586,0.9370506982674685,0.9002992358830061
2016-05-26,0.9742590441729001,0.8958259406595208,0.852604247101739
2016-05-27,0.9235518310795413,0.8572769118519932,0.8137020241264933
2016-05-31,0.8764013403030426,0.8212673762565719,0.7768453706565053
2016-06-01,0.8620461681906137,0.834292143049867,0.8272388287459598
2016-06-02,0.84798936508955,0.8439122270705974,0.8723553113554426
2016-06-03,0.8073948534838176,0.8101784451030855,0.8460927527795048
2016-06-06,0.776568446794161,0.7773282048247675,0.8045214248842607
2016-06-07,0.8065387362919942,0.746723810212098,0.7598194171858137
2016-06-08,0.7687528290557473,0.7182474835447115,0.7253451376809832
2016-06-09,0.7362231241672501,0.6917860649912944,0.6920730351754519
2016-06-10,0.7978052266420999,0.8185244126373029,0.816912405525594
2016-06-13,0.9875072816109263,1.1207447000030697,1.0519704159275025
2016-06-14,1.0163104000329837,1.1779033692665286,1.1556295212249446
2016-06-15,1.1789530218421325,1.4153340812138242,1.378400025810424
2016-06-16,1.1371219391618304,1.3449141528024884,1.2989712829101538
2016-06-17,1.0805336797712657,1.2842701813134234,1.2662298224084856
2016-06-20,1.0886449346228921,1.221613096106843,1.1904673237179464
2016-06-21,1.413843768908784,1.1627159433242538,1.1038675257149055
2016-06-22,1.3385117418554053,1.107388034162023,1.0461509771417974
2016-06-23,1.274950996032862,1.0554487759687718,0.9904913380960342
2016-06-24,1.2649386962223068,1.0067269786477382,0.9324837902428953
2016-06-27,1.5995544551711962,1.6624304333268711,1.3854791109707076
2016-06-28,1.7370819876116426,1.921387066554579,1.6701906123529935
2016-06-29,1.841386439637318,1.821821089342457,1.553633665256933
2016-06-30,2.075972707351474,1.7279161997805448,1.4374965914671383
2016-07-01,2.084075521359927,1.6393775460539033,1.340632894970154
2016-07-04,1.994473043065259,1.555926610990384,1.260300730724928
2016-07-05,1.9011667121355527,1.5211804671082902,1.3047288098751693
2016-07-06,1.7939740691100268,1.4445724356192777,1.23367667868194
2016-07-07,1.7435876318355137,1.473491826928968,1.3362286739803102
2016-07-08,1.678227760961055,1.3996639889577598,1.2565823367871005
2016-07-11,1.6049318741475314,1.3301658390964144,1.1842497879231746
2016-07-12,1.5767149390037087,1.2647759373838232,1.112117675935694
2016-07-13,1.487111364659003,1.203423054722353,1.061953065988286
2016-07-14,1.404454704004952,1.1477353515790822,1.0301641298825304
2016-07-15,1.3287798010231318,1.0983765481045595,1.0110843262977418
2016-07-18,1.2561003633194425,1.0469928509864244,0.9606553108308827
2016-07-19,1.1922805815291313,0.9987985632526325,0.91190697395519
2016-07-20,1.1270885939868573,0.9536326640517944,0.8694637973239228
2016-07-21,1.075385673911223,0.9113421542690273,0.8257104865607288
2016-07-22,1.0298087197422507,0.8917458739615415,0.8450452524892854
2016-07-25,0.9847313079473994,0.8534638308059238,0.8029263692130847
2016-07-26,0.9402056633681882,0.8284075714639054,0.8066994309826939
2016-07-27,0.8934493749298795,0.7943265806204478,0.769140397483516
2016-07-28,0.855996014325087,0.7625553977668961,0.7321824311971818
2016-07-29,0.828415603664078,0.7567771991434478,0.7577054840592646
2016-08-01,0.787813480654645,0.7275977478636306,0.7245042924255588
2016-08-02,0.7675552508511291,0.7273691496016786,0.7529417998788346
2016-08-03,0.7738984728725593,0.7668398312211873,0.8173030800851646
2016-08-04,0.740361932071378,0.7407053274052875,0.8024955373821265
2016-08-05,0.8683046537849157,0.712651923590249,0.7529592990773143
2016-08-08,0.8603798045612547,0.6865907227766271,0.7134295716047623
2016-08-09,0.819816869969833,0.66241365702985,0.6812224221115455
2016-08-10,0.8023540620681137,0.640016547472415,0.6474078067490336
2016-08-11,0.7658253857350625,0.6192988535663301,0.619097562734601
2016-08-12,0.7610356069624034,0.6001634768443405,0.5880800240301518
2016-08-15,0.7253118192968538,0.5825166095540533,0.5649212651513631
2016-08-16,0.7001481026618613,0.5662676365438916,0.5399313216092483
2016-08-17,0.710110803445803,0.6246073849973824,0.6128676052175188
2016-08-18,0.7014881230105874,0.6430568842273197,0.6554237172601253
2016-08-19,0.6709287695119858,0.6221093825200767,0.6273520491563146
2016-08-22,0.6448473216377486,0.6063533152397392,0.6213265600638478
2016-08-23,0.6382584913299908,0.619021073481854,0.6552619464873376
2016-08-24,0.6370252090045988,0.599907112937319,0.623240150186113
2016-08-25,0.633989495288758,0.6177051979488359,0.6613681198007046
2016-08-26,0.616777169465387,0.6108822751140949,0.6703279209688388
2016-08-30,0.5984358813115391,0.5923982656840644,0.6398936578840673
2016-08-31,0.583212137134815,0.5860609265194768,0.6470510504806843
2016-09-01,0.5968954740608606,0.6214775267164774,0.697540458886176
2016-09-02,0.6031338927543497,0.6433020099558024,0.737422201998938
2016-09-05,0.9096052629582699,0.6223360098494116,0.6865240797883124
2016-09-06,0.8676400801128489,0.6108260606891909,0.6866794685404363
2016-09-07,0.8671496289044794,0.6796872268163308,0.7627028838365257
2016-09-08,0.8281338470592201,0.6560151161713614,0.7269528253655562
2016-09-09,0.7887752019596068,0.6340946649099788,0.6944261183553898
2016-09-12,0.8543582129494383,0.7988240309465349,0.8325336963630595
2016-09-13,0.8984362559616301,0.9056582814409583,0.9484970372523502
2016-09-14,0.8732641342209035,0.8958952888801266,0.9723001988284893
2016-09-15,0.8298495374767786,0.8573417256915435,0.9252861856924122
2016-09-16,0.8325083969974503,0.8213278876887408,0.8746802392096343
2016-09-19,0.7994525034653329,0.7984109573004511,0.8731596891993094
2016-09-20,0.9036636249672346,0.7663609346938842,0.81979350356833
2016-09-21,0.8605442735764143,0.7365149598747608,0.7810357187770097
2016-09-22,0.8176917431299305,0.708756918246735,0.7463550220761406
2016-09-23,0.853719063757187,0.6829751794825148,0.7043104665645223
2016-09-26,0.811668806048621,0.6592700807704316,0.6790952712227912
2016-09-27,0.8943538504963157,0.8532769000149835,0.8396177994870637
2016-09-28,0.8515073660353754,0.8203779119983564,0.8215996014074176
2016-09-29,0.8304743659750583,0.786837754485505,0.7795265838394599
2016-09-30,0.8520053866293872,0.755579342876729,0.7363751553466021
2016-10-03,0.8171033548390054,0.737563824567511,0.7426253094012772
2016-10-04,0.8670579320038402,0.7097317827243742,0.6999275325938711
2016-10-05,0.9201459079699827,0.6838800308720197,0.6590344368650707
2016-10-06,0.8968307047981646,0.7057329633477392,0.7092051597214128
2016-10-07,0.8681934787287682,0.710407643931963,0.741509235761787
2016-10-10,0.8471942203618672,0.6845073784921238,0.7040433015442037
2016-10-11,0.838157238709026,0.6604824304014378,0.667716750086015
2016-10-12,0.8085952409580286,0.6587497235055928,0.6893219986507857
2016-10-13,0.8037428106422123,0.6978404051206821,0.7492220455603471
2016-10-14,0.7990365114179614,0.7303509731222573,0.8044518649571216
2016-10-17,0.7760507356490441,0.7030287889589418,0.764287992588186
2016-10-18,0.8072210351052749,0.7890766354007754,0.8587527366134436
2016-10-19,0.8027184845303693,0.7576647173749317,0.8131431920511847
2016-10-20,0.7690033679587086,0.7284233898044825,0.7742621344900851
2016-10-21,0.7327179946376562,0.7012378481348518,0.7398738847231996
2016-10-24,0.700405674546128,0.6773546096782145,0.7203410334699945
2016-10-25,0.6913290935213324,0.6868325722694582,0.7535963928136277
2016-10-26,0.6738380935743661,0.6626378626686068,0.717083075936657
2016-10-27,0.7082357524401459,0.7367084172032577,0.8014905421428848
2016-10-28,0.6869592629344574,0.7089367229982899,0.7624389340347911
2016-10-31,0.6574465556115782,0.6831420665410113,0.7281501722374902
2016-11-01,0.664207576873458,0.7084968710825937,0.776813215138669
2016-11-02,0.6633379341027897,0.7206203629839966,0.8128919233325471
2016-11-03,0.7278758611889615,0.8244432195857366,0.9176321395929179
2016-11-04,0.7482275836435439,0.8625931386859033,0.9810187627472665
2016-11-07,0.8639084123102941,1.029500324745782,1.1307940543198767
2016-11-08,0.9816463610799063,0.9824008113871492,1.0596200184230786
2016-11-09,0.9441131442127125,0.9382743983255962,1.0033002167900464
2016-11-10,0.9488834989438022,0.8969707946262114,0.9464410523139811
2016-11-11,0.9907311866781079,1.0037284104675246,1.066440319546683
2016-11-14,1.0574965669687424,1.1377179082864732,1.2086081224826588
2016-11-15,1.0058779102317228,1.0839164510855699,1.1441835421112176
2016-11-16,0.9694089072471321,1.0334265057960574,1.0818616849458047
2016-11-17,0.9455675455149511,1.023156450474114,1.1107250955955232
2016-11-18,0.9197511556101984,0.9764551800715341,1.0498817063053723
2016-11-21,0.8791142449556132,0.9406698699499768,1.034576230978028
2016-11-22,0.8349540207959169,0.8992120109214159,0.9843193915720077
2016-11-23,0.8156893863488037,0.8604417178486755,0.9320971249735488
2016-11-24,0.7763478737587891,0.8243917268354032,0.893076480896533
2016-11-25,0.740624356780467,0.7905809704497523,0.8505640187124593
2016-11-28,0.7075828596517864,0.7590660086782701,0.8106659541567183
2016-11-29,0.7084637259452878,0.7748174751935937,0.8540786048254361
2016-11-30,0.6923648396936798,0.7648492103448372,0.8678800795822846
2016-12-01,0.6630919478331654,0.7351081341338249,0.8268775707948218
2016-12-02,0.6554506839679167,0.7344805130209511,0.8492012014544422
2016-12-05,0.6393514752966178,0.7213045153880491,0.8533974604498907
2016-12-06,0.6161167209943141,0.694625060923884,0.812705554687392
2016-12-07,0.6091296242582167,0.6698634903512009,0.7722679315670367
2016-12-08,0.8190284540394438,0.6469144255328071,0.7227208227043046
2016-12-09,0.7891374159521348,0.625676194186491,0.6882144944287611
2016-12-12,0.7570531881168219,0.6060506298201904,0.6566129600521587
2016-12-13,0.7879476664538494,0.707851272899845,0.7559061977232946
2016-12-14,0.8306005715675635,0.6821346173898402,0.7131711763155503
2016-12-15,0.7968554407683296,0.6695355895179156,0.7192570632265547
2016-12-16,0.7898719901874058,0.6466107497065267,0.6823706996651113
2016-12-19,0.7533667850643554,0.6253953712167364,0.652415493954109
2016-12-20,0.7182642538518533,0.6057913322664137,0.6250824765513594
2016-12-21,0.6945934480663057,0.5877038428337638,0.596591147746486
2016-12-22,0.6642602776576889,0.5713889043416581,0.5785384578611461
2016-12-23,0.6420310518435985,0.5560348141047292,0.5532271858321344
2016-12-28,0.6152482296793531,0.5419337844346792,0.5315796320041041
2016-12-29,0.6122296787998629,0.5290035570336779,0.5068634844195563
2016-12-30,0.5900093320762695,0.5171650196524693,0.4864819972023921
2017-01-03,0.5743462187572035,0.5063422535435573,0.46612995298055476
2017-01-04,0.5721190636111255,0.49646258747910743,0.44526471879383794
2017-01-05,0.5523356946290252,0.48745665406046645,0.4284081611386418
2017-01-06,0.5328776010037695,0.479258441507672,0.4131885523708226
2017-01-09,0.5177107679638367,0.4718053316915771,0.3975748142489446
2017-01-10,0.5134225589479756,0.46503812232120423,0.38112557481996306
2017-01-11,0.5212343552253591,0.45890102871427974,0.3642532352023085
2017-01-12,0.5071456300134854,0.4533416631532026,0.3510211347992643
2017-01-13,0.4914774635647764,0.4483109929134911,0.34005131215691725
2017-01-16,0.5135091697918431,0.4437632746666707,0.32422153041244345
2017-01-17,0.5010886037132449,0.44458753542918467,0.3344371444966127
2017-01-18,0.6940117068818937,0.7644393161031168,0.573230338033201
2017-01-19,0.6721762225765175,0.7347266977530591,0.5476739207565658
2017-01-20,0.6710856565837285,0.7447205188657783,0.5997139550811866
2017-01-23,0.6447795196573121,0.719152477731389,0.5943900741756037
2017-01-24,0.6591471403301434,0.7480545039979096,0.6597369146993634
2017-01-25,0.6312602757728496,0.7195494008240682,0.6350703176888672
2017-01-26,0.6073981341697697,0.6929950732525144,0.6076694646047385
2017-01-27,0.5839459729703445,0.6686954578758586,0.5894422677554216
2017-01-30,0.5691130329290004,0.645832719325683,0.5634879723065831
2017-01-31,0.633159123774915,0.7389206490898268,0.6705055177936265
2017-02-01,0.6157250074539363,0.7209076961009191,0.6782150587245918
2017-02-02,0.5915125784546117,0.6942565195535559,0.6490415173546579
2017-02-03,0.5853254094745602,0.6695216876541802,0.61844401615613
2017-02-06,0.5987083416403778,0.646597875069997,0.5878025211134003
2017-02-07,0.5819451457069075,0.6331953712086394,0.5942000482346674
2017-02-08,0.5621407479580323,0.6129954514337783,0.5691119990570158
2017-02-09,0.5417422993806339,0.5943474170914098,0.5468437525384299
2017-02-10,0.5503956474553695,0.5771584936220605,0.5210365059528619
2017-02-13,0.5440962953445206,0.5613390739920869,0.49805535251858535
2017-02-14,0.5307889990393484,0.5468026752908783,0.4774462504180819
2017-02-15,0.5165857395289515,0.5373160954673366,0.4792363711099871
2017-02-16,0.5188293692475862,0.5247736836641331,0.45792724965853987
2017-02-17,0.5172658472767573,0.5337846414090116,0.48673822463519306
2017-02-20,0.507933516417555,0.5215403439635036,0.46648358969274417
2017-02-21,0.4923776532289283,0.5103637174459735,0.4510033523691251
2017-02-22,0.49459047895686065,0.5221435604556591,0.48136707490528596
2017-02-23,0.49241842911970735,0.5108916652652983,0.46072586837213036
2017-02-24,0.5019748579885213,0.5332487054041869,0.5015954131991147
2017-02-27,0.5062674389013874,0.5467797036333912,0.5341002278238963
2017-02-28,0.4914519326500084,0.533444869984785,0.5129057989393583
2017-03-01,0.4782937183950945,0.5212293257163306,0.4927118208841833
2017-03-02,0.6989404161821474,0.510056020052224,0.46032225046619263
2017-03-03,0.667963574019829,0.49990261304543904,0.4458358024148315
2017-03-06,0.6410944049993575,0.4932087926566058,0.44518307660881995
2017-03-07,0.6263201997057343,0.5052560027584235,0.47371817365811975
2017-03-08,0.6040865579895068,0.5001489664043659,0.47694588725828246
2017-03-09,0.5812382555063268,0.49171196626770003,0.46829474357980233
2017-03-10,0.5684560784454145,0.49721362878393727,0.4872136462053111
2017-03-13,0.5588393899555463,0.488140829709082,0.46621185403932097
2017-03-14,0.5466998130004362,0.4798808652569429,0.4468169941965177
2017-03-15,0.530450687132175,0.4758176667429952,0.4480747809642484
2017-03-16,0.5138316025367956,0.468680176360276,0.43124624576816084
2017-03-17,0.5349359517408606,0.4622030741666658,0.41080613959677054
2017-03-20,0.5174703597422098,0.45633210647044536,0.39607341965198983
2017-03-21,0.5009191397878311,0.45101640180001434,0.38258271962302454
2017-03-22,0.5428512310861867,0.5368670288244444,0.46939130114980443
2017-03-23,0.5820781892733066,0.6105330284025354,0.5543649806106419
2017-03-24,0.5629907412794045,0.5920761591472046,0.5312611978498374
2017-03-27,0.5434276113441475,0.5756905576832684,0.5188462688580301
2017-03-28,0.5644317366873578,0.6151886046343569,0.5798900823074321
2017-03-29,0.5829098224072129,0.5963706833666452,0.551226316069023
2017-03-30,0.5737378842513899,0.5790221496592105,0.52655184938433
2017-03-31,0.553343108024563,0.5637694251435224,0.5148753909232137
2017-04-03,0.5780890985640439,0.613001658551229,0.58235411820721
2017-04-04,0.5894476544150818,0.6399224806485213,0.6332713026461052
2017-04-05,0.5894349261348536,0.6192119065901193,0.6029347345285253
2017-04-06,0.5676040313176168,0.6000832323177993,0.5778993621932411
2017-04-07,0.5648463396177843,0.6064825763786085,0.6068735225499405
2017-04-10,0.577427879726906,0.5883411340169744,0.5771698674102188
2017-04-11,0.5560001769759528,0.5716731587114459,0.5564353254119011
2017-04-12,0.5394644115844746,0.5562960737766718,0.5331517197484532
2017-04-13,0.5282829620279977,0.551169717347714,0.5426718930748788
2017-04-18,0.5223945448331847,0.5524246257983471,0.5605685488712979
2017-04-19,0.9724631593672504,1.1862946728984252,0.957945778968804
2017-04-20,0.9367669510373807,1.1472180594852426,0.9726843017443408
2017-04-21,0.8886305565054595,1.092835633934507,0.926163561527983
2017-04-24,0.8444073981289585,1.0421567220505463,0.8906741060514073
2017-04-25,1.0463961314502135,0.994264624860739,0.8312950189207009
2017-04-26,0.9914550403323765,0.9493856548702861,0.7927530198046778
2017-04-27,0.9406619644124716,0.9073675647744345,0.7562783715672098
2017-04-28,0.9257340685168344,0.9198410275111627,0.8176658197590371
2017-05-02,0.8937740687837394,0.9020422770205834,0.8412036884589409
2017-05-03,0.8708943623437454,0.8630872509538976,0.7976811105928684
2017-05-04,0.8316251246985621,0.8321817548855859,0.7904182133055964
2017-05-05,0.7922274793286479,0.7978472419692342,0.7540130873207795
2017-05-08,0.7824982179979565,0.7658356690046794,0.7153996831968875
2017-05-09,0.7451783347935991,0.7360261323754371,0.6847079518244837
2017-05-10,0.7308970143916119,0.7083025957590191,0.6511724207442665
2017-05-11,0.7196232244767508,0.6825535007561632,0.6193851134008624
2017-05-12,0.6869476529984294,0.6586714265226983,0.5944748345146659
2017-05-15,0.6870888064283123,0.6365527986234258,0.5652126837437021
2017-05-16,0.6605051257483244,0.6160976453301359,0.5411828095942178
2017-05-17,0.6924278131564405,0.5972094099997263,0.512660592970447
2017-05-18,0.668503522490236,0.5898546666367087,0.5262384349957664
2017-05-19,0.7102968140153224,0.6899461821426481,0.6326044694812997
2017-05-22,0.6919819282523572,0.6655245958220461,0.6029797807147078
2017-05-23,0.6685970697303133,0.642896607535679,0.5760796755209128
2017-05-24,0.6427406045642599,0.6254983848686917,0.5731216385454864
2017-05-25,0.6266104421278323,0.6058864492607055,0.5474036031759146
2017-05-26,0.6009991118480499,0.5877915334694305,0.526311800685207
2017-05-30,0.5890177658042989,0.5711220485245119,0.5031158494652037
2017-05-31,0.5762201097584007,0.5691790119252397,0.5217260650138555
2017-06-01,0.5562692602480133,0.5555084613946611,0.5140408835667243
2017-06-02,0.5438098270102639,0.5414507812399562,0.49222893263175754
2017-06-05,0.5249511042898669,0.5285610140000214,0.4739699673791534
2017-06-06,0.5192549261082489,0.5320575712787201,0.4954880230622789
2017-06-07,0.5028003208254775,0.5200341165791382,0.4796468776227921
2017-06-08,0.5336095200069817,0.5742566670392628,0.5472799276139946
2017-06-09,0.5342189275451369,0.5829218331694342,0.5772467640156408
2017-06-12,0.6098748299998178,0.5666404742970049,0.5456055285068824
2017-06-13,0.5911923751267768,0.5591167493974738,0.5518714355677138
2017-06-14,0.5720296662327986,0.5491295833303756,0.5510892071270012
2017-06-15,0.5654801479421739,0.5565316462364827,0.5759585633606557
2017-06-16,0.6021289579121454,0.6280933905053896,0.6543213273512426
2017-06-19,0.6059785435744368,0.6082827688549226,0.6222767075427614
2017-06-20,0.6334795814244943,0.5900009864492515,0.5901547479584864
2017-06-21,0.6521807684077574,0.6435152764938888,0.6591959270445654
2017-06-22,0.6366743422608101,0.6393098207356017,0.675779176125685
2017-06-23,0.6124377909782223,0.6208789206582533,0.662938542378353
2017-06-26,0.5935166371387488,0.6084389466993839,0.6624017746950095
2017-06-27,0.577020152964837,0.5901449998731066,0.6324695664308371
2017-06-28,0.5596212734176901,0.5781483646224559,0.6288359312041453
2017-06-29,0.5827125416234253,0.6238435999498383,0.6876887649550095
2017-06-30,0.5891198620713122,0.643008803553266,0.7260279639796332
2017-07-03,0.5951212956877029,0.6602386872843733,0.7624292297001991
2017-07-04,0.6341745229076208,0.63800332978429,0.7215430652900309
2017-07-05,0.6165724486446533,0.6287198973191139,0.7259930974533252
2017-07-06,0.5926369959606731,0.6088613760459297,0.693840180221867
2017-07-07,0.5889626370087444,0.6169613212426267,0.7187174398857452
2017-07-10,0.5682871814695049,0.5980063350304029,0.6865972552021524
2017-07-11,0.5519844823108901,0.5805290058499641,0.655681952204642
2017-07-12,0.5665103607231796,0.6116636277448722,0.7013199824930866
2017-07-13,0.6614638629137605,0.593118932569878,0.6613252359136782
2017-07-14,0.6338246792288472,0.5765383957865856,0.6408849709830241
2017-07-17,0.630795941224549,0.5968901319751369,0.6773501039111861
2017-07-18,0.6130867569627017,0.5795006726644383,0.6461775405617229
2017-07-19,0.5933881711388247,0.569689671230625,0.6444813509872159
2017-07-20,0.5941669325528225,0.5544731908930798,0.6133857599356247
2017-07-21,0.6182963908001387,0.5405008524083883,0.5821247376467404
2017-07-24,0.6166048011443614,0.5652089505895773,0.6216490846274386
2017-07-25,0.6859486186027175,0.7004497235265381,0.7377541934242875
2017-07-26,0.6979761088747254,0.6752664724116827,0.6992728360065077
2017-07-27,0.6698609639350035,0.6519190737945487,0.6678405888204318
2017-07-28,0.6432456168080147,0.6328888342949321,0.6568173304469243
2017-07-31,0.7061460380972514,0.7487829430204412,0.7689409293574418
2017-08-01,0.6744349107596279,0.7201622667154044,0.7350717026439285
2017-08-02,0.6801275336553179,0.6935642304973174,0.6973915611621493
2017-08-03,0.6539650231818852,0.673010812677036,0.6898503901901579
2017-08-04,0.6802165110824719,0.6498295127299483,0.6534495546046712
2017-08-07,0.6670053779326849,0.6283722009387896,0.622351232171306
2017-08-08,0.6425483094808973,0.6085402594030319,0.5950256232049097
2017-08-09,0.6165723772181361,0.5902384227337899,0.5703576034395259
2017-08-10,0.6274623138215928,0.6275925460134499,0.6280886650425918
2017-08-11,0.7767425078323793,0.8676459191384157,0.8139778713312936
2017-08-14,0.8275670317918202,0.9517952814531346,0.9252334164485735
2017-08-15,0.8079145903876603,0.9096225834704184,0.8768716272572712
2017-08-16,0.7780221363810735,0.870173724069276,0.833229123866053
2017-08-17,0.7684726322000972,0.8333102565702354,0.789983883532235
2017-08-18,0.7627325816717029,0.8406869725084646,0.8351998039106672
2017-08-21,0.7859907603507471,0.887410088117275,0.9133869186079924
2017-08-22,0.7493240064267288,0.850083492038162,0.8805481998195711
2017-08-23,0.762486754517495,0.8145522426535013,0.8326915686094661
2017-08-24,0.7266778136064075,0.7814057383929601,0.7952882404344683
2017-08-25,0.6998192769329591,0.7505205101658592,0.7573159497029892
2017-08-29,0.6697055026459519,0.7226905435250218,0.7347974465246889
2017-08-30,0.7072905572732584,0.7892142019094021,0.82053538831102
2017-08-31,0.684482477856913,0.7577928573039915,0.7805919806870414
2017-09-01,0.7101224586075653,0.7285425990939124,0.7385690017243718
2017-09-04,0.6784324616170505,0.7013486021240363,0.7059890189452305
2017-09-05,0.6623721079560398,0.6943461855319664,0.7236592063685036
2017-09-06,0.6605278520126725,0.7064571038019193,0.7614800398323914
2017-09-07,0.639792997643795,0.6900412745799019,0.7615729893713985
2017-09-08,0.6381632587399787,0.6656127673190017,0.7233691189079755
2017-09-11,0.6197951886914843,0.6532511835071361,0.7267335241220114
2017-09-12,0.6123279757188782,0.6315373898599854,0.6914389261097867
2017-09-13,0.5921360090657471,0.6164158605329403,0.6853153643189457
2017-09-14,0.5792913030677028,0.6103381997166145,0.6937904664104256
2017-09-15,0.6809884982284455,0.7685918571580365,0.8243327628794674
2017-09-18,0.7516659507599629,0.8755284882921756,0.9368382414569987
2017-09-19,0.7336918077265276,0.8383117753918594,0.8884280503777103
2017-09-20,0.7051230724261719,0.8035664078034759,0.845002095510329
2017-09-21,0.6741045327701272,0.7715232160387446,0.8133872354126801
2017-09-22,0.6467915025164572,0.7431031813592677,0.7919727336389438
2017-09-25,0.6499707100191503,0.7148810957619188,0.7514212769551233
2017-09-26,0.6250260114857936,0.6911115942634896,0.7357605132084195
2017-09-27,0.6054204092391829,0.6733100335027361,0.7320814973676752
2017-09-28,0.5919914029254808,0.6501066832998567,0.6974205038539892
2017-09-29,0.5698153936179863,0.6286285683307616,0.6670669026683164
2017-10-02,0.5873602677693082,0.6087770282900724,0.6335076201049145
2017-10-03,0.6298241974025427,0.5904567567799986,0.5999811365525137
2017-10-04,0.6148167943717429,0.5735756786081654,0.5727900077681493
2017-10-05,0.5903578587157808,0.558090578081932,0.5522836916567473
2017-10-06,0.5906092419830381,0.543820495183351,0.5264052977559097
2017-10-09,0.5701635747392303,0.5307324519993991,0.5049933968254589
2017-10-10,0.5548226879673331,0.5262818864011629,0.5128461487460843
2017-10-11,0.548028164179453,0.5146754606740034,0.49030514287511767
2017-10-12,0.5298728527428145,0.5049348883066045,0.4809159948130823
2017-10-13,0.5189517607615977,0.49517892202629343,0.4610226219287672
2017-10-16,0.5129709904178833,0.5010940723067747,0.4814355822219456
2017-10-17,0.4993314449539123,0.49436566555588723,0.47913083081312835
2017-10-18,0.4881672491511449,0.4898844144052635,0.4810875046673891
2017-10-19,0.4850941876781137,0.48146737181633986,0.4606652789209882
2017-10-20,0.48200499066762886,0.48781876097419297,0.47955185471952866
2017-10-23,0.46874269609492847,0.4795984292341612,0.46288860297069956
2017-10-24,0.4565913362517614,0.4721142271098919,0.4464592249206854
2017-10-25,0.4455323394121144,0.4653184243737141,0.4307891900149983
2017-10-26,0.5660907708146202,0.6445514932847517,0.5728278282688364
2017-10-27,0.5680017268757517,0.6234912364615588,0.5459447356996722
2017-10-30,0.5512028606882206,0.6040332963480898,0.5230409790864948
2017-10-31,0.5391621882826929,0.5947845188042611,0.5338126089909778
2017-11-01,0.5207736282048341,0.5775610856870597,0.5131535566975736
2017-11-02,0.5051919369712876,0.5626843544953396,0.5036054483133823
2017-11-03,0.5639215957504647,0.5480379599030205,0.47716305513420965
2017-11-06,0.5434323044808991,0.534598460057616,0.45953810621606345
2017-11-07,0.5246308598284531,0.5222853436751864,0.44321036217237597
2017-11-08,0.5563772232723574,0.5829005336718402,0.5185873871140385
2017-11-09,0.5396302535345877,0.5666208758473491,0.49739158269784506
2017-11-10,0.5631143247536995,0.6103921836164888,0.5621601473420145
2017-11-13,0.5928840705266072,0.660988874796618,0.6337062257455598
2017-11-14,0.5774489709694632,0.6473894666374549,0.639458779555126
2017-11-15,0.556059287325607,0.626178402908976,0.6157273840125226
2017-11-16,0.5721004138313953,0.6535532111061475,0.6665409358364113
2017-11-17,0.5531031701339709,0.6318168123282099,0.6373731745353237
2017-11-20,0.5350711161061298,0.6130170224998546,0.6229291620760029
2017-11-21,0.5175594251702723,0.5943673155097212,0.5969155765051463
2017-11-22,0.5077289310196291,0.5771768205140145,0.570780447067796
2017-11-23,0.4923894175764085,0.5613559272924271,0.5478093742539435
2017-11-24,0.4785083808309206,0.5470123055885152,0.5308655271248482
2017-11-27,0.46781398637552496,0.535783478803088,0.52473769380404
2017-11-28,0.4733206214016411,0.5447963907131949,0.5511943761061768
2017-11-29,0.5641507049265768,0.53162686260467,0.5209556563387465
2017-11-30,0.6260331922691262,0.6475400770014121,0.6285801766631521
2017-12-01,0.6768459107903805,0.7371296239099764,0.7281884346607317
2017-12-04,0.6605812344205937,0.7262468987782468,0.7437696384503861
2017-12-05,0.6519239872790212,0.6992158435223923,0.7071197861892876
2017-12-06,0.6277574042804576,0.6778133364988014,0.6978522143445607
2017-12-07,0.6070478744377206,0.654278735381787,0.6661051430936253
2017-12-08,0.5985764351698661,0.6527031384921478,0.6871926764009045
2017-12-11,0.6546436391757291,0.631030377579333,0.6496720667311807
2017-12-12,0.6745212783870888,0.6109954401525675,0.61602759757635
2017-12-13,0.6731303535490343,0.5925026387759735,0.5858411813165085
2017-12-14,0.6446601829181902,0.5760606683860753,0.5702823138271724
2017-12-15,0.6578913298924668,0.6256356704269045,0.6358431624060178
2017-12-18,0.6531088151186466,0.6060132121156193,0.6050607615624392
2017-12-19,0.6532766335836742,0.5879084007377452,0.5755752755394691
2017-12-20,0.625811036836321,0.5712296252999445,0.5524276356519019
2017-12-21,0.6079402891742696,0.5667482728445643,0.564351356119938
2017-12-22,0.6696079064634299,0.551770613787071,0.5333336119161984
2017-12-27,0.6437292332033995,0.5422040464658304,0.5330007650992079
2017-12-28,0.6259594034862105,0.5292511900466027,0.509704746924186
2017-12-29,0.6004137785380419,0.5173915747988587,0.4907158646197377
